브랜드,유통채널,채널명,아이템_중분류,아이템_소분류,아이템코드,합계 : 판매금액(TAG가),합계 : 실판매액,합계 : 실판매액(V-),합계 : 출고매출액(V-) Actual,매출원가(평가감환입반영),매출총이익
I,1.0,백화점,Acc_etc,기타,ET,3388700,3105150,2822821,1796867,846668,950199
I,1.0,백화점,Acc_etc,머플러(스카프),MF,697000,602800,547998,345238,136779,208459
I,1.0,백화점,Acc_etc,양말,SO,10459000,9975370,9068342,5785774,2460981,3324793
I,1.0,백화점,Acc_etc,장갑,GL,1289000,1213190,1102907,697614,324136,373478
I,1.0,백화점,Bag,가방,BG,2046000,1931320,1755726,1116997,515169,601828
I,1.0,백화점,Bag,백팩,BK,713453000,595167770,541062272,344952966,163270669,181682297
I,1.0,백화점,Bag,보조가방,UB,11956000,10788440,9807693,6277918,2966872,3311046
I,1.0,백화점,Bag,슬링백,SG,1343000,1224500,1113180,705111,294593,410518
I,1.0,백화점,Bag,크로스백,CR,1243071000,1222267520,1111152314,703648649,315306654,388341995
I,1.0,백화점,Bag,힙색,HS,531000,483800,439816,280999,104331,176668
I,1.0,백화점,Headwear,방한모,WM,6301000,5645480,5132258,3275390,1225063,2050327
I,1.0,백화점,Headwear,비니,BN,15598000,14564730,13240611,8439647,2900895,5538752
I,1.0,백화점,Headwear,와이어캡,WR,1764000,1639070,1490055,968443,337027,631416
I,1.0,백화점,Headwear,운동모,CP,159567000,150453930,136775917,87399063,33685057,53714006
I,1.0,백화점,Headwear,햇,HT,3361000,3018270,2743909,1751064,667431,1083633
I,1.0,백화점,Shoes,런닝화,RN,236022000,204299810,185727033,118657135,58002353,60654782
I,1.0,백화점,Shoes,방한화,WB,8746000,7366650,6696938,4219130,2125869,2093261
I,1.0,백화점,Shoes,스니커즈,SX,42352000,38144340,34676645,22089786,9323701,12766085
I,1.0,백화점,Shoes,신발,SH,177213000,166457500,151325144,96710790,40676713,56034077
I,1.0,백화점,과시즌의류,맨투맨,MT,64723000,32361300,29419346,20281842,16652155,3629687
I,1.0,백화점,과시즌의류,맨투맨셋트,S2,147798000,73898550,67180428,46614793,39810624,6804169
I,1.0,백화점,과시즌의류,반팔카라티셔츠,TS,1716000,1629200,1481108,937748,403689,534059
I,1.0,백화점,과시즌의류,반팔티 & 스웨트팬츠,S1,69000,62100,56454,35566,17549,18017
I,1.0,백화점,과시즌의류,베이비,BV,5310000,5142280,4674786,2971550,1600742,1370808
I,1.0,백화점,과시즌의류,점퍼,JP,16468000,8233940,7485398,5282102,4648438,633664
I,1.0,백화점,당시즌의류,다운베스트,DV,8546000,7802300,7092997,4510307,2326299,2184008
I,1.0,백화점,당시즌의류,다운점퍼,DJ,123910000,108353660,98503284,62841803,31600641,31241162
I,1.0,백화점,당시즌의류,레깅스,LG,395000,347600,315999,201234,112479,88755
I,1.0,백화점,당시즌의류,맨투맨,MT,25757000,22807270,20733852,13158708,7043827,6114881
I,1.0,백화점,당시즌의류,맨투맨셋트,S2,38141000,34177370,31070337,19774206,10408095,9366111
I,1.0,백화점,당시즌의류,반팔카라티셔츠,TS,480000,408600,371455,234015,128750,105265
I,1.0,백화점,당시즌의류,반팔티 & 스웨트팬츠,S1,278000,278000,252728,159218,74421,84797
I,1.0,백화점,당시즌의류,방풍자켓,WJ,139000,125100,113727,71648,35811,35837
I,1.0,백화점,당시즌의류,스커트,SK,89000,80100,72818,45875,24915,20960
I,1.0,백화점,당시즌의류,우븐팬츠,WP,10416000,8956210,8141984,5157621,2727809,2429812
I,1.0,백화점,당시즌의류,점퍼,JP,3896000,3372650,3066045,1933804,982133,951671
I,1.0,백화점,당시즌의류,진바지,DP,5601000,4926230,4478392,2845242,1372958,1472284
I,1.0,백화점,당시즌의류,패딩,PD,4134000,3904490,3549529,2255744,1179390,1076354
I,1.0,백화점,당시즌의류,팬츠,PT,8603000,7609830,6917988,4408325,2249405,2158920
I,1.0,백화점,당시즌의류,폴라폴리스점퍼,FD,1807000,1570700,1427909,907162,504127,403035
I,1.0,백화점,당시즌의류,폴로 티셔츠,PQ,89000,89000,80909,50973,24658,26315
I,1.0,백화점,당시즌의류,후드티,HD,3783000,3371780,3065253,1933530,1028042,905488
I,1.0,백화점,차시즌의류,맨투맨,MT,131279000,122454160,111321920,70858151,34043739,36814412
I,1.0,백화점,차시즌의류,맨투맨셋트,S2,492417000,461954320,419958114,268142365,124658765,143483600
I,1.0,백화점,차시즌의류,반바지,SP,4236000,3781140,3437414,2183075,911318,1271757
I,1.0,백화점,차시즌의류,반팔카라티셔츠,TS,90988000,83889960,76263535,48575373,21512138,27063235
I,1.0,백화점,차시즌의류,반팔티 & 스웨트팬츠,S1,18771000,17626090,16023670,10292278,4502326,5789952
I,1.0,백화점,차시즌의류,방풍자켓,WJ,66793000,62385730,56714342,36144827,16174266,19970561
I,1.0,백화점,차시즌의류,스커트,SK,5468000,5093960,4630887,2941531,1322889,1618642
I,1.0,백화점,차시즌의류,우븐반바지,SM,10801000,9820020,8927288,5716247,2581504,3134743
I,1.0,백화점,차시즌의류,우븐셔츠,WS,8745000,8204560,7458697,4735486,1831088,2904398
I,1.0,백화점,차시즌의류,우븐팬츠,WP,69625000,65223300,59293815,37822497,17005059,20817438
I,1.0,백화점,차시즌의류,원피스,OP,4239000,4004830,3640734,2321376,1070945,1250431
I,1.0,백화점,차시즌의류,점퍼,JP,330150000,307057120,279142800,177654612,79470821,98183791
I,1.0,백화점,차시즌의류,진바지,DP,91382000,84043940,76403451,48566818,23411362,25155456
I,1.0,백화점,차시즌의류,진자켓,DK,1194000,1094500,995001,640238,211238,429000
I,1.0,백화점,차시즌의류,팬츠,PT,53590000,49776670,45251465,28850932,12890319,15960613
I,1.0,백화점,차시즌의류,폴로 티셔츠,PQ,12516000,11661910,10601733,6796767,2873774,3922993
I,1.0,백화점,차시즌의류,후드티,HD,78687000,72968260,66334695,42277357,19398610,22878747
I,2.0,면세점,Acc_etc,기타,ET,58000,58000,52726,31636,14264,17372
I,2.0,면세점,Acc_etc,머플러(스카프),MF,531000,531000,482733,289638,125751,163887
I,2.0,면세점,Acc_etc,양말,SO,979800,988750,898853,539308,248297,291011
I,2.0,면세점,Bag,백팩,BK,35767000,34321600,31201456,18720879,7978724,10742155
I,2.0,면세점,Bag,보조가방,UB,441000,441000,400905,240543,109433,131110
I,2.0,면세점,Bag,슬링백,SG,553000,553000,502726,301637,121304,180333
I,2.0,면세점,Bag,크로스백,CR,213242000,213241800,193856142,116312962,49843915,66469047
I,2.0,면세점,Headwear,방한모,WM,1819000,1798300,1634816,980886,340213,640673
I,2.0,면세점,Headwear,비니,BN,10141000,10141000,9219070,5531439,2102879,3428560
I,2.0,면세점,Headwear,와이어캡,WR,1568000,1568000,1425440,855264,288778,566486
I,2.0,면세점,Headwear,운동모,CP,160820000,160819930,146198970,87719224,33170291,54548933
I,2.0,면세점,Headwear,햇,HT,2611000,2611000,2373654,1424183,484951,939232
I,2.0,면세점,Shoes,런닝화,RN,24841000,24841000,22582664,13549571,5978007,7571564
I,2.0,면세점,Shoes,방한화,WB,247000,247000,224544,134726,59255,75471
I,2.0,면세점,Shoes,스니커즈,SX,14098000,14098000,12816306,7689775,2996078,4693697
I,2.0,면세점,Shoes,신발,SH,16783000,16783000,15257220,9154324,3806420,5347904
I,2.0,면세점,과시즌의류,반팔카라티셔츠,TS,-33000,-23100,-21000,-12600,-7355,-5245
I,2.0,면세점,과시즌의류,베이비,BV,236000,236000,214548,128728,71144,57584
I,2.0,면세점,과시즌의류,우븐반바지,SM,-49000,-24500,-22273,-13364,-10621,-2743
I,2.0,면세점,당시즌의류,다운베스트,DV,417000,417000,379089,227454,115349,112105
I,2.0,면세점,당시즌의류,다운점퍼,DJ,42530000,42530000,38663644,23198185,10875298,12322887
I,2.0,면세점,당시즌의류,맨투맨,MT,4872000,4872000,4429089,2657434,1343855,1313579
I,2.0,면세점,당시즌의류,맨투맨셋트,S2,3485000,3485000,3168187,1900915,949663,951252
I,2.0,면세점,당시즌의류,반팔카라티셔츠,TS,295000,295000,268185,160910,89279,71631
I,2.0,면세점,당시즌의류,반팔티 & 스웨트팬츠,S1,159000,159000,144545,86727,44660,42067
I,2.0,면세점,당시즌의류,우븐팬츠,WP,1268000,1268000,1152718,691631,323977,367654
I,2.0,면세점,당시즌의류,점퍼,JP,537000,537000,488181,292908,123195,169713
I,2.0,면세점,당시즌의류,진바지,DP,218000,218000,198180,118908,50432,68476
I,2.0,면세점,당시즌의류,패딩,PD,159000,159000,144545,86727,45361,41366
I,2.0,면세점,당시즌의류,팬츠,PT,455000,455000,413636,248182,119470,128712
I,2.0,면세점,당시즌의류,폴라폴리스점퍼,FD,1112000,1112000,1010904,606544,310232,296312
I,2.0,면세점,당시즌의류,후드티,HD,820000,820000,745452,447270,234571,212699
I,2.0,면세점,차시즌의류,맨투맨,MT,24880000,24880000,22618087,13570814,6050010,7520804
I,2.0,면세점,차시즌의류,맨투맨셋트,S2,41214000,41214000,37467363,22480391,10234162,12246229
I,2.0,면세점,차시즌의류,반바지,SP,1323000,1323000,1202715,721629,276089,445540
I,2.0,면세점,차시즌의류,반팔카라티셔츠,TS,67563000,67562930,61420672,36852360,16244417,20607943
I,2.0,면세점,차시즌의류,반팔티 & 스웨트팬츠,S1,5445000,5445000,4950000,2970000,1229435,1740565
I,2.0,면세점,차시즌의류,방풍자켓,WJ,17265000,17265000,15695477,9417302,4142326,5274976
I,2.0,면세점,차시즌의류,스커트,SK,1068000,1068000,970908,582540,254176,328364
I,2.0,면세점,차시즌의류,우븐반바지,SM,5581000,5580980,5073589,3044151,1370900,1673251
I,2.0,면세점,차시즌의류,우븐셔츠,WS,1113000,1113000,1011815,607089,233046,374043
I,2.0,면세점,차시즌의류,우븐팬츠,WP,5132000,5132000,4665449,2799275,1265402,1533873
I,2.0,면세점,차시즌의류,원피스,OP,1782000,1782000,1620000,972000,462051,509949
I,2.0,면세점,차시즌의류,점퍼,JP,30023000,30023000,27293575,16376116,7215879,9160237
I,2.0,면세점,차시즌의류,진바지,DP,4873000,4873000,4429992,2657996,1326425,1331571
I,2.0,면세점,차시즌의류,진자켓,DK,398000,398000,361818,217090,70412,146678
I,2.0,면세점,차시즌의류,팬츠,PT,4056000,4056000,3687300,2212366,904466,1307900
I,2.0,면세점,차시즌의류,후드티,HD,8276000,8276000,7523616,4514150,2038962,2475188
I,3.0,직영점(가두),Acc_etc,기타,ET,165000,165000,150001,150001,37493,112508
I,3.0,직영점(가두),Acc_etc,머플러(스카프),MF,59000,59000,53636,53636,13972,39664
I,3.0,직영점(가두),Acc_etc,양말,SO,295200,293420,266744,266744,72789,193955
I,3.0,직영점(가두),Acc_etc,장갑,GL,354000,354000,321816,321816,92517,229299
I,3.0,직영점(가두),Bag,백팩,BK,9733000,9470200,8609271,8609271,2110162,6499109
I,3.0,직영점(가두),Bag,보조가방,UB,294000,294000,267270,267270,72956,194314
I,3.0,직영점(가두),Bag,크로스백,CR,1194000,1194000,1085453,1085453,250556,834897
I,3.0,직영점(가두),Bag,힙색,HS,118000,118000,107272,107272,23185,84087
I,3.0,직영점(가두),Headwear,방한모,WM,451000,451000,409999,409999,92482,317517
I,3.0,직영점(가두),Headwear,비니,BN,2015000,2015000,1831813,1831813,415669,1416144
I,3.0,직영점(가두),Headwear,와이어캡,WR,196000,196000,178180,178180,36097,142083
I,3.0,직영점(가두),Headwear,운동모,CP,11688000,11663220,10602913,10602913,2453298,8149615
I,3.0,직영점(가두),Headwear,햇,HT,165000,165000,150000,150000,30285,119715
I,3.0,직영점(가두),Shoes,런닝화,RN,6058000,6058000,5507274,5507274,1470498,4036776
I,3.0,직영점(가두),Shoes,방한화,WB,534000,534000,485454,485454,112218,373236
I,3.0,직영점(가두),Shoes,스니커즈,SX,1406000,1406000,1278181,1278181,326514,951667
I,3.0,직영점(가두),Shoes,신발,SH,6701000,6692790,6084354,6084354,1552587,4531767
I,3.0,직영점(가두),과시즌의류,베이비,BV,2360000,2350000,2136349,2136349,711443,1424906
I,3.0,직영점(가두),당시즌의류,다운베스트,DV,139000,139000,126364,126364,38449,87915
I,3.0,직영점(가두),당시즌의류,다운점퍼,DJ,8399000,8399000,7635455,7635455,2128875,5506580
I,3.0,직영점(가두),당시즌의류,레깅스,LG,79000,79000,71818,71818,22496,49322
I,3.0,직영점(가두),당시즌의류,맨투맨,MT,2163000,2163000,1966359,1966359,599507,1366852
I,3.0,직영점(가두),당시즌의류,맨투맨셋트,S2,1688000,1688000,1534550,1534550,463526,1071024
I,3.0,직영점(가두),당시즌의류,우븐팬츠,WP,188000,182280,165705,165705,48878,116827
I,3.0,직영점(가두),당시즌의류,점퍼,JP,0,0,0,0,0,0
I,3.0,직영점(가두),당시즌의류,진바지,DP,585000,585000,531819,531819,145179,386640
I,3.0,직영점(가두),당시즌의류,패딩,PD,159000,159000,144545,144545,45361,99184
I,3.0,직영점(가두),당시즌의류,팬츠,PT,257000,257000,233636,233636,64782,168854
I,3.0,직영점(가두),당시즌의류,폴라폴리스점퍼,FD,278000,278000,252728,252728,77558,175170
I,3.0,직영점(가두),당시즌의류,후드티,HD,99000,99000,90000,90000,24797,65203
I,3.0,직영점(가두),차시즌의류,맨투맨,MT,4713000,4703000,4275438,4275438,1214270,3061168
I,3.0,직영점(가두),차시즌의류,맨투맨셋트,S2,17391000,17391000,15810042,15810042,4407143,11402899
I,3.0,직영점(가두),차시즌의류,반바지,SP,451000,451000,409996,409996,95285,314711
I,3.0,직영점(가두),차시즌의류,반팔카라티셔츠,TS,7396000,7396000,6723598,6723598,1703189,5020409
I,3.0,직영점(가두),차시즌의류,반팔티 & 스웨트팬츠,S1,2694000,2688740,2444306,2444306,674966,1769340
I,3.0,직영점(가두),차시즌의류,방풍자켓,WJ,4636000,4626000,4205463,4205463,1106840,3098623
I,3.0,직영점(가두),차시즌의류,스커트,SK,345000,345000,313635,313635,84809,228826
I,3.0,직영점(가두),차시즌의류,우븐반바지,SM,1239000,1239000,1126356,1126356,287986,838370
I,3.0,직영점(가두),차시즌의류,우븐팬츠,WP,1959000,1959000,1780908,1780908,489558,1291350
I,3.0,직영점(가두),차시즌의류,원피스,OP,297000,297000,270000,270000,77008,192992
I,3.0,직영점(가두),차시즌의류,점퍼,JP,10864000,10864000,9876356,9876356,2618877,7257479
I,3.0,직영점(가두),차시즌의류,진바지,DP,1802000,1802000,1638182,1638182,485988,1152194
I,3.0,직영점(가두),차시즌의류,팬츠,PT,1784000,1779730,1617925,1617925,417632,1200293
I,3.0,직영점(가두),차시즌의류,폴로 티셔츠,PQ,445000,445000,404545,404545,101342,303203
I,3.0,직영점(가두),차시즌의류,후드티,HD,2702000,2697270,2452059,2452059,655740,1796319
I,4.0,자사몰,Acc_etc,기타,ET,147000,125130,113755,113755,40257,73498
I,4.0,자사몰,Acc_etc,머플러(스카프),MF,65000,65000,59091,59091,11857,47234
I,4.0,자사몰,Acc_etc,양말,SO,912900,720250,654772,654772,223964,430808
I,4.0,자사몰,Acc_etc,장갑,GL,295000,265060,240964,240964,66078,174886
I,4.0,자사몰,Bag,가방,BG,396000,334040,303673,303673,108022,195651
I,4.0,자사몰,Bag,백팩,BK,89151000,73301130,66637389,66637389,19971820,46665569
I,4.0,자사몰,Bag,보조가방,UB,1960000,1689660,1536050,1536050,486376,1049674
I,4.0,자사몰,Bag,슬링백,SG,79000,74050,67318,67318,17329,49989
I,4.0,자사몰,Bag,크로스백,CR,2428000,2144240,1949307,1949307,533418,1415889
I,4.0,자사몰,Bag,힙색,HS,118000,108010,98190,98190,23185,75005
I,4.0,자사몰,Headwear,방한모,WM,581000,515640,468763,468763,120450,348313
I,4.0,자사몰,Headwear,비니,BN,1287000,1020530,927754,927754,250910,676844
I,4.0,자사몰,Headwear,와이어캡,WR,245000,210190,191081,191081,47041,144040
I,4.0,자사몰,Headwear,운동모,CP,7103000,5556162,5055933,5055933,1486998,3568935
I,4.0,자사몰,Headwear,햇,HT,590000,541300,492093,492093,124350,367743
I,4.0,자사몰,Shoes,런닝화,RN,22021000,19114940,17377217,17377217,5439371,11937846
I,4.0,자사몰,Shoes,방한화,WB,564000,424060,385509,385509,135689,249820
I,4.0,자사몰,Shoes,샌들,SD,118000,38060,34600,34600,30225,4375
I,4.0,자사몰,Shoes,스니커즈,SX,3475000,3150790,2864350,2864350,770508,2093842
I,4.0,자사몰,Shoes,신발,SH,24100000,20111590,18283257,18283257,5686571,12596686
I,4.0,자사몰,과시즌의류,맨투맨,MT,3950000,787260,715693,715693,437566,278127
I,4.0,자사몰,과시즌의류,맨투맨셋트,S2,288000,18250,16590,16590,14488,2102
I,4.0,자사몰,과시즌의류,반팔카라티셔츠,TS,583000,149280,135711,135711,64672,71039
I,4.0,자사몰,과시즌의류,반팔티 & 스웨트팬츠,S1,69000,55480,50436,50436,17549,32887
I,4.0,자사몰,과시즌의류,방풍자켓,WJ,2085000,919050,835500,835500,444063,391437
I,4.0,자사몰,과시즌의류,베이비,BV,28438000,23216950,21106316,21106316,8572903,12533413
I,4.0,자사몰,과시즌의류,점퍼,JP,219000,11400,10364,10364,10544,-180
I,4.0,자사몰,과시즌의류,팬츠,PT,3318000,660650,600592,600592,360455,240137
I,4.0,자사몰,당시즌의류,다운베스트,DV,824000,744200,676546,676546,227314,449232
I,4.0,자사몰,당시즌의류,다운점퍼,DJ,7706000,7454490,6776811,6776811,1999419,4777392
I,4.0,자사몰,당시즌의류,맨투맨,MT,2181000,1968260,1789325,1789325,597139,1192186
I,4.0,자사몰,당시즌의류,맨투맨셋트,S2,11128000,10182790,9257083,9257083,3195071,6062012
I,4.0,자사몰,당시즌의류,반팔카라티셔츠,TS,1576000,1390490,1264081,1264081,438319,825762
I,4.0,자사몰,당시즌의류,반팔티 & 스웨트팬츠,S1,1033000,953640,866944,866944,278928,588016
I,4.0,자사몰,당시즌의류,방풍자켓,WJ,278000,247370,224882,224882,71623,153259
I,4.0,자사몰,당시즌의류,우븐팬츠,WP,406000,401510,365010,365010,108392,256618
I,4.0,자사몰,당시즌의류,점퍼,JP,2327000,1970150,1791045,1791045,532089,1258956
I,4.0,자사몰,당시즌의류,진바지,DP,89000,82560,75055,75055,23424,51631
I,4.0,자사몰,당시즌의류,진자켓,DK,109000,127760,116145,116145,31671,84474
I,4.0,자사몰,당시즌의류,패딩,PD,477000,441190,401081,401081,136084,264997
I,4.0,자사몰,당시즌의류,팬츠,PT,651000,541120,491927,491927,172492,319435
I,4.0,자사몰,당시즌의류,폴라폴리스점퍼,FD,139000,122050,110955,110955,38779,72176
I,4.0,자사몰,당시즌의류,폴로 티셔츠,PQ,89000,88320,80291,80291,24658,55633
I,4.0,자사몰,당시즌의류,후드티,HD,1206000,1014320,922109,922109,348034,574075
I,4.0,자사몰,차시즌의류,맨투맨,MT,7841000,7052780,6411611,6411611,2020742,4390869
I,4.0,자사몰,차시즌의류,맨투맨셋트,S2,57833000,52883260,48075737,48075737,14761452,33314285
I,4.0,자사몰,차시즌의류,반팔카라티셔츠,TS,5452000,4908690,4462443,4462443,1366239,3096204
I,4.0,자사몰,차시즌의류,반팔티 & 스웨트팬츠,S1,1111000,1081430,983119,983119,264389,718730
I,4.0,자사몰,차시즌의류,방풍자켓,WJ,3305000,3047550,2770500,2770500,855024,1915476
I,4.0,자사몰,차시즌의류,스커트,SK,227000,190160,172873,172873,54755,118118
I,4.0,자사몰,차시즌의류,우븐반바지,SM,187000,171770,156154,156154,48226,107928
I,4.0,자사몰,차시즌의류,우븐팬츠,WP,1898000,1717280,1561167,1561167,450409,1110758
I,4.0,자사몰,차시즌의류,원피스,OP,99000,86600,78727,78727,25669,53058
I,4.0,자사몰,차시즌의류,점퍼,JP,13889000,12836400,11669452,11669452,3381637,8287815
I,4.0,자사몰,차시즌의류,진바지,DP,5325000,4926880,4478986,4478986,1401653,3077333
I,4.0,자사몰,차시즌의류,팬츠,PT,3627000,3314750,3013413,3013413,862404,2151009
I,4.0,자사몰,차시즌의류,폴로 티셔츠,PQ,1226000,1110010,1009102,1009102,280768,728334
I,4.0,자사몰,차시즌의류,후드티,HD,5446000,5005120,4550110,4550110,1324712,3225398
I,5.0,제휴몰,Acc_etc,기타,ET,1046000,1046000,950908,950908,292122,658786
I,5.0,제휴몰,Acc_etc,머플러(스카프),MF,195000,195000,177273,177273,35573,141700
I,5.0,제휴몰,Acc_etc,양말,SO,3617000,3617000,3288251,3288251,868625,2419626
I,5.0,제휴몰,Acc_etc,장갑,GL,157000,157000,142726,142726,36018,106708
I,5.0,제휴몰,Bag,가방,BG,1122000,1105500,1005000,1005000,284219,720781
I,5.0,제휴몰,Bag,백팩,BK,219836000,185473750,168612508,168612508,51586209,117026299
I,5.0,제휴몰,Bag,보조가방,UB,3577000,3577000,3251785,3251785,887633,2364152
I,5.0,제휴몰,Bag,슬링백,SG,474000,474000,430908,430908,103976,326932
I,5.0,제휴몰,Bag,크로스백,CR,4556000,4541300,4128442,4128442,1016457,3111985
I,5.0,제휴몰,Bag,힙색,HS,118000,118000,107272,107272,23185,84087
I,5.0,제휴몰,Headwear,방한모,WM,2694000,2694000,2449080,2449080,543070,1906010
I,5.0,제휴몰,Headwear,비니,BN,4607000,4607000,4188178,4188178,932030,3256148
I,5.0,제휴몰,Headwear,선캡,SC,86000,86000,78182,78182,18972,59210
I,5.0,제휴몰,Headwear,와이어캡,WR,490000,490000,445450,445450,94721,350729
I,5.0,제휴몰,Headwear,운동모,CP,28371000,28360200,25782008,25782008,5988336,19793672
I,5.0,제휴몰,Headwear,햇,HT,1410000,1409990,1281810,1281810,283063,998747
I,5.0,제휴몰,Shoes,런닝화,RN,74941000,62606580,56914962,56914962,17986482,38928480
I,5.0,제휴몰,Shoes,방한화,WB,3759000,3759000,3417270,3417270,924579,2492691
I,5.0,제휴몰,Shoes,샌들,SD,708000,365800,332543,332543,182342,150201
I,5.0,제휴몰,Shoes,스니커즈,SX,8192000,8159500,7417716,7417716,1982519,5435197
I,5.0,제휴몰,Shoes,신발,SH,51217000,50612980,46011771,46011771,12385867,33625904
I,5.0,제휴몰,과시즌의류,다운점퍼,DJ,2749000,1804690,1640628,1640628,395951,1244677
I,5.0,제휴몰,과시즌의류,맨투맨,MT,237000,118500,107727,107727,26253,81474
I,5.0,제휴몰,과시즌의류,반팔카라티셔츠,TS,44247000,22123660,20112486,20112486,11126805,8985681
I,5.0,제휴몰,과시즌의류,반팔티 & 스웨트팬츠,S1,208965000,104620120,95109057,95109057,48958156,46150901
I,5.0,제휴몰,과시즌의류,방풍자켓,WJ,19877000,9938500,9035026,9035026,4233398,4801628
I,5.0,제휴몰,과시즌의류,베이비,BV,30680000,30679900,27890720,27890720,9248772,18641948
I,5.0,제휴몰,과시즌의류,우븐반바지,SM,11454000,5727050,5206422,5206422,2570659,2635763
I,5.0,제휴몰,과시즌의류,팬츠,PT,1106000,553000,502726,502726,120150,382576
I,5.0,제휴몰,당시즌의류,니트가디건,KC,129000,129000,117273,117273,36049,81224
I,5.0,제휴몰,당시즌의류,다운베스트,DV,1668000,1668000,1516368,1516368,463687,1052681
I,5.0,제휴몰,당시즌의류,다운점퍼,DJ,76350000,76350000,69409067,69409067,19662278,49746789
I,5.0,제휴몰,당시즌의류,레깅스,LG,869000,869000,789998,789998,247454,542544
I,5.0,제휴몰,당시즌의류,맨투맨,MT,16218000,16218000,14743575,14743575,4442535,10301040
I,5.0,제휴몰,당시즌의류,맨투맨셋트,S2,48488000,48487890,44079957,44079957,13609178,30470779
I,5.0,제휴몰,당시즌의류,반팔카라티셔츠,TS,2522000,2522000,2292713,2292713,728501,1564212
I,5.0,제휴몰,당시즌의류,반팔티 & 스웨트팬츠,S1,3654000,3654000,3321826,3321826,955111,2366715
I,5.0,제휴몰,당시즌의류,방풍자켓,WJ,556000,556000,505456,505456,143246,362210
I,5.0,제휴몰,당시즌의류,스커트,SK,445000,445000,404545,404545,125111,279434
I,5.0,제휴몰,당시즌의류,우븐반바지,SM,69000,69000,62727,62727,17696,45031
I,5.0,제휴몰,당시즌의류,우븐팬츠,WP,3495000,3495000,3177273,3177273,950635,2226638
I,5.0,제휴몰,당시즌의류,점퍼,JP,10453000,10452990,9502715,9502715,2433798,7068917
I,5.0,제휴몰,당시즌의류,진바지,DP,624000,624000,567273,567273,163983,403290
I,5.0,제휴몰,당시즌의류,진자켓,DK,1322000,1322000,1201816,1201816,281007,920809
I,5.0,제휴몰,당시즌의류,패딩,PD,1431000,1431000,1300905,1300905,408251,892654
I,5.0,제휴몰,당시즌의류,팬츠,PT,5177000,5177000,4706345,4706345,1452289,3254056
I,5.0,제휴몰,당시즌의류,폴라폴리스점퍼,FD,139000,139000,126364,126364,38779,87585
I,5.0,제휴몰,당시즌의류,폴로 티셔츠,PQ,712000,712000,647272,647272,197267,450005
I,5.0,제휴몰,당시즌의류,후드티,HD,9102000,9101990,8274522,8274522,2627752,5646770
I,5.0,제휴몰,차시즌의류,맨투맨,MT,19280000,19279990,17527169,17527169,4835415,12691754
I,5.0,제휴몰,차시즌의류,맨투맨셋트,S2,102385000,102385080,93077524,93077524,25947423,67130101
I,5.0,제휴몰,차시즌의류,반바지,SP,353000,353000,320906,320906,76043,244863
I,5.0,제휴몰,차시즌의류,반팔카라티셔츠,TS,7970000,7970000,7245419,7245419,1938245,5307174
I,5.0,제휴몰,차시즌의류,반팔티 & 스웨트팬츠,S1,377000,377000,342728,342728,86479,256249
I,5.0,제휴몰,차시즌의류,방풍자켓,WJ,5817000,5817000,5288192,5288192,1362642,3925550
I,5.0,제휴몰,차시즌의류,스커트,SK,523000,523000,475453,475453,126588,348865
I,5.0,제휴몰,차시즌의류,우븐반바지,SM,276000,276000,250908,250908,68049,182859
I,5.0,제휴몰,차시즌의류,우븐팬츠,WP,3255000,3255000,2959089,2959089,835431,2123658
I,5.0,제휴몰,차시즌의류,원피스,OP,495000,495000,450000,450000,128347,321653
I,5.0,제휴몰,차시즌의류,점퍼,JP,45988000,45988000,41807250,41807250,10845795,30961455
I,5.0,제휴몰,차시즌의류,진바지,DP,4305000,4305000,3913635,3913635,1125683,2787952
I,5.0,제휴몰,차시즌의류,팬츠,PT,6160000,6160000,5599966,5599966,1391785,4208181
I,5.0,제휴몰,차시즌의류,폴로 티셔츠,PQ,890000,890000,809090,809090,202684,606406
I,5.0,제휴몰,차시즌의류,후드티,HD,7682000,7682000,6983636,6983636,1843166,5140470
I,6.0,대리점,Acc_etc,기타,ET,58000,52360,47607,28784,14264,14520
I,6.0,대리점,Acc_etc,머플러(스카프),MF,65000,65000,59091,37227,11857,25370
I,6.0,대리점,Acc_etc,양말,SO,1820300,1766890,1606342,1033821,474595,559226
I,6.0,대리점,Acc_etc,장갑,GL,69000,59000,53636,35400,17311,18089
I,6.0,대리점,Bag,가방,BG,660000,637970,579972,370412,166180,204232
I,6.0,대리점,Bag,백팩,BK,140960000,127108950,115553069,74573839,32246786,42327053
I,6.0,대리점,Bag,보조가방,UB,2646000,2442440,2220403,1408870,656595,752275
I,6.0,대리점,Bag,슬링백,SG,1738000,1656950,1506276,973191,381242,591949
I,6.0,대리점,Bag,크로스백,CR,17162000,16500410,15000422,9673647,3771982,5901665
I,6.0,대리점,Bag,힙색,HS,354000,348100,316455,204677,69553,135124
I,6.0,대리점,Headwear,방한모,WM,2439000,2406120,2187385,1406442,512380,894062
I,6.0,대리점,Headwear,비니,BN,3750000,3678660,3344217,2147579,760301,1387278
I,6.0,대리점,Headwear,와이어캡,WR,1127000,1105900,1005363,640644,213312,427332
I,6.0,대리점,Headwear,운동모,CP,46160000,44937590,40852278,26206090,9906421,16299669
I,6.0,대리점,Headwear,햇,HT,1770000,1634280,1485710,963571,351249,612322
I,6.0,대리점,Shoes,런닝화,RN,49199000,47568850,43244369,27851490,11994307,15857183
I,6.0,대리점,Shoes,방한화,WB,-347000,-381050,-346407,-212064,-121756,-90308
I,6.0,대리점,Shoes,스니커즈,SX,4965000,4828270,4389368,2834698,1178629,1656069
I,6.0,대리점,Shoes,신발,SH,44430000,42651400,38773903,24960344,10358420,14601924
I,6.0,대리점,과시즌의류,베이비,BV,1239000,1200500,1091363,707056,373506,333550
I,6.0,대리점,당시즌의류,다운베스트,DV,1865000,1826700,1660631,1073362,489694,583668
I,6.0,대리점,당시즌의류,다운점퍼,DJ,8043000,7182900,6529882,4256304,2068276,2188028
I,6.0,대리점,당시즌의류,맨투맨,MT,4795000,4535910,4123554,2648267,1303695,1344572
I,6.0,대리점,당시즌의류,맨투맨셋트,S2,18070000,17198290,15634763,10050103,4914405,5135698
I,6.0,대리점,당시즌의류,반팔티 & 스웨트팬츠,S1,278000,278000,252728,164273,74421,89852
I,6.0,대리점,당시즌의류,우븐팬츠,WP,345000,304230,276574,172483,95574,76909
I,6.0,대리점,당시즌의류,점퍼,JP,-248000,-248000,-225456,-154227,-73260,-80967
I,6.0,대리점,당시즌의류,진바지,DP,3181000,3017740,2743399,1775170,743651,1031519
I,6.0,대리점,당시즌의류,패딩,PD,0,0,0,0,-1,1
I,6.0,대리점,당시즌의류,팬츠,PT,711000,603880,548978,342817,200779,142038
I,6.0,대리점,당시즌의류,폴라폴리스점퍼,FD,139000,125110,113728,73923,38779,35144
I,6.0,대리점,당시즌의류,폴로 티셔츠,PQ,356000,323230,293850,187354,98633,88721
I,6.0,대리점,당시즌의류,후드티,HD,416000,406000,369091,234145,117589,116556
I,6.0,대리점,차시즌의류,맨투맨,MT,19813000,18879200,17162970,11085253,5035561,6049692
I,6.0,대리점,차시즌의류,맨투맨셋트,S2,111904000,107678390,97889439,63197803,28184886,35012917
I,6.0,대리점,차시즌의류,반바지,SP,863000,850640,773306,499074,187228,311846
I,6.0,대리점,차시즌의류,반팔카라티셔츠,TS,13820000,13373270,12157526,7844331,3170510,4673821
I,6.0,대리점,차시즌의류,반팔티 & 스웨트팬츠,S1,7122000,6875650,6250578,4035866,1648551,2387315
I,6.0,대리점,차시즌의류,방풍자켓,WJ,9299000,8701640,7910547,5129060,2094421,3034639
I,6.0,대리점,차시즌의류,스커트,SK,267000,264960,240874,154123,63544,90579
I,6.0,대리점,차시즌의류,우븐반바지,SM,1435000,1402510,1275014,821441,327748,493693
I,6.0,대리점,차시즌의류,우븐셔츠,WS,0,0,0,0,0,0
I,6.0,대리점,차시즌의류,우븐팬츠,WP,6090000,5875930,5341754,3441962,1407204,2034758
I,6.0,대리점,차시즌의류,원피스,OP,297000,277200,252000,166320,77008,89312
I,6.0,대리점,차시즌의류,점퍼,JP,59748000,56767690,51607053,33286759,14542961,18743798
I,6.0,대리점,차시즌의류,진바지,DP,14554000,13904170,12640071,8119938,3818372,4301566
I,6.0,대리점,차시즌의류,팬츠,PT,6891000,6614540,6013238,3887487,1534849,2352638
I,6.0,대리점,차시즌의류,폴로 티셔츠,PQ,712000,663090,602812,395268,162147,233121
I,6.0,대리점,차시즌의류,후드티,HD,20909000,19997890,18179869,11647263,5073646,6573617
I,8.0,사입,Acc_etc,기타,ET,5146000,686990,624544,624544,790949,-166405
I,8.0,사입,Acc_etc,양말,SO,40911000,6896490,6269496,6269496,8676892,-2407396
I,8.0,사입,Acc_etc,토시,ML,2231000,245410,223100,223100,249838,-26738
I,8.0,사입,Bag,백팩,BK,7239000,1804320,1640297,1640297,1878256,-237959
I,8.0,사입,Bag,크로스백,CR,15072000,4432510,4029554,4029554,4112728,-83174
I,8.0,사입,Headwear,선캡,SC,4226000,464860,422600,422600,436281,-13681
I,8.0,사입,Headwear,와이어캡,WR,2372000,642630,584224,584224,486119,98105
I,8.0,사입,Headwear,운동모,CP,209626000,54390960,49446311,49446311,42450839,6995472
I,8.0,사입,Headwear,햇,HT,46849000,9881390,8983085,8983085,8873548,109537
I,8.0,사입,Shoes,런닝화,RN,40448000,10111960,9192637,9192637,10038183,-845546
I,8.0,사입,Shoes,스니커즈,SX,215829000,57170400,51972981,51972981,45771973,6201008
I,8.0,사입,Shoes,신발,SH,533887000,141275990,128432623,128432623,121499946,6932677
I,8.0,사입,과시즌의류,니트가디건,KC,89637000,9860070,8963700,8963700,9629348,-665648
I,8.0,사입,과시즌의류,다운점퍼,DJ,-1256000,-358850,-326228,-326228,-146145,-180083
I,8.0,사입,과시즌의류,레깅스,LG,9322000,1025420,932200,932200,1035810,-103610
I,8.0,사입,과시즌의류,맨투맨,MT,936190000,203623940,185112685,185112685,188365781,-3253096
I,8.0,사입,과시즌의류,맨투맨셋트,S2,487843000,103492460,94083995,94083995,86713025,7370970
I,8.0,사입,과시즌의류,반팔카라티셔츠,TS,159654000,37069890,33699872,33699872,37923732,-4223860
I,8.0,사입,과시즌의류,반팔티 & 스웨트팬츠,S1,432378000,83438050,75852800,75852800,86570890,-10718090
I,8.0,사입,과시즌의류,방풍자켓,WJ,234048000,69218130,62925496,62925496,57084604,5840892
I,8.0,사입,과시즌의류,스커트,SK,249863000,41124300,37385728,37385728,42164060,-4778332
I,8.0,사입,과시즌의류,우븐셔츠,WS,80128000,13473930,12248985,12248985,14756733,-2507748
I,8.0,사입,과시즌의류,우븐팬츠,WP,210321000,46704640,42458758,42458758,38149651,4309107
I,8.0,사입,과시즌의류,원피스,OP,289165000,53685050,48804613,48804613,54215598,-5410985
I,8.0,사입,과시즌의류,점퍼,JP,601451000,134678080,122434595,122434595,106380133,16054462
I,8.0,사입,과시즌의류,진바지,DP,34893000,5763690,5239701,5239701,5489786,-250085
I,8.0,사입,과시즌의류,진자켓,DK,49981000,10642170,9674654,9674654,9854473,-179819
I,8.0,사입,과시즌의류,트레이닝(상의),TR,10494000,1154340,1049400,1049400,1166147,-116747
I,8.0,사입,과시즌의류,트레이닝(하의),TP,8216000,903760,821600,821600,904946,-83346
I,8.0,사입,과시즌의류,팬츠,PT,305134000,55191560,50174140,50174140,52196811,-2022671
I,8.0,사입,과시즌의류,폴로 티셔츠,PQ,108988000,22317750,20288883,20288883,20125066,163817
I,8.0,사입,과시즌의류,후드티,HD,301471000,59450340,54045746,54045746,57583018,-3537272
I,11.0,직영몰,Acc_etc,기타,ET,696000,652500,593181,593181,171176,422005
I,11.0,직영몰,Acc_etc,머플러(스카프),MF,65000,65000,59091,59091,11857,47234
I,11.0,직영몰,Acc_etc,양말,SO,1056100,1000800,909801,909801,247298,662503
I,11.0,직영몰,Acc_etc,장갑,GL,256000,242200,220182,220182,65461,154721
I,11.0,직영몰,Bag,가방,BG,462000,442200,402000,402000,116328,285672
I,11.0,직영몰,Bag,백팩,BK,101389000,86090500,78264033,78264033,23127977,55136056
I,11.0,직영몰,Bag,보조가방,UB,2891000,2611700,2374259,2374259,717401,1656858
I,11.0,직영몰,Bag,슬링백,SG,316000,298100,270999,270999,69316,201683
I,11.0,직영몰,Bag,크로스백,CR,3276000,3069410,2790366,2790366,675557,2114809
I,11.0,직영몰,Bag,힙색,HS,59000,53100,48273,48273,11592,36681
I,11.0,직영몰,Headwear,방한모,WM,871000,836500,760455,760455,176900,583555
I,11.0,직영몰,Headwear,비니,BN,2466000,2346100,2132819,2132819,463277,1669542
I,11.0,직영몰,Headwear,와이어캡,WR,490000,475300,432088,432088,91522,340566
I,11.0,직영몰,Headwear,운동모,CP,40189000,38565850,35059794,35059794,8542308,26517486
I,11.0,직영몰,Headwear,햇,HT,1144000,1052380,956707,956707,238112,718595
I,11.0,직영몰,Shoes,런닝화,RN,37254000,33539570,30490486,30490486,9136074,21354412
I,11.0,직영몰,Shoes,방한화,WB,1584000,1498650,1362412,1362412,400778,961634
I,11.0,직영몰,Shoes,스니커즈,SX,5703000,5264700,4786090,4786090,1294652,3491438
I,11.0,직영몰,Shoes,신발,SH,34658000,32756830,29778885,29778885,8098818,21680067
I,11.0,직영몰,과시즌의류,맨투맨셋트,S2,-149000,-74500,-67727,-67727,-21313,-46414
I,11.0,직영몰,과시즌의류,반팔카라티셔츠,TS,264000,244200,222000,222000,62105,159895
I,11.0,직영몰,과시즌의류,베이비,BV,1062000,1010700,918810,918810,320148,598662
I,11.0,직영몰,당시즌의류,다운베스트,DV,2342000,2197100,1997364,1997364,628785,1368579
I,11.0,직영몰,당시즌의류,다운점퍼,DJ,14150000,13042600,11856906,11856906,3657680,8199226
I,11.0,직영몰,당시즌의류,맨투맨,MT,2966000,2753310,2502998,2502998,789866,1713132
I,11.0,직영몰,당시즌의류,맨투맨셋트,S2,6583000,6159980,5599977,5599977,1809580,3790397
I,11.0,직영몰,당시즌의류,반팔티 & 스웨트팬츠,S1,318000,286200,260180,260180,89320,170860
I,11.0,직영몰,당시즌의류,우븐팬츠,WP,703000,663400,603091,603091,192587,410504
I,11.0,직영몰,당시즌의류,점퍼,JP,149000,149000,135455,135455,40341,95114
I,11.0,직영몰,당시즌의류,진바지,DP,218000,185300,168454,168454,51378,117076
I,11.0,직영몰,당시즌의류,팬츠,PT,632000,574060,521878,521878,164809,357069
I,11.0,직영몰,당시즌의류,폴라폴리스점퍼,FD,0,0,0,0,0,0
I,11.0,직영몰,당시즌의류,후드티,HD,535000,492400,447637,447637,164095,283542
I,11.0,직영몰,차시즌의류,맨투맨,MT,14991000,14151720,12865158,12865158,3895992,8969166
I,11.0,직영몰,차시즌의류,맨투맨셋트,S2,68137000,64257670,58416054,58416054,17243793,41172261
I,11.0,직영몰,차시즌의류,반바지,SP,1020000,953300,866634,866634,221164,645470
I,11.0,직영몰,차시즌의류,반팔카라티셔츠,TS,14725000,13936120,12669178,12669178,3545209,9123969
I,11.0,직영몰,차시즌의류,반팔티 & 스웨트팬츠,S1,6688000,6408140,5825581,5825581,1616592,4208989
I,11.0,직영몰,차시즌의류,방풍자켓,WJ,13606000,12736600,11578710,11578710,3232266,8346444
I,11.0,직영몰,차시즌의류,스커트,SK,948000,884800,804363,804363,228976,575387
I,11.0,직영몰,차시즌의류,우븐반바지,SM,1975000,1847200,1679270,1679270,462558,1216712
I,11.0,직영몰,차시즌의류,우븐셔츠,WS,1590000,1478700,1344272,1344272,332924,1011348
I,11.0,직영몰,차시즌의류,우븐팬츠,WP,11653000,10848890,9862609,9862609,2850324,7012285
I,11.0,직영몰,차시즌의류,원피스,OP,901000,851500,774091,774091,231839,542252
I,11.0,직영몰,차시즌의류,점퍼,JP,43853000,40800350,37091224,37091224,10610435,26480789
I,11.0,직영몰,차시즌의류,진바지,DP,11555000,10856610,9869643,9869643,2978896,6890747
I,11.0,직영몰,차시즌의류,진자켓,DK,199000,179100,162818,162818,35206,127612
I,11.0,직영몰,차시즌의류,팬츠,PT,5819000,5468960,4971767,4971767,1422116,3549651
I,11.0,직영몰,차시즌의류,폴로 티셔츠,PQ,1186000,1109630,1008752,1008752,274783,733969
I,11.0,직영몰,차시즌의류,후드티,HD,9993000,9340400,8491262,8491262,2467782,6023480
I,99.0,기타,Acc_etc,양말,SO,79200,37550,34127,34127,18645,15482
I,99.0,기타,Bag,백팩,BK,985000,411580,374156,374156,224386,149770
I,99.0,기타,Bag,보조가방,UB,49000,24500,22272,22272,12159,10113
I,99.0,기타,Headwear,방한모,WM,138000,33470,30424,30424,19802,10622
I,99.0,기타,Headwear,비니,BN,43000,39090,35538,35538,10673,24865
I,99.0,기타,Headwear,운동모,CP,127000,63500,57726,57726,29998,27728
I,99.0,기타,Shoes,런닝화,RN,0,0,0,0,0,0
I,99.0,기타,Shoes,방한화,WB,89000,80910,73554,73554,25610,47944
I,99.0,기타,Shoes,신발,SH,99000,49500,45000,45000,25130,19870
I,99.0,기타,과시즌의류,반팔카라티셔츠,TS,49000,44550,40496,40496,12571,27925
I,99.0,기타,과시즌의류,후드티,HD,119000,32950,29957,29957,17435,12522
I,99.0,기타,당시즌의류,다운베스트,DV,139000,69500,63181,63181,38449,24732
I,99.0,기타,당시즌의류,다운점퍼,DJ,7662000,2467660,2243321,2243321,1944940,298381
I,99.0,기타,당시즌의류,맨투맨,MT,534000,171630,156024,156024,148135,7889
I,99.0,기타,당시즌의류,맨투맨셋트,S2,824000,253630,230568,230568,223253,7315
I,99.0,기타,당시즌의류,우븐팬츠,WP,99000,49500,45000,45000,22378,22622
I,99.0,기타,당시즌의류,팬츠,PT,474000,141730,128844,128844,125862,2982
I,99.0,기타,차시즌의류,맨투맨,MT,118000,45210,41101,41101,27809,13292
I,99.0,기타,차시즌의류,맨투맨셋트,S2,565000,252720,229747,229747,142668,87079
I,99.0,기타,차시즌의류,반팔카라티셔츠,TS,33000,16500,15000,15000,6650,8350
I,99.0,기타,차시즌의류,방풍자켓,WJ,129000,64500,58636,58636,26912,31724
I,99.0,기타,차시즌의류,점퍼,JP,179000,89500,81364,81364,47897,33467
I,99.0,기타,차시즌의류,팬츠,PT,138000,69000,62727,62727,32099,30628
M,1.0,RF,Acc_etc,기타,ET,445800,445810,405268,258228,86535,171693
M,1.0,RF,Acc_etc,머플러(스카프),MF,99000,99000,90000,57600,10306,47294
M,1.0,RF,Acc_etc,양말,SO,151000,148850,135313,86598,27045,59553
M,1.0,RF,Acc_etc,캐리어(하드케이스),HH,538000,537980,489090,310572,168820,141752
M,1.0,RF,Acc_etc,파우치,PO,709000,709110,644550,410515,122148,288367
M,1.0,RF,Bag,버킷백,BM,6964000,6513740,5921544,3763367,1143682,2619685
M,1.0,RF,Bag,쇼퍼백,OR,6543000,5970220,5427469,3471315,999596,2471719
M,1.0,RF,Bag,숄더백,BQ,5044000,5034010,4576363,2911665,814699,2096966
M,1.0,RF,Bag,크로스백,CR,8479000,7802600,7093290,4534793,1457079,3077714
M,1.0,RF,Bag,힙색,HS,198000,198000,180000,115200,32692,82508
M,1.0,RF,Headwear,방한모,WM,69000,69000,62727,39832,9877,29955
M,1.0,RF,Headwear,비니,BN,58347000,53238180,48398342,30744772,8175409,22569363
M,1.0,RF,Headwear,운동모,CP,225222000,209564340,190513130,121077420,36312829,84764591
M,1.0,RF,Headwear,햇,HT,4077000,4066870,3697260,2351157,550914,1800243
M,1.0,RF,Shoes,런닝화,RN,3448000,3404980,3095505,1971659,632288,1339371
M,1.0,RF,Shoes,스니커즈,SX,331973000,305734940,277941218,176680296,60825882,115854414
M,1.0,RF,Shoes,신발,SH,80228000,73850250,67136560,42690343,16517865,26172478
M,1.0,RF,당시즌의류,다운점퍼,DJ,27359000,26012630,23647811,15084872,4898378,10186494
M,1.0,RF,당시즌의류,우븐셔츠,WS,169000,169000,153636,98327,28526,69801
M,1.0,RF,당시즌의류,우븐팬츠,WP,1321000,1311050,1191820,756805,253356,503449
M,1.0,RF,당시즌의류,진바지,DP,537000,537000,488181,309996,97994,212002
M,1.0,RF,당시즌의류,트레이닝(상의),TR,159000,158990,144545,91786,29380,62406
M,1.0,RF,당시즌의류,팬츠,PT,1924000,1923940,1749086,1111164,340770,770394
M,1.0,RF,당시즌의류,후드티,HD,278000,278020,252728,160482,52155,108327
M,1.0,RF,차시즌의류,나시,TO,196000,195970,178180,113367,25896,87471
M,1.0,RF,차시즌의류,니트가디건,KC,6561000,6505840,5914499,3763755,1501072,2262683
M,1.0,RF,차시즌의류,니트풀오버,KP,1202000,1202030,1092730,694652,180449,514203
M,1.0,RF,차시즌의류,맨투맨,MT,10679000,10588930,9626190,6126901,1814041,4312860
M,1.0,RF,차시즌의류,반바지,SP,217000,217010,197273,125582,38157,87425
M,1.0,RF,차시즌의류,반팔카라티셔츠,TS,79160000,67377010,61251989,39130301,13211943,25918358
M,1.0,RF,차시즌의류,반팔티셔츠,RS,673000,673010,611821,389002,110621,278381
M,1.0,RF,차시즌의류,방풍자켓,WJ,43803000,38166350,34696671,22059260,8080037,13979223
M,1.0,RF,차시즌의류,스커트,SK,624000,624020,567273,360669,104453,256216
M,1.0,RF,차시즌의류,우븐셔츠,WS,1173000,1165250,1059343,675675,228751,446924
M,1.0,RF,차시즌의류,우븐팬츠,WP,6661000,6585470,5986622,3809006,1138045,2670961
M,1.0,RF,차시즌의류,원피스,OP,208000,208010,189091,120073,31520,88553
M,1.0,RF,차시즌의류,점퍼,JP,23559000,23317030,21197228,13499092,4172807,9326285
M,1.0,RF,차시즌의류,진바지,DP,169000,169000,153636,98327,27823,70504
M,1.0,RF,차시즌의류,트레이닝(상의),TR,10694000,10661760,9692599,6168457,1879950,4288507
M,1.0,RF,차시즌의류,팬츠,PT,11720000,11602070,10547293,6716115,1983925,4732190
M,1.0,RF,차시즌의류,폴로 티셔츠,PQ,1846000,1846090,1678186,1066278,274336,791942
M,1.0,RF,차시즌의류,후드티,HD,5568000,5541410,5037484,3204679,1021460,2183219
M,1.0,백화점,Acc_etc,기타,ET,5991500,5778110,5252806,3469175,1129226,2339949
M,1.0,백화점,Acc_etc,머플러(스카프),MF,2709000,2135100,1940919,1316212,276436,1039776
M,1.0,백화점,Acc_etc,선글라스,GA,1500000,1484260,1349327,896078,266010,630068
M,1.0,백화점,Acc_etc,양말,SO,10997200,10627270,9661142,6360760,1899179,4461581
M,1.0,백화점,Acc_etc,장갑,GL,195000,188970,171799,116529,35070,81459
M,1.0,백화점,Acc_etc,캐리어(하드케이스),HH,1016000,901000,819089,524217,316009,208208
M,1.0,백화점,Acc_etc,파우치,PO,8841000,8673060,7884330,5133177,1603906,3529271
M,1.0,백화점,Bag,가방,BG,597000,417900,379908,276067,10974,265093
M,1.0,백화점,Bag,백팩,BK,6275000,5685530,5168644,3531341,986816,2544525
M,1.0,백화점,Bag,버킷백,BM,52449000,51455620,46777780,30814787,8521258,22293529
M,1.0,백화점,Bag,쇼퍼백,OR,154731000,151775640,137977779,88532801,23263490,65269311
M,1.0,백화점,Bag,숄더백,BQ,319830000,309334410,281212944,182963188,50873285,132089903
M,1.0,백화점,Bag,크로스백,CR,34598000,33551720,30501553,20281314,5968788,14312526
M,1.0,백화점,Bag,힙색,HS,3721000,3659200,3326512,2221395,557435,1663960
M,1.0,백화점,Headwear,방한모,WM,11481000,11148990,10135429,6578521,1692458,4886063
M,1.0,백화점,Headwear,비니,BN,127002000,118597660,107816269,70103953,18065068,52038885
M,1.0,백화점,Headwear,운동모,CP,1082167000,1058823070,962564083,628424782,170583066,457841716
M,1.0,백화점,Headwear,햇,HT,25342000,24528290,22298687,14564427,3269000,11295427
M,1.0,백화점,Shoes,런닝화,RN,178516000,171866700,156242064,102247230,37181101,65066129
M,1.0,백화점,Shoes,뮬,MU,2686000,1343000,1220906,775302,468141,307161
M,1.0,백화점,Shoes,방한화,WB,18111000,17422130,15838298,10438223,3152934,7285289
M,1.0,백화점,Shoes,스니커즈,SX,2486782000,2373175660,2157431896,1386901410,446850131,940051279
M,1.0,백화점,Shoes,슬리퍼,LP,1062000,1051980,956357,612424,189882,422542
M,1.0,백화점,Shoes,신발,SH,881347000,804519280,731380851,473032215,171942872,301089343
M,1.0,백화점,과시즌의류,니트가디건,KC,12935000,6467530,5879554,3975028,392793,3582235
M,1.0,백화점,과시즌의류,다운점퍼,DJ,-379000,-303200,-275636,-198458,-45626,-152832
M,1.0,백화점,과시즌의류,맨투맨,MT,1990000,995040,904547,657144,237191,419953
M,1.0,백화점,과시즌의류,반팔카라티셔츠,TS,-99000,-49500,-45000,-28575,-3030,-25545
M,1.0,백화점,과시즌의류,방풍자켓,WJ,985000,492480,447727,355241,30410,324831
M,1.0,백화점,과시즌의류,우븐팬츠,WP,149000,74490,67727,57568,4574,52994
M,1.0,백화점,과시즌의류,원피스,OP,139000,69500,63182,39805,16548,23257
M,1.0,백화점,과시즌의류,탱크탑,TK,118000,118000,107272,68654,25231,43423
M,1.0,백화점,과시즌의류,트레이닝(상의),TR,1806000,903000,820910,614509,214149,400360
M,1.0,백화점,과시즌의류,폴로 티셔츠,PQ,-89000,-62300,-56636,-35681,-15845,-19836
M,1.0,백화점,당시즌의류,니트가디건,KC,498000,498000,452728,289746,77321,212425
M,1.0,백화점,당시즌의류,니트풀오버,KP,189000,189000,171819,109964,37123,72841
M,1.0,백화점,당시즌의류,다운베스트,DV,15706000,14844180,13494700,8853266,2997855,5855411
M,1.0,백화점,당시즌의류,다운점퍼,DJ,333908000,310855950,282596183,184747929,59544299,125203630
M,1.0,백화점,당시즌의류,맨투맨,MT,12906000,12482650,11347823,7385692,2267452,5118240
M,1.0,백화점,당시즌의류,반팔카라티셔츠,TS,-40000,-40000,-36364,-23273,-6213,-17060
M,1.0,백화점,당시즌의류,스커트,SK,149000,148990,135454,87368,29384,57984
M,1.0,백화점,당시즌의류,우븐셔츠,WS,1352000,1318830,1198961,784156,232257,551899
M,1.0,백화점,당시즌의류,우븐팬츠,WP,11999000,11725490,10659530,6957797,2331325,4626472
M,1.0,백화점,당시즌의류,진바지,DP,2506000,2404970,2186339,1391858,457655,934203
M,1.0,백화점,당시즌의류,진스커트,DS,1043000,1023010,930002,591905,168189,423716
M,1.0,백화점,당시즌의류,트레이닝(상의),TR,4459000,4333480,3939475,2642166,822447,1819719
M,1.0,백화점,당시즌의류,패딩,PD,15323000,14368400,13062183,8687158,3149849,5537309
M,1.0,백화점,당시즌의류,팬츠,PT,43306000,42117070,38288259,25171746,7724286,17447460
M,1.0,백화점,당시즌의류,폴라폴리스점퍼,FD,2052000,1913780,1739810,1151706,362133,789573
M,1.0,백화점,당시즌의류,후드티,HD,12084000,11781990,10710893,7058548,2203109,4855439
M,1.0,백화점,차시즌의류,나시,TO,392000,383020,348208,223806,51792,172014
M,1.0,백화점,차시즌의류,니트가디건,KC,29688000,28710880,26100820,16864941,6683376,10181565
M,1.0,백화점,차시즌의류,니트풀오버,KP,5383000,5312220,4829222,3106908,845213,2261695
M,1.0,백화점,차시즌의류,데님셔츠,DR,4090000,3952280,3592979,2323009,659643,1663366
M,1.0,백화점,차시즌의류,맨투맨,MT,142861000,138541700,125946613,82841821,23995497,58846324
M,1.0,백화점,차시즌의류,반바지,SP,2812000,2730520,2482280,1616948,477865,1139083
M,1.0,백화점,차시즌의류,반팔카라티셔츠,TS,395090000,385659100,350599290,228613154,65400923,163212231
M,1.0,백화점,차시즌의류,반팔티셔츠,RS,6452000,6353730,5776140,3787927,1061629,2726298
M,1.0,백화점,차시즌의류,방풍자켓,WJ,234278000,225274180,204794780,134269508,42096024,92173484
M,1.0,백화점,차시즌의류,스커트,SK,10586000,10264920,9331683,6056655,1736574,4320081
M,1.0,백화점,차시즌의류,우븐반바지,SM,476000,431830,392573,251248,95488,155760
M,1.0,백화점,차시즌의류,우븐셔츠,WS,16870000,15628680,14207902,9238029,3356143,5881886
M,1.0,백화점,차시즌의류,우븐팬츠,WP,112896000,109915360,99922692,65623852,19263025,46360827
M,1.0,백화점,차시즌의류,원피스,OP,643000,594010,539999,363663,103791,259872
M,1.0,백화점,차시즌의류,점퍼,JP,215799000,207356140,188505492,123070340,38534657,84535683
M,1.0,백화점,차시즌의류,진바지,DP,12510000,12118700,11017009,7267444,2080615,5186829
M,1.0,백화점,차시즌의류,진스커트,DS,636000,636000,578180,384490,99367,285123
M,1.0,백화점,차시즌의류,진자켓,DK,1494000,1494000,1358183,895319,237551,657768
M,1.0,백화점,차시즌의류,트레이닝(상의),TR,81439000,78997140,71815661,46924206,14129953,32794253
M,1.0,백화점,차시즌의류,팬츠,PT,152370000,147845660,134404599,88268244,26273716,61994528
M,1.0,백화점,차시즌의류,폴로 티셔츠,PQ,9277000,9112920,8284498,5511551,1382306,4129245
M,1.0,백화점,차시즌의류,후드티,HD,66634000,64556390,58687381,38384239,12135190,26249049
M,2.0,면세점,Acc_etc,기타,ET,1640000,1640000,1490893,924369,319953,604416
M,2.0,면세점,Acc_etc,머플러(스카프),MF,762000,762000,692727,429491,84690,344801
M,2.0,면세점,Acc_etc,양말,SO,3407900,3408040,3098083,1920771,607484,1313287
M,2.0,면세점,Acc_etc,파우치,PO,3830000,3830000,3481791,2158711,668717,1489994
M,2.0,면세점,Bag,가방,BG,492004000,246578520,224162304,138980383,9038402,129941981
M,2.0,면세점,Bag,백팩,BK,5937000,5937000,5397275,3346304,994620,2351684
M,2.0,면세점,Bag,버킷백,BM,164935000,164935070,149941036,92963157,25406388,67556769
M,2.0,면세점,Bag,쇼퍼백,OR,31381000,31380980,28528132,17687455,4940442,12747013
M,2.0,면세점,Bag,숄더백,BQ,165158000,165157980,150143564,93088838,25962566,67126272
M,2.0,면세점,Bag,크로스백,CR,75084000,75083990,68258170,42319996,12499217,29820779
M,2.0,면세점,Bag,힙색,HS,9238000,9237990,8398174,5206861,1409757,3797104
M,2.0,면세점,Headwear,방한모,WM,1905000,1905000,1731813,1073723,270009,803714
M,2.0,면세점,Headwear,비니,BN,164842000,164842270,149856749,92909837,23035185,69874652
M,2.0,면세점,Headwear,운동모,CP,5644555000,5644532210,5131393777,3181482740,937391670,2244091070
M,2.0,면세점,Headwear,햇,HT,61547000,61546980,55951598,34690089,7907063,26783026
M,2.0,면세점,Shoes,런닝화,RN,70699000,70699000,64271528,39848329,15287547,24560782
M,2.0,면세점,Shoes,뮬,MU,7345000,3672450,3338585,2069934,1302186,767748
M,2.0,면세점,Shoes,방한화,WB,2716000,2716000,2469088,1530834,446727,1084107
M,2.0,면세점,Shoes,스니커즈,SX,320047000,305740520,277945329,172325880,54628978,117696902
M,2.0,면세점,Shoes,신발,SH,212751000,190709530,173372220,107490787,39349316,68141471
M,2.0,면세점,과시즌의류,맨투맨,MT,119000,119000,108182,67073,14188,52885
M,2.0,면세점,당시즌의류,다운베스트,DV,4041000,4041000,3673637,2277660,759591,1518069
M,2.0,면세점,당시즌의류,다운점퍼,DJ,188726000,188726010,171569035,106372846,32762712,73610134
M,2.0,면세점,당시즌의류,맨투맨,MT,903000,903000,820911,508963,164658,344305
M,2.0,면세점,당시즌의류,우븐팬츠,WP,447000,447000,406365,251946,85353,166593
M,2.0,면세점,당시즌의류,진스커트,DS,1043000,1043000,948185,587874,168189,419685
M,2.0,면세점,당시즌의류,트레이닝(상의),TR,447000,447000,406365,251946,78139,173807
M,2.0,면세점,당시즌의류,패딩,PD,2587000,2587000,2351817,1458132,531794,926338
M,2.0,면세점,당시즌의류,팬츠,PT,5146000,5146000,4678188,2900469,904758,1995711
M,2.0,면세점,당시즌의류,후드티,HD,496000,496000,450909,279564,91749,187815
M,2.0,면세점,차시즌의류,니트풀오버,KP,0,0,0,0,0,0
M,2.0,면세점,차시즌의류,데님셔츠,DR,16032000,16032000,14574543,9036205,2591120,6445085
M,2.0,면세점,차시즌의류,맨투맨,MT,36059000,36059000,32780948,20324187,5486489,14837698
M,2.0,면세점,차시즌의류,반팔카라티셔츠,TS,1228038000,1228050980,1116409549,692171411,207089133,485082278
M,2.0,면세점,차시즌의류,방풍자켓,WJ,103555000,103555020,94140910,58367363,18744102,39623261
M,2.0,면세점,차시즌의류,우븐팬츠,WP,10997000,10997000,9997247,6198280,1876231,4322049
M,2.0,면세점,차시즌의류,원피스,OP,218000,218000,198182,122872,34144,88728
M,2.0,면세점,차시즌의류,점퍼,JP,29939000,29939000,27217281,16874676,5340615,11534061
M,2.0,면세점,차시즌의류,진바지,DP,4952000,4952000,4501810,2791118,817765,1973353
M,2.0,면세점,차시즌의류,진스커트,DS,467000,467000,424545,263218,72268,190950
M,2.0,면세점,차시즌의류,진자켓,DK,5060000,5060000,4600008,2852002,763275,2088727
M,2.0,면세점,차시즌의류,트레이닝(상의),TR,3213000,3213000,2920914,1810971,565976,1244995
M,2.0,면세점,차시즌의류,팬츠,PT,3861000,3861000,3510000,2176200,647891,1528309
M,2.0,면세점,차시즌의류,폴로 티셔츠,PQ,7762000,7762000,7056330,4374924,1150254,3224670
M,2.0,면세점,차시즌의류,후드티,HD,3069000,3069000,2790000,1729800,579579,1150221
M,3.0,RF,Acc_etc,기타,ET,1604900,1604900,1458984,1458984,314680,1144304
M,3.0,RF,Acc_etc,머플러(스카프),MF,366000,366000,332727,332727,43465,289262
M,3.0,RF,Acc_etc,선글라스,GA,904000,904000,821820,821820,159606,662214
M,3.0,RF,Acc_etc,양말,SO,1219800,1031400,937639,937639,222628,715011
M,3.0,RF,Acc_etc,파우치,PO,2681000,2681010,2437280,2437280,513968,1923312
M,3.0,RF,Bag,백팩,BK,298000,298000,270909,270909,49330,221579
M,3.0,RF,Bag,버킷백,BM,2602000,2303800,2094360,2094360,421597,1672763
M,3.0,RF,Bag,쇼퍼백,OR,2285000,2064500,1876821,1876821,366962,1509859
M,3.0,RF,Bag,숄더백,BQ,8339000,6809600,6190545,6190545,1276659,4913886
M,3.0,RF,Bag,크로스백,CR,1834000,1807300,1643000,1643000,323556,1319444
M,3.0,RF,Headwear,방한모,WM,3897000,3413600,3103266,3103266,554719,2548547
M,3.0,RF,Headwear,비니,BN,25930000,22316040,20287354,20287354,3711780,16575574
M,3.0,RF,Headwear,운동모,CP,407154000,307876220,279887324,279887324,65966784,213920540
M,3.0,RF,Headwear,햇,HT,3729000,3213600,2921456,2921456,475719,2445737
M,3.0,RF,Shoes,런닝화,RN,3228000,3176300,2887552,2887552,650845,2236707
M,3.0,RF,Shoes,방한화,WB,8950000,6604030,6003662,6003662,1602989,4400673
M,3.0,RF,Shoes,스니커즈,SX,43437000,38715370,35195786,35195786,7120029,28075757
M,3.0,RF,Shoes,신발,SH,17797000,16567610,15061458,15061458,3200769,11860689
M,3.0,RF,당시즌의류,다운베스트,DV,1553000,1266200,1151091,1151091,310640,840451
M,3.0,RF,당시즌의류,다운점퍼,DJ,20755000,19621300,17837538,17837538,3579895,14257643
M,3.0,RF,당시즌의류,맨투맨,MT,426000,426000,387273,387273,71265,316008
M,3.0,RF,당시즌의류,우븐셔츠,WS,338000,338000,307272,307272,57053,250219
M,3.0,RF,당시즌의류,우븐팬츠,WP,467000,377600,343272,343272,94898,248374
M,3.0,RF,당시즌의류,진바지,DP,895000,626500,569545,569545,160125,409420
M,3.0,RF,당시즌의류,트레이닝(상의),TR,735000,725000,659092,659092,135785,523307
M,3.0,RF,당시즌의류,패딩,PD,1393000,1094500,994998,994998,286351,708647
M,3.0,RF,당시즌의류,팬츠,PT,2271000,2069660,1881509,1881509,378582,1502927
M,3.0,RF,당시즌의류,폴라폴리스점퍼,FD,199000,199000,180909,180909,38475,142434
M,3.0,RF,당시즌의류,후드티,HD,476000,476000,432728,432728,88706,344022
M,3.0,RF,차시즌의류,나시,TO,98000,98000,89090,89090,12948,76142
M,3.0,RF,차시즌의류,니트가디건,KC,2250000,2250000,2045456,2045456,538485,1506971
M,3.0,RF,차시즌의류,니트풀오버,KP,507000,507000,460908,460908,75281,385627
M,3.0,RF,차시즌의류,데님셔츠,DR,1025000,1025000,931818,931818,168214,763604
M,3.0,RF,차시즌의류,맨투맨,MT,18848000,15505100,14095549,14095549,3076607,11018942
M,3.0,RF,차시즌의류,반바지,SP,138000,138000,125454,125454,23770,101684
M,3.0,RF,차시즌의류,반팔카라티셔츠,TS,15476000,13728040,12480028,12480028,2475387,10004641
M,3.0,RF,차시즌의류,반팔티셔츠,RS,455000,455000,413636,413636,73700,339936
M,3.0,RF,차시즌의류,방풍자켓,WJ,15921000,14424300,13113005,13113005,3089973,10023032
M,3.0,RF,차시즌의류,스커트,SK,1248000,980700,891546,891546,205682,685864
M,3.0,RF,차시즌의류,우븐셔츠,WS,1521000,1267500,1152269,1152269,304164,848105
M,3.0,RF,차시즌의류,우븐팬츠,WP,8974000,8153470,7412259,7412259,1537642,5874617
M,3.0,RF,차시즌의류,점퍼,JP,16138000,14722900,13384450,13384450,2851852,10532598
M,3.0,RF,차시즌의류,진바지,DP,3869000,3099200,2817454,2817454,645191,2172263
M,3.0,RF,차시즌의류,진스커트,DS,954000,667800,607092,607092,149051,458041
M,3.0,RF,차시즌의류,진자켓,DK,757000,601600,546909,546909,114273,432636
M,3.0,RF,차시즌의류,트레이닝(상의),TR,6643000,5987810,5443461,5443461,1137879,4305582
M,3.0,RF,차시즌의류,팬츠,PT,12393000,10101810,9183474,9183474,2131191,7052283
M,3.0,RF,차시즌의류,폴로 티셔츠,PQ,605000,605000,550001,550001,90976,459025
M,3.0,RF,차시즌의류,후드티,HD,5546000,4824860,4386240,4386240,1000932,3385308
M,3.0,직영점(가두),Acc_etc,기타,ET,8240900,8195480,7450377,7450377,1512374,5938003
M,3.0,직영점(가두),Acc_etc,머플러(스카프),MF,594000,584000,530909,530909,61838,469071
M,3.0,직영점(가두),Acc_etc,선글라스,GA,14345000,14325000,13022725,13022725,2527105,10495620
M,3.0,직영점(가두),Acc_etc,양말,SO,6987700,6943450,6312116,6312116,1206608,5105508
M,3.0,직영점(가두),Acc_etc,장갑,GL,195000,195000,177275,177275,35072,142203
M,3.0,직영점(가두),Acc_etc,파우치,PO,14682000,14600410,13273088,13273088,2629419,10643669
M,3.0,직영점(가두),Bag,가방,BG,199000,139300,126636,126636,3658,122978
M,3.0,직영점(가두),Bag,백팩,BK,1867000,1867000,1697273,1697273,308551,1388722
M,3.0,직영점(가두),Bag,버킷백,BM,17018000,16968880,15426236,15426236,2671030,12755206
M,3.0,직영점(가두),Bag,쇼퍼백,OR,12954000,12929900,11754451,11754451,2088642,9665809
M,3.0,직영점(가두),Bag,숄더백,BQ,72359000,71382050,64892704,64892704,11658840,53233864
M,3.0,직영점(가두),Bag,크로스백,CR,28119000,28069000,25517202,25517202,5182725,20334477
M,3.0,직영점(가두),Bag,힙색,HS,297000,297000,270000,270000,43930,226070
M,3.0,직영점(가두),Headwear,방한모,WM,10234000,10214000,9285425,9285425,1507065,7778360
M,3.0,직영점(가두),Headwear,비니,BN,172100000,168653590,153321114,153321114,24848328,128472786
M,3.0,직영점(가두),Headwear,운동모,CP,1013990000,918131530,834662990,834662990,157196379,677466611
M,3.0,직영점(가두),Headwear,햇,HT,16720000,16660400,15145788,15145788,2186059,12959729
M,3.0,직영점(가두),Shoes,런닝화,RN,46710000,46558160,42325577,42325577,9387492,32938085
M,3.0,직영점(가두),Shoes,방한화,WB,12822000,12782000,11619995,11619995,2242885,9377110
M,3.0,직영점(가두),Shoes,스니커즈,SX,292653000,292095390,265540959,265540959,48307269,217233690
M,3.0,직영점(가두),Shoes,슬리퍼,LP,59000,59000,53636,53636,10549,43087
M,3.0,직영점(가두),Shoes,신발,SH,113883000,113686340,103351178,103351178,20212514,83138664
M,3.0,직영점(가두),과시즌의류,레깅스,LG,811000,811000,737272,737272,133908,603364
M,3.0,직영점(가두),과시즌의류,탱크탑,TK,177000,177000,160908,160908,37846,123062
M,3.0,직영점(가두),당시즌의류,다운베스트,DV,4478000,4354400,3958544,3958544,852001,3106543
M,3.0,직영점(가두),당시즌의류,다운점퍼,DJ,131749000,130914200,119012833,119012833,22858099,96154734
M,3.0,직영점(가두),당시즌의류,맨투맨,MT,1852000,1852000,1683631,1683631,316793,1366838
M,3.0,직영점(가두),당시즌의류,우븐셔츠,WS,169000,169000,153636,153636,28526,125110
M,3.0,직영점(가두),당시즌의류,우븐팬츠,WP,8432000,8419940,7654490,7654490,1651976,6002514
M,3.0,직영점(가두),당시즌의류,진바지,DP,1074000,1074000,976362,976362,193109,783253
M,3.0,직영점(가두),당시즌의류,진스커트,DS,447000,442010,401824,401824,72081,329743
M,3.0,직영점(가두),당시즌의류,트레이닝(상의),TR,2205000,2194470,1994976,1994976,407355,1587621
M,3.0,직영점(가두),당시즌의류,패딩,PD,8159000,8119200,7381087,7381087,1677203,5703884
M,3.0,직영점(가두),당시즌의류,팬츠,PT,8500000,8488790,7717076,7717076,1437034,6280042
M,3.0,직영점(가두),당시즌의류,폴라폴리스점퍼,FD,896000,896000,814545,814545,164754,649791
M,3.0,직영점(가두),당시즌의류,후드티,HD,2857000,2857000,2597275,2597275,517078,2080197
M,3.0,직영점(가두),차시즌의류,나시,TO,2401000,2401000,2182705,2182705,317233,1865472
M,3.0,직영점(가두),차시즌의류,니트가디건,KC,19334000,19296720,17542442,17542442,3964118,13578324
M,3.0,직영점(가두),차시즌의류,니트풀오버,KP,6963000,6953970,6321786,6321786,1072862,5248924
M,3.0,직영점(가두),차시즌의류,데님셔츠,DR,4697000,4693150,4266496,4266496,743208,3523288
M,3.0,직영점(가두),차시즌의류,맨투맨,MT,64089000,63932000,58119931,58119931,10910635,47209296
M,3.0,직영점(가두),차시즌의류,반바지,SP,2090000,2090000,1899992,1899992,361566,1538426
M,3.0,직영점(가두),차시즌의류,반팔카라티셔츠,TS,139769000,139418290,126743335,126743335,22536286,104207049
M,3.0,직영점(가두),차시즌의류,반팔티셔츠,RS,7345000,7341180,6673791,6673791,1214441,5459350
M,3.0,직영점(가두),차시즌의류,방풍자켓,WJ,88833000,88633710,80576053,80576053,16254706,64321347
M,3.0,직영점(가두),차시즌의류,스커트,SK,3963000,3944280,3585705,3585705,649902,2935803
M,3.0,직영점(가두),차시즌의류,우븐반바지,SM,119000,99000,90000,90000,23872,66128
M,3.0,직영점(가두),차시즌의류,우븐셔츠,WS,5726000,5726000,5205442,5205442,1133425,4072017
M,3.0,직영점(가두),차시즌의류,우븐팬츠,WP,37823000,37759590,34326872,34326872,6431101,27895771
M,3.0,직영점(가두),차시즌의류,원피스,OP,109000,109000,99091,99091,17072,82019
M,3.0,직영점(가두),차시즌의류,점퍼,JP,126337000,125840320,114400223,114400223,22530491,91869732
M,3.0,직영점(가두),차시즌의류,진바지,DP,10126000,10088690,9171525,9171525,1686521,7485004
M,3.0,직영점(가두),차시즌의류,진스커트,DS,457000,457000,415453,415453,70013,345440
M,3.0,직영점(가두),차시즌의류,진자켓,DK,8029000,8021760,7292501,7292501,1292923,5999578
M,3.0,직영점(가두),차시즌의류,트레이닝(상의),TR,38854000,38716940,35197142,35197142,6886742,28310400
M,3.0,직영점(가두),차시즌의류,팬츠,PT,63473000,63370790,57609676,57609676,10791198,46818478
M,3.0,직영점(가두),차시즌의류,폴로 티셔츠,PQ,6698000,6682420,6074925,6074925,999141,5075784
M,3.0,직영점(가두),차시즌의류,후드티,HD,32605000,32513110,29557358,29557358,5864503,23692855
M,4.0,RF,Bag,버킷백,BM,2580000,1625400,1477636,1477636,373532,1104104
M,4.0,RF,Bag,쇼퍼백,OR,1790000,1127700,1025182,1025182,266059,759123
M,4.0,RF,Bag,숄더백,BQ,1980000,1247400,1134000,1134000,299880,834120
M,4.0,RF,Bag,크로스백,CR,1390000,875700,796091,796091,231694,564397
M,4.0,RF,Headwear,비니,BN,2150000,1354500,1231364,1231364,301189,930175
M,4.0,RF,Headwear,운동모,CP,173036000,109012680,99102442,99102442,25478916,73623526
M,4.0,RF,Headwear,햇,HT,2120000,1335600,1214180,1214180,305554,908626
M,4.0,RF,Shoes,스니커즈,SX,165585000,104318550,94835039,94835039,30342716,64492323
M,4.0,RF,Shoes,신발,SH,69696000,43908480,39916800,39916800,14908354,25008446
M,4.0,자사몰,Acc_etc,기타,ET,834600,718839,661408,661408,152849,508559
M,4.0,자사몰,Acc_etc,선글라스,GA,1073000,1064510,967736,967736,186207,781529
M,4.0,자사몰,Acc_etc,양말,SO,1801700,1476847,1350435,1350435,309757,1040678
M,4.0,자사몰,Acc_etc,장갑,GL,39000,11000,10000,10000,7014,2986
M,4.0,자사몰,Acc_etc,캐리어(하드케이스),HH,269000,188300,171182,171182,84410,86772
M,4.0,자사몰,Acc_etc,파우치,PO,1885000,1594860,1458519,1458519,332684,1125835
M,4.0,자사몰,Bag,가방,BG,318000,235300,213909,213909,5311,208598
M,4.0,자사몰,Bag,백팩,BK,298000,128000,116364,116364,46402,69962
M,4.0,자사몰,Bag,버킷백,BM,815000,736100,669180,669180,129876,539304
M,4.0,자사몰,Bag,쇼퍼백,OR,7614000,6298361,5772281,5772281,1254640,4517641
M,4.0,자사몰,Bag,숄더백,BQ,15651000,11377663,10508961,10508961,1760484,8748477
M,4.0,자사몰,Bag,크로스백,CR,4678000,4437237,4095036,4095036,861145,3233891
M,4.0,자사몰,Bag,힙색,HS,802000,689500,626818,626818,121784,505034
M,4.0,자사몰,Headwear,방한모,WM,1035000,809610,736008,736008,154797,581211
M,4.0,자사몰,Headwear,비니,BN,59900000,51709508,47013570,47013570,8603306,38410264
M,4.0,자사몰,Headwear,운동모,CP,154996000,131551145,119823529,119823529,24659076,95164453
M,4.0,자사몰,Headwear,햇,HT,3052000,2694089,2461246,2461246,394532,2066714
M,4.0,자사몰,Shoes,런닝화,RN,19633000,18160520,16580999,16580999,4228721,12352278
M,4.0,자사몰,Shoes,뮬,MU,3046000,1335268,1222215,1222215,539072,683143
M,4.0,자사몰,Shoes,방한화,WB,2032000,1810500,1645908,1645908,365413,1280495
M,4.0,자사몰,Shoes,샌들,SD,299000,298542,279131,279131,38059,241072
M,4.0,자사몰,Shoes,스니커즈,SX,35373000,31868835,29167152,29167152,5936854,23230298
M,4.0,자사몰,Shoes,슬리퍼,LP,826000,723815,675922,675922,157360,518562
M,4.0,자사몰,Shoes,신발,SH,52826000,35814894,32822283,32822283,8945578,23876705
M,4.0,자사몰,과시즌의류,니트가디건,KC,6766000,3242110,2947379,2947379,205461,2741918
M,4.0,자사몰,과시즌의류,레깅스,LG,178000,146070,132792,132792,29669,103123
M,4.0,자사몰,과시즌의류,맨투맨,MT,1534000,708290,643900,643900,174055,469845
M,4.0,자사몰,과시즌의류,반팔카라티셔츠,TS,69000,33500,30455,30455,10365,20090
M,4.0,자사몰,과시즌의류,방풍자켓,WJ,2000000,1066930,969936,969936,86042,883894
M,4.0,자사몰,과시즌의류,원피스,OP,1191000,546360,496690,496690,140547,356143
M,4.0,자사몰,과시즌의류,진바지,DP,-159000,-149750,-136136,-136136,-25119,-111017
M,4.0,자사몰,과시즌의류,트레이닝(상의),TR,387000,177150,161045,161045,45889,115156
M,4.0,자사몰,과시즌의류,팬츠,PT,396000,173000,157273,157273,47335,109938
M,4.0,자사몰,과시즌의류,후드티,HD,1209000,783690,712446,712446,124123,588323
M,4.0,자사몰,당시즌의류,니트풀오버,KP,189000,167000,151818,151818,37123,114695
M,4.0,자사몰,당시즌의류,다운베스트,DV,836000,819850,745320,745320,174073,571247
M,4.0,자사몰,당시즌의류,다운점퍼,DJ,16282000,15171320,13792098,13792098,2950694,10841404
M,4.0,자사몰,당시즌의류,맨투맨,MT,2100000,1983560,1803238,1803238,370845,1432393
M,4.0,자사몰,당시즌의류,반팔카라티셔츠,TS,276000,290476,269385,269385,48615,220770
M,4.0,자사몰,당시즌의류,스커트,SK,149000,145220,132018,132018,29384,102634
M,4.0,자사몰,당시즌의류,우븐셔츠,WS,169000,163120,148291,148291,28526,119765
M,4.0,자사몰,당시즌의류,우븐팬츠,WP,4668000,4272820,3884386,3884386,866753,3017633
M,4.0,자사몰,당시즌의류,점퍼,JP,837000,765020,695472,695472,159326,536146
M,4.0,자사몰,당시즌의류,진바지,DP,179000,171000,155454,155454,32984,122470
M,4.0,자사몰,당시즌의류,진스커트,DS,447000,426880,388073,388073,72081,315992
M,4.0,자사몰,당시즌의류,트레이닝(상의),TR,2203000,2060950,1873593,1873593,403920,1469673
M,4.0,자사몰,당시즌의류,패딩,PD,6169000,5543040,5039127,5039127,1268130,3770997
M,4.0,자사몰,당시즌의류,팬츠,PT,5839000,4950010,4500010,4500010,1014193,3485817
M,4.0,자사몰,당시즌의류,폴라폴리스점퍼,FD,1154000,1106000,1005454,1005454,188295,817159
M,4.0,자사몰,당시즌의류,후드티,HD,3382000,3212450,2920415,2920415,666721,2253694
M,4.0,자사몰,차시즌의류,나시,TO,833000,775860,705324,705324,110060,595264
M,4.0,자사몰,차시즌의류,니트가디건,KC,886000,854000,776364,776364,165559,610805
M,4.0,자사몰,차시즌의류,니트풀오버,KP,338000,321000,291818,291818,50674,241144
M,4.0,자사몰,차시즌의류,데님셔츠,DR,806000,787820,716201,716201,131611,584590
M,4.0,자사몰,차시즌의류,맨투맨,MT,21131000,19770462,17985430,17985430,3645116,14340314
M,4.0,자사몰,차시즌의류,반바지,SP,1538000,1400870,1273518,1273518,264032,1009486
M,4.0,자사몰,차시즌의류,반팔카라티셔츠,TS,18472000,16644620,15175785,15175785,3020294,12155491
M,4.0,자사몰,차시즌의류,반팔티셔츠,RS,643000,625310,568465,568465,123161,445304
M,4.0,자사몰,차시즌의류,방풍자켓,WJ,45249000,42698330,38816656,38816656,8254972,30561684
M,4.0,자사몰,차시즌의류,스커트,SK,2161000,2060490,1873174,1873174,365026,1508148
M,4.0,자사몰,차시즌의류,우븐셔츠,WS,656000,643690,585172,585172,119542,465630
M,4.0,자사몰,차시즌의류,우븐팬츠,WP,7316000,7069790,6427089,6427089,1265932,5161157
M,4.0,자사몰,차시즌의류,점퍼,JP,26201000,25065290,22786627,22786627,4555346,18231281
M,4.0,자사몰,차시즌의류,진바지,DP,1094000,1000530,909572,909572,213641,695931
M,4.0,자사몰,차시즌의류,진스커트,DS,159000,159000,144545,144545,24842,119703
M,4.0,자사몰,차시즌의류,진자켓,DK,279000,274000,249090,249090,41004,208086
M,4.0,자사몰,차시즌의류,트레이닝(상의),TR,11731000,10968670,9971524,9971524,2050144,7921380
M,4.0,자사몰,차시즌의류,팬츠,PT,15523000,14506160,13187422,13187422,2647226,10540196
M,4.0,자사몰,차시즌의류,폴로 티셔츠,PQ,89000,89000,80909,80909,13468,67441
M,4.0,자사몰,차시즌의류,후드티,HD,13740000,12971220,11792027,11792027,2577290,9214737
M,5.0,제휴몰,Acc_etc,기타,ET,2037900,2037900,1852629,1852629,382399,1470230
M,5.0,제휴몰,Acc_etc,머플러(스카프),MF,267000,267000,242727,242727,33158,209569
M,5.0,제휴몰,Acc_etc,선글라스,GA,447000,447000,406365,406365,79803,326562
M,5.0,제휴몰,Acc_etc,양말,SO,2641800,2625800,2387086,2387086,454582,1932504
M,5.0,제휴몰,Acc_etc,장갑,GL,39000,39000,35455,35455,7014,28441
M,5.0,제휴몰,Acc_etc,파우치,PO,2990000,2990010,2718206,2718206,509948,2208258
M,5.0,제휴몰,Bag,가방,BG,556000,496300,451182,451182,8618,442564
M,5.0,제휴몰,Bag,백팩,BK,1261000,1186500,1078638,1078638,192064,886574
M,5.0,제휴몰,Bag,버킷백,BM,646000,646000,587272,587272,102636,484636
M,5.0,제휴몰,Bag,쇼퍼백,OR,4246000,3919000,3562732,3562732,706906,2855826
M,5.0,제휴몰,Bag,숄더백,BQ,24786000,20697000,18815459,18815459,3306598,15508861
M,5.0,제휴몰,Bag,크로스백,CR,7655000,7655000,6959084,6959084,1457823,5501261
M,5.0,제휴몰,Bag,힙색,HS,584000,529500,481363,481363,84587,396776
M,5.0,제휴몰,Headwear,방한모,WM,4344000,4344000,3949080,3949080,611972,3337108
M,5.0,제휴몰,Headwear,비니,BN,115322000,111597420,101452318,101452318,15259520,86192798
M,5.0,제휴몰,Headwear,운동모,CP,634240000,634218570,576562368,576562368,104010392,472551976
M,5.0,제휴몰,Headwear,햇,HT,6010000,6010000,5463622,5463622,768005,4695617
M,5.0,제휴몰,Shoes,런닝화,RN,37337000,37337000,33942797,33942797,8108111,25834686
M,5.0,제휴몰,Shoes,뮬,MU,18885000,9442460,8583975,8583975,3339796,5244179
M,5.0,제휴몰,Shoes,방한화,WB,9385000,9349300,8499371,8499371,1606245,6893126
M,5.0,제휴몰,Shoes,샌들,SD,1806000,1595500,1450456,1450456,134325,1316131
M,5.0,제휴몰,Shoes,스니커즈,SX,165850000,163115330,148286742,148286742,28103466,120183276
M,5.0,제휴몰,Shoes,슬리퍼,LP,1534000,1534000,1394536,1394536,274278,1120258
M,5.0,제휴몰,Shoes,신발,SH,262065000,184974530,168158709,168158709,46999398,121159311
M,5.0,제휴몰,Shoes,아쿠아 슈즈,SQ,89000,89000,80909,80909,19820,61089
M,5.0,제휴몰,과시즌의류,니트가디건,KC,1194000,597000,542730,542730,36258,506472
M,5.0,제휴몰,과시즌의류,맨투맨,MT,5246000,2623000,2384549,2384549,523014,1861535
M,5.0,제휴몰,과시즌의류,방풍자켓,WJ,1532000,766000,696364,696364,46883,649481
M,5.0,제휴몰,과시즌의류,원피스,OP,397000,198500,180454,180454,46849,133605
M,5.0,제휴몰,과시즌의류,점퍼,JP,1017000,508500,462273,462273,29959,432314
M,5.0,제휴몰,과시즌의류,탱크탑,TK,354000,354000,321816,321816,75693,246123
M,5.0,제휴몰,과시즌의류,트레이닝(상의),TR,1419000,709500,644996,644996,168261,476735
M,5.0,제휴몰,과시즌의류,팬츠,PT,198000,99000,90000,90000,23666,66334
M,5.0,제휴몰,과시즌의류,후드티,HD,713000,356500,324091,324091,75195,248896
M,5.0,제휴몰,당시즌의류,다운베스트,DV,3642000,3642000,3310908,3310908,680773,2630135
M,5.0,제휴몰,당시즌의류,다운점퍼,DJ,160253000,160253000,145684489,145684489,28319811,117364678
M,5.0,제휴몰,당시즌의류,맨투맨,MT,5578000,5578000,5070913,5070913,1025663,4045250
M,5.0,제휴몰,당시즌의류,반팔카라티셔츠,TS,711000,711000,646362,646362,123363,522999
M,5.0,제휴몰,당시즌의류,스커트,SK,417000,417000,379092,379092,83342,295750
M,5.0,제휴몰,당시즌의류,우븐팬츠,WP,9354000,9354000,8503659,8503659,1689954,6813705
M,5.0,제휴몰,당시즌의류,원피스,OP,516000,516000,469092,469092,102795,366297
M,5.0,제휴몰,당시즌의류,진바지,DP,537000,537000,488181,488181,97034,391147
M,5.0,제휴몰,당시즌의류,진스커트,DS,298000,298000,270910,270910,48054,222856
M,5.0,제휴몰,당시즌의류,트레이닝(상의),TR,8691000,8691000,7900919,7900919,1590833,6310086
M,5.0,제휴몰,당시즌의류,패딩,PD,63282000,63282000,57529062,57529062,13008564,44520498
M,5.0,제휴몰,당시즌의류,팬츠,PT,10178000,10178000,9252735,9252735,1748882,7503853
M,5.0,제휴몰,당시즌의류,폴라폴리스점퍼,FD,2826000,2826000,2569089,2569089,475089,2094000
M,5.0,제휴몰,당시즌의류,후드티,HD,6862000,6862000,6238192,6238192,1284200,4953992
M,5.0,제휴몰,차시즌의류,나시,TO,196000,196000,178180,178180,25896,152284
M,5.0,제휴몰,차시즌의류,니트가디건,KC,1563000,1563000,1420910,1420910,272194,1148716
M,5.0,제휴몰,차시즌의류,니트풀오버,KP,149000,149000,135455,135455,22258,113197
M,5.0,제휴몰,차시즌의류,데님셔츠,DR,378000,378000,343636,343636,65754,277882
M,5.0,제휴몰,차시즌의류,맨투맨,MT,31410000,31410000,28554525,28554525,5313603,23240922
M,5.0,제휴몰,차시즌의류,반팔카라티셔츠,TS,19298000,19298010,17543591,17543591,3073637,14469954
M,5.0,제휴몰,차시즌의류,반팔티셔츠,RS,553000,553000,502726,502726,92795,409931
M,5.0,제휴몰,차시즌의류,방풍자켓,WJ,27385000,27385000,24895444,24895444,4956037,19939407
M,5.0,제휴몰,차시즌의류,스커트,SK,436000,436000,396364,396364,70779,325585
M,5.0,제휴몰,차시즌의류,우븐셔츠,WS,1680000,1680000,1527269,1527269,330139,1197130
M,5.0,제휴몰,차시즌의류,우븐팬츠,WP,2561000,2561000,2328188,2328188,437934,1890254
M,5.0,제휴몰,차시즌의류,점퍼,JP,26271000,26271000,23882729,23882729,4605648,19277081
M,5.0,제휴몰,차시즌의류,진바지,DP,1392000,1392000,1265452,1265452,232642,1032810
M,5.0,제휴몰,차시즌의류,진스커트,DS,318000,318000,289090,289090,49684,239406
M,5.0,제휴몰,차시즌의류,진자켓,DK,269000,269000,244545,244545,45507,199038
M,5.0,제휴몰,차시즌의류,트레이닝(상의),TR,11412000,11412000,10374560,10374560,1978583,8395977
M,5.0,제휴몰,차시즌의류,팬츠,PT,10200000,10200000,9272739,9272739,1751115,7521624
M,5.0,제휴몰,차시즌의류,후드티,HD,19664000,19664000,17876393,17876393,3620049,14256344
M,6.0,RF,Acc_etc,기타,ET,981800,934400,849449,519764,191456,328308
M,6.0,RF,Acc_etc,머플러(스카프),MF,366000,346200,314727,203400,43465,159935
M,6.0,RF,Acc_etc,양말,SO,881400,871460,792232,504228,156953,347275
M,6.0,RF,Acc_etc,장갑,GL,117000,117000,106365,70200,21043,49157
M,6.0,RF,Acc_etc,파우치,PO,1356000,1326000,1205449,740146,238924,501222
M,6.0,RF,Bag,백팩,BK,576000,576000,523636,321218,102282,218936
M,6.0,RF,Bag,버킷백,BM,5769000,5432230,4938398,3126017,932372,2193645
M,6.0,RF,Bag,쇼퍼백,OR,10260000,8814200,8012911,4935563,1583087,3352476
M,6.0,RF,Bag,숄더백,BQ,11456000,10584990,9622711,6055238,1837857,4217381
M,6.0,RF,Bag,크로스백,CR,4134000,3840400,3491271,2218518,716143,1502375
M,6.0,RF,Bag,힙색,HS,1168000,1049200,953818,588851,181433,407418
M,6.0,RF,Headwear,방한모,WM,1618000,1485800,1350726,875826,233725,642101
M,6.0,RF,Headwear,비니,BN,17294000,15961400,14510384,9388505,2446474,6942031
M,6.0,RF,Headwear,운동모,CP,187880000,161383760,146712297,92533677,29332550,63201127
M,6.0,RF,Headwear,햇,HT,4919000,4559800,4145259,2701965,636907,2065058
M,6.0,RF,Shoes,런닝화,RN,17523000,15977200,14524735,9417567,3343899,6073668
M,6.0,RF,Shoes,방한화,WB,1606000,1497000,1360911,880761,276792,603969
M,6.0,RF,Shoes,스니커즈,SX,192163000,162469650,147699657,94797169,33092319,61704850
M,6.0,RF,Shoes,슬리퍼,LP,177000,177000,160909,102982,31647,71335
M,6.0,RF,Shoes,신발,SH,104037000,86162900,78329891,49890468,20654673,29235795
M,6.0,RF,당시즌의류,다운베스트,DV,1632000,1548400,1407635,901749,312036,589713
M,6.0,RF,당시즌의류,다운점퍼,DJ,33876000,31977250,29070220,18753084,6012514,12740570
M,6.0,RF,당시즌의류,맨투맨,MT,822000,780400,709454,463127,140518,322609
M,6.0,RF,당시즌의류,우븐셔츠,WS,169000,135200,122909,76204,28526,47678
M,6.0,RF,당시즌의류,우븐팬츠,WP,1768000,1678600,1526001,971400,344465,626935
M,6.0,RF,당시즌의류,진바지,DP,1432000,1396200,1269271,827956,258119,569837
M,6.0,RF,당시즌의류,트레이닝(상의),TR,278000,278000,252728,166800,51350,115450
M,6.0,RF,당시즌의류,패딩,PD,995000,895500,814090,515047,204535,310512
M,6.0,RF,당시즌의류,팬츠,PT,3828000,3481370,3164881,2028471,695362,1333109
M,6.0,RF,당시즌의류,폴라폴리스점퍼,FD,458000,418200,380182,242236,87868,154368
M,6.0,RF,당시즌의류,후드티,HD,595000,571200,519273,337527,112689,224838
M,6.0,RF,차시즌의류,니트가디건,KC,906000,816400,742181,572381,59752,512629
M,6.0,RF,차시즌의류,니트풀오버,KP,2821000,2733600,2485095,1524110,425356,1098754
M,6.0,RF,차시즌의류,데님셔츠,DR,995000,995000,904545,597000,168623,428377
M,6.0,RF,차시즌의류,맨투맨,MT,11479000,10639980,9672712,6127260,1923054,4204206
M,6.0,RF,차시즌의류,반바지,SP,286000,286000,259999,157881,48348,109533
M,6.0,RF,차시즌의류,반팔카라티셔츠,TS,26924000,25297040,22997266,14496423,4452464,10043959
M,6.0,RF,차시즌의류,반팔티셔츠,RS,899000,899000,817271,526991,151384,375607
M,6.0,RF,차시즌의류,방풍자켓,WJ,16352000,15786600,14351448,9225089,2991926,6233163
M,6.0,RF,차시즌의류,스커트,SK,1209000,1169400,1063092,681022,200687,480335
M,6.0,RF,차시즌의류,우븐셔츠,WS,1859000,1825200,1659270,1078527,371757,706770
M,6.0,RF,차시즌의류,우븐팬츠,WP,6959000,6625600,6023271,3860073,1179633,2680440
M,6.0,RF,차시즌의류,점퍼,JP,24129000,22659810,20599833,13129550,4241519,8888031
M,6.0,RF,차시즌의류,진바지,DP,2357000,2213800,2012545,1293218,395384,897834
M,6.0,RF,차시즌의류,진자켓,DK,538000,430400,391274,242590,91014,151576
M,6.0,RF,차시즌의류,트레이닝(상의),TR,4823000,4457800,4052550,2621117,860800,1760317
M,6.0,RF,차시즌의류,팬츠,PT,10380000,9665690,8786994,5599934,1787054,3812880
M,6.0,RF,차시즌의류,폴로 티셔츠,PQ,1479000,1451200,1319270,826745,218698,608047
M,6.0,RF,차시즌의류,후드티,HD,8654000,7887170,7170150,4584127,1552402,3031725
M,6.0,대리점,Acc_etc,기타,ET,3485300,3420040,3109138,2008382,671888,1336494
M,6.0,대리점,Acc_etc,머플러(스카프),MF,1740000,1692010,1538181,991908,224042,767866
M,6.0,대리점,Acc_etc,선글라스,GA,318000,169320,153922,100050,53202,46848
M,6.0,대리점,Acc_etc,양말,SO,7086100,6860230,6236493,4003789,1223874,2779915
M,6.0,대리점,Acc_etc,장갑,GL,39000,39000,35454,22336,7014,15322
M,6.0,대리점,Acc_etc,캐리어(하드케이스),HH,239000,239000,217273,143400,73594,69806
M,6.0,대리점,Acc_etc,파우치,PO,4975000,4880930,4437187,2847097,891956,1955141
M,6.0,대리점,Bag,가방,BG,398000,278600,253274,179824,7316,172508
M,6.0,대리점,Bag,백팩,BK,4032000,3742870,3402595,2192969,662354,1530615
M,6.0,대리점,Bag,버킷백,BM,78152000,69403540,63094100,39759476,12846169,26913307
M,6.0,대리점,Bag,쇼퍼백,OR,48025000,47260990,42964567,27498071,7412282,20085789
M,6.0,대리점,Bag,숄더백,BQ,179637000,177649840,161499819,101811964,28640151,73171813
M,6.0,대리점,Bag,크로스백,CR,30708000,29450710,26773310,17183058,5266508,11916550
M,6.0,대리점,Bag,힙색,HS,3325000,3254390,2958534,1899464,507375,1392089
M,6.0,대리점,Headwear,방한모,WM,3139000,3072530,2793212,1801277,450493,1350784
M,6.0,대리점,Headwear,비니,BN,64224000,61369400,55790351,35417352,8974965,26442387
M,6.0,대리점,Headwear,운동모,CP,1496542000,1443426290,1312204046,820997128,248967798,572029330
M,6.0,대리점,Headwear,햇,HT,14626000,14100850,12818942,8215748,1860600,6355148
M,6.0,대리점,Shoes,런닝화,RN,153676000,149204500,135640331,87187611,31978451,55209160
M,6.0,대리점,Shoes,방한화,WB,9912000,9366770,8515246,5456720,1691308,3765412
M,6.0,대리점,Shoes,스니커즈,SX,1154945000,1078266380,980242028,621831962,200613167,421218795
M,6.0,대리점,Shoes,슬리퍼,LP,2301000,2254020,2049102,1312673,411413,901260
M,6.0,대리점,Shoes,신발,SH,653675000,618688050,562443525,355527994,128273613,227254381
M,6.0,대리점,과시즌의류,니트가디건,KC,199000,99510,90455,67841,6043,61798
M,6.0,대리점,과시즌의류,다운베스트,DV,219000,219000,199091,131400,26156,105244
M,6.0,대리점,과시즌의류,레깅스,LG,267000,252150,229227,146703,35138,111565
M,6.0,대리점,과시즌의류,맨투맨,MT,119000,119000,108182,71400,14271,57129
M,6.0,대리점,과시즌의류,반팔카라티셔츠,TS,39000,19520,17741,11709,6603,5106
M,6.0,대리점,과시즌의류,우븐팬츠,WP,99000,99000,90000,59400,11879,47521
M,6.0,대리점,과시즌의류,점퍼,JP,339000,169500,154091,115568,10151,105417
M,6.0,대리점,과시즌의류,폴로 티셔츠,PQ,0,0,0,0,0,0
M,6.0,대리점,당시즌의류,니트가디건,KC,1374000,1281780,1165251,752259,218093,534166
M,6.0,대리점,당시즌의류,니트풀오버,KP,1343000,1244260,1131143,733253,242884,490369
M,6.0,대리점,당시즌의류,다운베스트,DV,14013000,13233340,12030315,7729816,2652130,5077686
M,6.0,대리점,당시즌의류,다운점퍼,DJ,172995000,155029810,140936134,90708082,31190027,59518055
M,6.0,대리점,당시즌의류,맨투맨,MT,11017000,10687740,9716100,6243376,1923476,4319900
M,6.0,대리점,당시즌의류,반팔카라티셔츠,TS,196000,169930,154481,98756,35528,63228
M,6.0,대리점,당시즌의류,방풍자켓,WJ,388000,377490,343179,221530,72542,148988
M,6.0,대리점,당시즌의류,스커트,SK,149000,149000,135455,86691,29384,57307
M,6.0,대리점,당시즌의류,우븐셔츠,WS,676000,632200,574728,360975,118151,242824
M,6.0,대리점,당시즌의류,우븐팬츠,WP,14857000,14238510,12944060,8365824,2883872,5481952
M,6.0,대리점,당시즌의류,점퍼,JP,2431000,2308670,2098778,1372435,458781,913654
M,6.0,대리점,당시즌의류,진바지,DP,1969000,1915490,1741367,1119393,357070,762323
M,6.0,대리점,당시즌의류,진스커트,DS,447000,432100,392817,254112,72081,182031
M,6.0,대리점,당시즌의류,진자켓,DK,259000,259000,235455,150691,39331,111360
M,6.0,대리점,당시즌의류,트레이닝(상의),TR,4867000,4748880,4317161,2780377,902440,1877937
M,6.0,대리점,당시즌의류,패딩,PD,13134000,12438390,11307631,7369867,2699875,4669992
M,6.0,대리점,당시즌의류,팬츠,PT,31826000,30852840,28048020,18082856,5530331,12552525
M,6.0,대리점,당시즌의류,폴라폴리스점퍼,FD,2030000,1860950,1691783,1076114,363806,712308
M,6.0,대리점,당시즌의류,후드티,HD,13600000,13077940,11889015,7624485,2517172,5107313
M,6.0,대리점,차시즌의류,나시,TO,49000,41940,38122,24779,6474,18305
M,6.0,대리점,차시즌의류,니트가디건,KC,13968000,13366070,12150993,7697699,2826244,4871455
M,6.0,대리점,차시즌의류,니트풀오버,KP,6379000,6173230,5612024,3584771,964787,2619984
M,6.0,대리점,차시즌의류,데님셔츠,DR,7891000,7623600,6930584,4414415,1275914,3138501
M,6.0,대리점,차시즌의류,맨투맨,MT,114917000,111480990,101346260,64968499,18933643,46034856
M,6.0,대리점,차시즌의류,반바지,SP,1263000,1195660,1086958,699306,217207,482099
M,6.0,대리점,차시즌의류,반팔카라티셔츠,TS,282974000,278497140,253179419,160602786,46960359,113642427
M,6.0,대리점,차시즌의류,반팔티셔츠,RS,5068000,4962520,4511396,2878770,831464,2047306
M,6.0,대리점,차시즌의류,방풍자켓,WJ,159445000,152761760,138874329,89066150,28746204,60319946
M,6.0,대리점,차시즌의류,스커트,SK,6321000,6231810,5665289,3642441,1035279,2607162
M,6.0,대리점,차시즌의류,우븐셔츠,WS,5557000,5233860,4758061,3052176,1099626,1952550
M,6.0,대리점,차시즌의류,우븐팬츠,WP,55849000,54160730,49236995,31709462,9525918,22183544
M,6.0,대리점,차시즌의류,원피스,OP,178000,176730,160667,103636,29958,73678
M,6.0,대리점,차시즌의류,점퍼,JP,133659000,128867410,117152212,75007124,23985746,51021378
M,6.0,대리점,차시즌의류,진바지,DP,13494000,12782360,11620335,7470559,2256765,5213794
M,6.0,대리점,차시즌의류,진스커트,DS,954000,925000,840910,535028,149051,385977
M,6.0,대리점,차시즌의류,진자켓,DK,2311000,2221580,2019621,1299079,369568,929511
M,6.0,대리점,차시즌의류,트레이닝(상의),TR,44426000,42870710,38973298,24900263,7673709,17226554
M,6.0,대리점,차시즌의류,팬츠,PT,97404000,93883130,85348277,54748196,16677741,38070455
M,6.0,대리점,차시즌의류,폴로 티셔츠,PQ,6521000,6440520,5854988,3732564,968237,2764327
M,6.0,대리점,차시즌의류,후드티,HD,59450000,57915070,52649980,33851628,10914275,22937353
M,8.0,사입,Acc_etc,양말,SO,30029000,7506750,6824348,6824348,4513242,2311106
M,8.0,사입,Acc_etc,캐리어(하드케이스),HH,7421000,1855250,1686597,1686597,2161159,-474562
M,8.0,사입,Bag,백팩,BK,400963000,103155200,93777489,93777489,58769530,35007959
M,8.0,사입,Bag,버킷백,BM,137649000,34411940,31283563,31283563,20983503,10300060
M,8.0,사입,Bag,보스톤백,BW,0,0,-2,-2,0,-2
M,8.0,사입,Bag,쇼퍼백,OR,55089000,13772150,12520116,12520116,10919003,1601113
M,8.0,사입,Bag,숄더백,BQ,408318000,104462540,94965896,94965896,65486769,29479127
M,8.0,사입,Bag,크로스백,CR,210369000,52591900,47810861,47810861,33336715,14474146
M,8.0,사입,Bag,힙색,HS,66924000,16731000,15210000,15210000,11050021,4159979
M,8.0,사입,Headwear,메시캡,MC,96124000,24010090,21827359,21827359,12441999,9385360
M,8.0,사입,Headwear,비니,BN,-59000,-14750,-13409,-13409,-6997,-6412
M,8.0,사입,Headwear,선캡,SC,21589000,5247240,4770242,4770242,2855606,1914636
M,8.0,사입,Headwear,운동모,CP,1112831000,295454100,268594679,268594679,156517998,112076681
M,8.0,사입,Headwear,햇,HT,379741000,101129340,91935752,91935752,53354341,38581411
M,8.0,사입,Shoes,런닝화,RN,437434000,107417310,97652104,97652104,72696814,24955290
M,8.0,사입,Shoes,샌들,SD,276535000,30418850,27653500,27653500,6751670,20901830
M,8.0,사입,Shoes,스니커즈,SX,1321462000,323836990,294397364,294397364,238924054,55473310
M,8.0,사입,Shoes,슬리퍼,LP,253670000,27903700,25367000,25367000,6502610,18864390
M,8.0,사입,Shoes,신발,SH,483589000,99306880,90278951,90278951,76850055,13428896
M,8.0,사입,Shoes,아쿠아 슈즈,SQ,10098000,1110780,1009800,1009800,1079384,-69584
M,8.0,사입,과시즌의류,니트가디건,KC,414904000,100397570,91270505,91270505,63222946,28047559
M,8.0,사입,과시즌의류,니트풀오버,KP,275454000,60884970,55349930,55349930,43091811,12258119
M,8.0,사입,과시즌의류,데님셔츠,DR,413376000,104886080,95350908,95350908,69990693,25360215
M,8.0,사입,과시즌의류,데님원피스,DD,7968000,876480,796800,796800,830106,-33306
M,8.0,사입,과시즌의류,레깅스,LG,43123000,4743530,4312300,4312300,4509750,-197450
M,8.0,사입,과시즌의류,맨투맨,MT,732348000,166371660,151246892,151246892,122111162,29135730
M,8.0,사입,과시즌의류,반팔카라티셔츠,TS,124630000,36393690,33085128,33085128,20387042,12698086
M,8.0,사입,과시즌의류,반팔티셔츠,RS,0,0,0,0,0,0
M,8.0,사입,과시즌의류,방수자켓,JK,8580000,943800,858000,858000,913163,-55163
M,8.0,사입,과시즌의류,방풍자켓,WJ,582305000,146204300,132912980,132912980,105622072,27290908
M,8.0,사입,과시즌의류,스커트,SK,115192000,28798120,26180044,26180044,21777016,4403028
M,8.0,사입,과시즌의류,우븐셔츠,WS,232824000,54916260,49923753,49923753,42131469,7792284
M,8.0,사입,과시즌의류,우븐팬츠,WP,540196000,135143000,122857303,122857303,107034210,15823093
M,8.0,사입,과시즌의류,원피스,OP,31178000,3429580,3117800,3117800,3265599,-147799
M,8.0,사입,과시즌의류,점퍼,JP,830503000,182856650,166233260,166233260,133144530,33088730
M,8.0,사입,과시즌의류,진바지,DP,281387000,74703040,67911863,67911863,45691062,22220801
M,8.0,사입,과시즌의류,진스커트,DS,57129000,14282180,12983823,12983823,9844449,3139374
M,8.0,사입,과시즌의류,진자켓,DK,250750000,62431940,56756318,56756318,40043969,16712349
M,8.0,사입,과시즌의류,트레이닝(상의),TR,225747000,49218270,44743918,44743918,32308545,12435373
M,8.0,사입,과시즌의류,팬츠,PT,368072000,81031370,73664888,73664888,58350013,15314875
M,8.0,사입,과시즌의류,폴로 티셔츠,PQ,252165000,54693240,49721110,49721110,40136248,9584862
M,8.0,사입,과시즌의류,후드티,HD,561443000,125417260,114015689,114015689,103577351,10438338
M,11.0,직영몰,Acc_etc,기타,ET,860800,60000,54542,54542,162148,-107606
M,11.0,직영몰,Acc_etc,머플러(스카프),MF,306000,306000,278181,278181,47944,230237
M,11.0,직영몰,Acc_etc,선글라스,GA,2275000,2146160,1951059,1951059,399016,1552043
M,11.0,직영몰,Acc_etc,양말,SO,1002700,869170,790167,790167,171135,619032
M,11.0,직영몰,Acc_etc,장갑,GL,78000,78000,70910,70910,14029,56881
M,11.0,직영몰,Acc_etc,파우치,PO,1126000,1056770,960704,960704,200829,759875
M,11.0,직영몰,Bag,가방,BG,199000,139300,126636,126636,3658,122978
M,11.0,직영몰,Bag,백팩,BK,993000,979100,890091,890091,158058,732033
M,11.0,직영몰,Bag,버킷백,BM,2462000,2423210,2202918,2202918,392429,1810489
M,11.0,직영몰,Bag,쇼퍼백,OR,2284000,2226490,2024081,2024081,362752,1661329
M,11.0,직영몰,Bag,숄더백,BQ,4402000,4192970,3811794,3811794,700740,3111054
M,11.0,직영몰,Bag,크로스백,CR,2884000,2812740,2557033,2557033,523707,2033326
M,11.0,직영몰,Bag,힙색,HS,376000,326500,296818,296818,58325,238493
M,11.0,직영몰,Headwear,방한모,WM,474000,466400,423999,423999,62912,361087
M,11.0,직영몰,Headwear,비니,BN,12795000,12614700,11467926,11467926,1809555,9658371
M,11.0,직영몰,Headwear,운동모,CP,154317000,152621840,138746889,138746889,24270143,114476746
M,11.0,직영몰,Headwear,햇,HT,2457000,2411180,2191979,2191979,334399,1857580
M,11.0,직영몰,Shoes,런닝화,RN,13210000,12924900,11749920,11749920,2676557,9073363
M,11.0,직영몰,Shoes,방한화,WB,2260000,2217170,2015611,2015611,379620,1635991
M,11.0,직영몰,Shoes,스니커즈,SX,51169000,50011550,45465089,45465089,8489990,36975099
M,11.0,직영몰,Shoes,슬리퍼,LP,177000,177000,160908,160908,31647,129261
M,11.0,직영몰,Shoes,신발,SH,20213000,19809100,18008273,18008273,3643726,14364547
M,11.0,직영몰,과시즌의류,레깅스,LG,188000,188000,170909,170909,30962,139947
M,11.0,직영몰,과시즌의류,맨투맨,MT,198000,99000,90000,90000,23556,66444
M,11.0,직영몰,과시즌의류,팬츠,PT,-129000,-129000,-117273,-117273,-23298,-93975
M,11.0,직영몰,당시즌의류,니트풀오버,KP,527000,491450,446772,446772,91947,354825
M,11.0,직영몰,당시즌의류,다운베스트,DV,3364000,3192400,2902181,2902181,633154,2269027
M,11.0,직영몰,당시즌의류,다운점퍼,DJ,27181000,25459740,23145213,23145213,4877739,18267474
M,11.0,직영몰,당시즌의류,맨투맨,MT,1456000,1321180,1201076,1201076,262389,938687
M,11.0,직영몰,당시즌의류,반팔카라티셔츠,TS,305000,235550,214136,214136,47038,167098
M,11.0,직영몰,당시즌의류,방풍자켓,WJ,189000,170180,154709,154709,36844,117865
M,11.0,직영몰,당시즌의류,스커트,SK,596000,541580,492345,492345,117536,374809
M,11.0,직영몰,당시즌의류,우븐팬츠,WP,3337000,3166390,2878535,2878535,639292,2239243
M,11.0,직영몰,당시즌의류,점퍼,JP,259000,259000,235455,235455,48144,187311
M,11.0,직영몰,당시즌의류,진바지,DP,1074000,1012250,920227,920227,195337,724890
M,11.0,직영몰,당시즌의류,진스커트,DS,139000,139000,126364,126364,24058,102306
M,11.0,직영몰,당시즌의류,트레이닝(상의),TR,715000,693640,630582,630582,131815,498767
M,11.0,직영몰,당시즌의류,패딩,PD,2985000,2912680,2647889,2647889,613610,2034279
M,11.0,직영몰,당시즌의류,팬츠,PT,4800000,4654590,4231451,4231451,831620,3399831
M,11.0,직영몰,당시즌의류,폴라폴리스점퍼,FD,817000,797000,724546,724546,148116,576430
M,11.0,직영몰,당시즌의류,후드티,HD,1478000,1337930,1216304,1216304,267445,948859
M,11.0,직영몰,차시즌의류,나시,TO,196000,187260,170236,170236,25896,144340
M,11.0,직영몰,차시즌의류,니트가디건,KC,4759000,4601250,4182964,4182964,1184624,2998340
M,11.0,직영몰,차시즌의류,니트풀오버,KP,556000,543810,494374,494374,89156,405218
M,11.0,직영몰,차시즌의류,데님셔츠,DR,378000,378000,343636,343636,65754,277882
M,11.0,직영몰,차시즌의류,맨투맨,MT,21853000,21487580,19534167,19534167,3754385,15779782
M,11.0,직영몰,차시즌의류,반바지,SP,454000,436790,397082,397082,81318,315764
M,11.0,직영몰,차시즌의류,반팔카라티셔츠,TS,24943000,24194610,21995027,21995027,4105107,17889920
M,11.0,직영몰,차시즌의류,반팔티셔츠,RS,1613000,1606330,1460300,1460300,265618,1194682
M,11.0,직영몰,차시즌의류,방풍자켓,WJ,21076000,20547450,18679493,18679493,3820889,14858604
M,11.0,직영몰,차시즌의류,스커트,SK,1625000,1616680,1469710,1469710,265657,1204053
M,11.0,직영몰,차시즌의류,우븐반바지,SM,119000,108560,98691,98691,23872,74819
M,11.0,직영몰,차시즌의류,우븐셔츠,WS,1690000,1666470,1514970,1514970,337960,1177010
M,11.0,직영몰,차시즌의류,우븐팬츠,WP,8230000,8113920,7376301,7376301,1401413,5974888
M,11.0,직영몰,차시즌의류,점퍼,JP,36368000,35712640,32466032,32466032,6422273,26043759
M,11.0,직영몰,차시즌의류,진바지,DP,1800000,1753150,1593767,1593767,301071,1292696
M,11.0,직영몰,차시즌의류,진스커트,DS,477000,477000,433635,433635,74526,359109
M,11.0,직영몰,차시즌의류,진자켓,DK,538000,538000,489090,489090,91014,398076
M,11.0,직영몰,차시즌의류,트레이닝(상의),TR,10542000,10291780,9356175,9356175,1824837,7531338
M,11.0,직영몰,차시즌의류,팬츠,PT,15493000,15262030,13874587,13874587,2664047,11210540
M,11.0,직영몰,차시즌의류,폴로 티셔츠,PQ,1340000,1326100,1205548,1205548,199298,1006250
M,11.0,직영몰,차시즌의류,후드티,HD,10875000,10705010,9731843,9731843,1978316,7753527
M,99.0,기타,Acc_etc,기타,ET,133000,66500,60455,60455,25093,35362
M,99.0,기타,Acc_etc,선글라스,GA,149000,74500,67727,67727,26601,41126
M,99.0,기타,Acc_etc,양말,SO,344500,158400,143996,143996,56603,87393
M,99.0,기타,Acc_etc,파우치,PO,68000,34000,30909,30909,11874,19035
M,99.0,기타,Bag,쇼퍼백,OR,318000,159000,144544,144544,50316,94228
M,99.0,기타,Bag,숄더백,BQ,0,0,0,0,0,0
M,99.0,기타,Headwear,방한모,WM,148000,74000,67273,67273,21828,45445
M,99.0,기타,Headwear,비니,BN,575000,305090,277351,277351,81463,195888
M,99.0,기타,Headwear,운동모,CP,4883000,2426100,2205545,2205545,801862,1403683
M,99.0,기타,Shoes,런닝화,RN,437000,275360,250332,250332,83130,167202
M,99.0,기타,Shoes,방한화,WB,109000,54500,49545,49545,13083,36462
M,99.0,기타,Shoes,샌들,SD,99000,45000,40910,40910,1604,39306
M,99.0,기타,Shoes,스니커즈,SX,1758000,835040,759125,759125,289030,470095
M,99.0,기타,Shoes,신발,SH,795000,292650,266045,266045,132692,133353
M,99.0,기타,과시즌의류,맨투맨,MT,89000,40460,36778,36778,1181,35597
M,99.0,기타,당시즌의류,다운점퍼,DJ,578000,411320,373926,373926,97170,276756
M,99.0,기타,당시즌의류,맨투맨,MT,476000,278500,253182,253182,87960,165222
M,99.0,기타,당시즌의류,반팔카라티셔츠,TS,39000,19500,17727,17727,7494,10233
M,99.0,기타,당시즌의류,우븐팬츠,WP,298000,149000,135454,135454,58298,77156
M,99.0,기타,당시즌의류,트레이닝(상의),TR,139000,69500,63182,63182,25675,37507
M,99.0,기타,당시즌의류,팬츠,PT,357000,178500,162273,162273,61327,100946
M,99.0,기타,당시즌의류,후드티,HD,377000,285860,259878,259878,68232,191646
M,99.0,기타,차시즌의류,니트가디건,KC,229000,114500,104091,104091,67438,36653
M,99.0,기타,차시즌의류,맨투맨,MT,436000,218000,198181,198181,73197,124984
M,99.0,기타,차시즌의류,반팔카라티셔츠,TS,1752000,876000,796363,796363,278631,517732
M,99.0,기타,차시즌의류,방풍자켓,WJ,587000,293500,266818,266818,106809,160009
M,99.0,기타,차시즌의류,스커트,SK,99000,49500,45000,45000,16316,28684
M,99.0,기타,차시즌의류,우븐셔츠,WS,169000,84500,76818,76818,33796,43022
M,99.0,기타,차시즌의류,점퍼,JP,548000,274000,249091,249091,93167,155924
M,99.0,기타,차시즌의류,팬츠,PT,486000,243000,220907,220907,86113,134794
M,99.0,기타,차시즌의류,후드티,HD,506000,253000,229999,229999,92862,137137
ST,1.0,백화점,Acc_etc,양말,SO,59700,55720,50655,34084,13500,20584
ST,1.0,백화점,Headwear,비니,BN,-69000,-69000,-62727,-41400,-16000,-25400
ST,1.0,백화점,Headwear,선캡,SC,59000,53100,48272,32825,11860,20965
ST,1.0,백화점,Headwear,운동모,CP,108000,103100,93727,62662,20760,41902
ST,1.0,백화점,Shoes,신발,SH,258000,232200,211091,141431,58100,83331
ST,1.0,백화점,과시즌의류,트레이닝(상의),TR,308000,308000,280000,184800,41160,143640
ST,1.0,백화점,과시즌의류,팬츠,PT,367000,367000,333637,220200,49045,171155
ST,1.0,백화점,당시즌의류,니트반팔티셔츠,KU,159000,159000,144545,95400,33700,61700
ST,1.0,백화점,당시즌의류,니트풀오버,KP,179000,179000,162727,107400,46690,60710
ST,1.0,백화점,당시즌의류,다운점퍼,DJ,359000,323100,293727,199734,122540,77194
ST,1.0,백화점,당시즌의류,맨투맨,MT,298000,298000,270909,178800,66130,112670
ST,1.0,백화점,당시즌의류,스커트,SK,179000,179000,162727,107400,48250,59150
ST,1.0,백화점,당시즌의류,트레이닝(상의),TR,308000,277200,251999,169249,69740,99509
ST,1.0,백화점,당시즌의류,패딩,PD,249000,249000,226364,149400,92610,56790
ST,1.0,백화점,당시즌의류,팬츠,PT,258000,232200,211091,141758,59760,81998
ST,1.0,백화점,당시즌의류,폴로 티셔츠,PQ,119000,119000,108182,71400,20810,50590
ST,1.0,백화점,당시즌의류,후드티,HD,149000,134100,121909,82898,34290,48608
ST,1.0,백화점,차시즌의류,트레이닝(상의),TR,0,0,0,0,0,0
ST,1.0,백화점,차시즌의류,팬츠,PT,109000,98100,89182,60644,30580,30064
ST,2.0,면세점,Acc_etc,양말,SO,492600,492600,447821,255255,92120,163135
ST,2.0,면세점,Acc_etc,헤드밴드,HB,83000,65500,59544,33940,14151,19789
ST,2.0,면세점,Bag,보스톤백,BW,358000,358000,325454,185508,81000,104508
ST,2.0,면세점,Headwear,선캡,SC,325000,325000,295455,168408,64370,104038
ST,2.0,면세점,Headwear,운동모,CP,403000,403000,366368,208829,72180,136649
ST,2.0,면세점,Shoes,신발,SH,1912000,852200,774730,441595,201946,239649
ST,2.0,면세점,과시즌의류,긴팔티셔츠,RL,119000,71400,64909,36998,15903,21095
ST,2.0,면세점,과시즌의류,레깅스,LG,89000,89000,80909,46118,11894,34224
ST,2.0,면세점,과시즌의류,맨투맨,MT,179000,107400,97637,55653,23921,31732
ST,2.0,면세점,과시즌의류,반바지,SP,119000,83300,75727,43164,27820,15344
ST,2.0,면세점,과시즌의류,반팔티셔츠,RS,405000,324900,295363,168356,92070,76286
ST,2.0,면세점,과시즌의류,방풍자켓,WJ,358000,250600,227818,129856,87740,42116
ST,2.0,면세점,과시즌의류,스커트,SK,278000,236300,214817,122446,61600,60846
ST,2.0,면세점,과시즌의류,슬리브리스,SL,198000,138600,126000,71820,58140,13680
ST,2.0,면세점,과시즌의류,트레이닝(상의),TR,169000,169000,153637,87573,22585,64988
ST,2.0,면세점,과시즌의류,팬츠,PT,377000,377000,342726,195354,50381,144973
ST,2.0,면세점,과시즌의류,폴로 티셔츠,PQ,634000,429900,390818,222766,129726,93040
ST,2.0,면세점,당시즌의류,니트가디건,KC,537000,537000,488181,278262,133320,144942
ST,2.0,면세점,당시즌의류,니트풀오버,KP,358000,358000,325454,185508,104860,80648
ST,2.0,면세점,당시즌의류,다운점퍼,DJ,299000,299000,271818,154936,99870,55066
ST,2.0,면세점,당시즌의류,맨투맨,MT,973000,973000,884543,504190,215590,288600
ST,2.0,면세점,당시즌의류,반바지,SP,218000,218000,198182,112964,80160,32804
ST,2.0,면세점,당시즌의류,스커트,SK,1708000,1708000,1552720,885051,373750,511301
ST,2.0,면세점,당시즌의류,윈드티셔츠,WT,0,0,0,0,0,0
ST,2.0,면세점,당시즌의류,트레이닝(상의),TR,129000,129000,117272,66845,28640,38205
ST,2.0,면세점,당시즌의류,팬츠,PT,545000,545000,495455,282410,129350,153060
ST,2.0,면세점,당시즌의류,폴로 티셔츠,PQ,595000,595000,540910,308320,109930,198390
ST,2.0,면세점,차시즌의류,니트베스트,KV,278000,278000,252726,144054,76100,67954
ST,2.0,면세점,차시즌의류,레깅스,LG,109000,109000,99091,56482,33020,23462
ST,2.0,면세점,차시즌의류,맨투맨,MT,3521000,3521000,3200897,1824512,720540,1103972
ST,2.0,면세점,차시즌의류,반바지,SP,1335000,1335000,1213635,691770,335850,355920
ST,2.0,면세점,차시즌의류,반팔티셔츠,RS,227000,227000,206363,117626,51970,65656
ST,2.0,면세점,차시즌의류,스커트,SK,4775000,4775000,4340900,2474310,1306960,1167350
ST,2.0,면세점,차시즌의류,점퍼,JP,259000,259000,235454,134209,93550,40659
ST,2.0,면세점,차시즌의류,트레이닝(상의),TR,2704000,2704000,2458192,1401168,690880,710288
ST,2.0,면세점,차시즌의류,팬츠,PT,883000,883000,802723,457552,191410,266142
ST,2.0,면세점,차시즌의류,폴로 티셔츠,PQ,1428000,1428000,1298184,739968,302100,437868
ST,3.0,직영점(가두),Acc_etc,양말,SO,280900,273400,248540,248540,50970,197570
ST,3.0,직영점(가두),Acc_etc,헤드밴드,HB,87000,87000,79089,79089,18600,60489
ST,3.0,직영점(가두),Bag,라켓백,RB,59000,59000,53636,53636,15300,38336
ST,3.0,직영점(가두),Bag,백팩,BK,517000,517000,469999,469999,124810,345189
ST,3.0,직영점(가두),Bag,보스톤백,BW,0,0,0,0,0,0
ST,3.0,직영점(가두),Bag,토드백,TG,69000,69000,62727,62727,19610,43117
ST,3.0,직영점(가두),Headwear,선캡,SC,335000,314300,285725,285725,64830,220895
ST,3.0,직영점(가두),Headwear,운동모,CP,334000,334000,303634,303634,64820,238814
ST,3.0,직영점(가두),Shoes,신발,SH,328000,263500,239545,239545,81850,157695
ST,3.0,직영점(가두),과시즌의류,긴팔티셔츠,RL,0,0,0,0,0,0
ST,3.0,직영점(가두),과시즌의류,레깅스,LG,89000,80100,72818,72818,23280,49538
ST,3.0,직영점(가두),과시즌의류,반바지,SP,278000,278000,252726,252726,62720,190006
ST,3.0,직영점(가두),과시즌의류,반팔티셔츠,RS,483000,476100,432816,432816,118810,314006
ST,3.0,직영점(가두),과시즌의류,브라,BR,267000,267000,242727,242727,74070,168657
ST,3.0,직영점(가두),과시즌의류,트레이닝(상의),TR,-159000,-159000,-144545,-144545,-21249,-123296
ST,3.0,직영점(가두),과시즌의류,팬츠,PT,735000,735000,668179,668179,123882,544297
ST,3.0,직영점(가두),당시즌의류,긴팔티셔츠,RL,198000,198000,180000,180000,47460,132540
ST,3.0,직영점(가두),당시즌의류,니트가디건,KC,796000,778100,707362,707362,200990,506372
ST,3.0,직영점(가두),당시즌의류,니트반팔티셔츠,KU,159000,159000,144545,144545,33700,110845
ST,3.0,직영점(가두),당시즌의류,니트풀오버,KP,338000,338000,307272,307272,96330,210942
ST,3.0,직영점(가두),당시즌의류,다운점퍼,DJ,658000,628100,570999,570999,222410,348589
ST,3.0,직영점(가두),당시즌의류,맨투맨,MT,1688000,1661200,1510175,1510175,367020,1143155
ST,3.0,직영점(가두),당시즌의류,반바지,SP,376000,376000,341817,341817,146220,195597
ST,3.0,직영점(가두),당시즌의류,반팔티셔츠,RS,109000,109000,99090,99090,30200,68890
ST,3.0,직영점(가두),당시즌의류,방풍자켓,WJ,976000,927200,842907,842907,333560,509347
ST,3.0,직영점(가두),당시즌의류,스커트,SK,179000,161100,146454,146454,48250,98204
ST,3.0,직영점(가두),당시즌의류,트레이닝(상의),TR,338000,338000,307272,307272,76020,231252
ST,3.0,직영점(가두),당시즌의류,패딩,PD,498000,498000,452726,452726,185220,267506
ST,3.0,직영점(가두),당시즌의류,팬츠,PT,1062000,1025300,932086,932086,298610,633476
ST,3.0,직영점(가두),당시즌의류,폴로 티셔츠,PQ,139000,139000,126363,126363,29010,97353
ST,3.0,직영점(가두),차시즌의류,긴팔티셔츠,RL,99000,99000,90000,90000,16950,73050
ST,3.0,직영점(가두),차시즌의류,니트가디건,KC,179000,179000,162727,162727,42260,120467
ST,3.0,직영점(가두),차시즌의류,니트베스트,KV,556000,556000,505452,505452,152200,353252
ST,3.0,직영점(가두),차시즌의류,니트풀오버,KP,179000,179000,162727,162727,47810,114917
ST,3.0,직영점(가두),차시즌의류,레깅스,LG,109000,109000,99090,99090,33020,66070
ST,3.0,직영점(가두),차시즌의류,맨투맨,MT,2370000,2316980,2106335,2106335,516030,1590305
ST,3.0,직영점(가두),차시즌의류,반바지,SP,2038000,1926180,1751072,1751072,586560,1164512
ST,3.0,직영점(가두),차시즌의류,반팔티셔츠,RS,1351000,1324080,1203703,1203703,348390,855313
ST,3.0,직영점(가두),차시즌의류,방풍자켓,WJ,2368000,2349100,2135542,2135542,700130,1435412
ST,3.0,직영점(가두),차시즌의류,스커트,SK,3819000,3639830,3308925,3308925,1042840,2266085
ST,3.0,직영점(가두),차시즌의류,우븐셔츠,WS,318000,310090,281895,281895,89580,192315
ST,3.0,직영점(가두),차시즌의류,윈드티셔츠,WT,238000,214200,194726,194726,96360,98366
ST,3.0,직영점(가두),차시즌의류,점퍼,JP,2072000,2020200,1836542,1836542,750380,1086162
ST,3.0,직영점(가두),차시즌의류,트레이닝(상의),TR,3211000,3031660,2756050,2756050,820420,1935630
ST,3.0,직영점(가두),차시즌의류,팬츠,PT,1964000,1808010,1643632,1643632,498000,1145632
ST,3.0,직영점(가두),차시즌의류,폴로 티셔츠,PQ,3800000,3616560,3287767,3287767,794640,2493127
ST,3.0,직영점(가두),차시즌의류,후드티,HD,509000,374100,340089,340089,130770,209319
ST,4.0,자사몰,Acc_etc,기타소품류,AC,24900,22390,20355,20355,5740,14615
ST,4.0,자사몰,Acc_etc,보호대,PR,215000,200810,182554,182554,27660,154894
ST,4.0,자사몰,Acc_etc,양말,SO,1091500,1040680,946071,946071,237770,708301
ST,4.0,자사몰,Acc_etc,헤드밴드,HB,87000,86830,78937,78937,18680,60257
ST,4.0,자사몰,Bag,라켓백,RB,59000,33100,30090,30090,15300,14790
ST,4.0,자사몰,Bag,백팩,BK,994000,959850,872590,872590,243880,628710
ST,4.0,자사몰,Bag,보스톤백,BW,1991000,1805700,1641543,1641543,457790,1183753
ST,4.0,자사몰,Bag,크로스백,CR,158000,155410,141282,141282,45500,95782
ST,4.0,자사몰,Bag,토드백,TG,337000,312980,284527,284527,90720,193807
ST,4.0,자사몰,Headwear,비니,BN,59000,59000,53636,53636,11860,41776
ST,4.0,자사몰,Headwear,선캡,SC,2106000,1872090,1701896,1701896,432450,1269446
ST,4.0,자사몰,Headwear,운동모,CP,2141000,1978420,1798563,1798563,416630,1381933
ST,4.0,자사몰,Shoes,신발,SH,3582000,3030980,2755436,2755436,935900,1819536
ST,4.0,자사몰,과시즌의류,긴팔티셔츠,RL,89000,89000,80909,80909,11894,69015
ST,4.0,자사몰,과시즌의류,니트가디건,KC,-897000,-500420,-454927,-454927,-119872,-335055
ST,4.0,자사몰,과시즌의류,다운점퍼,DJ,838000,539870,490791,490791,111988,378803
ST,4.0,자사몰,과시즌의류,레깅스,LG,89000,80460,73145,73145,11894,61251
ST,4.0,자사몰,과시즌의류,맨투맨,MT,298000,227870,207154,207154,39824,167330
ST,4.0,자사몰,과시즌의류,방풍자켓,WJ,398000,398000,361818,361818,53188,308630
ST,4.0,자사몰,과시즌의류,브라,BR,801000,690610,627829,627829,222210,405619
ST,4.0,자사몰,과시즌의류,스커트,SK,278000,211400,192182,192182,61600,130582
ST,4.0,자사몰,과시즌의류,트레이닝(상의),TR,984000,868140,789217,789217,131499,657718
ST,4.0,자사몰,과시즌의류,팬츠,PT,2640000,2235100,2031907,2031907,352800,1679107
ST,4.0,자사몰,당시즌의류,긴팔티셔츠,RL,693000,664000,603636,603636,166110,437526
ST,4.0,자사몰,당시즌의류,니트가디건,KC,1214000,1145800,1041637,1041637,304650,736987
ST,4.0,자사몰,당시즌의류,니트풀오버,KP,358000,320200,291091,291091,116340,174751
ST,4.0,자사몰,당시즌의류,다운점퍼,DJ,658000,614070,558246,558246,222410,335836
ST,4.0,자사몰,당시즌의류,맨투맨,MT,4347000,4003010,3639100,3639100,1011590,2627510
ST,4.0,자사몰,당시즌의류,반바지,SP,594000,585070,531882,531882,207880,324002
ST,4.0,자사몰,당시즌의류,반팔티셔츠,RS,624000,565490,514084,514084,118640,395444
ST,4.0,자사몰,당시즌의류,방풍자켓,WJ,299000,299000,271818,271818,79120,192698
ST,4.0,자사몰,당시즌의류,스커트,SK,1471000,1431310,1301191,1301191,303590,997601
ST,4.0,자사몰,당시즌의류,원피스,OP,139000,138220,125655,125655,27840,97815
ST,4.0,자사몰,당시즌의류,윈드티셔츠,WT,636000,650210,591100,591100,222280,368820
ST,4.0,자사몰,당시즌의류,트레이닝(상의),TR,676000,613430,557663,557663,153570,404093
ST,4.0,자사몰,당시즌의류,팬츠,PT,1418000,1279630,1163302,1163302,371510,791792
ST,4.0,자사몰,당시즌의류,폴로 티셔츠,PQ,298000,284100,258272,258272,75620,182652
ST,4.0,자사몰,차시즌의류,긴팔티셔츠,RL,594000,579790,527081,527081,101700,425381
ST,4.0,자사몰,차시즌의류,레깅스,LG,614000,573920,521746,521746,189070,332676
ST,4.0,자사몰,차시즌의류,맨투맨,MT,7543000,6935700,6305189,6305189,1583400,4721789
ST,4.0,자사몰,차시즌의류,반바지,SP,5212000,4792220,4356560,4356560,1329300,3027260
ST,4.0,자사몰,차시즌의류,반팔티셔츠,RS,2169000,2075240,1886579,1886579,534190,1352389
ST,4.0,자사몰,차시즌의류,방풍자켓,WJ,1991000,1859990,1690899,1690899,561730,1129169
ST,4.0,자사몰,차시즌의류,스커트,SK,8085000,7601710,6910639,6910639,2187960,4722679
ST,4.0,자사몰,차시즌의류,점퍼,JP,518000,466200,423818,423818,187430,236388
ST,4.0,자사몰,차시즌의류,트레이닝(상의),TR,3131000,2794980,2540893,2540893,828090,1712803
ST,4.0,자사몰,차시즌의류,팬츠,PT,4185000,3763760,3421599,3421599,1122450,2299149
ST,4.0,자사몰,차시즌의류,폴로 티셔츠,PQ,2549000,2352020,2138202,2138202,543570,1594632
ST,4.0,자사몰,차시즌의류,후드티,HD,981000,911850,828956,828956,308430,520526
ST,5.0,제휴몰,Acc_etc,보호대,PR,80000,80000,72727,72727,10320,62407
ST,5.0,제휴몰,Acc_etc,양말,SO,1518800,1308800,1189802,1189802,269683,920119
ST,5.0,제휴몰,Acc_etc,헤드밴드,HB,762000,289500,263179,263179,61796,201383
ST,5.0,제휴몰,Bag,라켓백,RB,1215000,607500,552272,552272,88364,463908
ST,5.0,제휴몰,Bag,백팩,BK,2746000,2176800,1978903,1978903,747220,1231683
ST,5.0,제휴몰,Bag,보스톤백,BW,1235000,1131400,1028546,1028546,295410,733136
ST,5.0,제휴몰,Bag,크로스백,CR,99000,59400,54000,54000,25620,28380
ST,5.0,제휴몰,Bag,토드백,TG,1115000,617200,561089,561089,187224,373865
ST,5.0,제휴몰,Headwear,선캡,SC,1152000,1116400,1014903,1014903,227650,787253
ST,5.0,제휴몰,Headwear,운동모,CP,1563000,1535400,1395808,1395808,285500,1110308
ST,5.0,제휴몰,Headwear,햇,HT,601000,180300,163908,163908,38249,125659
ST,5.0,제휴몰,Shoes,슬리퍼,LP,198000,198000,180000,180000,40000,140000
ST,5.0,제휴몰,Shoes,신발,SH,40828000,12836200,11669248,11669248,3030360,8638888
ST,5.0,제휴몰,과시즌의류,긴팔티셔츠,RL,1337000,711000,646364,646364,160466,485898
ST,5.0,제휴몰,과시즌의류,니트가디건,KC,339000,203400,184909,184909,45303,139606
ST,5.0,제휴몰,과시즌의류,니트반팔티셔츠,KU,776000,397900,361725,361725,116129,245596
ST,5.0,제휴몰,과시즌의류,니트베스트,KV,0,0,0,0,0,0
ST,5.0,제휴몰,과시즌의류,니트풀오버,KP,1076000,430400,391272,391272,78256,313016
ST,5.0,제휴몰,과시즌의류,다운베스트,DV,1107000,442800,402545,402545,80511,322034
ST,5.0,제휴몰,과시즌의류,다운점퍼,DJ,5865000,3034200,2758359,2758359,566274,2192085
ST,5.0,제휴몰,과시즌의류,레깅스,LG,1158000,452400,411270,411270,100229,311041
ST,5.0,제휴몰,과시즌의류,맨투맨,MT,20742000,9600700,8727915,8727915,2120042,6607873
ST,5.0,제휴몰,과시즌의류,반바지,SP,4218000,2382000,2165450,2165450,815614,1349836
ST,5.0,제휴몰,과시즌의류,반팔카라티셔츠,TS,398000,119400,108546,108546,25328,83218
ST,5.0,제휴몰,과시즌의류,반팔티셔츠,RS,8648000,4080100,3709177,3709177,990758,2718419
ST,5.0,제휴몰,과시즌의류,방풍자켓,WJ,9139000,4739100,4308266,4308266,1209552,3098714
ST,5.0,제휴몰,과시즌의류,브라,BR,711000,213300,193905,193905,45247,148658
ST,5.0,제휴몰,과시즌의류,스커트,SK,8641000,5045300,4586627,4586627,1541875,3044752
ST,5.0,제휴몰,과시즌의류,슬리브리스,SL,119000,66500,60455,60455,27220,33235
ST,5.0,제휴몰,과시즌의류,원피스,OP,3763000,1835700,1668817,1668817,494418,1174399
ST,5.0,제휴몰,과시즌의류,윈드티셔츠,WT,318000,206700,187909,187909,93680,94229
ST,5.0,제휴몰,과시즌의류,점퍼,JP,4018000,1635100,1486456,1486456,330267,1156189
ST,5.0,제휴몰,과시즌의류,트레이닝(상의),TR,7584000,3684700,3349724,3349724,970326,2379398
ST,5.0,제휴몰,과시즌의류,트레이닝(하의),TP,7474000,2989600,2717811,2717811,543566,2174245
ST,5.0,제휴몰,과시즌의류,패딩,PD,1075000,645000,586364,586364,143661,442703
ST,5.0,제휴몰,과시즌의류,팬츠,PT,19139000,9586900,8715326,8715326,2218752,6496574
ST,5.0,제휴몰,과시즌의류,폴라폴리스점퍼,FD,239000,95600,86909,86909,17382,69527
ST,5.0,제휴몰,과시즌의류,폴로 티셔츠,PQ,9645000,4840600,4400543,4400543,1212027,3188516
ST,5.0,제휴몰,과시즌의류,후드티,HD,2096000,1087700,988816,988816,246346,742470
ST,5.0,제휴몰,당시즌의류,니트가디건,KC,239000,239000,217272,217272,59220,158052
ST,5.0,제휴몰,당시즌의류,니트베스트,KV,139000,139000,126364,126364,31460,94904
ST,5.0,제휴몰,당시즌의류,맨투맨,MT,1370000,1370000,1245452,1245452,301310,944142
ST,5.0,제휴몰,당시즌의류,반바지,SP,119000,119000,108182,108182,36110,72072
ST,5.0,제휴몰,당시즌의류,반팔티셔츠,RS,78000,78000,70910,70910,14900,56010
ST,5.0,제휴몰,당시즌의류,스커트,SK,457000,457000,415455,415455,106050,309405
ST,5.0,제휴몰,당시즌의류,윈드티셔츠,WT,477000,477000,433635,433635,166710,266925
ST,5.0,제휴몰,당시즌의류,트레이닝(상의),TR,258000,258000,234546,234546,57280,177266
ST,5.0,제휴몰,당시즌의류,패딩,PD,249000,249000,226364,226364,92610,133754
ST,5.0,제휴몰,당시즌의류,팬츠,PT,586000,586000,532726,532726,157420,375306
ST,5.0,제휴몰,당시즌의류,폴로 티셔츠,PQ,685000,685000,622728,622728,172230,450498
ST,5.0,제휴몰,차시즌의류,레깅스,LG,0,0,0,0,0,0
ST,5.0,제휴몰,차시즌의류,맨투맨,MT,2132000,2132000,1938175,1938175,436710,1501465
ST,5.0,제휴몰,차시즌의류,반바지,SP,1246000,1246000,1132726,1132726,289400,843326
ST,5.0,제휴몰,차시즌의류,반팔티셔츠,RS,700000,700000,636361,636361,169240,467121
ST,5.0,제휴몰,차시즌의류,스커트,SK,3859000,3859000,3508174,3508174,1100880,2407294
ST,5.0,제휴몰,차시즌의류,점퍼,JP,259000,259000,235455,235455,93550,141905
ST,5.0,제휴몰,차시즌의류,트레이닝(상의),TR,507000,507000,460908,460908,129540,331368
ST,5.0,제휴몰,차시즌의류,팬츠,PT,605000,605000,549999,549999,139510,410489
ST,5.0,제휴몰,차시즌의류,폴로 티셔츠,PQ,734000,734000,667273,667273,155980,511293
ST,7.0,아울렛,Acc_etc,보호대,PR,25000,22500,20454,20454,3300,17154
ST,7.0,아울렛,Acc_etc,양말,SO,715300,635750,577955,577955,136492,441463
ST,7.0,아울렛,Acc_etc,헤드밴드,HB,54000,32850,29863,29863,7871,21992
ST,7.0,아울렛,Bag,라켓백,RB,139000,125100,113727,113727,38450,75277
ST,7.0,아울렛,Bag,백팩,BK,159000,143100,130090,130090,30040,100050
ST,7.0,아울렛,Bag,보스톤백,BW,518000,279720,254290,254290,133300,120990
ST,7.0,아울렛,Bag,토드백,TG,308000,205560,186872,186872,73970,112902
ST,7.0,아울렛,Headwear,선캡,SC,700000,556660,506054,506054,118806,387248
ST,7.0,아울렛,Headwear,운동모,CP,1100000,835890,759899,759899,198180,561719
ST,7.0,아울렛,Shoes,신발,SH,1632000,849190,771987,771987,316273,455714
ST,7.0,아울렛,과시즌의류,긴팔티셔츠,RL,1019000,713480,648617,648617,158380,490237
ST,7.0,아울렛,과시즌의류,니트가디건,KC,1295000,632340,574855,574855,169057,405798
ST,7.0,아울렛,과시즌의류,니트반팔티셔츠,KU,1871000,687510,625007,625007,164683,460324
ST,7.0,아울렛,과시즌의류,니트베스트,KV,179000,64440,58582,58582,21155,37427
ST,7.0,아울렛,과시즌의류,니트풀오버,KP,1892000,1021680,928798,928798,252842,675956
ST,7.0,아울렛,과시즌의류,다운베스트,DV,2232000,896760,815233,815233,193880,621353
ST,7.0,아울렛,과시즌의류,다운점퍼,DJ,35590000,16181060,14710028,14710028,3352532,11357496
ST,7.0,아울렛,과시즌의류,레깅스,LG,247000,133380,121254,121254,67800,53454
ST,7.0,아울렛,과시즌의류,맨투맨,MT,20325000,9531010,8664533,8664533,2509989,6154544
ST,7.0,아울렛,과시즌의류,반바지,SP,4464000,2316620,2106015,2106015,828313,1277702
ST,7.0,아울렛,과시즌의류,반팔티셔츠,RS,15613000,6420790,5837050,5837050,1679989,4157061
ST,7.0,아울렛,과시즌의류,방풍자켓,WJ,14645000,7608610,6916913,6916913,2651074,4265839
ST,7.0,아울렛,과시즌의류,브라,BR,267000,144180,131072,131072,47103,83969
ST,7.0,아울렛,과시즌의류,스커트,SK,7073000,4158390,3780350,3780350,1383600,2396750
ST,7.0,아울렛,과시즌의류,슬리브리스,SL,396000,213840,194400,194400,104960,89440
ST,7.0,아울렛,과시즌의류,여성하의 스코트,SR,159000,57240,52036,52036,11564,40472
ST,7.0,아울렛,과시즌의류,원피스,OP,1793000,663390,603079,603079,170752,432327
ST,7.0,아울렛,과시즌의류,점퍼,JP,1485000,635040,577307,577307,158728,418579
ST,7.0,아울렛,과시즌의류,트레이닝(상의),TR,9452000,4889340,4444848,4444848,1547650,2897198
ST,7.0,아울렛,과시즌의류,트레이닝(하의),TP,516000,185760,168872,168872,37528,131344
ST,7.0,아울렛,과시즌의류,패딩,PD,7528000,4065120,3695556,3695556,1006017,2689539
ST,7.0,아울렛,과시즌의류,팬츠,PT,18352000,9140260,8309304,8309304,2707868,5601436
ST,7.0,아울렛,과시즌의류,폴로 티셔츠,PQ,27273000,11593170,10539250,10539250,3233464,7305786
ST,7.0,아울렛,과시즌의류,후드티,HD,2026000,1022340,929400,929400,271765,657635
ST,7.0,아울렛,당시즌의류,맨투맨,MT,437000,393300,357544,357544,96530,261014
ST,7.0,아울렛,당시즌의류,스커트,SK,695000,625500,568635,568635,144500,424135
ST,7.0,아울렛,당시즌의류,폴로 티셔츠,PQ,119000,107100,97363,97363,20810,76553
ST,7.0,아울렛,차시즌의류,맨투맨,MT,129000,116100,105545,105545,26940,78605
ST,7.0,아울렛,차시즌의류,반바지,SP,89000,45000,40909,40909,19990,20919
ST,7.0,아울렛,차시즌의류,스커트,SK,0,0,0,0,0,0
ST,7.0,아울렛,차시즌의류,팬츠,PT,109000,98100,89182,89182,30670,58512
ST,7.0,아울렛,차시즌의류,폴로 티셔츠,PQ,258000,232200,211090,211090,55700,155390
ST,11.0,직영몰,Acc_etc,기타소품류,AC,21900,19710,17918,17918,6000,11918
ST,11.0,직영몰,Acc_etc,보호대,PR,205000,157000,142728,142728,23402,119326
ST,11.0,직영몰,Acc_etc,양말,SO,647600,592690,538815,538815,127620,411195
ST,11.0,직영몰,Acc_etc,헤드밴드,HB,91000,79400,72181,72181,23289,48892
ST,11.0,직영몰,Bag,라켓백,RB,675000,607500,552273,552273,182480,369793
ST,11.0,직영몰,Bag,백팩,BK,1204000,1083600,985093,985093,305240,679853
ST,11.0,직영몰,Bag,보스톤백,BW,2448000,1821800,1656185,1656185,583370,1072815
ST,11.0,직영몰,Bag,토드백,TG,921000,716410,651283,651283,243190,408093
ST,11.0,직영몰,Headwear,비니,BN,59000,53100,48273,48273,11860,36413
ST,11.0,직영몰,Headwear,선캡,SC,975000,856710,778830,778830,195820,583010
ST,11.0,직영몰,Headwear,운동모,CP,1637000,1449830,1318032,1318032,313552,1004480
ST,11.0,직영몰,Shoes,신발,SH,2605000,2165780,1968885,1968885,747709,1221176
ST,11.0,직영몰,과시즌의류,긴팔티셔츠,RL,20000,23900,21727,21727,18060,3667
ST,11.0,직영몰,과시즌의류,니트가디건,KC,1635000,981000,891818,891818,218496,673322
ST,11.0,직영몰,과시즌의류,다운베스트,DV,528000,263000,239091,239091,54176,184915
ST,11.0,직영몰,과시즌의류,다운점퍼,DJ,4478000,2263700,2057912,2057912,421607,1636305
ST,11.0,직영몰,과시즌의류,맨투맨,MT,1113000,496900,451729,451729,98777,352952
ST,11.0,직영몰,과시즌의류,반바지,SP,733000,496400,451272,451272,165418,285854
ST,11.0,직영몰,과시즌의류,반팔티셔츠,RS,810000,608400,553091,553091,169810,383281
ST,11.0,직영몰,과시즌의류,방풍자켓,WJ,2281000,1267800,1152546,1152546,351367,801179
ST,11.0,직영몰,과시즌의류,스커트,SK,1470000,1140200,1036546,1036546,370400,666146
ST,11.0,직영몰,과시즌의류,원피스,OP,418000,256800,233455,233455,81605,151850
ST,11.0,직영몰,과시즌의류,트레이닝(상의),TR,1073000,882360,802145,802145,143393,658752
ST,11.0,직영몰,과시즌의류,패딩,PD,418000,250800,228000,228000,55861,172139
ST,11.0,직영몰,과시즌의류,팬츠,PT,1975000,1617150,1470134,1470134,273996,1196138
ST,11.0,직영몰,과시즌의류,폴로 티셔츠,PQ,5228000,3135000,2850007,2850007,919595,1930412
ST,11.0,직영몰,당시즌의류,니트가디건,KC,0,-23900,-21728,-21728,0,-21728
ST,11.0,직영몰,당시즌의류,니트풀오버,KP,358000,322200,292910,292910,104860,188050
ST,11.0,직영몰,당시즌의류,다운점퍼,DJ,-1855000,-1956700,-1778822,-1778822,-676260,-1102562
ST,11.0,직영몰,당시즌의류,맨투맨,MT,704000,600800,546182,546182,170940,375242
ST,11.0,직영몰,당시즌의류,반바지,SP,426000,383400,348546,348546,142400,206146
ST,11.0,직영몰,당시즌의류,방풍자켓,WJ,528000,505190,459263,459263,155110,304153
ST,11.0,직영몰,당시즌의류,스커트,SK,2165000,1930700,1755181,1755181,475860,1279321
ST,11.0,직영몰,당시즌의류,트레이닝(상의),TR,-50000,-45000,-40910,-40910,-12460,-28450
ST,11.0,직영몰,당시즌의류,패딩,PD,249000,224100,203727,203727,92610,111117
ST,11.0,직영몰,당시즌의류,팬츠,PT,-120000,-137800,-125272,-125272,-37730,-87542
ST,11.0,직영몰,당시즌의류,폴로 티셔츠,PQ,2491000,2270780,2064348,2064348,512600,1551748
ST,11.0,직영몰,당시즌의류,후드티,HD,-149000,-149000,-135455,-135455,-34290,-101165
ST,11.0,직영몰,차시즌의류,긴팔티셔츠,RL,99000,89270,81155,81155,16950,64205
ST,11.0,직영몰,차시즌의류,니트풀오버,KP,358000,322200,292910,292910,95620,197290
ST,11.0,직영몰,차시즌의류,레깅스,LG,109000,98100,89182,89182,33020,56162
ST,11.0,직영몰,차시즌의류,맨투맨,MT,5206000,4698840,4271672,4271672,1093710,3177962
ST,11.0,직영몰,차시즌의류,반바지,SP,2750000,2476900,2251724,2251724,775340,1476384
ST,11.0,직영몰,차시즌의류,반팔티셔츠,RS,1805000,1624770,1477071,1477071,454750,1022321
ST,11.0,직영몰,차시즌의류,방풍자켓,WJ,428000,385200,350181,350181,119910,230271
ST,11.0,직영몰,차시즌의류,스커트,SK,7790000,7051950,6410856,6410856,2135650,4275206
ST,11.0,직영몰,차시즌의류,점퍼,JP,-259000,-259000,-235455,-235455,-93880,-141575
ST,11.0,직영몰,차시즌의류,트레이닝(상의),TR,3151000,2365870,2150793,2150793,821170,1329623
ST,11.0,직영몰,차시즌의류,팬츠,PT,1597000,1437300,1306633,1306633,361590,945043
ST,11.0,직영몰,차시즌의류,폴로 티셔츠,PQ,5376000,4875810,4432562,4432562,1121340,3311222
ST,11.0,직영몰,차시즌의류,후드티,HD,1854000,1670400,1518546,1518546,495120,1023426
ST,99.0,기타,Headwear,운동모,CP,0,0,0,0,0,0
ST,99.0,기타,Shoes,신발,SH,219000,59730,54298,54298,13937,40361
ST,99.0,기타,과시즌의류,스커트,SK,139000,126360,114877,114877,30800,84077
ST,99.0,기타,당시즌의류,폴로 티셔츠,PQ,278000,252720,229754,229754,58610,171144
ST,99.0,기타,차시즌의류,후드티,HD,0,0,0,0,0,0
V,1.0,백화점,Acc_etc,머플러(스카프),MF,1150000,1058000,961819,700455,208945,491510
V,1.0,백화점,Acc_etc,양말,SO,155000,104000,94546,70247,23469,46778
V,1.0,백화점,Acc_etc,장갑,AG,150000,150000,136364,98182,13874,84308
V,1.0,백화점,Acc_etc,토시,ML,300000,235000,213637,156546,53152,103394
V,1.0,백화점,Bag,백팩,BK,2920000,2613000,2375452,1751370,675545,1075825
V,1.0,백화점,Bag,크로스백,CR,510000,477000,433636,317491,86619,230872
V,1.0,백화점,Bag,토드백,TG,20890000,18806490,17096817,12631173,3719261,8911912
V,1.0,백화점,Headwear,방한모,WM,300000,275000,250000,183727,48874,134853
V,1.0,백화점,Headwear,비니,BN,2010000,1549800,1408910,1057698,480766,576932
V,1.0,백화점,Headwear,운동모,CP,770000,660000,600001,435410,135359,300051
V,1.0,백화점,Headwear,햇,HT,3020000,2653600,2412365,1791360,360138,1431222
V,1.0,백화점,Shoes,방한화,WB,8550000,7625480,6932271,5144738,2087122,3057616
V,1.0,백화점,과시즌의류,긴팔카라티셔츠,TL,230000,161000,146364,108309,33976,74333
V,1.0,백화점,과시즌의류,니트풀오버,KP,1230000,823100,748272,575846,235785,340061
V,1.0,백화점,과시즌의류,다운베스트,DV,1180000,423900,385364,331413,109871,221542
V,1.0,백화점,과시즌의류,다운점퍼,DJ,27880000,14986700,13624272,10993098,3975251,7017847
V,1.0,백화점,과시즌의류,반팔다운,DH,-790000,-497700,-452455,-389111,-145761,-243350
V,1.0,백화점,과시즌의류,반팔티셔츠,RS,190000,133000,120909,91891,27007,64884
V,1.0,백화점,과시즌의류,소프트쉘,SS,1620000,1103900,1003545,736877,461350,275527
V,1.0,백화점,과시즌의류,팬츠,PT,1940000,1328410,1207636,904077,565282,338795
V,1.0,백화점,과시즌의류,후드티,HD,330000,148500,135000,116100,49739,66361
V,1.0,백화점,당시즌의류,긴팔티셔츠,RL,190000,171000,155455,119700,51671,68029
V,1.0,백화점,당시즌의류,니트가디건,KC,3120000,2843950,2585410,1900437,491109,1409328
V,1.0,백화점,당시즌의류,니트베스트,KV,490000,441000,400909,296673,120981,175692
V,1.0,백화점,당시즌의류,니트풀오버,KP,7830000,7078000,6434544,4817524,1917948,2899576
V,1.0,백화점,당시즌의류,다운베스트,DV,5030000,4527000,4115455,3015573,1107466,1908107
V,1.0,백화점,당시즌의류,다운점퍼,DJ,593630000,533396240,484905663,356291455,111433881,244857574
V,1.0,백화점,당시즌의류,맨투맨,MT,1350000,1210000,1099999,829827,292390,537437
V,1.0,백화점,당시즌의류,반바지,SP,900000,810000,736364,533864,216748,317116
V,1.0,백화점,당시즌의류,반팔다운,DH,22290000,19952000,18138180,13367106,3552175,9814931
V,1.0,백화점,당시즌의류,방풍자켓,WJ,2770000,2493000,2266365,1790592,517440,1273152
V,1.0,백화점,당시즌의류,베스트,VT,530000,477000,433636,312218,137401,174817
V,1.0,백화점,당시즌의류,스커트,SK,330000,297000,270000,197100,70170,126930
V,1.0,백화점,당시즌의류,집업티,ZT,2030000,1806000,1641820,1233357,478394,754963
V,1.0,백화점,당시즌의류,팬츠,PT,30810000,27777270,25252063,18683592,8146534,10537058
V,1.0,백화점,당시즌의류,후드티,HD,9240000,8316000,7559995,5525425,2324380,3201045
V,1.0,백화점,차시즌의류,니트가디건,KC,2970000,2673000,2430000,1787400,587070,1200330
V,1.0,백화점,차시즌의류,니트풀오버,KP,1000000,900730,818846,601855,239844,362011
V,1.0,백화점,차시즌의류,다운점퍼,DJ,169470000,153353990,139412717,102603208,35026508,67576700
V,1.0,백화점,차시즌의류,반바지,SP,700000,630000,572728,418091,141554,276537
V,1.0,백화점,차시즌의류,반팔다운,DH,90850000,81458000,74052723,54467056,14593439,39873617
V,1.0,백화점,차시즌의류,반팔티셔츠,RS,1710000,1506000,1369092,1009253,280742,728511
V,1.0,백화점,차시즌의류,방풍자켓,WJ,99530000,89774000,81612723,59941458,17765649,42175809
V,1.0,백화점,차시즌의류,스커트,SK,1400000,1260000,1145456,853364,377960,475404
V,1.0,백화점,차시즌의류,패딩,PD,25330000,22733030,20666390,15050992,3712478,11338514
V,1.0,백화점,차시즌의류,팬츠,PT,18300000,16595000,15086361,11086920,4399577,6687343
V,1.0,백화점,차시즌의류,후드티,HD,2610000,2378000,2161819,1590255,647658,942597
V,3.0,직영점(가두),Bag,토드백,TG,620000,620000,563636,563636,123209,440427
V,3.0,직영점(가두),Headwear,햇,HT,190000,190000,172727,172727,19884,152843
V,3.0,직영점(가두),Shoes,방한화,WB,1419000,1419000,1289995,1289995,375393,914602
V,3.0,직영점(가두),당시즌의류,니트풀오버,KP,15210000,15209980,13827255,13827255,4102901,9724354
V,3.0,직영점(가두),당시즌의류,다운점퍼,DJ,14580000,14580000,13254540,13254540,2738520,10516020
V,3.0,직영점(가두),당시즌의류,맨투맨,MT,780000,780000,709090,709090,156234,552856
V,3.0,직영점(가두),당시즌의류,반팔다운,DH,990000,990000,900000,900000,185963,714037
V,3.0,직영점(가두),당시즌의류,팬츠,PT,1670000,1670000,1518181,1518181,450895,1067286
V,3.0,직영점(가두),당시즌의류,후드티,HD,1740000,1740000,1581815,1581815,423735,1158080
V,3.0,직영점(가두),차시즌의류,다운점퍼,DJ,2670000,2670000,2427270,2427270,630971,1796299
V,3.0,직영점(가두),차시즌의류,반팔다운,DH,1090000,1090000,990909,990909,178724,812185
V,3.0,직영점(가두),차시즌의류,방풍자켓,WJ,2900000,2900000,2636361,2636361,564377,2071984
V,3.0,직영점(가두),차시즌의류,패딩,PD,0,0,0,0,0,0
V,3.0,직영점(가두),차시즌의류,팬츠,PT,1410000,1410000,1281816,1281816,313687,968129
V,4.0,자사몰,Acc_etc,머플러(스카프),MF,-330000,-237430,-215845,-215845,-86171,-129674
V,4.0,자사몰,Acc_etc,양말,SO,145000,94250,85681,85681,24856,60825
V,4.0,자사몰,Acc_etc,토시,ML,150000,119500,108636,108636,26576,82060
V,4.0,자사몰,Bag,백팩,BK,780000,629800,572546,572546,141264,431282
V,4.0,자사몰,Bag,크로스백,CR,870000,783900,712636,712636,147315,565321
V,4.0,자사몰,Bag,토드백,TG,3790000,3594000,3267272,3267272,636530,2630742
V,4.0,자사몰,Headwear,비니,BN,210000,191000,173636,173636,60718,112918
V,4.0,자사몰,Headwear,운동모,CP,718000,417120,379200,379200,88873,290327
V,4.0,자사몰,Headwear,햇,HT,1610000,1164020,1058199,1058199,187885,870314
V,4.0,자사몰,Shoes,방한화,WB,1184000,1043050,948225,948225,285843,662382
V,4.0,자사몰,Shoes,신발,SH,1136000,654310,594827,594827,298200,296627
V,4.0,자사몰,과시즌의류,긴팔티셔츠,RL,150000,84650,76954,76954,27536,49418
V,4.0,자사몰,과시즌의류,니트풀오버,KP,780000,546000,496365,496365,189261,307104
V,4.0,자사몰,과시즌의류,다운베스트,DV,1480000,717210,652009,652009,221220,430789
V,4.0,자사몰,과시즌의류,다운점퍼,DJ,5650000,3023700,2748818,2748818,859452,1889366
V,4.0,자사몰,과시즌의류,레깅스,LG,360000,172000,156363,156363,55952,100411
V,4.0,자사몰,과시즌의류,맨투맨,MT,500000,319500,290455,290455,126560,163895
V,4.0,자사몰,과시즌의류,반바지,SP,980000,441040,400946,400946,152616,248330
V,4.0,자사몰,과시즌의류,반팔다운,DH,1980000,1243400,1130364,1130364,355253,775111
V,4.0,자사몰,과시즌의류,반팔티셔츠,RS,870000,666000,605455,605455,177866,427589
V,4.0,자사몰,과시즌의류,방수자켓,JK,4140000,2124690,1931535,1931535,690535,1241000
V,4.0,자사몰,과시즌의류,방풍자켓,WJ,5590000,3517100,3197365,3197365,1055795,2141570
V,4.0,자사몰,과시즌의류,소프트쉘,SS,860000,533240,484763,484763,193936,290827
V,4.0,자사몰,과시즌의류,스커트,SK,390000,210600,191455,191455,48437,143018
V,4.0,자사몰,과시즌의류,집업티,ZT,280000,140000,127273,127273,42630,84643
V,4.0,자사몰,과시즌의류,트레이닝(상의),TR,240000,84400,76727,76727,29744,46983
V,4.0,자사몰,과시즌의류,팬츠,PT,5190000,2806100,2550999,2550999,1093946,1457053
V,4.0,자사몰,과시즌의류,후드티,HD,840000,377000,342727,342727,129331,213396
V,4.0,자사몰,당시즌의류,니트가디건,KC,1170000,1051000,955455,955455,180002,775453
V,4.0,자사몰,당시즌의류,니트풀오버,KP,1380000,1343000,1220908,1220908,301845,919063
V,4.0,자사몰,당시즌의류,다운점퍼,DJ,28140000,25538670,23216972,23216972,5172772,18044200
V,4.0,자사몰,당시즌의류,맨투맨,MT,0,0,0,0,0,0
V,4.0,자사몰,당시즌의류,반팔다운,DH,990000,860920,782654,782654,154763,627891
V,4.0,자사몰,당시즌의류,방풍자켓,WJ,1520000,1368000,1243636,1243636,311500,932136
V,4.0,자사몰,당시즌의류,베스트,VT,530000,530000,481818,481818,137401,344417
V,4.0,자사몰,당시즌의류,우븐셔츠,WS,0,0,0,0,0,0
V,4.0,자사몰,당시즌의류,팬츠,PT,1670000,1606680,1460618,1460618,461783,998835
V,4.0,자사몰,당시즌의류,후드티,HD,2590000,2437300,2215728,2215728,686706,1529022
V,4.0,자사몰,차시즌의류,니트가디건,KC,660000,608410,553100,553100,130460,422640
V,4.0,자사몰,차시즌의류,다운점퍼,DJ,12960000,11970690,10882448,10882448,2850716,8031732
V,4.0,자사몰,차시즌의류,반바지,SP,350000,324230,294755,294755,70777,223978
V,4.0,자사몰,차시즌의류,반팔다운,DH,8720000,8278000,7525454,7525454,1404240,6121214
V,4.0,자사몰,차시즌의류,반팔티셔츠,RS,490000,445990,405446,405446,76483,328963
V,4.0,자사몰,차시즌의류,방풍자켓,WJ,10880000,10149790,9227081,9227081,1935285,7291796
V,4.0,자사몰,차시즌의류,패딩,PD,1980000,1767000,1606364,1606364,285670,1320694
V,4.0,자사몰,차시즌의류,팬츠,PT,1580000,1524000,1385455,1385455,369754,1015701
V,4.0,자사몰,차시즌의류,후드티,HD,1450000,1445250,1313862,1313862,359810,954052
V,5.0,제휴몰,Acc_etc,머플러(스카프),MF,100000,100000,90909,90909,44382,46527
V,5.0,제휴몰,Acc_etc,양말,SO,1264000,716200,651088,651088,179556,471532
V,5.0,제휴몰,Acc_etc,장갑,AG,1690000,1434000,1303638,1303638,193476,1110162
V,5.0,제휴몰,Acc_etc,토시,ML,150000,150000,136364,136364,26576,109788
V,5.0,제휴몰,Bag,백팩,BK,640000,466000,423637,423637,126659,296978
V,5.0,제휴몰,Bag,벨트백,TA,0,0,0,0,0,0
V,5.0,제휴몰,Bag,크로스백,CR,2580000,1607000,1460909,1460909,421778,1039131
V,5.0,제휴몰,Bag,토드백,TG,7060000,6828000,6207274,6207274,1268265,4939009
V,5.0,제휴몰,Bag,힙색,HS,630000,252000,229091,229091,77809,151282
V,5.0,제휴몰,Headwear,방한모,WM,150000,150000,136364,136364,24437,111927
V,5.0,제휴몰,Headwear,비니,BN,800000,448000,407272,407272,85569,321703
V,5.0,제휴몰,Headwear,선캡,SC,1020000,686000,623636,623636,159959,463677
V,5.0,제휴몰,Headwear,운동모,CP,1548000,984400,894909,894909,221820,673089
V,5.0,제휴몰,Headwear,햇,HT,1970000,1363000,1239091,1239091,303376,935715
V,5.0,제휴몰,Shoes,뮬,MU,1611000,966600,878724,878724,354600,524124
V,5.0,제휴몰,Shoes,방한화,WB,10765000,10221100,9291916,9291916,2551365,6740551
V,5.0,제휴몰,Shoes,슬리퍼,LP,175000,175000,159091,159091,42984,116107
V,5.0,제휴몰,Shoes,신발,SH,7942000,4765200,4331998,4331998,2082700,2249298
V,5.0,제휴몰,과시즌의류,긴팔카라티셔츠,TL,230000,161000,146364,146364,33976,112388
V,5.0,제휴몰,과시즌의류,긴팔티셔츠,RL,910000,637000,579091,579091,122616,456475
V,5.0,제휴몰,과시즌의류,니트가디건,KC,700000,490000,445454,445454,144428,301026
V,5.0,제휴몰,과시즌의류,니트반팔티셔츠,KU,590000,177000,160909,160909,37546,123363
V,5.0,제휴몰,과시즌의류,니트풀오버,KP,9390000,3618000,3289089,3289089,1038666,2250423
V,5.0,제휴몰,과시즌의류,다운베스트,DV,14220000,6951000,6319088,6319088,1984993,4334095
V,5.0,제휴몰,과시즌의류,다운점퍼,DJ,35680000,18030000,16390905,16390905,5079919,11310986
V,5.0,제휴몰,과시즌의류,라운드티,RT,600000,180000,163637,163637,38182,125455
V,5.0,제휴몰,과시즌의류,레깅스,LG,720000,418000,379998,379998,123110,256888
V,5.0,제휴몰,과시즌의류,맨투맨,MT,12710000,7057000,6415462,6415462,2291927,4123535
V,5.0,제휴몰,과시즌의류,반바지,SP,5680000,2714000,2467272,2467272,834931,1632341
V,5.0,제휴몰,과시즌의류,반팔다운,DH,8800000,6586000,5987271,5987271,1399080,4588191
V,5.0,제휴몰,과시즌의류,반팔카라티셔츠,TS,4028000,2258600,2053269,2053269,734468,1318801
V,5.0,제휴몰,과시즌의류,반팔티셔츠,RS,14170000,7932000,7210920,7210920,2310286,4900634
V,5.0,제휴몰,과시즌의류,방수자켓,JK,26130000,13065000,11877259,11877259,4138363,7738896
V,5.0,제휴몰,과시즌의류,방풍자켓,WJ,105590000,51774000,47067265,47067265,14627711,32439554
V,5.0,제휴몰,과시즌의류,베스트,VT,490000,343000,311818,311818,105663,206155
V,5.0,제휴몰,과시즌의류,브라,BR,330000,165000,150000,150000,41029,108971
V,5.0,제휴몰,과시즌의류,소프트쉘,SS,5810000,3718000,3379996,3379996,1389874,1990122
V,5.0,제휴몰,과시즌의류,스커트,SK,2540000,1092000,992726,992726,305645,687081
V,5.0,제휴몰,과시즌의류,슬리브리스,SL,450000,315000,286365,286365,74778,211587
V,5.0,제휴몰,과시즌의류,우븐셔츠,WS,3210000,1416000,1287272,1287272,444030,843242
V,5.0,제휴몰,과시즌의류,원피스,OP,1810000,1204000,1094546,1094546,331284,763262
V,5.0,제휴몰,과시즌의류,집업티,ZT,3440000,1720000,1563637,1563637,514683,1048954
V,5.0,제휴몰,과시즌의류,트레이닝 숏팬츠,TB,1170000,351000,319092,319092,74456,244636
V,5.0,제휴몰,과시즌의류,트레이닝(상의),TR,4260000,1776000,1614547,1614547,526283,1088264
V,5.0,제휴몰,과시즌의류,트레이닝(하의),TP,4850000,1858000,1689096,1689096,561670,1127426
V,5.0,제휴몰,과시즌의류,패딩,PD,6140000,2505000,2277272,2277272,783001,1494271
V,5.0,제휴몰,과시즌의류,팬츠,PT,19930000,8873000,8066366,8066366,2583988,5482378
V,5.0,제휴몰,과시즌의류,후드티,HD,4390000,1775000,1613636,1613636,485151,1128485
V,5.0,제휴몰,당시즌의류,니트가디건,KC,0,0,0,0,0,0
V,5.0,제휴몰,당시즌의류,니트베스트,KV,980000,980000,890910,890910,241962,648948
V,5.0,제휴몰,당시즌의류,니트풀오버,KP,580000,580000,527272,527272,108398,418874
V,5.0,제휴몰,당시즌의류,다운베스트,DV,590000,590000,536364,536364,102742,433622
V,5.0,제휴몰,당시즌의류,다운점퍼,DJ,76310000,76310000,69372720,69372720,13859654,55513066
V,5.0,제휴몰,당시즌의류,맨투맨,MT,460000,460000,418182,418182,93280,324902
V,5.0,제휴몰,당시즌의류,반팔다운,DH,4260000,4260000,3872727,3872727,706647,3166080
V,5.0,제휴몰,당시즌의류,반팔티셔츠,RS,150000,150000,136364,136364,31667,104697
V,5.0,제휴몰,당시즌의류,방풍자켓,WJ,890000,890000,809091,809091,208827,600264
V,5.0,제휴몰,당시즌의류,베스트,VT,530000,530000,481818,481818,137401,344417
V,5.0,제휴몰,당시즌의류,팬츠,PT,4760000,4760000,4327273,4327273,1230348,3096925
V,5.0,제휴몰,당시즌의류,후드티,HD,740000,740000,672727,672727,208360,464367
V,5.0,제휴몰,차시즌의류,니트가디건,KC,330000,330000,300000,300000,65230,234770
V,5.0,제휴몰,차시즌의류,다운점퍼,DJ,5740000,5740000,5218182,5218182,1257927,3960255
V,5.0,제휴몰,차시즌의류,반팔다운,DH,10900000,10900000,9909090,9909090,1774467,8134623
V,5.0,제휴몰,차시즌의류,반팔티셔츠,RS,190000,190000,172727,172727,20581,152146
V,5.0,제휴몰,차시즌의류,방풍자켓,WJ,2570000,2570000,2336364,2336364,440363,1896001
V,5.0,제휴몰,차시즌의류,패딩,PD,990000,990000,900000,900000,142835,757165
V,5.0,제휴몰,차시즌의류,팬츠,PT,1000000,1000000,909092,909092,236192,672900
V,5.0,제휴몰,차시즌의류,후드티,HD,290000,290000,263636,263636,71962,191674
V,7.0,아울렛,Acc_etc,양말,SO,165000,82200,74726,74726,22280,52446
V,7.0,아울렛,Acc_etc,장갑,AG,0,-15000,-13637,-13637,0,-13637
V,7.0,아울렛,Bag,백팩,BK,290000,104400,94909,94909,36047,58862
V,7.0,아울렛,Bag,크로스백,CR,1870000,1241300,1128452,1128452,306671,821781
V,7.0,아울렛,Bag,토드백,TG,4320000,3410100,3100087,3100087,741747,2358340
V,7.0,아울렛,Bag,힙색,HS,190000,68400,62181,62181,23516,38665
V,7.0,아울렛,Headwear,비니,BN,860000,598800,544363,544363,175272,369091
V,7.0,아울렛,Headwear,운동모,CP,502000,184640,167854,167854,56274,111580
V,7.0,아울렛,Headwear,햇,HT,1210000,673400,612179,612179,168813,443366
V,7.0,아울렛,Shoes,뮬,MU,179000,96660,87872,87872,39400,48472
V,7.0,아울렛,Shoes,방한화,WB,898000,827700,752453,752453,203242,549211
V,7.0,아울렛,Shoes,신발,SH,7603000,2210660,2009685,2009685,1982300,27385
V,7.0,아울렛,과시즌의류,긴팔카라티셔츠,TL,460000,289800,263454,263454,67953,195501
V,7.0,아울렛,과시즌의류,긴팔티셔츠,RL,340000,214200,194727,194727,51306,143421
V,7.0,아울렛,과시즌의류,니트풀오버,KP,16570000,5610800,5100708,5100708,1571905,3528803
V,7.0,아울렛,과시즌의류,다운베스트,DV,58860000,21741000,19764535,19764535,6477867,13286668
V,7.0,아울렛,과시즌의류,다운점퍼,DJ,625610000,254856490,231687623,231687623,71852857,159834766
V,7.0,아울렛,과시즌의류,레깅스,LG,0,0,0,0,0,0
V,7.0,아울렛,과시즌의류,맨투맨,MT,8900000,4674000,4249077,4249077,1695003,2554074
V,7.0,아울렛,과시즌의류,반바지,SP,820000,298800,271636,271636,91505,180131
V,7.0,아울렛,과시즌의류,반팔다운,DH,12220000,5736600,5215089,5215089,1503961,3711128
V,7.0,아울렛,과시즌의류,반팔티셔츠,RS,2890000,1586700,1442456,1442456,438045,1004411
V,7.0,아울렛,과시즌의류,방수자켓,JK,29390000,13389200,12171992,12171992,4757407,7414585
V,7.0,아울렛,과시즌의류,방풍자켓,WJ,106590000,50418200,45834684,45834684,15855863,29978821
V,7.0,아울렛,과시즌의류,베스트,VT,490000,343000,311818,311818,105663,206155
V,7.0,아울렛,과시즌의류,소프트쉘,SS,24680000,12578590,11435066,11435066,4639963,6795103
V,7.0,아울렛,과시즌의류,스커트,SK,2080000,561600,510546,510546,151274,359272
V,7.0,아울렛,과시즌의류,우븐셔츠,WS,820000,411300,373908,373908,163151,210757
V,7.0,아울렛,과시즌의류,원피스,OP,1120000,923900,839908,839908,206371,633537
V,7.0,아울렛,과시즌의류,집업티,ZT,2350000,1071500,974090,974090,353038,621052
V,7.0,아울렛,과시즌의류,트레이닝 숏팬츠,TB,750000,202500,184091,184091,47728,136363
V,7.0,아울렛,과시즌의류,트레이닝(상의),TR,2350000,930600,845998,845998,290375,555623
V,7.0,아울렛,과시즌의류,트레이닝(하의),TP,1120000,437300,397545,397545,139748,257797
V,7.0,아울렛,과시즌의류,패딩,PD,17990000,7539700,6854270,6854270,2598095,4256175
V,7.0,아울렛,과시즌의류,팬츠,PT,10850000,5599900,5090814,5090814,2216084,2874730
V,7.0,아울렛,과시즌의류,후드티,HD,1170000,568500,516818,516818,179072,337746
V,7.0,아울렛,당시즌의류,긴팔티셔츠,RL,210000,160000,145454,145454,56858,88596
V,7.0,아울렛,당시즌의류,니트가디건,KC,390000,351000,319090,319090,60001,259089
V,7.0,아울렛,당시즌의류,니트풀오버,KP,1050000,945000,859089,859089,166319,692770
V,7.0,아울렛,당시즌의류,다운베스트,DV,-690000,-621000,-564545,-564545,-152826,-411719
V,7.0,아울렛,당시즌의류,다운점퍼,DJ,85550000,76620900,69655346,69655346,14910682,54744664
V,7.0,아울렛,당시즌의류,맨투맨,MT,1170000,1053000,957270,957270,234351,722919
V,7.0,아울렛,당시즌의류,반팔다운,DH,5250000,4824000,4385454,4385454,868135,3517319
V,7.0,아울렛,당시즌의류,방풍자켓,WJ,6540000,5995000,5449999,5449999,1174086,4275913
V,7.0,아울렛,당시즌의류,베스트,VT,1060000,1007000,915454,915454,274802,640652
V,7.0,아울렛,당시즌의류,집업티,ZT,0,-50000,-45454,-45454,0,-45454
V,7.0,아울렛,당시즌의류,팬츠,PT,680000,612000,556363,556363,185798,370565
V,7.0,아울렛,차시즌의류,다운점퍼,DJ,9000000,8189000,7444542,7444542,2085545,5358997
V,7.0,아울렛,차시즌의류,반팔다운,DH,11590000,10431000,9482726,9482726,1858601,7624125
V,7.0,아울렛,차시즌의류,방풍자켓,WJ,790000,711000,646363,646363,177243,469120
V,7.0,아울렛,차시즌의류,패딩,PD,3960000,3564000,3240000,3240000,571340,2668660
V,7.0,아울렛,차시즌의류,후드티,HD,290000,261000,237272,237272,71962,165310
V,11.0,직영몰,Acc_etc,머플러(스카프),MF,230000,207000,188182,188182,41789,146393
V,11.0,직영몰,Acc_etc,토시,ML,150000,135000,122727,122727,26576,96151
V,11.0,직영몰,Bag,백팩,BK,740000,666000,605455,605455,164773,440682
V,11.0,직영몰,Bag,크로스백,CR,360000,302000,274546,274546,48658,225888
V,11.0,직영몰,Bag,토드백,TG,5510000,4959000,4508187,4508187,1005480,3502707
V,11.0,직영몰,Headwear,운동모,CP,280000,252000,229091,229091,48487,180604
V,11.0,직영몰,Headwear,햇,HT,400000,360000,327273,327273,48492,278781
V,11.0,직영몰,Shoes,방한화,WB,1217000,1095300,995727,995727,290858,704869
V,11.0,직영몰,과시즌의류,반팔티셔츠,RS,330000,165000,150000,150000,50084,99916
V,11.0,직영몰,과시즌의류,방풍자켓,WJ,2370000,1937000,1760909,1760909,402050,1358859
V,11.0,직영몰,과시즌의류,소프트쉘,SS,430000,301000,273636,273636,121781,151855
V,11.0,직영몰,과시즌의류,트레이닝(상의),TR,280000,112000,101818,101818,34672,67146
V,11.0,직영몰,과시즌의류,팬츠,PT,0,0,0,0,0,0
V,11.0,직영몰,당시즌의류,니트가디건,KC,390000,351000,319091,319091,71102,247989
V,11.0,직영몰,당시즌의류,니트풀오버,KP,1710000,1574000,1430909,1430909,316567,1114342
V,11.0,직영몰,당시즌의류,다운점퍼,DJ,88330000,78867600,71697830,71697830,16041218,55656612
V,11.0,직영몰,당시즌의류,맨투맨,MT,390000,351000,319091,319091,78117,240974
V,11.0,직영몰,당시즌의류,반팔다운,DH,1980000,1782000,1620000,1620000,371927,1248073
V,11.0,직영몰,당시즌의류,방풍자켓,WJ,1980000,1782000,1620000,1620000,357107,1262893
V,11.0,직영몰,당시즌의류,베스트,VT,530000,477000,433636,433636,137401,296235
V,11.0,직영몰,당시즌의류,팬츠,PT,1670000,1503000,1366364,1366364,465739,900625
V,11.0,직영몰,당시즌의류,후드티,HD,1740000,1566000,1423637,1423637,432267,991370
V,11.0,직영몰,차시즌의류,니트가디건,KC,660000,594000,540000,540000,130460,409540
V,11.0,직영몰,차시즌의류,다운점퍼,DJ,43940000,39675000,36068195,36068195,7372079,28696116
V,11.0,직영몰,차시즌의류,반팔다운,DH,11990000,10791000,9809998,9809998,1968529,7841469
V,11.0,직영몰,차시즌의류,방풍자켓,WJ,21220000,19098000,17361817,17361817,3842960,13518857
V,11.0,직영몰,차시즌의류,패딩,PD,2370000,2133000,1939092,1939092,366762,1572330
V,11.0,직영몰,차시즌의류,팬츠,PT,1300000,1170000,1063637,1063637,315568,748069
V,99.0,기타,Acc_etc,다운 스카프,DC,0,0,0,0,0,0
V,99.0,기타,Acc_etc,머플러(스카프),MF,0,0,0,0,0,0
V,99.0,기타,Acc_etc,토시,ML,0,0,0,0,0,0
V,99.0,기타,Bag,가방,BG,0,0,0,0,0,0
V,99.0,기타,Headwear,비니,BN,0,0,0,0,0,0
V,99.0,기타,Headwear,운동모,CP,0,0,0,0,0,0
V,99.0,기타,Headwear,햇,HT,150000,136360,123968,123968,22697,101271
V,99.0,기타,Shoes,방한화,WB,269000,61050,55500,55500,63043,-7543
V,99.0,기타,Shoes,신발,SH,279000,152180,138348,138348,72200,66148
V,99.0,기타,과시즌의류,니트풀오버,KP,0,0,0,0,0,0
V,99.0,기타,과시즌의류,다운점퍼,DJ,1290000,703640,639670,639670,193707,445963
V,99.0,기타,과시즌의류,방풍자켓,WJ,0,0,0,0,0,0
V,99.0,기타,당시즌의류,니트가디건,KC,0,0,0,0,0,0
V,99.0,기타,당시즌의류,니트풀오버,KP,0,0,0,0,0,0
V,99.0,기타,당시즌의류,다운점퍼,DJ,1190000,289870,263516,263516,262418,1098
V,99.0,기타,당시즌의류,반팔다운,DH,1090000,201620,183293,183293,182530,763
V,99.0,기타,당시즌의류,방풍자켓,WJ,0,0,0,0,0,0
V,99.0,기타,차시즌의류,다운점퍼,DJ,0,0,0,0,0,0
V,99.0,기타,차시즌의류,반팔다운,DH,0,0,0,0,0,0
V,99.0,기타,차시즌의류,패딩,PD,0,0,0,0,0,0
W,4.0,자사몰,Acc_etc,양말,SO,119000,59060,53692,53692,15903,37789
W,4.0,자사몰,Bag,가방,BG,2465000,406600,369637,369637,746684,-377047
W,4.0,자사몰,Bag,백팩,BK,745000,233180,211982,211982,190820,21162
W,4.0,자사몰,Bag,보스톤백,BW,1512000,367500,334090,334090,444560,-110470
W,4.0,자사몰,Bag,크로스백,CR,780000,269500,244996,244996,218640,26356
W,4.0,자사몰,Bag,토드백,TG,476000,110200,100182,100182,136560,-36378
W,4.0,자사몰,Bag,힙색,HS,69000,29000,26364,26364,19770,6594
W,4.0,자사몰,Headwear,비니,BN,454000,96500,87729,87729,62960,24769
W,4.0,자사몰,Headwear,선캡,SC,49000,17100,15545,15545,9910,5635
W,4.0,자사몰,Headwear,운동모,CP,9150000,2379350,2163034,2163034,1918240,244794
W,4.0,자사몰,Headwear,햇,HT,1262000,341350,310320,310320,271200,39120
W,4.0,자사몰,Shoes,슬리퍼,LP,524000,137900,125364,125364,46155,79209
W,4.0,자사몰,Shoes,신발,SH,9243000,2267500,2061363,2061363,1402910,658453
W,4.0,자사몰,과시즌의류,긴팔티셔츠,RL,1552000,470700,427912,427912,172727,255185
W,4.0,자사몰,과시즌의류,니트베스트,KV,278000,33350,30318,30318,2528,27790
W,4.0,자사몰,과시즌의류,다운베스트,DV,0,0,0,0,0,0
W,4.0,자사몰,과시즌의류,다운점퍼,DJ,1825000,680400,618545,618545,243887,374658
W,4.0,자사몰,과시즌의류,데님셔츠,DR,129000,26100,23727,23727,15246,8481
W,4.0,자사몰,과시즌의류,레깅스,LG,79000,8100,7364,7364,719,6645
W,4.0,자사몰,과시즌의류,맨투맨,MT,16919000,3459850,3145313,3145313,1505819,1639494
W,4.0,자사몰,과시즌의류,반바지,SP,802000,206600,187817,187817,121962,65855
W,4.0,자사몰,과시즌의류,반팔카라티셔츠,TS,149000,17100,15545,15545,1355,14190
W,4.0,자사몰,과시즌의류,반팔티셔츠,RS,4756000,1643578,1509262,1509262,772745,736517
W,4.0,자사몰,과시즌의류,방풍자켓,WJ,8681000,2879600,2617819,2617819,2482334,135485
W,4.0,자사몰,과시즌의류,베스트,VT,299000,49000,44545,44545,21746,22799
W,4.0,자사몰,과시즌의류,소프트쉘,SS,955000,363400,330362,330362,127623,202739
W,4.0,자사몰,과시즌의류,스커트,SK,447000,171100,155545,155545,137030,18515
W,4.0,자사몰,과시즌의류,우븐반바지,SM,1263000,420840,382579,382579,410462,-27883
W,4.0,자사몰,과시즌의류,우븐셔츠,WS,407000,72200,65636,65636,31846,33790
W,4.0,자사몰,과시즌의류,우븐팬츠,WP,4219000,1027050,933682,933682,491984,441698
W,4.0,자사몰,과시즌의류,점퍼,JP,15263000,2846100,2587358,2587358,1320602,1266756
W,4.0,자사몰,과시즌의류,진바지,DP,636000,144300,131182,131182,75164,56018
W,4.0,자사몰,과시즌의류,탱크탑,TK,119000,19000,17273,17273,2164,15109
W,4.0,자사몰,과시즌의류,트레이닝 숏팬츠,TB,1199000,195700,177907,177907,10900,167007
W,4.0,자사몰,과시즌의류,트레이닝(상의),TR,2685000,417600,379638,379638,203410,176228
W,4.0,자사몰,과시즌의류,트레이닝(하의),TP,656000,121200,110182,110182,45174,65008
W,4.0,자사몰,과시즌의류,패딩,PD,697000,268100,243727,243727,201512,42215
W,4.0,자사몰,과시즌의류,팬츠,PT,12454000,2750200,2500182,2500182,1110542,1389640
W,4.0,자사몰,과시즌의류,폴라폴리스점퍼,FD,518000,118000,107272,107272,37673,69599
W,4.0,자사몰,과시즌의류,폴로 티셔츠,PQ,1040000,223300,202999,202999,122910,80089
W,4.0,자사몰,과시즌의류,후드티,HD,8289000,2336570,2124155,2124155,1178117,946038
W,4.0,자사몰,당시즌의류,반팔티셔츠,RS,49000,19000,17273,17273,10730,6543
W,5.0,제휴몰,Acc_etc,양말,SO,34000,18000,16364,16364,4544,11820
W,5.0,제휴몰,Bag,가방,BG,2109000,419000,380915,380915,714332,-333417
W,5.0,제휴몰,Bag,백팩,BK,2861000,1041000,946356,946356,733350,213006
W,5.0,제휴몰,Bag,크로스백,CR,307000,107000,97273,97273,89560,7713
W,5.0,제휴몰,Bag,토드백,TG,119000,29000,26364,26364,34140,-7776
W,5.0,제휴몰,Bag,힙색,HS,79000,29000,26364,26364,19800,6564
W,5.0,제휴몰,Headwear,비니,BN,212000,76000,69092,69092,33180,35912
W,5.0,제휴몰,Headwear,운동모,CP,2777000,741000,673648,673648,533626,140022
W,5.0,제휴몰,Headwear,햇,HT,1036000,226000,205458,205458,197970,7488
W,5.0,제휴몰,Shoes,방한화,WB,387000,87000,79092,79092,28146,50946
W,5.0,제휴몰,Shoes,슬리퍼,LP,503000,183000,166366,166366,96055,70311
W,5.0,제휴몰,Shoes,신발,SH,14430000,4280000,3890880,3890880,2852001,1038879
W,5.0,제휴몰,과시즌의류,긴팔티셔츠,RL,879000,259000,235458,235458,113609,121849
W,5.0,제휴몰,과시즌의류,다운점퍼,DJ,6510000,2150000,1954548,1954548,729641,1224907
W,5.0,제휴몰,과시즌의류,데님셔츠,DR,129000,29000,26364,26364,15246,11118
W,5.0,제휴몰,과시즌의류,레깅스,LG,217000,27000,24546,24546,1973,22573
W,5.0,제휴몰,과시즌의류,맨투맨,MT,7892000,1912000,1738204,1738204,791447,946757
W,5.0,제휴몰,과시즌의류,반바지,SP,1200000,300000,272731,272731,76365,196366
W,5.0,제휴몰,과시즌의류,반팔카라티셔츠,TS,149000,19000,17273,17273,1355,15918
W,5.0,제휴몰,과시즌의류,반팔티셔츠,RS,2296000,854000,776373,776373,395710,380663
W,5.0,제휴몰,과시즌의류,방풍자켓,WJ,7017000,2557000,2324539,2324539,1964238,360301
W,5.0,제휴몰,과시즌의류,소프트쉘,SS,1194000,474000,430908,430908,159562,271346
W,5.0,제휴몰,과시즌의류,스커트,SK,427000,177000,160908,160908,169350,-8442
W,5.0,제휴몰,과시즌의류,우븐반바지,SM,830000,280000,254549,254549,262900,-8351
W,5.0,제휴몰,과시즌의류,우븐팬츠,WP,2036000,616000,560000,560000,335038,224962
W,5.0,제휴몰,과시즌의류,점퍼,JP,13659000,2919000,2653629,2653629,1046074,1607555
W,5.0,제휴몰,과시즌의류,진바지,DP,0,0,0,0,0,0
W,5.0,제휴몰,과시즌의류,탱크탑,TK,416000,46000,41819,41819,7564,34255
W,5.0,제휴몰,과시즌의류,트레이닝(상의),TR,3222000,642000,583644,583644,266877,316767
W,5.0,제휴몰,과시즌의류,트레이닝(하의),TP,2166000,456000,414551,414551,154302,260249
W,5.0,제휴몰,과시즌의류,패딩,PD,1752000,712000,647272,647272,667600,-20328
W,5.0,제휴몰,과시즌의류,팬츠,PT,6018000,1558000,1416380,1416380,742543,673837
W,5.0,제휴몰,과시즌의류,폴라폴리스점퍼,FD,259000,59000,53636,53636,18837,34799
W,5.0,제휴몰,과시즌의류,후드티,HD,6980000,2130000,1936359,1936359,1433387,502972
W,5.0,제휴몰,당시즌의류,반팔티셔츠,RS,49000,19000,17273,17273,13180,4093
W,6.0,대리점,Shoes,신발,SH,0,0,0,0,0,0
W,6.0,대리점,과시즌의류,반팔티셔츠,RS,0,0,0,0,0,0
W,6.0,대리점,과시즌의류,우븐반바지,SM,0,0,0,0,0,0
W,99.0,기타,과시즌의류,다운점퍼,DJ,329000,117270,106612,106612,43967,62645
W,99.0,기타,과시즌의류,팬츠,PT,159000,35460,32232,32232,11564,20668
X,1.0,백화점,Acc_etc,기타소품류,AC,5296000,3651060,3319144,2178690,1059565,1119125
X,1.0,백화점,Acc_etc,다운 스카프,DC,12010000,8128270,7389351,4841804,2476783,2365021
X,1.0,백화점,Acc_etc,마스크,MK,661000,474430,431274,289733,155558,134175
X,1.0,백화점,Acc_etc,멀티스카프,MS,994000,550160,500158,331758,196082,135676
X,1.0,백화점,Acc_etc,양말,SO,5536100,4630290,4209290,2793227,1267538,1525689
X,1.0,백화점,Acc_etc,장갑,GL,6122000,4348060,3952832,2668355,1464638,1203717
X,1.0,백화점,Acc_etc,토시,ML,25000,10010,9093,5137,3215,1922
X,1.0,백화점,Bag,가방,BG,42925000,24053800,21867089,15060546,9947185,5113361
X,1.0,백화점,Bag,메신저백,MR,91336000,54705940,49732485,32378845,20510509,11868336
X,1.0,백화점,Bag,바디백,BZ,911000,901550,819591,536856,214812,322044
X,1.0,백화점,Bag,백팩,BK,3196875000,2742574580,2493247623,1624811011,750331983,874479028
X,1.0,백화점,Bag,보스톤백,BW,2219000,969820,881637,617604,478193,139411
X,1.0,백화점,Bag,슬링백,SG,38062000,27736050,25214534,16751997,8292408,8459589
X,1.0,백화점,Bag,크로스백,CR,67951000,42409660,38554106,25812479,14608142,11204337
X,1.0,백화점,Bag,토드백,TG,52291000,34587380,31443234,20446076,11856090,8589986
X,1.0,백화점,Bag,힙색,HS,2663000,1743450,1584954,1062142,572736,489406
X,1.0,백화점,Headwear,메시캡,MC,629000,610190,554707,386069,146442,239627
X,1.0,백화점,Headwear,방한모,WM,3663000,3198100,2907370,1916181,765208,1150973
X,1.0,백화점,Headwear,비니,BN,16152000,10498140,9543591,6441958,3147352,3294606
X,1.0,백화점,Headwear,운동모,CP,35436000,29526580,26842221,17858840,6841484,11017356
X,1.0,백화점,Headwear,햇,HT,6979000,3979940,3618051,2483905,1426659,1057246
X,1.0,백화점,Shoes,슬리퍼,LP,74867000,65822830,59838693,39509300,19391754,20117546
X,1.0,백화점,Shoes,신발,SH,968434000,712030630,647300927,424858074,207355506,217502568
X,1.0,백화점,과시즌의류,긴팔카라티셔츠,TL,3728000,2159400,1963089,1462148,528075,934073
X,1.0,백화점,과시즌의류,긴팔티셔츠,RL,6464000,3632710,3302436,2438431,1011321,1427110
X,1.0,백화점,과시즌의류,다운베스트,DV,22573000,13145370,11950327,8976107,3298959,5677148
X,1.0,백화점,과시즌의류,다운점퍼,DJ,2557759000,1277567650,1161423471,790840930,370068878,420772052
X,1.0,백화점,과시즌의류,레깅스,LG,7371000,2962200,2692919,2000794,1083143,917651
X,1.0,백화점,과시즌의류,맨투맨,MT,92230000,54239470,49308695,35508609,15269817,20238792
X,1.0,백화점,과시즌의류,반바지,SP,1177000,706200,642000,480153,208314,271839
X,1.0,백화점,과시즌의류,반팔카라티셔츠,TS,961000,596400,542179,415028,153786,261242
X,1.0,백화점,과시즌의류,반팔티셔츠,RS,35084000,24245340,22041232,16453637,6785457,9668180
X,1.0,백화점,과시즌의류,방풍자켓,WJ,186930000,92560660,84145617,60024784,30781373,29243411
X,1.0,백화점,과시즌의류,브라,BR,589000,353400,321275,237206,181024,56182
X,1.0,백화점,과시즌의류,상하의 세트,AZ,13706000,8232580,7484174,5235493,3291561,1943932
X,1.0,백화점,과시즌의류,소프트쉘,SS,112131000,52765060,47968088,34142740,16337609,17805131
X,1.0,백화점,과시즌의류,스커트,SK,3550000,1568850,1426264,1072055,518771,553284
X,1.0,백화점,과시즌의류,원피스,OP,27200000,10947500,9952357,7240292,3974892,3265400
X,1.0,백화점,과시즌의류,집업티,ZT,1260000,661630,601453,408444,193674,214770
X,1.0,백화점,과시즌의류,트레이닝 숏팬츠,TB,2853000,1997000,1815530,1343335,609748,733587
X,1.0,백화점,과시즌의류,트레이닝(상의),TR,560588000,248346220,225768925,159223693,86341140,72882553
X,1.0,백화점,과시즌의류,트레이닝(하의),TP,313791000,144606370,131460210,93974867,47822260,46152607
X,1.0,백화점,과시즌의류,패딩,PD,41437000,27717000,25197178,19292669,8282660,11010009
X,1.0,백화점,과시즌의류,팬츠,PT,94272000,45514770,41377279,29761689,13851028,15910661
X,1.0,백화점,과시즌의류,후드티,HD,51098000,27683370,25166667,18830269,8420826,10409443
X,1.0,백화점,당시즌의류,긴팔카라티셔츠,TL,2430000,1977870,1798063,1279833,398055,881778
X,1.0,백화점,당시즌의류,긴팔티셔츠,RL,11141000,8751270,7955698,5441256,2100045,3341211
X,1.0,백화점,당시즌의류,다운베스트,DV,75517000,69228410,62934977,41727272,17539238,24188034
X,1.0,백화점,당시즌의류,다운점퍼,DJ,2752238000,2291263770,2082966109,1378933482,737112273,641821209
X,1.0,백화점,당시즌의류,레깅스,LG,722000,505410,459454,296598,184003,112595
X,1.0,백화점,당시즌의류,맨투맨,MT,51036000,39818080,36198429,24187018,11974376,12212642
X,1.0,백화점,당시즌의류,반팔티셔츠,RS,177000,171230,155663,97911,37134,60777
X,1.0,백화점,당시즌의류,방풍자켓,WJ,21239000,15008780,13644334,9388891,5470937,3917954
X,1.0,백화점,당시즌의류,상하의 세트,AZ,9996000,7819600,7108737,4554714,2338669,2216045
X,1.0,백화점,당시즌의류,소프트쉘,SS,95522000,83976810,76342544,50470689,21069158,29401531
X,1.0,백화점,당시즌의류,스커트,SK,1767000,1277600,1161457,781049,380211,400838
X,1.0,백화점,당시즌의류,원피스,OP,864000,604800,549818,354919,181720,173199
X,1.0,백화점,당시즌의류,점퍼,JP,3093000,2165100,1968272,1483963,741894,742069
X,1.0,백화점,당시즌의류,집업티,ZT,10262000,7183470,6530362,4407113,2131368,2275745
X,1.0,백화점,당시즌의류,트레이닝(상의),TR,67543000,53388770,48535157,31833692,15238605,16595087
X,1.0,백화점,당시즌의류,트레이닝(하의),TP,62098000,49446880,44951518,29668872,13208193,16460679
X,1.0,백화점,당시즌의류,패딩,PD,44132000,30892110,28083993,18474461,12583058,5891403
X,1.0,백화점,당시즌의류,팬츠,PT,17517000,14824830,13477127,9148379,3874235,5274144
X,1.0,백화점,당시즌의류,후드티,HD,25466000,19478300,17707383,11683323,6324348,5358975
X,1.0,백화점,차시즌의류,긴팔티셔츠,RL,34554000,33850650,30773325,20365861,7409848,12956013
X,1.0,백화점,차시즌의류,레깅스,LG,130000,130000,118182,76818,34366,42452
X,1.0,백화점,차시즌의류,맨투맨,MT,61753000,60568080,55061884,36365487,15077499,21287988
X,1.0,백화점,차시즌의류,반바지,SP,986000,981000,891821,567719,268609,299110
X,1.0,백화점,차시즌의류,반팔카라티셔츠,TS,1055000,1008330,916661,625034,212353,412681
X,1.0,백화점,차시즌의류,반팔티셔츠,RS,55964000,54018860,49108024,32353692,12634676,19719016
X,1.0,백화점,차시즌의류,방풍자켓,WJ,205380000,199447150,181315548,119236735,48633290,70603445
X,1.0,백화점,차시즌의류,브라,BR,79000,79000,71818,55300,18561,36739
X,1.0,백화점,차시즌의류,상하의 세트,AZ,49542000,48517890,44107095,28912692,14490503,14422189
X,1.0,백화점,차시즌의류,소프트쉘,SS,3498000,3375960,3069054,2029637,689326,1340311
X,1.0,백화점,차시즌의류,스커트,SK,952000,922800,838908,545551,168572,376979
X,1.0,백화점,차시즌의류,원피스,OP,119000,109000,99091,62427,36971,25456
X,1.0,백화점,차시즌의류,트레이닝 숏팬츠,TB,3002000,2933130,2666480,1749203,765413,983790
X,1.0,백화점,차시즌의류,트레이닝(상의),TR,119472000,114756650,104324177,68765764,28084948,40680816
X,1.0,백화점,차시즌의류,트레이닝(하의),TP,111330000,107126340,97387469,64258757,24202634,40056123
X,1.0,백화점,차시즌의류,패딩,PD,221130000,214115790,194650559,127250917,55516492,71734425
X,1.0,백화점,차시즌의류,팬츠,PT,52289000,51087910,46443488,30556386,11636083,18920303
X,1.0,백화점,차시즌의류,후드티,HD,21552000,21148360,19225781,12594775,5771900,6822875
X,2.0,면세점,Acc_etc,기타소품류,AC,927000,414910,377186,226307,214397,11910
X,2.0,면세점,Acc_etc,다운 스카프,DC,1953000,1201810,1092547,655527,455842,199685
X,2.0,면세점,Acc_etc,양말,SO,12000,8400,7637,4582,2284,2298
X,2.0,면세점,Acc_etc,장갑,GL,522000,333000,302722,181634,120844,60790
X,2.0,면세점,Bag,가방,BG,636000,318000,289092,173456,145792,27664
X,2.0,면세점,Bag,메신저백,MR,119000,71400,64909,38945,23936,15009
X,2.0,면세점,Bag,바디백,BZ,99000,99000,90000,54000,22596,31404
X,2.0,면세점,Bag,백팩,BK,438349000,431509940,392281802,235368619,102950475,132418144
X,2.0,면세점,Bag,보스톤백,BW,386000,192000,174545,104727,83340,21387
X,2.0,면세점,Bag,슬링백,SG,2207000,1785700,1623365,974017,473453,500564
X,2.0,면세점,Bag,크로스백,CR,9669000,5890750,5355224,3213137,2053714,1159423
X,2.0,면세점,Bag,토드백,TG,352000,167800,152546,91527,74284,17243
X,2.0,면세점,Bag,힙색,HS,79000,47400,43090,25854,17624,8230
X,2.0,면세점,Headwear,비니,BN,1358000,1231400,1119464,671678,286636,385042
X,2.0,면세점,Headwear,운동모,CP,7865000,6665160,6059247,3635538,1505765,2129773
X,2.0,면세점,Headwear,햇,HT,65000,39000,35455,21273,14429,6844
X,2.0,면세점,Shoes,슬리퍼,LP,14851000,14803750,13457985,8074771,3931033,4143738
X,2.0,면세점,Shoes,신발,SH,127729000,111019630,100926644,60555974,27027798,33528176
X,2.0,면세점,당시즌의류,긴팔티셔츠,RL,13505000,9515530,8650477,5190264,2272663,2917601
X,2.0,면세점,당시즌의류,다운베스트,DV,5090000,4803200,4366550,2619928,1175548,1444380
X,2.0,면세점,당시즌의류,다운점퍼,DJ,721255000,612581290,556891872,334135079,205066610,129068469
X,2.0,면세점,당시즌의류,레깅스,LG,297000,207900,189000,113400,79981,33419
X,2.0,면세점,당시즌의류,맨투맨,MT,24521000,18154660,16504218,9902550,5308269,4594281
X,2.0,면세점,당시즌의류,방풍자켓,WJ,55894000,40289760,36627012,21976231,14567505,7408726
X,2.0,면세점,당시즌의류,소프트쉘,SS,53765000,42335370,38486693,23092045,11571642,11520403
X,2.0,면세점,당시즌의류,스커트,SK,913000,639100,580995,348597,179503,169094
X,2.0,면세점,당시즌의류,점퍼,JP,2634000,1843800,1676178,1005708,736863,268845
X,2.0,면세점,당시즌의류,집업티,ZT,38337000,26835640,24396033,14637612,7846522,6791090
X,2.0,면세점,당시즌의류,트레이닝(상의),TR,20524000,14518590,13198699,7919205,4667530,3251675
X,2.0,면세점,당시즌의류,트레이닝(하의),TP,17075000,12190370,11082139,6649263,3594598,3054665
X,2.0,면세점,당시즌의류,패딩,PD,24063000,16844120,15312859,9187716,6895963,2291753
X,2.0,면세점,당시즌의류,팬츠,PT,12674000,9366190,8514711,5108841,3269446,1839395
X,2.0,면세점,당시즌의류,후드티,HD,28184000,19978370,18162131,10897258,5861527,5035731
X,2.0,면세점,차시즌의류,긴팔티셔츠,RL,1653000,1653000,1502739,901638,371402,530236
X,2.0,면세점,차시즌의류,맨투맨,MT,1868000,1868000,1698179,1018906,431765,587141
X,2.0,면세점,차시즌의류,반팔티셔츠,RS,10758000,10758000,9779976,5867897,2610159,3257738
X,2.0,면세점,차시즌의류,방풍자켓,WJ,18298000,18298000,16634542,9980717,4356883,5623834
X,2.0,면세점,차시즌의류,상하의 세트,AZ,119000,119000,108182,64909,35303,29606
X,2.0,면세점,차시즌의류,트레이닝 숏팬츠,TB,474000,474000,430908,258546,120855,137691
X,2.0,면세점,차시즌의류,트레이닝(상의),TR,3137000,3137000,2851823,1711092,699463,1011629
X,2.0,면세점,차시즌의류,트레이닝(하의),TP,3025000,3025000,2750000,1649997,655250,994747
X,2.0,면세점,차시즌의류,패딩,PD,3566000,3566000,3241822,1945094,852686,1092408
X,2.0,면세점,차시즌의류,후드티,HD,465000,465000,422726,253634,127204,126430
X,3.0,직영점(가두),Acc_etc,기타소품류,AC,273000,261300,237543,237543,56386,181157
X,3.0,직영점(가두),Acc_etc,다운 스카프,DC,1065000,1065000,968175,968175,153437,814738
X,3.0,직영점(가두),Acc_etc,마스크,MK,176000,123200,111999,111999,42394,69605
X,3.0,직영점(가두),Acc_etc,멀티스카프,MS,39000,39000,35455,35455,8177,27278
X,3.0,직영점(가두),Acc_etc,양말,SO,259000,235900,214450,214450,52364,162086
X,3.0,직영점(가두),Acc_etc,장갑,GL,1223000,1233000,1120905,1120905,297881,823024
X,3.0,직영점(가두),Acc_etc,토시,ML,25000,17500,15909,15909,5164,10745
X,3.0,직영점(가두),Bag,가방,BG,594000,594000,540000,540000,125827,414173
X,3.0,직영점(가두),Bag,메신저백,MR,119000,119000,108181,108181,27438,80743
X,3.0,직영점(가두),Bag,바디백,BZ,109000,109000,99090,99090,24748,74342
X,3.0,직영점(가두),Bag,백팩,BK,21567000,21306900,19369850,19369850,5135100,14234750
X,3.0,직영점(가두),Bag,슬링백,SG,1327000,1240900,1128086,1128086,284493,843593
X,3.0,직영점(가두),Bag,크로스백,CR,3357000,2853600,2594169,2594169,750625,1843544
X,3.0,직영점(가두),Bag,토드백,TG,49000,49000,44545,44545,13234,31311
X,3.0,직영점(가두),Bag,힙색,HS,207000,165600,150545,150545,43922,106623
X,3.0,직영점(가두),Headwear,메시캡,MC,49000,49000,44545,44545,11298,33247
X,3.0,직영점(가두),Headwear,방한모,WM,1908000,1755000,1595437,1595437,393384,1202053
X,3.0,직영점(가두),Headwear,비니,BN,2939000,2642900,2402607,2402607,625033,1777574
X,3.0,직영점(가두),Headwear,운동모,CP,3678000,3510400,3191247,3191247,729700,2461547
X,3.0,직영점(가두),Headwear,햇,HT,65000,65000,59090,59090,15064,44026
X,3.0,직영점(가두),Shoes,슬리퍼,LP,686000,686000,623633,623633,171930,451703
X,3.0,직영점(가두),Shoes,신발,SH,24547000,22764900,20695255,20695255,5362690,15332565
X,3.0,직영점(가두),과시즌의류,다운점퍼,DJ,748000,448800,407999,407999,107832,300167
X,3.0,직영점(가두),당시즌의류,긴팔티셔츠,RL,138000,96600,87818,87818,28564,59254
X,3.0,직영점(가두),당시즌의류,다운베스트,DV,3271000,3261000,2964540,2964540,759098,2205442
X,3.0,직영점(가두),당시즌의류,다운점퍼,DJ,260529000,234043380,212766463,212766463,68011197,144755266
X,3.0,직영점(가두),당시즌의류,레깅스,LG,495000,346500,315000,315000,109876,205124
X,3.0,직영점(가두),당시즌의류,맨투맨,MT,1790000,1300400,1182171,1182171,400187,781984
X,3.0,직영점(가두),당시즌의류,방풍자켓,WJ,3469000,2485000,2259088,2259088,971224,1287864
X,3.0,직영점(가두),당시즌의류,상하의 세트,AZ,129000,90300,82090,82090,27623,54467
X,3.0,직영점(가두),당시즌의류,소프트쉘,SS,5876000,5084200,4621993,4621993,1282915,3339078
X,3.0,직영점(가두),당시즌의류,스커트,SK,119000,83300,75727,75727,21196,54531
X,3.0,직영점(가두),당시즌의류,점퍼,JP,2634000,1843800,1676179,1676179,736863,939316
X,3.0,직영점(가두),당시즌의류,집업티,ZT,1438000,1006600,915086,915086,295699,619387
X,3.0,직영점(가두),당시즌의류,트레이닝(상의),TR,2046000,1619700,1472451,1472451,450511,1021940
X,3.0,직영점(가두),당시즌의류,트레이닝(하의),TP,1923000,1441200,1310178,1310178,412999,897179
X,3.0,직영점(가두),당시즌의류,패딩,PD,3675000,2572500,2338632,2338632,1078049,1260583
X,3.0,직영점(가두),당시즌의류,팬츠,PT,2075000,1866500,1696812,1696812,452394,1244418
X,3.0,직영점(가두),당시즌의류,후드티,HD,1228000,939700,854271,854271,290981,563290
X,3.0,직영점(가두),차시즌의류,긴팔티셔츠,RL,3485000,3468630,3153284,3153284,714365,2438919
X,3.0,직영점(가두),차시즌의류,레깅스,LG,209000,209000,190000,190000,51884,138116
X,3.0,직영점(가두),차시즌의류,맨투맨,MT,6384000,6368370,5789415,5789415,1519859,4269556
X,3.0,직영점(가두),차시즌의류,반팔티셔츠,RS,4626000,4616000,4196349,4196349,1020143,3176206
X,3.0,직영점(가두),차시즌의류,방풍자켓,WJ,25695000,25608740,23280648,23280648,6048872,17231776
X,3.0,직영점(가두),차시즌의류,상하의 세트,AZ,318000,318000,289090,289090,93977,195113
X,3.0,직영점(가두),차시즌의류,소프트쉘,SS,954000,944000,858179,858179,187998,670181
X,3.0,직영점(가두),차시즌의류,트레이닝 숏팬츠,TB,0,0,0,0,0,0
X,3.0,직영점(가두),차시즌의류,트레이닝(상의),TR,7426000,7426000,6750886,6750886,1732068,5018818
X,3.0,직영점(가두),차시즌의류,트레이닝(하의),TP,4998000,4998000,4543609,4543609,1063259,3480350
X,3.0,직영점(가두),차시즌의류,패딩,PD,19590000,19580000,17799956,17799956,4577894,13222062
X,3.0,직영점(가두),차시즌의류,팬츠,PT,5437000,5433260,4939298,4939298,1188850,3750448
X,3.0,직영점(가두),차시즌의류,후드티,HD,1960000,1960000,1781813,1781813,480873,1300940
X,4.0,자사몰,Acc_etc,기타소품류,AC,361000,205300,186636,186636,71197,115439
X,4.0,자사몰,Acc_etc,다운 스카프,DC,826000,630720,573381,573381,138663,434718
X,4.0,자사몰,Acc_etc,마스크,MK,172000,99400,90363,90363,40705,49658
X,4.0,자사몰,Acc_etc,멀티스카프,MS,78000,69260,62964,62964,15978,46986
X,4.0,자사몰,Acc_etc,양말,SO,2717600,1973770,1794334,1794334,613088,1181246
X,4.0,자사몰,Acc_etc,장갑,GL,1016000,501760,456148,456148,232774,223374
X,4.0,자사몰,Acc_etc,토시,ML,25000,17500,15909,15909,5164,10745
X,4.0,자사몰,Bag,가방,BG,1647000,1070120,972838,972838,382121,590717
X,4.0,자사몰,Bag,메신저백,MR,2675000,2294190,2085627,2085627,636992,1448635
X,4.0,자사몰,Bag,바디백,BZ,1030000,936260,851146,851146,236494,614652
X,4.0,자사몰,Bag,백팩,BK,407160000,360831451,328063812,328063812,96395670,231668142
X,4.0,자사몰,Bag,보스톤백,BW,1574000,792920,720836,720836,331404,389432
X,4.0,자사몰,Bag,슬링백,SG,8653000,6266650,5696953,5696953,1887164,3809789
X,4.0,자사몰,Bag,크로스백,CR,6058000,4607880,4188978,4188978,1341071,2847907
X,4.0,자사몰,Bag,토드백,TG,4442000,3677460,3343141,3343141,1047915,2295226
X,4.0,자사몰,Bag,힙색,HS,710000,452400,411273,411273,154126,257147
X,4.0,자사몰,Headwear,메시캡,MC,94000,81080,73709,73709,22380,51329
X,4.0,자사몰,Headwear,방한모,WM,1087000,912310,829372,829372,225583,603789
X,4.0,자사몰,Headwear,비니,BN,1411000,1169090,1062815,1062815,295004,767811
X,4.0,자사몰,Headwear,운동모,CP,4363000,3824340,3476667,3476667,859572,2617095
X,4.0,자사몰,Headwear,햇,HT,534000,321410,292193,292193,127898,164295
X,4.0,자사몰,Shoes,슬리퍼,LP,13432000,11396749,10366985,10366985,3398441,6968544
X,4.0,자사몰,Shoes,신발,SH,200034000,159719016,145283878,145283878,42392134,102891744
X,4.0,자사몰,과시즌의류,긴팔티셔츠,RL,665000,382090,347353,347353,139533,207820
X,4.0,자사몰,과시즌의류,맨투맨,MT,267000,186520,169563,169563,45685,123878
X,4.0,자사몰,과시즌의류,반팔티셔츠,RS,49000,79430,79430,79430,11744,67686
X,4.0,자사몰,과시즌의류,방풍자켓,WJ,2656000,1637857,1510152,1510152,572546,937606
X,4.0,자사몰,과시즌의류,스윔웨어,SW,19745000,12258560,11144152,11144152,3743437,7400715
X,4.0,자사몰,과시즌의류,스윔웨어 하의,SB,12859000,8151120,7410107,7410107,2573422,4836685
X,4.0,자사몰,과시즌의류,트레이닝(상의),TR,1684000,1081730,983389,983389,352159,631230
X,4.0,자사몰,과시즌의류,트레이닝(하의),TP,2149000,1360500,1236816,1236816,422964,813852
X,4.0,자사몰,과시즌의류,패딩,PD,438000,306600,278728,278728,97089,181639
X,4.0,자사몰,과시즌의류,팬츠,PT,396000,235540,214127,214127,83936,130191
X,4.0,자사몰,과시즌의류,후드티,HD,238000,139140,126491,126491,48099,78392
X,4.0,자사몰,당시즌의류,긴팔카라티셔츠,TL,2559000,1804290,1640265,1640265,441704,1198561
X,4.0,자사몰,당시즌의류,긴팔티셔츠,RL,9078000,6284750,5713396,5713396,1657981,4055415
X,4.0,자사몰,당시즌의류,다운베스트,DV,13253000,11749470,10681337,10681337,3083840,7597497
X,4.0,자사몰,당시즌의류,다운점퍼,DJ,275841000,225799350,205272072,205272072,72768806,132503266
X,4.0,자사몰,당시즌의류,레깅스,LG,198000,132370,120336,120336,48635,71701
X,4.0,자사몰,당시즌의류,맨투맨,MT,14962000,10608790,9644376,9644376,3464369,6180007
X,4.0,자사몰,당시즌의류,반팔티셔츠,RS,118000,113400,103091,103091,24756,78335
X,4.0,자사몰,당시즌의류,방풍자켓,WJ,10916000,7773040,7066399,7066399,2889232,4177167
X,4.0,자사몰,당시즌의류,상하의 세트,AZ,1062000,917140,833763,833763,216670,617093
X,4.0,자사몰,당시즌의류,소프트쉘,SS,29761000,24307640,22097840,22097840,6526494,15571346
X,4.0,자사몰,당시즌의류,스커트,SK,854000,611040,555491,555491,193797,361694
X,4.0,자사몰,당시즌의류,원피스,OP,1013000,678680,616981,616981,212959,404022
X,4.0,자사몰,당시즌의류,점퍼,JP,1517000,1027900,934455,934455,384207,550248
X,4.0,자사몰,당시즌의류,집업티,ZT,5858000,3982970,3620882,3620882,1197730,2423152
X,4.0,자사몰,당시즌의류,트레이닝(상의),TR,21085000,16271330,14792132,14792132,4703746,10088386
X,4.0,자사몰,당시즌의류,트레이닝(하의),TP,25791000,20464740,18604317,18604317,5401830,13202487
X,4.0,자사몰,당시즌의류,패딩,PD,10595000,7188550,6535056,6535056,2891720,3643336
X,4.0,자사몰,당시즌의류,팬츠,PT,9969000,7987360,7261240,7261240,2182069,5079171
X,4.0,자사몰,당시즌의류,후드티,HD,12798000,8917900,8107176,8107176,3085474,5021702
X,4.0,자사몰,차시즌의류,긴팔티셔츠,RL,14204000,13389280,12172050,12172050,3001286,9170764
X,4.0,자사몰,차시즌의류,레깅스,LG,339000,290000,263637,263637,86252,177385
X,4.0,자사몰,차시즌의류,맨투맨,MT,12965000,12166070,11060054,11060054,3107681,7952373
X,4.0,자사몰,차시즌의류,반바지,SP,119000,114000,103636,103636,29816,73820
X,4.0,자사몰,차시즌의류,반팔티셔츠,RS,10875000,10157440,9234026,9234026,2544901,6689125
X,4.0,자사몰,차시즌의류,방풍자켓,WJ,19253000,18270900,16609907,16609907,4558710,12051197
X,4.0,자사몰,차시즌의류,브라,BR,947000,894160,812871,812871,240044,572827
X,4.0,자사몰,차시즌의류,상하의 세트,AZ,774000,739280,672072,672072,259057,413015
X,4.0,자사몰,차시즌의류,소프트쉘,SS,318000,301000,273636,273636,62666,210970
X,4.0,자사몰,차시즌의류,스커트,SK,1428000,1357690,1234265,1234265,255539,978726
X,4.0,자사몰,차시즌의류,트레이닝 숏팬츠,TB,395000,382040,347309,347309,100713,246596
X,4.0,자사몰,차시즌의류,트레이닝(상의),TR,15282000,14305950,13005420,13005420,3465978,9539442
X,4.0,자사몰,차시즌의류,트레이닝(하의),TP,18013000,17112720,15557025,15557025,3828666,11728359
X,4.0,자사몰,차시즌의류,패딩,PD,20835000,19942130,18129222,18129222,5002033,13127189
X,4.0,자사몰,차시즌의류,팬츠,PT,10444000,9843090,8948274,8948274,2275858,6672416
X,4.0,자사몰,차시즌의류,후드티,HD,9871000,9079990,8254539,8254539,2723130,5531409
X,5.0,제휴몰,Acc_etc,기타소품류,AC,3881000,2162900,1966295,1966295,809311,1156984
X,5.0,제휴몰,Acc_etc,다운 스카프,DC,44350000,39949320,36317506,36317506,7388962,28928544
X,5.0,제휴몰,Acc_etc,마스크,MK,273000,191100,173726,173726,62192,111534
X,5.0,제휴몰,Acc_etc,멀티스카프,MS,2834000,1441700,1310650,1310650,559970,750680
X,5.0,제휴몰,Acc_etc,양말,SO,5614000,3176260,2887497,2887497,1108221,1779276
X,5.0,제휴몰,Acc_etc,장갑,GL,10846000,4652600,4229632,4229632,2320182,1909450
X,5.0,제휴몰,Acc_etc,토시,ML,500000,330000,299998,299998,96688,203310
X,5.0,제휴몰,Bag,가방,BG,14041000,7437870,6761689,6761689,3223926,3537763
X,5.0,제휴몰,Bag,메신저백,MR,11755000,9336900,8488100,8488100,2713582,5774518
X,5.0,제휴몰,Bag,바디백,BZ,1842000,1842000,1674546,1674546,426784,1247762
X,5.0,제휴몰,Bag,백팩,BK,920559000,781159690,710144094,710144094,212129804,498014290
X,5.0,제휴몰,Bag,보스톤백,BW,1306000,640100,581910,581910,294627,287283
X,5.0,제휴몰,Bag,슬링백,SG,18292000,12787300,11624808,11624808,3862866,7761942
X,5.0,제휴몰,Bag,크로스백,CR,25494000,15625290,14204793,14204793,5460356,8744437
X,5.0,제휴몰,Bag,토드백,TG,50421000,29587920,26897982,26897982,11062757,15835225
X,5.0,제휴몰,Bag,힙색,HS,4464000,2464500,2240449,2240449,970886,1269563
X,5.0,제휴몰,Headwear,메시캡,MC,49000,49000,44545,44545,11298,33247
X,5.0,제휴몰,Headwear,방한모,WM,1612000,1586500,1442273,1442273,343028,1099245
X,5.0,제휴몰,Headwear,비니,BN,5428000,3072900,2793560,2793560,1090077,1703483
X,5.0,제휴몰,Headwear,운동모,CP,16606000,10055200,9141092,9141092,3262558,5878534
X,5.0,제휴몰,Headwear,햇,HT,5622000,3157290,2870274,2870274,1162615,1707659
X,5.0,제휴몰,Shoes,슬리퍼,LP,43531000,43146920,39224412,39224412,11330378,27894034
X,5.0,제휴몰,Shoes,신발,SH,416042000,327603030,297821177,297821177,88205403,209615774
X,5.0,제휴몰,과시즌의류,긴팔티셔츠,RL,8762000,5927600,5388689,5388689,1873164,3515525
X,5.0,제휴몰,과시즌의류,다운베스트,DV,955000,537200,488363,488363,137570,350793
X,5.0,제휴몰,과시즌의류,다운점퍼,DJ,466597000,242974980,220886202,220886202,67710697,153175505
X,5.0,제휴몰,과시즌의류,레깅스,LG,5476000,2941200,2673818,2673818,979819,1693999
X,5.0,제휴몰,과시즌의류,맨투맨,MT,18903000,9324300,8476660,8476660,2975423,5501237
X,5.0,제휴몰,과시즌의류,반바지,SP,2884000,1880500,1709535,1709535,651260,1058275
X,5.0,제휴몰,과시즌의류,반팔카라티셔츠,TS,1545000,836600,760546,760546,234753,525793
X,5.0,제휴몰,과시즌의류,반팔티셔츠,RS,40259000,26982100,24529054,24529054,7621592,16907462
X,5.0,제휴몰,과시즌의류,방풍자켓,WJ,54620000,28105200,25550174,25550174,10048299,15501875
X,5.0,제휴몰,과시즌의류,베스트,VT,258000,180600,164182,164182,61676,102506
X,5.0,제휴몰,과시즌의류,브라,BR,853000,511800,465269,465269,261254,204015
X,5.0,제휴몰,과시즌의류,상하의 세트,AZ,9686000,5811600,5283235,5283235,1916629,3366606
X,5.0,제휴몰,과시즌의류,소프트쉘,SS,16206000,8341800,7583425,7583425,2463334,5120091
X,5.0,제휴몰,과시즌의류,스윔웨어,SW,52050000,34037500,30943144,30943144,10420365,20522779
X,5.0,제휴몰,과시즌의류,스윔웨어 하의,SB,22362000,14692700,13356970,13356970,4756156,8600814
X,5.0,제휴몰,과시즌의류,스커트,SK,2756000,1257100,1142813,1142813,413981,728832
X,5.0,제휴몰,과시즌의류,슬리브리스,SL,315000,220500,200452,200452,69776,130676
X,5.0,제휴몰,과시즌의류,원피스,OP,4119000,2483100,2257368,2257368,744106,1513262
X,5.0,제휴몰,과시즌의류,집업티,ZT,109000,76300,69364,69364,30996,38368
X,5.0,제휴몰,과시즌의류,트레이닝 숏팬츠,TB,2920000,1631200,1482902,1482902,609014,873888
X,5.0,제휴몰,과시즌의류,트레이닝(상의),TR,54971000,27209190,24735600,24735600,9559516,15176084
X,5.0,제휴몰,과시즌의류,트레이닝(하의),TP,47476000,22095000,20086343,20086343,7624758,12461585
X,5.0,제휴몰,과시즌의류,패딩,PD,20078000,12859500,11690465,11690465,4298050,7392415
X,5.0,제휴몰,과시즌의류,팬츠,PT,13061000,6819800,6199813,6199813,2255450,3944363
X,5.0,제휴몰,과시즌의류,후드티,HD,6281000,3487400,3170375,3170375,1098218,2072157
X,5.0,제휴몰,당시즌의류,긴팔카라티셔츠,TL,1914000,1428900,1298999,1298999,337484,961515
X,5.0,제휴몰,당시즌의류,긴팔티셔츠,RL,13942000,10078300,9162066,9162066,2515178,6646888
X,5.0,제휴몰,당시즌의류,다운베스트,DV,27985000,26750200,24318367,24318367,6471383,17846984
X,5.0,제휴몰,당시즌의류,다운점퍼,DJ,1012546000,865119970,786472352,786472352,254632625,531839727
X,5.0,제휴몰,당시즌의류,레깅스,LG,685000,479500,435909,435909,159711,276198
X,5.0,제휴몰,당시즌의류,맨투맨,MT,48021000,35694640,32449747,32449747,11385080,21064667
X,5.0,제휴몰,당시즌의류,반팔티셔츠,RS,413000,413000,375452,375452,86646,288806
X,5.0,제휴몰,당시즌의류,방풍자켓,WJ,19907000,14454200,13140187,13140187,5253723,7886464
X,5.0,제휴몰,당시즌의류,상하의 세트,AZ,3414000,2794800,2540715,2540715,720437,1820278
X,5.0,제휴몰,당시즌의류,소프트쉘,SS,41737000,39370300,35791143,35791143,9229097,26562046
X,5.0,제휴몰,당시즌의류,스커트,SK,1778000,1498100,1361909,1361909,426771,935138
X,5.0,제휴몰,당시즌의류,원피스,OP,894000,625800,568908,568908,187423,381485
X,5.0,제휴몰,당시즌의류,점퍼,JP,3073000,2151100,1955548,1955548,842444,1113104
X,5.0,제휴몰,당시즌의류,집업티,ZT,7992000,5594400,5085815,5085815,1686001,3399814
X,5.0,제휴몰,당시즌의류,트레이닝(상의),TR,13586000,10544600,9585998,9585998,3054870,6531128
X,5.0,제휴몰,당시즌의류,트레이닝(하의),TP,19147000,15332500,13938636,13938636,4103642,9834994
X,5.0,제휴몰,당시즌의류,패딩,PD,18393000,12875100,11704669,11704669,5272982,6431687
X,5.0,제휴몰,당시즌의류,팬츠,PT,11391000,9657600,8779630,8779630,2576704,6202926
X,5.0,제휴몰,당시즌의류,후드티,HD,21084000,15195000,13813632,13813632,5175657,8637975
X,5.0,제휴몰,차시즌의류,긴팔티셔츠,RL,4509000,4509000,4099067,4099067,969850,3129217
X,5.0,제휴몰,차시즌의류,레깅스,LG,65000,65000,59091,59091,17183,41908
X,5.0,제휴몰,차시즌의류,맨투맨,MT,6331000,6331000,5755441,5755441,1549942,4205499
X,5.0,제휴몰,차시즌의류,반팔티셔츠,RS,3192000,3192000,2901811,2901811,792763,2109048
X,5.0,제휴몰,차시즌의류,방풍자켓,WJ,8140000,8140000,7399995,7399995,1928996,5470999
X,5.0,제휴몰,차시즌의류,브라,BR,158000,158000,143636,143636,37122,106514
X,5.0,제휴몰,차시즌의류,상하의 세트,AZ,466000,466000,423633,423633,136264,287369
X,5.0,제휴몰,차시즌의류,소프트쉘,SS,159000,159000,144545,144545,31333,113212
X,5.0,제휴몰,차시즌의류,트레이닝 숏팬츠,TB,158000,158000,143636,143636,40285,103351
X,5.0,제휴몰,차시즌의류,트레이닝(상의),TR,4523000,4523000,4111822,4111822,1027242,3084580
X,5.0,제휴몰,차시즌의류,트레이닝(하의),TP,4520000,4520000,4109096,4109096,986301,3122795
X,5.0,제휴몰,차시즌의류,패딩,PD,13728000,13728000,12480007,12480007,3518041,8961966
X,5.0,제휴몰,차시즌의류,팬츠,PT,4847000,4847000,4406368,4406368,1074093,3332275
X,5.0,제휴몰,차시즌의류,후드티,HD,2848000,2848000,2589088,2589088,781119,1807969
X,6.0,대리점,Acc_etc,기타소품류,AC,3237000,2274800,2068006,1409135,632499,776636
X,6.0,대리점,Acc_etc,다운 스카프,DC,10774000,9128910,8298986,5535594,1691297,3844297
X,6.0,대리점,Acc_etc,마스크,MK,1021000,738050,670997,458821,239028,219793
X,6.0,대리점,Acc_etc,멀티스카프,MS,2389000,1654070,1503684,997561,478139,519422
X,6.0,대리점,Acc_etc,양말,SO,18664700,15614090,14194582,9512421,3688033,5824388
X,6.0,대리점,Acc_etc,장갑,GL,9405000,8435360,7668484,5080314,2325461,2754853
X,6.0,대리점,Acc_etc,토시,ML,225000,192770,175247,114803,52927,61876
X,6.0,대리점,Bag,가방,BG,9768000,7394680,6722447,4472237,2406472,2065765
X,6.0,대리점,Bag,메신저백,MR,27775000,23552150,21411013,14121987,6541631,7580356
X,6.0,대리점,Bag,바디백,BZ,2031000,1913320,1739374,1147510,462970,684540
X,6.0,대리점,Bag,백팩,BK,1132229000,1031632710,937846646,618480374,268369314,350111060
X,6.0,대리점,Bag,보스톤백,BW,871000,405840,368910,248970,187353,61617
X,6.0,대리점,Bag,슬링백,SG,26167000,20973760,19066957,12677497,5606433,7071064
X,6.0,대리점,Bag,크로스백,CR,53746000,42240480,38400232,25637410,11893143,13744267
X,6.0,대리점,Bag,토드백,TG,21044000,16664740,15149842,9997337,4920865,5076472
X,6.0,대리점,Bag,힙색,HS,6287000,4065730,3696134,2502580,1357518,1145062
X,6.0,대리점,Headwear,메시캡,MC,1262000,1240580,1127796,731717,293100,438617
X,6.0,대리점,Headwear,방한모,WM,5785000,5169270,4699339,3119793,1208103,1911690
X,6.0,대리점,Headwear,비니,BN,19827000,16849480,15317708,10181120,4207204,5973916
X,6.0,대리점,Headwear,선캡,SC,147000,147000,133636,88645,33193,55452
X,6.0,대리점,Headwear,운동모,CP,74514000,68146000,61950904,40770897,14402309,26368588
X,6.0,대리점,Headwear,햇,HT,8571000,6199800,5636070,3798650,1781195,2017455
X,6.0,대리점,Shoes,슬리퍼,LP,55070000,51930860,47209893,30964630,13927916,17036714
X,6.0,대리점,Shoes,신발,SH,704832000,622867430,566242708,374897602,150790482,224107120
X,6.0,대리점,과시즌의류,긴팔카라티셔츠,TL,2241000,1191800,1083456,729085,320123,408962
X,6.0,대리점,과시즌의류,긴팔티셔츠,RL,6884000,4532510,4120423,2764449,1411112,1353337
X,6.0,대리점,과시즌의류,다운베스트,DV,5335000,2800700,2546087,1739801,770667,969134
X,6.0,대리점,과시즌의류,다운점퍼,DJ,279859000,145398320,132180294,90350932,40457687,49893245
X,6.0,대리점,과시즌의류,레깅스,LG,1086000,469810,427089,286639,172656,113983
X,6.0,대리점,과시즌의류,맨투맨,MT,49281000,33299610,30272320,20441376,9480281,10961095
X,6.0,대리점,과시즌의류,반팔티셔츠,RS,57377000,39537730,35943219,24125897,10998947,13126950
X,6.0,대리점,과시즌의류,방풍자켓,WJ,157093000,93686240,85169218,57668644,31906528,25762116
X,6.0,대리점,과시즌의류,브라,BR,422000,253200,230186,149619,127429,22190
X,6.0,대리점,과시즌의류,상하의 세트,AZ,1246000,783200,711994,477034,300650,176384
X,6.0,대리점,과시즌의류,소프트쉘,SS,54636000,26998930,24544410,17185819,7938237,9247582
X,6.0,대리점,과시즌의류,스윔웨어 하의,SB,69000,48300,43909,30736,13089,17647
X,6.0,대리점,과시즌의류,스커트,SK,1535000,748600,680538,455958,237225,218733
X,6.0,대리점,과시즌의류,원피스,OP,3975000,1590000,1445450,992740,576948,415792
X,6.0,대리점,과시즌의류,집업티,ZT,295000,147500,134090,89840,42666,47174
X,6.0,대리점,과시즌의류,트레이닝(상의),TR,95370000,49859760,45326693,30781367,16892264,13889103
X,6.0,대리점,과시즌의류,트레이닝(하의),TP,93900000,50852580,46229526,31175607,16285384,14890223
X,6.0,대리점,과시즌의류,패딩,PD,95729000,62826330,57114845,38432156,19425396,19006760
X,6.0,대리점,과시즌의류,팬츠,PT,32651000,17901360,16273808,11156658,5535677,5620981
X,6.0,대리점,과시즌의류,후드티,HD,20705000,12305190,11186528,7560188,3874341,3685847
X,6.0,대리점,당시즌의류,긴팔카라티셔츠,TL,6018000,5226560,4751442,3184223,1004867,2179356
X,6.0,대리점,당시즌의류,긴팔티셔츠,RL,19875000,14337720,13034251,8930436,3826497,5103939
X,6.0,대리점,당시즌의류,다운베스트,DV,151028000,133095990,120996306,80604211,35123883,45480328
X,6.0,대리점,당시즌의류,다운점퍼,DJ,2828469000,2352472860,2138611525,1430947169,736709350,694237819
X,6.0,대리점,당시즌의류,레깅스,LG,4521000,3164710,2877000,1975680,1083650,892030
X,6.0,대리점,당시즌의류,맨투맨,MT,119675000,93828360,85298508,57496816,27384024,30112792
X,6.0,대리점,당시즌의류,반팔티셔츠,RS,531000,521000,473635,294900,111402,183498
X,6.0,대리점,당시즌의류,방풍자켓,WJ,96431000,61300050,55727324,40442856,23018014,17424842
X,6.0,대리점,당시즌의류,상하의 세트,AZ,4625000,4131050,3755480,2533063,910043,1623020
X,6.0,대리점,당시즌의류,소프트쉘,SS,153210000,130144050,118312652,79345896,33766863,45579033
X,6.0,대리점,당시즌의류,스커트,SK,3534000,2536000,2305455,1584945,747264,837681
X,6.0,대리점,당시즌의류,원피스,OP,1341000,938690,853366,578393,281134,297259
X,6.0,대리점,당시즌의류,점퍼,JP,77199000,54050030,49136385,33583394,18773298,14810096
X,6.0,대리점,당시즌의류,집업티,ZT,34727000,24310650,22100598,15216902,6992794,8224108
X,6.0,대리점,당시즌의류,트레이닝(상의),TR,88180000,69431380,63119437,42694308,19211555,23482753
X,6.0,대리점,당시즌의류,트레이닝(하의),TP,107723000,88465130,80422874,54165878,22320669,31845209
X,6.0,대리점,당시즌의류,패딩,PD,79110000,55120580,50109633,34156271,21406775,12749496
X,6.0,대리점,당시즌의류,팬츠,PT,89517000,75229310,68390387,45790830,19000157,26790673
X,6.0,대리점,당시즌의류,후드티,HD,72326000,54569170,49608268,33573183,17235940,16337243
X,6.0,대리점,차시즌의류,긴팔티셔츠,RL,72908000,70653890,64230839,42196041,15350272,26845769
X,6.0,대리점,차시즌의류,레깅스,LG,1240000,1202970,1093606,715036,310965,404071
X,6.0,대리점,차시즌의류,맨투맨,MT,145416000,141578110,128707265,84399646,34828227,49571419
X,6.0,대리점,차시즌의류,반바지,SP,197000,197000,179090,118736,53938,64798
X,6.0,대리점,차시즌의류,반팔카라티셔츠,TS,1903000,1851980,1683630,1089439,384692,704747
X,6.0,대리점,차시즌의류,반팔티셔츠,RS,116152000,113080020,102799910,67199041,26571821,40627220
X,6.0,대리점,차시즌의류,방풍자켓,WJ,594121000,481231470,437483093,299821006,142418308,157402698
X,6.0,대리점,차시즌의류,브라,BR,1282000,1178390,1071276,704709,333920,370789
X,6.0,대리점,차시즌의류,상하의 세트,AZ,39985000,38604900,35095352,23206688,11732973,11473715
X,6.0,대리점,차시즌의류,소프트쉘,SS,9858000,9730550,8845944,5781421,1942646,3838775
X,6.0,대리점,차시즌의류,스커트,SK,1666000,1609670,1463341,956861,290610,666251
X,6.0,대리점,차시즌의류,원피스,OP,238000,238000,216364,141718,73942,67776
X,6.0,대리점,차시즌의류,트레이닝 숏팬츠,TB,7110000,6794810,6177119,4085317,1812817,2272500
X,6.0,대리점,차시즌의류,트레이닝(상의),TR,209361000,201595520,183268530,120686807,48809696,71877111
X,6.0,대리점,차시즌의류,트레이닝(하의),TP,227051000,218630660,198755068,130977060,48977984,81999076
X,6.0,대리점,차시즌의류,패딩,PD,232182000,223724420,203385746,134125775,54922529,79203246
X,6.0,대리점,차시즌의류,팬츠,PT,100124000,96757230,87961121,57885865,22061840,35824025
X,6.0,대리점,차시즌의류,후드티,HD,53167000,51551960,46865433,30810574,13743462,17067112
X,7.0,아울렛,Acc_etc,기타소품류,AC,741000,312000,283638,283638,142492,141146
X,7.0,아울렛,Acc_etc,다운 스카프,DC,1901000,1007500,915914,915914,448419,467495
X,7.0,아울렛,Acc_etc,멀티스카프,MS,226000,77600,70545,70545,43581,26964
X,7.0,아울렛,Acc_etc,양말,SO,1555800,929930,845364,845364,307780,537584
X,7.0,아울렛,Acc_etc,장갑,GL,1118000,479500,435909,435909,234457,201452
X,7.0,아울렛,Acc_etc,짐백,GY,-169000,-50700,-46091,-46091,-35377,-10714
X,7.0,아울렛,Acc_etc,토시,ML,35000,10500,9545,9545,4209,5336
X,7.0,아울렛,Bag,가방,BG,2542000,1348720,1226113,1226113,585247,640866
X,7.0,아울렛,Bag,메신저백,MR,48780000,25353520,23048676,23048676,10645509,12403167
X,7.0,아울렛,Bag,백팩,BK,1256044000,1087113590,988283544,988283544,296278498,692005046
X,7.0,아울렛,Bag,보스톤백,BW,2842000,1360500,1236817,1236817,639960,596857
X,7.0,아울렛,Bag,슬링백,SG,13389000,7871610,7156010,7156010,2973463,4182547
X,7.0,아울렛,Bag,크로스백,CR,12442000,7197640,6543300,6543300,2662457,3880843
X,7.0,아울렛,Bag,토드백,TG,28405000,17338040,15761806,15761806,6211180,9550626
X,7.0,아울렛,Bag,힙색,HS,9092000,3995760,3632505,3632505,1936364,1696141
X,7.0,아울렛,Headwear,비니,BN,6964000,2734800,2486187,2486187,1353382,1132805
X,7.0,아울렛,Headwear,운동모,CP,21768000,12940180,11763703,11763703,4349981,7413722
X,7.0,아울렛,Headwear,햇,HT,9620000,5185300,4713939,4713939,2004196,2709743
X,7.0,아울렛,Shoes,슬리퍼,LP,23100000,19466090,17696432,17696432,5755625,11940807
X,7.0,아울렛,Shoes,신발,SH,384992000,287784180,261622037,261622037,81228724,180393313
X,7.0,아울렛,과시즌의류,긴팔카라티셔츠,TL,6934000,2854500,2595011,2595011,736525,1858486
X,7.0,아울렛,과시즌의류,긴팔티셔츠,RL,31485000,18545500,16859475,16859475,5977563,10881912
X,7.0,아울렛,과시즌의류,니트,KT,1592000,477600,434184,434184,136999,297185
X,7.0,아울렛,과시즌의류,다운베스트,DV,7257000,4053700,3685178,3685178,1034314,2650864
X,7.0,아울렛,과시즌의류,다운점퍼,DJ,1051933000,528115870,480105170,480105170,145111721,334993449
X,7.0,아울렛,과시즌의류,레깅스,LG,494000,215300,195726,195726,75240,120486
X,7.0,아울렛,과시즌의류,맨투맨,MT,323612000,208640000,189672264,189672264,60783914,128888350
X,7.0,아울렛,과시즌의류,반팔티셔츠,RS,255854000,170379450,154890147,154890147,48735463,106154684
X,7.0,아울렛,과시즌의류,방풍자켓,WJ,989074000,577434800,524940552,524940552,192558047,332382505
X,7.0,아울렛,과시즌의류,브라,BR,334000,200400,182182,182182,101028,81154
X,7.0,아울렛,과시즌의류,상하의 세트,AZ,534000,329300,299361,299361,128222,171139
X,7.0,아울렛,과시즌의류,소프트쉘,SS,125234000,62090410,56445853,56445853,17874507,38571346
X,7.0,아울렛,과시즌의류,스커트,SK,1912000,921200,837450,837450,294619,542831
X,7.0,아울렛,과시즌의류,원피스,OP,10563000,4225200,3841079,3841079,1534006,2307073
X,7.0,아울렛,과시즌의류,집업티,ZT,295000,147500,134090,134090,42666,91424
X,7.0,아울렛,과시즌의류,트레이닝 숏팬츠,TB,-69000,-41400,-37636,-37636,-16531,-21105
X,7.0,아울렛,과시즌의류,트레이닝(상의),TR,489651000,248096420,225541858,225541858,86486246,139055612
X,7.0,아울렛,과시즌의류,트레이닝(하의),TP,417801000,233912540,212647852,212647852,74454754,138193098
X,7.0,아울렛,과시즌의류,패딩,PD,421209000,273596490,248724033,248724033,82850958,165873075
X,7.0,아울렛,과시즌의류,팬츠,PT,228905000,106650780,96955180,96955180,34975183,61979997
X,7.0,아울렛,과시즌의류,후드티,HD,135015000,81491200,74082903,74082903,27256034,46826869
X,7.0,아울렛,당시즌의류,긴팔카라티셔츠,TL,5823000,4076100,3705541,3705541,1007130,2698411
X,7.0,아울렛,당시즌의류,긴팔티셔츠,RL,13602000,9564140,8694663,8694663,2590825,6103838
X,7.0,아울렛,당시즌의류,다운베스트,DV,65475000,56665590,51514201,51514201,15082369,36431832
X,7.0,아울렛,당시즌의류,다운점퍼,DJ,2035442000,1649879740,1499890260,1499890260,527046545,972843715
X,7.0,아울렛,당시즌의류,레깅스,LG,99000,69300,63000,63000,26660,36340
X,7.0,아울렛,당시즌의류,맨투맨,MT,45947000,32776260,29796699,29796699,10135253,19661446
X,7.0,아울렛,당시즌의류,반팔티셔츠,RS,59000,59000,53636,53636,12378,41258
X,7.0,아울렛,당시즌의류,방풍자켓,WJ,43371000,30528800,27753452,27753452,11877211,15876241
X,7.0,아울렛,당시즌의류,상하의 세트,AZ,2620000,1913400,1739457,1739457,582483,1156974
X,7.0,아울렛,당시즌의류,소프트쉘,SS,94235000,75137410,68306703,68306703,20195384,48111319
X,7.0,아울렛,당시즌의류,스커트,SK,1974000,1381800,1256180,1256180,360940,895240
X,7.0,아울렛,당시즌의류,원피스,OP,596000,417200,379272,379272,124948,254324
X,7.0,아울렛,당시즌의류,점퍼,JP,27479000,19235300,17486633,17486633,6802753,10683880
X,7.0,아울렛,당시즌의류,집업티,ZT,18596000,13017200,11833810,11833810,3757783,8076027
X,7.0,아울렛,당시즌의류,트레이닝(상의),TR,44943000,31619760,28745221,28745221,10528626,18216595
X,7.0,아울렛,당시즌의류,트레이닝(하의),TP,35122000,24768320,22516664,22516664,7824770,14691894
X,7.0,아울렛,당시즌의류,패딩,PD,21278000,14894600,13540572,13540572,5498822,8041750
X,7.0,아울렛,당시즌의류,팬츠,PT,19615000,13798350,12543930,12543930,4070188,8473742
X,7.0,아울렛,당시즌의류,후드티,HD,19116000,13419870,12199874,12199874,4241145,7958729
X,7.0,아울렛,차시즌의류,긴팔티셔츠,RL,1182000,1112530,1011387,1011387,251019,760368
X,7.0,아울렛,차시즌의류,맨투맨,MT,2864000,2758670,2507880,2507880,709513,1798367
X,7.0,아울렛,차시즌의류,반바지,SP,79000,79000,71818,71818,21358,50460
X,7.0,아울렛,차시즌의류,반팔티셔츠,RS,2938000,2840600,2582361,2582361,644017,1938344
X,7.0,아울렛,차시즌의류,방풍자켓,WJ,17632000,16848580,15316881,15316881,4143029,11173852
X,7.0,아울렛,차시즌의류,상하의 세트,AZ,6855000,6749600,6135985,6135985,2001263,4134722
X,7.0,아울렛,차시즌의류,소프트쉘,SS,3498000,3382300,3074816,3074816,689327,2385489
X,7.0,아울렛,차시즌의류,스커트,SK,119000,111010,100918,100918,20594,80324
X,7.0,아울렛,차시즌의류,트레이닝 숏팬츠,TB,79000,79000,71818,71818,20142,51676
X,7.0,아울렛,차시즌의류,트레이닝(상의),TR,10650000,10215550,9286865,9286865,2566452,6720413
X,7.0,아울렛,차시즌의류,트레이닝(하의),TP,10075000,9625080,8750070,8750070,2269370,6480700
X,7.0,아울렛,차시즌의류,패딩,PD,40242000,39670200,36063839,36063839,9590485,26473354
X,7.0,아울렛,차시즌의류,팬츠,PT,6408000,6107940,5552678,5552678,1418586,4134092
X,7.0,아울렛,차시즌의류,후드티,HD,652000,627170,570153,570153,180294,389859
X,8.0,사입,Shoes,신발,SH,359581000,169004060,153640055,153640055,72963888,80676167
X,8.0,사입,과시즌의류,긴팔카라티셔츠,TL,15958000,2074460,1885872,1885872,2283900,-398028
X,8.0,사입,과시즌의류,맨투맨,MT,367139000,47727870,43388992,43388992,50692263,-7303271
X,8.0,사입,과시즌의류,방풍자켓,WJ,3651189000,474653770,431503415,431503415,504084283,-72580868
X,8.0,사입,과시즌의류,브라,BR,88935000,11561430,10510388,10510388,12962903,-2452515
X,8.0,사입,과시즌의류,트레이닝 숏팬츠,TB,401166000,52153520,47412283,47412283,53241854,-5829571
X,8.0,사입,과시즌의류,트레이닝(상의),TR,1298863000,168850560,153500472,153500472,175284941,-21784469
X,8.0,사입,과시즌의류,트레이닝(하의),TP,1091399000,141882160,128983772,128983772,149063170,-20079398
X,8.0,사입,과시즌의류,패딩,PD,374977000,48746200,44314746,44314746,51277199,-6962453
X,8.0,사입,과시즌의류,팬츠,PT,287079000,37319800,33927064,33927064,39011605,-5084541
X,8.0,사입,과시즌의류,후드티,HD,298661000,38825970,35296326,35296326,41657033,-6360707
X,11.0,직영몰,Acc_etc,기타소품류,AC,84000,58800,53454,53454,16926,36528
X,11.0,직영몰,Acc_etc,다운 스카프,DC,427000,407460,370416,370416,65145,305271
X,11.0,직영몰,Acc_etc,양말,SO,431000,378790,344355,344355,85475,258880
X,11.0,직영몰,Acc_etc,장갑,GL,286000,274470,249518,249518,69927,179591
X,11.0,직영몰,Acc_etc,토시,ML,50000,35000,31818,31818,8268,23550
X,11.0,직영몰,Bag,가방,BG,442000,442000,401815,401815,132886,268929
X,11.0,직영몰,Bag,메신저백,MR,3210000,3020350,2745774,2745774,763314,1982460
X,11.0,직영몰,Bag,백팩,BK,203070000,190964650,173603936,173603936,48267947,125335989
X,11.0,직영몰,Bag,슬링백,SG,2991000,2651580,2410529,2410529,637256,1773273
X,11.0,직영몰,Bag,크로스백,CR,3234000,2628390,2389441,2389441,710820,1678621
X,11.0,직영몰,Bag,토드백,TG,3424000,3254820,2958925,2958925,831101,2127824
X,11.0,직영몰,Bag,힙색,HS,69000,69000,62727,62727,14203,48524
X,11.0,직영몰,Headwear,메시캡,MC,196000,196000,178180,178180,45192,132988
X,11.0,직영몰,Headwear,방한모,WM,274000,261900,238091,238091,56898,181193
X,11.0,직영몰,Headwear,비니,BN,873000,813550,739595,739595,184619,554976
X,11.0,직영몰,Headwear,운동모,CP,5971000,5810870,5282598,5282598,1125928,4156670
X,11.0,직영몰,Headwear,햇,HT,603000,508400,462183,462183,125794,336389
X,11.0,직영몰,Shoes,슬리퍼,LP,5458000,5318890,4835373,4835373,1453705,3381668
X,11.0,직영몰,Shoes,신발,SH,81523000,76359840,69418086,69418086,17254027,52164059
X,11.0,직영몰,과시즌의류,다운점퍼,DJ,15578000,8717000,7924544,7924544,2259821,5664723
X,11.0,직영몰,과시즌의류,맨투맨,MT,465000,234500,213183,213183,75538,137645
X,11.0,직영몰,과시즌의류,방풍자켓,WJ,1215000,762900,693545,693545,234343,459202
X,11.0,직영몰,과시즌의류,브라,BR,59000,35400,32182,32182,18024,14158
X,11.0,직영몰,과시즌의류,소프트쉘,SS,5549000,2699100,2453732,2453732,807075,1646657
X,11.0,직영몰,과시즌의류,트레이닝(상의),TR,1988000,898400,816730,816730,343947,472783
X,11.0,직영몰,과시즌의류,트레이닝(하의),TP,466000,279600,254182,254182,96231,157951
X,11.0,직영몰,과시즌의류,패딩,PD,438000,284700,258819,258819,92355,166464
X,11.0,직영몰,과시즌의류,팬츠,PT,576000,345600,314183,314183,96612,217571
X,11.0,직영몰,당시즌의류,긴팔카라티셔츠,TL,764000,562020,510927,510927,138493,372434
X,11.0,직영몰,당시즌의류,긴팔티셔츠,RL,197000,117200,106545,106545,32102,74443
X,11.0,직영몰,당시즌의류,다운베스트,DV,11535000,10676210,9705654,9705654,2696178,7009476
X,11.0,직영몰,당시즌의류,다운점퍼,DJ,263201000,224897170,204451940,204451940,67738650,136713290
X,11.0,직영몰,당시즌의류,맨투맨,MT,3489000,2603570,2366889,2366889,812947,1553942
X,11.0,직영몰,당시즌의류,방풍자켓,WJ,976000,626500,569547,569547,243774,325773
X,11.0,직영몰,당시즌의류,소프트쉘,SS,13264000,11715450,10650400,10650400,2915338,7735062
X,11.0,직영몰,당시즌의류,스커트,SK,119000,83300,75727,75727,21196,54531
X,11.0,직영몰,당시즌의류,원피스,OP,149000,104300,94818,94818,31237,63581
X,11.0,직영몰,당시즌의류,점퍼,JP,4151000,2905700,2641546,2641546,1035894,1605652
X,11.0,직영몰,당시즌의류,집업티,ZT,2112000,1478400,1343999,1343999,442093,901906
X,11.0,직영몰,당시즌의류,트레이닝(상의),TR,3388000,2471990,2247266,2247266,743742,1503524
X,11.0,직영몰,당시즌의류,트레이닝(하의),TP,4154000,3183860,2894417,2894417,868519,2025898
X,11.0,직영몰,당시즌의류,패딩,PD,3556000,2489200,2262915,2262915,987995,1274920
X,11.0,직영몰,당시즌의류,팬츠,PT,3735000,3279800,2981639,2981639,867220,2114419
X,11.0,직영몰,당시즌의류,후드티,HD,2459000,1800400,1636728,1636728,550129,1086599
X,11.0,직영몰,차시즌의류,긴팔티셔츠,RL,5423000,5395120,4904628,4904628,1137200,3767428
X,11.0,직영몰,차시즌의류,맨투맨,MT,10338000,10259620,9326918,9326918,2476302,6850616
X,11.0,직영몰,차시즌의류,반팔카라티셔츠,TS,138000,138000,125454,125454,28922,96532
X,11.0,직영몰,차시즌의류,반팔티셔츠,RS,9888000,9824880,8931681,8931681,2199609,6732072
X,11.0,직영몰,차시즌의류,방풍자켓,WJ,49141000,48664670,44240596,44240596,11628232,32612364
X,11.0,직영몰,차시즌의류,상하의 세트,AZ,2215000,2205000,2004542,2004542,646987,1357555
X,11.0,직영몰,차시즌의류,소프트쉘,SS,636000,624560,567780,567780,125332,442448
X,11.0,직영몰,차시즌의류,스커트,SK,357000,357000,324546,324546,62547,261999
X,11.0,직영몰,차시즌의류,트레이닝 숏팬츠,TB,316000,316000,287272,287272,80569,206703
X,11.0,직영몰,차시즌의류,트레이닝(상의),TR,15184000,15028130,13661946,13661946,3537282,10124664
X,11.0,직영몰,차시즌의류,트레이닝(하의),TP,17489000,17291750,15719793,15719793,3759014,11960779
X,11.0,직영몰,차시즌의류,패딩,PD,23005000,22728960,20662716,20662716,5250919,15411797
X,11.0,직영몰,차시즌의류,팬츠,PT,9019000,8866640,8060599,8060599,1999937,6060662
X,11.0,직영몰,차시즌의류,후드티,HD,2998000,2956240,2687491,2687491,792967,1894524
X,12.0,아울렛,Acc_etc,기타소품류,AC,312000,124800,113456,113456,53148,60308
X,12.0,아울렛,Acc_etc,다운 스카프,DC,69000,41400,37636,37636,16287,21349
X,12.0,아울렛,Acc_etc,양말,SO,279000,145800,132554,132554,55553,77001
X,12.0,아울렛,Bag,메신저백,MR,1121000,561500,510453,510453,244485,265968
X,12.0,아울렛,Bag,백팩,BK,6425000,3269900,2972639,2972639,1257345,1715294
X,12.0,아울렛,Bag,보스톤백,BW,198000,79200,72000,72000,41344,30656
X,12.0,아울렛,Bag,슬링백,SG,445000,222500,202275,202275,99530,102745
X,12.0,아울렛,Bag,크로스백,CR,1524000,769900,699910,699910,325550,374360
X,12.0,아울렛,Bag,토드백,TG,2334000,1207700,1097910,1097910,421132,676778
X,12.0,아울렛,Bag,힙색,HS,178000,87000,79091,79091,38622,40469
X,12.0,아울렛,Headwear,비니,BN,270000,67500,61365,61365,46576,14789
X,12.0,아울렛,Headwear,운동모,CP,292000,121700,110636,110636,54234,56402
X,12.0,아울렛,Headwear,햇,HT,686000,325800,296182,296182,136223,159959
X,12.0,아울렛,Shoes,슬리퍼,LP,352000,246400,223998,223998,79767,144231
X,12.0,아울렛,Shoes,신발,SH,10420000,4167500,3788649,3788649,2207862,1580787
X,12.0,아울렛,과시즌의류,긴팔카라티셔츠,TL,516000,154800,140728,140728,41743,98985
X,12.0,아울렛,과시즌의류,긴팔티셔츠,RL,16587000,6858000,6234583,6234583,2323278,3911305
X,12.0,아울렛,과시즌의류,니트,KT,796000,238800,217092,217092,68499,148593
X,12.0,아울렛,과시즌의류,다운베스트,DV,2068000,717700,652450,652450,171317,481133
X,12.0,아울렛,과시즌의류,다운점퍼,DJ,84661000,28087000,25533628,25533628,7707025,17826603
X,12.0,아울렛,과시즌의류,맨투맨,MT,36311000,14942600,13584186,13584186,5061644,8522542
X,12.0,아울렛,과시즌의류,반팔티셔츠,RS,16316000,11121700,10110619,10110619,3166918,6943701
X,12.0,아울렛,과시즌의류,방풍자켓,WJ,81720000,29564600,26876860,26876860,10447116,16429744
X,12.0,아울렛,과시즌의류,상하의 세트,AZ,1335000,827700,752448,752448,320559,431889
X,12.0,아울렛,과시즌의류,소프트쉘,SS,795000,254400,231274,231274,76000,155274
X,12.0,아울렛,과시즌의류,트레이닝(상의),TR,87325000,27382200,24892978,24892978,11172214,13720764
X,12.0,아울렛,과시즌의류,트레이닝(하의),TP,56290000,19533200,17757392,17757392,7909051,9848341
X,12.0,아울렛,과시즌의류,패딩,PD,29007000,12022100,10929200,10929200,4216815,6712385
X,12.0,아울렛,과시즌의류,팬츠,PT,38199000,11331600,10301470,10301470,4083886,6217584
X,12.0,아울렛,과시즌의류,후드티,HD,17700000,7237800,6579805,6579805,2554646,4025159
X,99.0,기타,Acc_etc,기타소품류,AC,117000,49760,45240,45240,22060,23180
X,99.0,기타,Acc_etc,다운 스카프,DC,143000,23820,21655,21655,20659,996
X,99.0,기타,Acc_etc,양말,SO,46000,13950,12676,12676,9399,3277
X,99.0,기타,Acc_etc,장갑,GL,414000,125530,114120,114120,102758,11362
X,99.0,기타,Bag,백팩,BK,2574000,1294560,1176866,1176866,490521,686345
X,99.0,기타,Bag,슬링백,SG,-10000,-22530,-20480,-20480,-3003,-17477
X,99.0,기타,Bag,크로스백,CR,365000,178160,161964,161964,83555,78409
X,99.0,기타,Bag,토드백,TG,89000,25630,23302,23302,19540,3762
X,99.0,기타,Bag,힙색,HS,99000,28510,25920,25920,20998,4922
X,99.0,기타,Headwear,방한모,WM,85000,20220,18383,18383,16484,1899
X,99.0,기타,Headwear,비니,BN,90000,19440,17673,17673,17072,601
X,99.0,기타,Headwear,운동모,CP,297000,113800,103446,103446,53879,49567
X,99.0,기타,Headwear,햇,HT,465000,159610,145102,145102,94841,50261
X,99.0,기타,Shoes,슬리퍼,LP,158000,24590,22357,22357,29158,-6801
X,99.0,기타,Shoes,신발,SH,9915000,2939330,2672098,2672098,2141994,530104
X,99.0,기타,과시즌의류,다운점퍼,DJ,6908000,2125850,1932564,1932564,1002730,929834
X,99.0,기타,과시즌의류,레깅스,LG,158000,54990,49997,49997,23039,26958
X,99.0,기타,과시즌의류,맨투맨,MT,69000,17330,15756,15756,13904,1852
X,99.0,기타,과시즌의류,반팔티셔츠,RS,108000,53620,48740,48740,18977,29763
X,99.0,기타,과시즌의류,방풍자켓,WJ,757000,300800,273453,273453,110249,163204
X,99.0,기타,과시즌의류,소프트쉘,SS,348000,136920,124472,124472,50555,73917
X,99.0,기타,과시즌의류,스커트,SK,79000,38870,35335,35335,14857,20478
X,99.0,기타,과시즌의류,트레이닝(상의),TR,1298000,573630,521479,521479,227976,293503
X,99.0,기타,과시즌의류,트레이닝(하의),TP,406000,160530,145935,145935,66556,79379
X,99.0,기타,과시즌의류,팬츠,PT,3051000,736240,669303,669303,443415,225888
X,99.0,기타,과시즌의류,후드티,HD,475000,286640,260575,260575,89772,170803
X,99.0,기타,당시즌의류,긴팔티셔츠,RL,79000,50270,45703,45703,12237,33466
X,99.0,기타,당시즌의류,다운베스트,DV,1292000,593960,539959,539959,292960,246999
X,99.0,기타,당시즌의류,다운점퍼,DJ,107246000,32609060,29644577,29644577,24800461,4844116
X,99.0,기타,당시즌의류,맨투맨,MT,731000,252060,229150,229150,165686,63464
X,99.0,기타,당시즌의류,반팔티셔츠,RS,59000,41300,37545,37545,12378,25167
X,99.0,기타,당시즌의류,소프트쉘,SS,338000,171740,156123,156123,75414,80709
X,99.0,기타,당시즌의류,점퍼,JP,1856000,526820,478925,478925,451756,27169
X,99.0,기타,당시즌의류,트레이닝(상의),TR,4225000,1145850,1041686,1041686,1015142,26544
X,99.0,기타,당시즌의류,트레이닝(하의),TP,5251000,1552230,1411116,1411116,1247447,163669
X,99.0,기타,당시즌의류,패딩,PD,0,0,0,0,0,0
X,99.0,기타,당시즌의류,팬츠,PT,11100000,3122110,2838282,2838282,2451475,386807
X,99.0,기타,당시즌의류,후드티,HD,535000,169980,154524,154524,122828,31696
X,99.0,기타,차시즌의류,긴팔티셔츠,RL,0,0,0,0,0,0
X,99.0,기타,차시즌의류,맨투맨,MT,0,0,0,0,0,0
X,99.0,기타,차시즌의류,반팔티셔츠,RS,45000,31500,28636,28636,10308,18328
X,99.0,기타,차시즌의류,방풍자켓,WJ,209000,146300,133000,133000,52971,80029
X,99.0,기타,차시즌의류,트레이닝(상의),TR,139000,97300,88454,88454,31021,57433
X,99.0,기타,차시즌의류,트레이닝(하의),TP,545000,381500,346815,346815,121855,224960
X,99.0,기타,차시즌의류,패딩,PD,179000,125300,113909,113909,58330,55579
X,99.0,기타,차시즌의류,팬츠,PT,129000,90300,82090,82090,28083,54007
