{
  "MLB": 289.80974,
  "MLB_KIDS": 71.42298,
  "DISCOVERY": 404.99999,
  "SERGIO": 6.7,
  "SUPRA": 2.4
}