브랜드,유통채널,채널명,아이템_중분류,아이템_소분류,아이템코드,합계 : 판매금액(TAG가),합계 : 실판매액,합계 : 실판매액(V-),합계 : 출고매출액(V-) Actual,매출원가(평가감환입반영),매출총이익
I,1.0,백화점,Acc_etc,기타,ET,2988393,2628491,2389506,1523993,750574,773419
I,1.0,백화점,Acc_etc,머플러(스카프),MF,1326694,1147391,1043079,657138,260350,396788
I,1.0,백화점,Acc_etc,양말,SO,9140295,8734768,7940489,5060662,2134927,2925735
I,1.0,백화점,Acc_etc,장갑,GL,2415459,2284293,2076644,1316126,609769,706357
I,1.0,백화점,Bag,가방,BG,1947214,1829049,1662751,1054670,490291,564379
I,1.0,백화점,Bag,백팩,BK,679124648,560965422,509969029,324727860,154365901,170361959
I,1.0,백화점,Bag,보조가방,UB,8953758,7942596,7220553,4590706,2221855,2368851
I,1.0,백화점,Bag,슬링백,SG,1202971,1112748,1011588,638530,263877,374653
I,1.0,백화점,Bag,크로스백,CR,1758200949,1725123609,1568294239,991280751,446931410,544349341
I,1.0,백화점,Bag,힙색,HS,561513,505362,459415,293106,110327,182779
I,1.0,백화점,Headwear,방한모,WM,10033006,9115912,8287186,5281202,1955347,3325855
I,1.0,백화점,Headwear,비니,BN,22940198,21428166,19480062,12384682,4306280,8078402
I,1.0,백화점,Headwear,와이어캡,WR,1492293,1334670,1213316,772505,287009,485496
I,1.0,백화점,Headwear,운동모,CP,135905255,127879593,116253886,74172853,28677537,45495316
I,1.0,백화점,Headwear,햇,HT,2434493,2138205,1943845,1242861,468578,774283
I,1.0,백화점,Shoes,런닝화,RN,213555883,173185303,157441220,100554897,53077618,47477279
I,1.0,백화점,Shoes,방한화,WB,14917220,12949601,11772340,7414970,3697769,3717201
I,1.0,백화점,Shoes,스니커즈,SX,39614288,35372388,32156695,20476719,8686893,11789826
I,1.0,백화점,Shoes,신발,SH,146918529,137930300,125391306,80046099,33637508,46408591
I,1.0,백화점,과시즌의류,맨투맨,MT,76141204,38070412,34609404,22427791,19589869,2837922
I,1.0,백화점,과시즌의류,맨투맨셋트,S2,221978583,110988968,100898998,68116060,59791781,8324279
I,1.0,백화점,과시즌의류,반팔카라티셔츠,TS,2010027,1903016,1730047,1094441,472859,621582
I,1.0,백화점,과시즌의류,베이비,BV,5952041,5788308,5262086,3338366,1794288,1544078
I,1.0,백화점,과시즌의류,점퍼,JP,16354313,8177137,7433724,5245440,4616346,629094
I,1.0,백화점,당시즌의류,다운베스트,DV,8295169,7510574,6827794,4315357,2281811,2033546
I,1.0,백화점,당시즌의류,다운점퍼,DJ,212410015,188939939,171763527,109559543,54059073,55500470
I,1.0,백화점,당시즌의류,레깅스,LG,300743,270668,246061,157753,85639,72114
I,1.0,백화점,당시즌의류,맨투맨,MT,35063175,30782997,27984468,17754590,9665978,8088612
I,1.0,백화점,당시즌의류,맨투맨셋트,S2,57061173,51526174,46841973,29846928,15616351,14230577
I,1.0,백화점,당시즌의류,반팔카라티셔츠,TS,445404,356323,323934,204075,119610,84465
I,1.0,백화점,당시즌의류,우븐팬츠,WP,17564898,15165066,13786377,8713082,4581939,4131143
I,1.0,백화점,당시즌의류,점퍼,JP,4577761,4081060,3710055,2349250,1171450,1177800
I,1.0,백화점,당시즌의류,진바지,DP,9547630,8440649,7673317,4877537,2336999,2540538
I,1.0,백화점,당시즌의류,패딩,PD,5750277,5555537,5050479,3200841,1640498,1560343
I,1.0,백화점,당시즌의류,팬츠,PT,13725669,12250450,11136703,7109623,3581560,3528063
I,1.0,백화점,당시즌의류,폴라폴리스점퍼,FD,2645775,2328282,2116620,1347898,738133,609765
I,1.0,백화점,당시즌의류,후드티,HD,6880917,6239840,5672581,3582449,1916515,1665934
I,1.0,백화점,차시즌의류,맨투맨,MT,131647271,122225515,111114100,70687298,34088938,36598360
I,1.0,백화점,차시즌의류,맨투맨셋트,S2,485463467,455331103,413936914,264095670,122857170,141238500
I,1.0,백화점,차시즌의류,반바지,SP,2817084,2409216,2190203,1381433,592402,789031
I,1.0,백화점,차시즌의류,반팔카라티셔츠,TS,65032758,59362102,53965489,34362549,15560978,18801571
I,1.0,백화점,차시즌의류,반팔티 & 스웨트팬츠,S1,4374093,4074778,3704360,2354380,1073197,1281183
I,1.0,백화점,차시즌의류,방풍자켓,WJ,51130069,47471667,43156118,27490272,12350712,15139560
I,1.0,백화점,차시즌의류,스커트,SK,3664112,3436633,3124214,1981072,885227,1095845
I,1.0,백화점,차시즌의류,우븐반바지,SM,3683147,3336398,3033087,1929525,866071,1063454
I,1.0,백화점,차시즌의류,우븐셔츠,WS,7263508,6806817,6188027,3925581,1520881,2404700
I,1.0,백화점,차시즌의류,우븐팬츠,WP,57944366,53623512,48748583,31072983,14178120,16894863
I,1.0,백화점,차시즌의류,원피스,OP,2261281,2115497,1923177,1227668,586315,641353
I,1.0,백화점,차시즌의류,점퍼,JP,309964863,287883837,261712553,166673218,74188973,92484245
I,1.0,백화점,차시즌의류,진바지,DP,82192224,76029644,69117752,43970394,21142668,22827726
I,1.0,백화점,차시즌의류,진자켓,DK,378784,340905,309913,195245,67012,128233
I,1.0,백화점,차시즌의류,팬츠,PT,49712010,45857041,41688208,26576842,11939787,14637055
I,1.0,백화점,차시즌의류,폴로 티셔츠,PQ,8300880,7754879,7049885,4540924,1890396,2650528
I,1.0,백화점,차시즌의류,후드티,HD,70467065,65160174,59236513,37793789,17360425,20433364
I,2.0,면세점,Acc_etc,머플러(스카프),MF,1010724,1010724,918851,551307,239359,311948
I,2.0,면세점,Acc_etc,양말,SO,1600218,1617253,1470217,882122,395484,486638
I,2.0,면세점,Bag,백팩,BK,49944229,48110079,43736443,26241871,11046006,15195865
I,2.0,면세점,Bag,보조가방,UB,466342,466342,423943,254366,115721,138645
I,2.0,면세점,Bag,슬링백,SG,751857,751857,683504,410105,164925,245180
I,2.0,면세점,Bag,크로스백,CR,223164423,223164194,202876505,121725340,52915120,68810220
I,2.0,면세점,Headwear,방한모,WM,2817084,2777683,2525163,1515092,524708,990384
I,2.0,면세점,Headwear,비니,BN,17500181,17500181,15909219,9545526,3619035,5926491
I,2.0,면세점,Headwear,와이어캡,WR,1772098,1772098,1610982,966589,326365,640224
I,2.0,면세점,Headwear,운동모,CP,172405523,172405485,156731174,94038558,35648462,58390096
I,2.0,면세점,Headwear,햇,HT,2737139,2737139,2488326,1492986,505737,987249
I,2.0,면세점,Shoes,런닝화,RN,34579703,34579703,31436003,18861563,8304222,10557341
I,2.0,면세점,Shoes,방한화,WB,470148,470148,427405,256442,112788,143654
I,2.0,면세점,Shoes,스니커즈,SX,23176224,23176224,21069194,12641501,4915830,7725671
I,2.0,면세점,Shoes,신발,SH,21215686,21215686,19286920,11572140,4789254,6782886
I,2.0,면세점,과시즌의류,반팔카라티셔츠,TS,-62813,-43969,-39972,-23983,-14000,-9983
I,2.0,면세점,과시즌의류,베이비,BV,449211,449211,408378,245025,135418,109607
I,2.0,면세점,과시즌의류,우븐반바지,SM,-93268,-46634,-42395,-25438,-20216,-5222
I,2.0,면세점,당시즌의류,다운베스트,DV,793732,793732,721571,432944,219559,213385
I,2.0,면세점,당시즌의류,다운점퍼,DJ,75644408,75644408,68767661,41260592,19367051,21893541
I,2.0,면세점,당시즌의류,맨투맨,MT,7261604,7261604,6601455,3960844,2019506,1941338
I,2.0,면세점,당시즌의류,맨투맨셋트,S2,4516851,4516851,4106236,2463745,1230121,1233624
I,2.0,면세점,당시즌의류,반팔카라티셔츠,TS,561513,561513,510473,306282,169937,136345
I,2.0,면세점,당시즌의류,반팔티 & 스웨트팬츠,S1,302646,302646,275132,165079,85007,80072
I,2.0,면세점,당시즌의류,우븐팬츠,WP,2206081,2206081,2005512,1203308,561490,641818
I,2.0,면세점,당시즌의류,점퍼,JP,1022145,1022145,929221,557531,234494,323037
I,2.0,면세점,당시즌의류,진바지,DP,207474,207474,188611,113167,47997,65170
I,2.0,면세점,당시즌의류,팬츠,PT,677623,677623,616020,369613,180133,189480
I,2.0,면세점,당시즌의류,폴라폴리스점퍼,FD,1852042,1852042,1683666,1010202,516693,493509
I,2.0,면세점,당시즌의류,후드티,HD,1372377,1372377,1247610,748564,399291,349273
I,2.0,면세점,차시즌의류,맨투맨,MT,37566192,37566192,34150940,20490506,9129337,11361169
I,2.0,면세점,차시즌의류,맨투맨셋트,S2,51840051,51840051,47127431,28276419,12846353,15430066
I,2.0,면세점,차시즌의류,반바지,SP,373073,373073,339154,203492,77852,125640
I,2.0,면세점,차시즌의류,반팔카라티셔츠,TS,55890560,55890522,50809403,30485620,13625440,16860180
I,2.0,면세점,차시즌의류,반팔티 & 스웨트팬츠,S1,376880,376880,342618,205571,82350,123221
I,2.0,면세점,차시즌의류,방풍자켓,WJ,19466429,19466429,17696773,10618080,4620468,5997612
I,2.0,면세점,차시즌의류,스커트,SK,847029,847029,770025,462011,201585,260426
I,2.0,면세점,차시즌의류,우븐반바지,SM,2798049,2798049,2543655,1526193,698229,827964
I,2.0,면세점,차시즌의류,우븐셔츠,WS,1815877,1815877,1650792,990475,380219,610256
I,2.0,면세점,차시즌의류,우븐팬츠,WP,4554920,4554920,4140831,2484504,1121365,1363139
I,2.0,면세점,차시즌의류,원피스,OP,942200,942200,856546,513927,244300,269627
I,2.0,면세점,차시즌의류,점퍼,JP,40217677,40217677,36561443,21936827,9725978,12210849
I,2.0,면세점,차시즌의류,진바지,DP,5070751,5070751,4609763,2765858,1393901,1371957
I,2.0,면세점,차시즌의류,팬츠,PT,5695077,5695077,5177385,3106412,1262876,1843536
I,2.0,면세점,차시즌의류,후드티,HD,11702318,11702318,10638443,6383038,2890358,3492680
I,3.0,직영점(가두),Acc_etc,기타,ET,148468,148468,134971,134971,30638,104333
I,3.0,직영점(가두),Acc_etc,머플러(스카프),MF,112303,112303,102093,102093,26595,75498
I,3.0,직영점(가두),Acc_etc,양말,SO,346996,346996,315456,315456,87619,227837
I,3.0,직영점(가두),Acc_etc,장갑,GL,580548,580548,527767,527767,150350,377417
I,3.0,직영점(가두),Bag,백팩,BK,11451065,11223604,10203275,10203275,2433462,7769813
I,3.0,직영점(가두),Bag,보조가방,UB,373073,373073,339154,339154,92577,246577
I,3.0,직영점(가두),Bag,크로스백,CR,1296239,1296239,1178398,1178398,262082,916316
I,3.0,직영점(가두),Bag,힙색,HS,112303,112303,102093,102093,22065,80028
I,3.0,직영점(가두),Headwear,방한모,WM,738533,738533,671391,671391,148843,522548
I,3.0,직영점(가두),Headwear,비니,BN,2923676,2923676,2657877,2657877,614992,2042885
I,3.0,직영점(가두),Headwear,와이어캡,WR,93268,93268,84789,84789,17177,67612
I,3.0,직영점(가두),Headwear,운동모,CP,12275252,12275252,11159302,11159302,2565311,8593991
I,3.0,직영점(가두),Headwear,햇,HT,100882,100882,91711,91711,17679,74032
I,3.0,직영점(가두),Shoes,런닝화,RN,4868987,4868987,4426352,4426352,1184586,3241766
I,3.0,직영점(가두),Shoes,방한화,WB,847029,847029,770025,770025,188362,581663
I,3.0,직영점(가두),Shoes,스니커즈,SX,1271495,1271495,1155903,1155903,297549,858354
I,3.0,직영점(가두),Shoes,신발,SH,7206405,7206405,6551282,6551282,1671166,4880116
I,3.0,직영점(가두),과시즌의류,베이비,BV,2582961,2582961,2348131,2348131,778657,1569474
I,3.0,직영점(가두),당시즌의류,다운베스트,DV,264577,264577,240526,240526,73185,167341
I,3.0,직영점(가두),당시즌의류,다운점퍼,DJ,13333562,13333562,12121420,12121420,3395060,8726360
I,3.0,직영점(가두),당시즌의류,레깅스,LG,150371,150371,136701,136701,42820,93881
I,3.0,직영점(가두),당시즌의류,맨투맨,MT,3477576,3477576,3161425,3161425,966048,2195377
I,3.0,직영점(가두),당시즌의류,맨투맨셋트,S2,2438300,2438300,2216643,2216643,661335,1555308
I,3.0,직영점(가두),당시즌의류,우븐팬츠,WP,357846,346958,315409,315409,93036,222373
I,3.0,직영점(가두),당시즌의류,점퍼,JP,283612,283612,257830,257830,76786,181044
I,3.0,직영점(가두),당시즌의류,진바지,DP,887001,887001,806365,806365,219253,587112
I,3.0,직영점(가두),당시즌의류,폴라폴리스점퍼,FD,264577,264577,240526,240526,73813,166713
I,3.0,직영점(가두),당시즌의류,후드티,HD,188440,188440,171309,171309,47199,124110
I,3.0,직영점(가두),차시즌의류,맨투맨,MT,4804270,4785235,4350198,4350198,1242284,3107914
I,3.0,직영점(가두),차시즌의류,맨투맨셋트,S2,15492057,15492057,14083724,14083724,3926704,10157020
I,3.0,직영점(가두),차시즌의류,반바지,SP,279805,279805,254366,254366,58390,195976
I,3.0,직영점(가두),차시즌의류,반팔카라티셔츠,TS,5143081,5143081,4675504,4675504,1213335,3462169
I,3.0,직영점(가두),차시즌의류,방풍자켓,WJ,3420473,3420473,3109527,3109527,796024,2313503
I,3.0,직영점(가두),차시즌의류,스커트,SK,525348,525348,477587,477587,128922,348665
I,3.0,직영점(가두),차시즌의류,우븐반바지,SM,93268,93268,84789,84789,23273,61516
I,3.0,직영점(가두),차시즌의류,우븐팬츠,WP,1223909,1223909,1112643,1112643,299448,813195
I,3.0,직영점(가두),차시즌의류,점퍼,JP,12536023,12536023,11396375,11396375,3019824,8376551
I,3.0,직영점(가두),차시즌의류,진바지,DP,1734029,1734029,1576391,1576391,464552,1111839
I,3.0,직영점(가두),차시즌의류,팬츠,PT,1781615,1773487,1612246,1612246,421904,1190342
I,3.0,직영점(가두),차시즌의류,폴로 티셔츠,PQ,338811,338811,308010,308010,77158,230852
I,3.0,직영점(가두),차시즌의류,후드티,HD,3070241,3070241,2791127,2791127,741199,2049928
I,4.0,자사몰,Acc_etc,기타,ET,224605,192342,174857,174857,63051,111806
I,4.0,자사몰,Acc_etc,머플러(스카프),MF,123723,123723,112476,112476,22569,89907
I,4.0,자사몰,Acc_etc,양말,SO,594062,506180,460165,460165,136155,324010
I,4.0,자사몰,Acc_etc,장갑,GL,561513,504524,458659,458659,125775,332884
I,4.0,자사몰,Bag,가방,BG,314067,278682,253347,253347,79082,174265
I,4.0,자사몰,Bag,백팩,BK,88403132,73515740,66832479,66832479,19472050,47360429
I,4.0,자사몰,Bag,보조가방,UB,1399025,1221586,1110529,1110529,347169,763360
I,4.0,자사몰,Bag,슬링백,SG,150371,140949,128135,128135,32985,95150
I,4.0,자사몰,Bag,크로스백,CR,1608403,1426187,1296534,1296534,336447,960087
I,4.0,자사몰,Bag,힙색,HS,112303,104784,95257,95257,22065,73192
I,4.0,자사몰,Headwear,방한모,WM,1105896,989101,899183,899183,229269,669914
I,4.0,자사몰,Headwear,비니,BN,1716898,1333908,1212644,1212644,322411,890233
I,4.0,자사몰,Headwear,와이어캡,WR,93268,73454,66776,66776,18395,48381
I,4.0,자사몰,Headwear,운동모,CP,4897538,3874617,3531664,3531664,1014533,2517131
I,4.0,자사몰,Headwear,햇,HT,1010724,948482,862260,862260,209108,653152
I,4.0,자사몰,Shoes,런닝화,RN,10164343,9004161,8185604,8185604,2476656,5708948
I,4.0,자사몰,Shoes,방한화,WB,1073537,807171,733791,733791,258275,475516
I,4.0,자사몰,Shoes,샌들,SD,224605,72445,65859,65859,57531,8328
I,4.0,자사몰,Shoes,스니커즈,SX,2367873,2089515,1899556,1899556,513379,1386177
I,4.0,자사몰,Shoes,신발,SH,16656959,14218906,12926259,12926259,3936819,8989440
I,4.0,자사몰,과시즌의류,맨투맨,MT,6766711,1315559,1195964,1195964,749592,446372
I,4.0,자사몰,과시즌의류,반팔카라티셔츠,TS,1210585,332720,302477,302477,134291,168186
I,4.0,자사몰,과시즌의류,방풍자켓,WJ,793732,375129,341027,341027,169048,171979
I,4.0,자사몰,과시즌의류,베이비,BV,35263036,28720949,26109958,26109958,10630374,15479584
I,4.0,자사몰,과시즌의류,팬츠,PT,5413369,1056692,960629,960629,588087,372542
I,4.0,자사몰,당시즌의류,다운베스트,DV,264577,247447,224952,224952,73185,151767
I,4.0,자사몰,당시즌의류,다운점퍼,DJ,9669449,9554882,8686259,8686259,2494453,6191806
I,4.0,자사몰,당시즌의류,맨투맨,MT,1952924,1738217,1580196,1580196,536167,1044029
I,4.0,자사몰,당시즌의류,맨투맨셋트,S2,11091315,10090984,9173629,9173629,3133623,6040006
I,4.0,자사몰,당시즌의류,반팔카라티셔츠,TS,525348,473784,430713,430713,144379,286334
I,4.0,자사몰,당시즌의류,반팔티 & 스웨트팬츠,S1,529155,466532,424120,424120,141656,282464
I,4.0,자사몰,당시즌의류,우븐팬츠,WP,414949,424295,385723,385723,110711,275012
I,4.0,자사몰,당시즌의류,점퍼,JP,1022145,933540,848671,848671,234494,614177
I,4.0,자사몰,당시즌의류,진바지,DP,-19034,-21870,-19881,-19881,-6906,-12975
I,4.0,자사몰,당시즌의류,진자켓,DK,-321681,-265129,-241026,-241026,-79181,-161845
I,4.0,자사몰,당시즌의류,패딩,PD,605292,552263,502056,502056,172683,329373
I,4.0,자사몰,당시즌의류,팬츠,PT,374977,368962,335419,335419,92290,243129
I,4.0,자사몰,당시즌의류,폴로 티셔츠,PQ,169406,168111,152829,152829,46935,105894
I,4.0,자사몰,당시즌의류,후드티,HD,1374280,1285085,1168260,1168260,400591,767669
I,4.0,자사몰,차시즌의류,맨투맨,MT,5531382,5027162,4570142,4570142,1401480,3168662
I,4.0,자사몰,차시즌의류,맨투맨셋트,S2,43097574,40433012,36757322,36757322,10887956,25869366
I,4.0,자사몰,차시즌의류,반팔카라티셔츠,TS,2249860,2111804,1919824,1919824,557316,1362508
I,4.0,자사몰,차시즌의류,방풍자켓,WJ,1663602,1541877,1401707,1401707,441585,960122
I,4.0,자사몰,차시즌의류,스커트,SK,300743,259914,236287,236287,72825,163462
I,4.0,자사몰,차시즌의류,우븐팬츠,WP,827994,848589,771447,771447,194135,577312
I,4.0,자사몰,차시즌의류,점퍼,JP,5910165,5472052,4974595,4974595,1354144,3620451
I,4.0,자사몰,차시즌의류,진바지,DP,3504224,3327642,3025133,3025133,933561,2091572
I,4.0,자사몰,차시즌의류,팬츠,PT,2514438,2308771,2098887,2098887,591500,1507387
I,4.0,자사몰,차시즌의류,폴로 티셔츠,PQ,677623,598059,543691,543691,154319,389372
I,4.0,자사몰,차시즌의류,후드티,HD,3013138,2734722,2486114,2486114,731779,1754335
I,5.0,제휴몰,Acc_etc,기타,ET,1524651,1524651,1386045,1386045,445284,940761
I,5.0,제휴몰,Acc_etc,머플러(스카프),MF,371170,371170,337428,337428,67711,269717
I,5.0,제휴몰,Acc_etc,양말,SO,2403467,2403467,2185020,2185020,569047,1615973
I,5.0,제휴몰,Acc_etc,장갑,GL,298839,298839,271670,271670,68558,203112
I,5.0,제휴몰,Bag,가방,BG,1193454,1193454,1084958,1084958,300507,784451
I,5.0,제휴몰,Bag,백팩,BK,191516010,154546411,140496764,140496764,44772102,95724662
I,5.0,제휴몰,Bag,보조가방,UB,1678830,1678830,1526193,1526193,416599,1109594
I,5.0,제휴몰,Bag,슬링백,SG,300743,300743,273402,273402,65969,207433
I,5.0,제휴몰,Bag,크로스백,CR,2565830,2537850,2307125,2307125,580475,1726650
I,5.0,제휴몰,Bag,힙색,HS,224605,224605,204185,204185,44131,160054
I,5.0,제휴몰,Headwear,방한모,WM,4865180,4865180,4422871,4422871,985863,3437008
I,5.0,제휴몰,Headwear,비니,BN,6985606,6985606,6350546,6350546,1371657,4978889
I,5.0,제휴몰,Headwear,선캡,SC,163695,163695,148814,148814,36112,112702
I,5.0,제휴몰,Headwear,와이어캡,WR,186537,186537,169577,169577,36790,132787
I,5.0,제휴몰,Headwear,운동모,CP,24902639,24902639,22638781,22638781,5259984,17378797
I,5.0,제휴몰,Headwear,햇,HT,662395,662395,602174,602174,135073,467101
I,5.0,제휴몰,Shoes,런닝화,RN,43261269,35809702,32554187,32554187,10438679,22115508
I,5.0,제휴몰,Shoes,방한화,WB,6608726,6608726,6007928,6007928,1596036,4411892
I,5.0,제휴몰,Shoes,샌들,SD,673816,336908,306278,306278,172596,133682
I,5.0,제휴몰,Shoes,스니커즈,SX,6660119,6598257,5998405,5998405,1627863,4370542
I,5.0,제휴몰,Shoes,신발,SH,45119022,44742104,40674617,40674617,11054004,29620613
I,5.0,제휴몰,과시즌의류,다운점퍼,DJ,5232543,3435110,3122829,3122829,753667,2369162
I,5.0,제휴몰,과시즌의류,맨투맨,MT,300743,150371,136701,136701,33314,103387
I,5.0,제휴몰,과시즌의류,반팔카라티셔츠,TS,20798834,10399455,9454118,9454118,5230285,4223833
I,5.0,제휴몰,과시즌의류,반팔티 & 스웨트팬츠,S1,160214022,80172470,72883889,72883889,37849735,35034154
I,5.0,제휴몰,과시즌의류,방풍자켓,WJ,12170563,6085281,5532090,5532090,2592081,2940009
I,5.0,제휴몰,과시즌의류,베이비,BV,28637179,28637103,26033622,26033622,8632942,17400680
I,5.0,제휴몰,과시즌의류,우븐반바지,SM,5384817,2692409,2447671,2447671,1208531,1239140
I,5.0,제휴몰,과시즌의류,팬츠,PT,751857,375928,341752,341752,81676,260076
I,5.0,제휴몰,당시즌의류,다운베스트,DV,283612,283612,257830,257830,81808,176022
I,5.0,제휴몰,당시즌의류,다운점퍼,DJ,95186974,95186974,86533588,86533588,24029412,62504176
I,5.0,제휴몰,당시즌의류,레깅스,LG,1503714,1503714,1367009,1367009,428193,938816
I,5.0,제휴몰,당시즌의류,맨투맨,MT,20353430,20353430,18503051,18503051,5560809,12942242
I,5.0,제휴몰,당시즌의류,맨투맨셋트,S2,56362612,56362384,51238586,51238586,15687896,35550690
I,5.0,제휴몰,당시즌의류,반팔카라티셔츠,TS,1121123,1121123,1019194,1019194,345125,674069
I,5.0,제휴몰,당시즌의류,반팔티 & 스웨트팬츠,S1,793732,793732,721577,721577,208776,512801
I,5.0,제휴몰,당시즌의류,스커트,SK,508217,508217,462015,462015,142782,319233
I,5.0,제휴몰,당시즌의류,우븐반바지,SM,131337,131337,119397,119397,33683,85714
I,5.0,제휴몰,당시즌의류,우븐팬츠,WP,3298653,3298653,2998776,2998776,904727,2094049
I,5.0,제휴몰,당시즌의류,점퍼,JP,11376831,11376812,10342559,10342559,2641833,7700726
I,5.0,제휴몰,당시즌의류,진바지,DP,207474,207474,188613,188613,47997,140616
I,5.0,제휴몰,당시즌의류,진자켓,DK,643361,643361,584872,584872,132898,451974
I,5.0,제휴몰,당시즌의류,패딩,PD,1210585,1210585,1100528,1100528,345369,755159
I,5.0,제휴몰,당시즌의류,팬츠,PT,6629664,6629664,6026947,6026947,1841613,4185334
I,5.0,제휴몰,당시즌의류,폴로 티셔츠,PQ,169406,169406,154005,154005,46935,107070
I,5.0,제휴몰,당시즌의류,후드티,HD,10388948,10388929,9444469,9444469,3029001,6415468
I,5.0,제휴몰,차시즌의류,맨투맨,MT,11001854,11001854,10001631,10001631,2784080,7217551
I,5.0,제휴몰,차시즌의류,맨투맨셋트,S2,82603366,82603442,75094167,75094167,20907832,54186335
I,5.0,제휴몰,차시즌의류,반바지,SP,93268,93268,84789,84789,19463,65326
I,5.0,제휴몰,차시즌의류,반팔카라티셔츠,TS,3291039,3291039,2991842,2991842,785382,2206460
I,5.0,제휴몰,차시즌의류,방풍자켓,WJ,3854456,3854456,3504054,3504054,895730,2608324
I,5.0,제휴몰,차시즌의류,스커트,SK,525348,525348,477587,477587,127812,349775
I,5.0,제휴몰,차시즌의류,우븐팬츠,WP,1505617,1505617,1368741,1368741,361765,1006976
I,5.0,제휴몰,차시즌의류,점퍼,JP,20189734,20189734,18354296,18354296,4796515,13557781
I,5.0,제휴몰,차시즌의류,진바지,DP,1695961,1695961,1541782,1541782,460384,1081398
I,5.0,제휴몰,차시즌의류,팬츠,PT,3222515,3222515,2929542,2929542,749719,2179823
I,5.0,제휴몰,차시즌의류,폴로 티셔츠,PQ,508217,508217,462015,462015,115738,346277
I,5.0,제휴몰,차시즌의류,후드티,HD,4330314,4330314,3936646,3936646,1030154,2906492
I,6.0,대리점,Acc_etc,기타,ET,0,-10735,-9747,-6434,0,-6434
I,6.0,대리점,Acc_etc,머플러(스카프),MF,123723,123723,112476,70859,22569,48290
I,6.0,대리점,Acc_etc,양말,SO,1631434,1590967,1446413,937794,438321,499473
I,6.0,대리점,Acc_etc,장갑,GL,131337,112303,102093,67382,32950,34432
I,6.0,대리점,Bag,가방,BG,502507,473137,430123,276211,126525,149686
I,6.0,대리점,Bag,백팩,BK,96376621,86543895,78675957,50746719,21974896,28771823
I,6.0,대리점,Bag,보조가방,UB,1399025,1305756,1187056,755643,347160,408483
I,6.0,대리점,Bag,슬링백,SG,1503714,1439568,1308701,845051,329848,515203
I,6.0,대리점,Bag,크로스백,CR,17587739,17004089,15458296,9950060,3949907,6000153
I,6.0,대리점,Bag,힙색,HS,561513,550283,500259,324250,110325,213925
I,6.0,대리점,Headwear,방한모,WM,2265088,2202503,2002294,1292678,441806,850872
I,6.0,대리점,Headwear,비니,BN,6020565,5902723,5366080,3447145,1256385,2190760
I,6.0,대리점,Headwear,와이어캡,WR,1025951,1007298,915724,581825,195034,386791
I,6.0,대리점,Headwear,운동모,CP,37638522,36715452,33377619,21447130,8025786,13421344
I,6.0,대리점,Headwear,햇,HT,561513,561513,510467,327720,111427,216293
I,6.0,대리점,Shoes,런닝화,RN,34566378,33517757,30470649,19628682,8393762,11234920
I,6.0,대리점,Shoes,방한화,WB,808960,744148,676504,479563,131763,347800
I,6.0,대리점,Shoes,스니커즈,SX,3102599,3042013,2765520,1788193,756834,1031359
I,6.0,대리점,Shoes,신발,SH,31570372,30322708,27565996,17765312,7341465,10423847
I,6.0,대리점,과시즌의류,베이비,BV,1572237,1538546,1398676,906591,473963,432628
I,6.0,대리점,당시즌의류,다운베스트,DV,1435190,1388727,1262482,807738,378863,428875
I,6.0,대리점,당시즌의류,다운점퍼,DJ,33961086,32394102,29449144,18980157,8626038,10354119
I,6.0,대리점,당시즌의류,맨투맨,MT,6020565,5749516,5226838,3350776,1643610,1707166
I,6.0,대리점,당시즌의류,맨투맨셋트,S2,24434394,23293609,21175921,13628351,6631249,6997102
I,6.0,대리점,당시즌의류,반팔티 & 스웨트팬츠,S1,264577,264577,240526,153936,74535,79401
I,6.0,대리점,당시즌의류,우븐팬츠,WP,715692,686607,624197,396318,188996,207322
I,6.0,대리점,당시즌의류,점퍼,JP,-567224,-567224,-515660,-340334,-153575,-186759
I,6.0,대리점,당시즌의류,진바지,DP,4602506,4374741,3977039,2576185,1077712,1498473
I,6.0,대리점,당시즌의류,패딩,PD,302646,302646,275132,176085,86342,89743
I,6.0,대리점,당시즌의류,팬츠,PT,808960,649071,590048,358579,222940,135639
I,6.0,대리점,당시즌의류,폴라폴리스점퍼,FD,264577,238139,216474,140708,73813,66895
I,6.0,대리점,당시즌의류,폴로 티셔츠,PQ,169406,159889,145354,91572,46935,44637
I,6.0,대리점,당시즌의류,후드티,HD,791829,772795,702541,449106,226969,222137
I,6.0,대리점,차시즌의류,맨투맨,MT,16803524,15981525,14528744,9386502,4290974,5095528
I,6.0,대리점,차시즌의류,맨투맨셋트,S2,92543103,89295900,81178152,52332186,23358582,28973604
I,6.0,대리점,차시즌의류,반바지,SP,746146,746146,678308,439208,155707,283501
I,6.0,대리점,차시즌의류,반팔카라티셔츠,TS,7619450,7526715,6842451,4430844,1738419,2692425
I,6.0,대리점,차시즌의류,반팔티 & 스웨트팬츠,S1,2187047,2168203,1971091,1286178,492963,793215
I,6.0,대리점,차시즌의류,방풍자켓,WJ,2891318,2613816,2376168,1544807,628849,915958
I,6.0,대리점,차시즌의류,스커트,SK,169406,169406,154005,97024,40317,56707
I,6.0,대리점,차시즌의류,우븐반바지,SM,746146,734764,667959,424849,186190,238659
I,6.0,대리점,차시즌의류,우븐셔츠,WS,0,0,0,0,0,0
I,6.0,대리점,차시즌의류,우븐팬츠,WP,3481383,3375932,3069030,1979616,794878,1184738
I,6.0,대리점,차시즌의류,원피스,OP,188440,188440,171309,113064,48859,64205
I,6.0,대리점,차시즌의류,점퍼,JP,46961547,44823247,40748467,26291660,11317095,14974565
I,6.0,대리점,차시즌의류,진바지,DP,12286673,11834378,10758450,6924131,3267838,3656293
I,6.0,대리점,차시즌의류,팬츠,PT,7080778,6789400,6172198,3979155,1568779,2410376
I,6.0,대리점,차시즌의류,폴로 티셔츠,PQ,677623,646959,588150,385099,154317,230782
I,6.0,대리점,차시즌의류,후드티,HD,15887971,15267661,13879663,8888152,3839870,5048282
I,8.0,사입,Acc_etc,기타,ET,8150508,896556,815051,815051,1093415,-278364
I,8.0,사입,Acc_etc,양말,SO,48769810,5364717,4876981,4876981,9950652,-5073671
I,8.0,사입,Acc_etc,토시,ML,4246563,467122,424656,424656,475550,-50894
I,8.0,사입,Bag,백팩,BK,2249860,552091,501909,501909,572479,-70570
I,8.0,사입,Bag,크로스백,CR,-262674,-78802,-71638,-71638,-74714,3076
I,8.0,사입,Headwear,선캡,SC,8043916,884831,804392,804392,830432,-26040
I,8.0,사입,Headwear,와이어캡,WR,4514948,1223204,1112032,1112032,925296,186736
I,8.0,사입,Headwear,운동모,CP,339207334,87970405,79973063,79973063,69002684,10970379
I,8.0,사입,Headwear,햇,HT,70706898,14179867,12890808,12890808,12871235,19573
I,8.0,사입,Shoes,런닝화,RN,73149005,18287175,16624610,16624610,18155714,-1531104
I,8.0,사입,Shoes,스니커즈,SX,390384989,103424146,94021768,94021768,82801993,11219775
I,8.0,사입,Shoes,신발,SH,971035431,257127298,233751920,233751920,220848110,12903810
I,8.0,사입,과시즌의류,니트가디건,KC,170618198,18768002,17061820,17061820,18328837,-1267017
I,8.0,사입,과시즌의류,다운점퍼,DJ,-2390714,-683048,-620954,-620954,-278177,-342777
I,8.0,사입,과시즌의류,레깅스,LG,17743820,1951820,1774382,1774382,1971597,-197215
I,8.0,사입,과시즌의류,맨투맨,MT,1322552278,268348466,243953195,243953195,249516910,-5563715
I,8.0,사입,과시즌의류,맨투맨셋트,S2,819832269,162943567,148130461,148130461,141395768,6734693
I,8.0,사입,과시즌의류,반팔카라티셔츠,TS,199242052,44398248,40362014,40362014,45395273,-5033259
I,8.0,사입,과시즌의류,반팔티 & 스웨트팬츠,S1,637810593,112520414,102291307,102291307,116165917,-13874610
I,8.0,사입,과시즌의류,방풍자켓,WJ,275408001,80725570,73386797,73386797,66804540,6582257
I,8.0,사입,과시즌의류,스커트,SK,414733728,62155126,56504622,56504622,64417161,-7912539
I,8.0,사입,과시즌의류,우븐셔츠,WS,132241142,20577426,18706717,18706717,21947088,-3240371
I,8.0,사입,과시즌의류,우븐팬츠,WP,321237004,65171138,59246483,59246483,54454032,4792451
I,8.0,사입,과시즌의류,원피스,OP,431891291,72557265,65961191,65961191,73335385,-7374194
I,8.0,사입,과시즌의류,점퍼,JP,928927643,191581964,174165388,174165388,155714471,18450917
I,8.0,사입,과시즌의류,진바지,DP,64134337,10286143,9351012,9351012,9817497,-466485
I,8.0,사입,과시즌의류,진자켓,DK,70514651,14101445,12819442,12819442,13077082,-257640
I,8.0,사입,과시즌의류,트레이닝(상의),TR,19974646,2197211,1997465,1997465,2219685,-222220
I,8.0,사입,과시즌의류,트레이닝(하의),TP,15638621,1720248,1563862,1563862,1722506,-158644
I,8.0,사입,과시즌의류,팬츠,PT,506068151,86369426,78517652,78517652,81957171,-3439519
I,8.0,사입,과시즌의류,폴로 티셔츠,PQ,149514814,27996387,25451303,25451303,25531374,-80071
I,8.0,사입,과시즌의류,후드티,HD,452996578,80706612,73369615,73369615,78622240,-5252625
I,11.0,직영몰,Acc_etc,기타,ET,551996,518876,471705,471705,135755,335950
I,11.0,직영몰,Acc_etc,머플러(스카프),MF,123723,123723,112476,112476,22569,89907
I,11.0,직영몰,Acc_etc,양말,SO,776792,752999,684529,684529,187502,497027
I,11.0,직영몰,Acc_etc,장갑,GL,487279,461012,419102,419102,124601,294501
I,11.0,직영몰,Bag,가방,BG,376880,358036,325487,325487,94894,230593
I,11.0,직영몰,Bag,백팩,BK,88819985,75180350,68345721,68345721,20310789,48034932
I,11.0,직영몰,Bag,보조가방,UB,1772098,1604215,1458366,1458366,439741,1018625
I,11.0,직영몰,Bag,슬링백,SG,300743,281708,256098,256098,65969,190129
I,11.0,직영몰,Bag,크로스백,CR,3163509,2987460,2715870,2715870,658227,2057643
I,11.0,직영몰,Bag,힙색,HS,112303,101072,91885,91885,22065,69820
I,11.0,직영몰,Headwear,방한모,WM,1526555,1460886,1328080,1328080,311625,1016455
I,11.0,직영몰,Headwear,비니,BN,4248467,4057933,3689032,3689032,811177,2877855
I,11.0,직영몰,Headwear,와이어캡,WR,652878,643551,585042,585042,121456,463586
I,11.0,직영몰,Headwear,운동모,CP,31983417,30698865,27908003,27908003,6814883,21093120
I,11.0,직영몰,Headwear,햇,HT,763277,731452,664954,664954,162677,502277
I,11.0,직영몰,Shoes,런닝화,RN,26501525,23503405,21366710,21366710,6517529,14849181
I,11.0,직영몰,Shoes,방한화,WB,2129944,2014500,1831371,1831371,545176,1286195
I,11.0,직영몰,Shoes,스니커즈,SX,4311280,4072589,3702356,3702356,964977,2737379
I,11.0,직영몰,Shoes,신발,SH,22776502,21685454,19714028,19714028,5289495,14424533
I,11.0,직영몰,과시즌의류,반팔카라티셔츠,TS,125627,125627,114206,114206,29553,84653
I,11.0,직영몰,과시즌의류,베이비,BV,786119,763658,694230,694230,236981,457249
I,11.0,직영몰,당시즌의류,다운베스트,DV,2305060,2153927,1958117,1958117,628548,1329569
I,11.0,직영몰,당시즌의류,다운점퍼,DJ,20361044,18738175,17034698,17034698,5202722,11831976
I,11.0,직영몰,당시즌의류,맨투맨,MT,2202274,2081863,1892589,1892589,591384,1301205
I,11.0,직영몰,당시즌의류,맨투맨셋트,S2,9052737,8483762,7712505,7712505,2486086,5226419
I,11.0,직영몰,당시즌의류,우븐팬츠,WP,1357149,1321365,1201239,1201239,372932,828307
I,11.0,직영몰,당시즌의류,점퍼,JP,283612,283612,257830,257830,76786,181044
I,11.0,직영몰,당시즌의류,진바지,DP,622423,560181,509255,509255,147592,361663
I,11.0,직영몰,당시즌의류,팬츠,PT,1052600,957352,870330,870330,275684,594646
I,11.0,직영몰,당시즌의류,폴라폴리스점퍼,FD,0,0,0,0,0,0
I,11.0,직영몰,당시즌의류,후드티,HD,603389,563797,512544,512544,179772,332772
I,11.0,직영몰,차시즌의류,맨투맨,MT,11131288,10586943,9624468,9624468,2868992,6755476
I,11.0,직영몰,차시즌의류,맨투맨셋트,S2,57554162,54541386,49583058,49583058,14603448,34979610
I,11.0,직영몰,차시즌의류,반바지,SP,373073,354420,322198,322198,77852,244346
I,11.0,직영몰,차시즌의류,반팔카라티셔츠,TS,6452644,6138121,5580102,5580102,1558515,4021587
I,11.0,직영몰,차시즌의류,반팔티 & 스웨트팬츠,S1,1187743,1158564,1053239,1053239,288890,764349
I,11.0,직영몰,차시즌의류,방풍자켓,WJ,8161929,7602700,6911536,6911536,1884878,5026658
I,11.0,직영몰,차시즌의류,스커트,SK,601485,554471,504064,504064,145649,358415
I,11.0,직영몰,차시즌의류,우븐반바지,SM,1102089,1042321,947558,947558,263717,683841
I,11.0,직영몰,차시즌의류,우븐셔츠,WS,907938,847409,770372,770372,190107,580265
I,11.0,직영몰,차시즌의류,우븐팬츠,WP,6041502,5640639,5127842,5127842,1430308,3697534
I,11.0,직영몰,차시즌의류,점퍼,JP,26929798,25173669,22885152,22885152,6457662,16427490
I,11.0,직영몰,차시즌의류,진바지,DP,8464575,7983768,7257967,7257967,2238468,5019499
I,11.0,직영몰,차시즌의류,진자켓,DK,378784,340905,309913,309913,67012,242901
I,11.0,직영몰,차시즌의류,팬츠,PT,4712905,4455599,4050540,4050540,1156856,2893684
I,11.0,직영몰,차시즌의류,폴로 티셔츠,PQ,169406,169406,154005,154005,38579,115426
I,11.0,직영몰,차시즌의류,후드티,HD,7583285,7170049,6518220,6518220,1862612,4655608
I,99.0,기타,Acc_etc,양말,SO,71569,35785,32526,32526,17620,14906
I,99.0,기타,Bag,백팩,BK,662395,331198,301087,301087,132133,168954
I,99.0,기타,Bag,보조가방,UB,93268,46634,42393,42393,23144,19249
I,99.0,기타,Headwear,비니,BN,81848,74405,67644,67644,20315,47329
I,99.0,기타,Headwear,운동모,CP,241736,120868,109878,109878,57099,52779
I,99.0,기타,Shoes,방한화,WB,169406,154007,140005,140005,48747,91258
I,99.0,기타,Shoes,신발,SH,188440,94220,85655,85655,47833,37822
I,99.0,기타,과시즌의류,반팔카라티셔츠,TS,93268,84798,77082,77082,23928,53154
I,99.0,기타,당시즌의류,다운베스트,DV,264577,132289,120261,120261,73185,47076
I,99.0,기타,당시즌의류,다운점퍼,DJ,531058,265529,241390,241390,142228,99162
I,99.0,기타,당시즌의류,우븐팬츠,WP,188440,94220,85655,85655,42595,43060
I,99.0,기타,차시즌의류,맨투맨셋트,S2,453018,226509,205915,205915,114701,91214
I,99.0,기타,차시즌의류,방풍자켓,WJ,245543,122772,111610,111610,51225,60385
I,99.0,기타,차시즌의류,점퍼,JP,340715,170357,154871,154871,91169,63702
M,1.0,RF,Acc_etc,기타,ET,336718,336737,306105,194596,63529,131067
M,1.0,RF,Acc_etc,머플러(스카프),MF,188440,188440,171309,109638,19617,90021
M,1.0,RF,Acc_etc,양말,SO,287419,283326,257559,164834,51478,113356
M,1.0,RF,Acc_etc,캐리어(하드케이스),HH,1024048,1024010,930951,591154,321338,269816
M,1.0,RF,Acc_etc,파우치,PO,818477,818591,744076,473698,140946,332752
M,1.0,RF,Bag,버킷백,BM,3022655,3022712,2747869,1747131,483579,1263552
M,1.0,RF,Bag,쇼퍼백,OR,12113460,11023210,10021094,6409189,1850814,4558375
M,1.0,RF,Bag,숄더백,BQ,4733843,4714789,4286185,2724383,762109,1962274
M,1.0,RF,Bag,크로스백,CR,14704035,13416571,12196903,7799930,2526709,5273221
M,1.0,RF,Bag,힙색,HS,188440,188440,171309,109638,31114,78524
M,1.0,RF,Headwear,방한모,WM,131337,131337,119397,75818,18800,57018
M,1.0,RF,Headwear,비니,BN,34081003,31420629,28564233,18152159,4761838,13390321
M,1.0,RF,Headwear,운동모,CP,200858068,188032419,170938538,108653417,32884227,75769190
M,1.0,RF,Headwear,햇,HT,5017454,4998268,4544004,2888091,683343,2204748
M,1.0,RF,Shoes,런닝화,RN,5314390,5232543,4756956,3030737,982681,2048056
M,1.0,RF,Shoes,스니커즈,SX,516110673,474606846,431461235,274251368,94737425,179513943
M,1.0,RF,Shoes,신발,SH,115700293,106221815,96565233,61412459,23968116,37444343
M,1.0,RF,당시즌의류,다운점퍼,DJ,52076076,49513349,45012070,28713072,9323744,19389328
M,1.0,RF,당시즌의류,우븐팬츠,WP,1966248,1966305,1787501,1135062,375919,759143
M,1.0,RF,당시즌의류,진바지,DP,681430,681430,619481,393371,123740,269631
M,1.0,RF,당시즌의류,팬츠,PT,2982683,2982587,2711521,1722757,531833,1190924
M,1.0,RF,당시즌의류,후드티,HD,264577,264596,240526,152734,49636,103098
M,1.0,RF,차시즌의류,니트가디건,KC,5097399,5051488,4592326,2923608,1083374,1840234
M,1.0,RF,차시즌의류,니트풀오버,KP,1399025,1399044,1271845,807622,211898,595724
M,1.0,RF,차시즌의류,맨투맨,MT,11352086,11326942,10297235,6552940,1910074,4642866
M,1.0,RF,차시즌의류,반팔카라티셔츠,TS,127210364,104828995,95299104,60933599,21371855,39561744
M,1.0,RF,차시즌의류,반팔티셔츠,RS,300743,300743,273406,173612,50921,122691
M,1.0,RF,차시즌의류,방풍자켓,WJ,11940247,11921213,10837458,6900901,2256543,4644358
M,1.0,RF,차시즌의류,스커트,SK,376880,376918,342618,217563,62115,155448
M,1.0,RF,차시즌의류,우븐셔츠,WS,1286722,1286684,1169745,745713,257314,488399
M,1.0,RF,차시즌의류,우븐팬츠,WP,6614436,6567517,5970346,3799370,1131149,2668221
M,1.0,RF,차시즌의류,점퍼,JP,24036576,23937902,21761585,13855411,4272699,9582712
M,1.0,RF,차시즌의류,진바지,DP,321681,321681,292436,187159,52959,134200
M,1.0,RF,차시즌의류,트레이닝(상의),TR,8163832,8151631,7410672,4715250,1472575,3242675
M,1.0,RF,차시즌의류,팬츠,PT,10739180,10706479,9733108,6196467,1822988,4373479
M,1.0,RF,차시즌의류,폴로 티셔츠,PQ,1587465,1587560,1443154,917604,234385,683219
M,1.0,RF,차시즌의류,후드티,HD,7122654,7112508,6465708,4112978,1316071,2796907
M,1.0,백화점,Acc_etc,기타,ET,6107361,5860619,5327823,3498850,1159664,2339186
M,1.0,백화점,Acc_etc,머플러(스카프),MF,4724326,3782277,3438313,2323651,481402,1842249
M,1.0,백화점,Acc_etc,선글라스,GA,2004317,1974357,1794867,1210594,354433,856161
M,1.0,백화점,Acc_etc,양말,SO,13143980,12592593,11447817,7538657,2262704,5275953
M,1.0,백화점,Acc_etc,장갑,GL,296936,285458,259522,169842,53403,116439
M,1.0,백화점,Acc_etc,캐리어(하드케이스),HH,1933890,1714995,1559083,997813,601503,396310
M,1.0,백화점,Acc_etc,파우치,PO,9899765,9709802,8826770,5723745,1817655,3906090
M,1.0,백화점,Bag,가방,BG,378784,265148,241043,154268,6963,147305
M,1.0,백화점,Bag,백팩,BK,6273722,6059737,5508819,3731355,1002345,2729010
M,1.0,백화점,Bag,버킷백,BM,48156904,47243103,42948223,28358099,7733561,20624538
M,1.0,백화점,Bag,쇼퍼백,OR,273828150,269511769,245010617,156955319,41033377,115921942
M,1.0,백화점,Bag,숄더백,BQ,385774869,383987201,349079177,225553096,61363389,164189707
M,1.0,백화점,Bag,크로스백,CR,41177008,40112322,36465795,24066700,7044205,17022495
M,1.0,백화점,Bag,힙색,HS,4408355,4379937,3981697,2578311,652943,1925368
M,1.0,백화점,Headwear,방한모,WM,19297023,18753973,17049010,11067684,2832882,8234802
M,1.0,백화점,Headwear,비니,BN,142531112,134776327,122524442,79733178,19771689,59961489
M,1.0,백화점,Headwear,운동모,CP,1071154205,1047929862,952661230,621302374,169604476,451697898
M,1.0,백화점,Headwear,햇,HT,31136389,29761271,27055990,17616939,3994870,13622069
M,1.0,백화점,Shoes,런닝화,RN,222896038,214191383,194719072,126863944,46689127,80174817
M,1.0,백화점,Shoes,뮬,MU,1954828,977414,888556,564252,340705,223547
M,1.0,백화점,Shoes,방한화,WB,32002452,30738400,27943999,18373833,5587636,12786197
M,1.0,백화점,Shoes,스니커즈,SX,2668503481,2521046908,2291860164,1477396840,477600536,999796304
M,1.0,백화점,Shoes,슬리퍼,LP,1684540,1665487,1514085,970202,301190,669012
M,1.0,백화점,Shoes,신발,SH,1039755142,943642147,857856226,556863609,199150487,357713122
M,1.0,백화점,과시즌의류,니트가디건,KC,12878641,6439378,5853942,3897171,391084,3506087
M,1.0,백화점,과시즌의류,다운점퍼,DJ,-721402,-577121,-524655,-377752,-86846,-290906
M,1.0,백화점,과시즌의류,맨투맨,MT,2053806,1026941,933551,674318,245117,429201
M,1.0,백화점,과시즌의류,반팔카라티셔츠,TS,-188440,-94220,-85655,-54391,-5767,-48624
M,1.0,백화점,과시즌의류,방풍자켓,WJ,738533,369247,335695,285342,22693,262649
M,1.0,백화점,과시즌의류,원피스,OP,264577,132289,120263,75766,31498,44268
M,1.0,백화점,과시즌의류,트레이닝(상의),TR,1964345,982172,892884,657386,232923,424463
M,1.0,백화점,당시즌의류,니트가디건,KC,947911,947911,861738,551513,147175,404338
M,1.0,백화점,당시즌의류,니트풀오버,KP,359749,359749,327046,209309,70661,138648
M,1.0,백화점,당시즌의류,다운베스트,DV,23229520,21702756,19729781,12850413,4474465,8375948
M,1.0,백화점,당시즌의류,다운점퍼,DJ,557196316,515519485,468653841,306139821,99493578,206646243
M,1.0,백화점,당시즌의류,맨투맨,MT,21168100,20507855,18643378,12138515,3705495,8433020
M,1.0,백화점,당시즌의류,반팔카라티셔츠,TS,-76137,-76137,-69217,-44299,-11826,-32473
M,1.0,백화점,당시즌의류,스커트,SK,283612,283593,257828,166299,55931,110368
M,1.0,백화점,당시즌의류,우븐셔츠,WS,1930083,1899114,1726497,1135804,333489,802315
M,1.0,백화점,당시즌의류,우븐팬츠,WP,18113087,17640121,16036439,10499939,3504313,6995626
M,1.0,백화점,당시즌의류,진바지,DP,2385004,2230502,2027727,1288309,437111,851198
M,1.0,백화점,당시즌의류,진스커트,DS,1134447,1134466,1031317,656175,182935,473240
M,1.0,백화점,당시즌의류,트레이닝(상의),TR,5405755,5204848,4731627,3187365,998982,2188383
M,1.0,백화점,당시즌의류,패딩,PD,16666476,15465238,14059326,9360029,3426012,5934017
M,1.0,백화점,당시즌의류,팬츠,PT,63188330,61369426,55790477,36640359,11113315,25527044
M,1.0,백화점,당시즌의류,폴라폴리스점퍼,FD,5611326,5348233,4862050,3182928,1003443,2179485
M,1.0,백화점,당시즌의류,후드티,HD,19110487,18618354,16925751,11125988,3471039,7654949
M,1.0,백화점,차시즌의류,니트가디건,KC,32935135,31851243,28955715,18810722,7354410,11456312
M,1.0,백화점,차시즌의류,니트풀오버,KP,4878504,4802442,4365785,2796091,753153,2042938
M,1.0,백화점,차시즌의류,데님셔츠,DR,4981289,4949464,4499509,2934571,821479,2113092
M,1.0,백화점,차시즌의류,맨투맨,MT,157501627,152873235,138975360,91382040,26243223,65138817
M,1.0,백화점,차시즌의류,반팔카라티셔츠,TS,510988530,499212149,453829024,294982108,85371552,209610556
M,1.0,백화점,차시즌의류,반팔티셔츠,RS,3599395,3475558,3159609,2059848,588843,1471005
M,1.0,백화점,차시즌의류,방풍자켓,WJ,194527244,186629873,169663585,110275872,35283012,74992860
M,1.0,백화점,차시즌의류,스커트,SK,6184260,6009982,5463585,3545481,1013061,2532420
M,1.0,백화점,차시즌의류,우븐셔츠,WS,21552594,19691986,17901842,11695890,4310014,7385876
M,1.0,백화점,차시즌의류,우븐팬츠,WP,90746261,88351930,80319672,52983236,15524334,37458902
M,1.0,백화점,차시즌의류,점퍼,JP,221856763,213405854,194005303,127035535,39647929,87387606
M,1.0,백화점,차시즌의류,진바지,DP,12587415,12304698,11186097,7470786,2055833,5414953
M,1.0,백화점,차시즌의류,진스커트,DS,302646,302646,275132,176085,47285,128800
M,1.0,백화점,차시즌의류,진자켓,DK,1421866,1421866,1292606,847946,226080,621866
M,1.0,백화점,차시즌의류,트레이닝(상의),TR,77637304,75123857,68294380,44897985,13312024,31585961
M,1.0,백화점,차시즌의류,팬츠,PT,164194105,159429464,144935394,95388078,28434453,66953625
M,1.0,백화점,차시즌의류,폴로 티셔츠,PQ,4762394,4533487,4121374,2714647,703156,2011491
M,1.0,백화점,차시즌의류,후드티,HD,77776255,75341495,68492004,44666315,14222603,30443712
M,2.0,면세점,Acc_etc,기타,ET,1282915,1282915,1166275,723102,247709,475393
M,2.0,면세점,Acc_etc,머플러(스카프),MF,1450417,1450417,1318561,817508,161202,656306
M,2.0,면세점,Acc_etc,양말,SO,3378597,3378806,3071447,1904250,608793,1295457
M,2.0,면세점,Acc_etc,파우치,PO,4174233,4174233,3794732,2352735,743478,1609257
M,2.0,면세점,Bag,가방,BG,935818077,468666644,426060609,264157110,17194571,246962539
M,2.0,면세점,Bag,백팩,BK,6898048,6898048,6270954,3887985,1132502,2755483
M,2.0,면세점,Bag,버킷백,BM,227007458,227007591,206370658,127949447,34394991,93554456
M,2.0,면세점,Bag,쇼퍼백,OR,42701659,42701621,38819625,24068175,6770179,17297996
M,2.0,면세점,Bag,숄더백,BQ,197388107,197388030,179443565,111254811,30999212,80255599
M,2.0,면세점,Bag,크로스백,CR,110127035,110127016,100115459,62071495,17868168,44203327
M,2.0,면세점,Bag,힙색,HS,14645028,14645009,13313648,8254449,2231871,6022578
M,2.0,면세점,Headwear,방한모,WM,3024558,3024558,2749590,1704745,433207,1271538
M,2.0,면세점,Headwear,비니,BN,287152195,287152709,261048109,161847415,40118238,121729177
M,2.0,면세점,Headwear,운동모,CP,7250817525,7250785985,6591624686,4086832989,1210103853,2876729136
M,2.0,면세점,Headwear,햇,HT,67128440,67128440,61025620,37835977,8693777,29142200
M,2.0,면세점,Shoes,런닝화,RN,101947975,101947975,92679559,57461299,22070598,35390701
M,2.0,면세점,Shoes,뮬,MU,14104453,7052131,6411016,3974852,2500560,1474292
M,2.0,면세점,Shoes,방한화,WB,3886814,3886814,3533464,2190747,624941,1565806
M,2.0,면세점,Shoes,스니커즈,SX,521493587,494500272,449544795,278717426,89301870,189415556
M,2.0,면세점,Shoes,신발,SH,352023161,310380249,282163737,174941504,65261161,109680343
M,2.0,면세점,과시즌의류,맨투맨,MT,226509,226509,205917,127669,27006,100663
M,2.0,면세점,당시즌의류,다운베스트,DV,5797863,5797863,5270786,3267893,1090002,2177891
M,2.0,면세점,당시즌의류,다운점퍼,DJ,329452229,329452249,299501936,185691284,57032903,128658381
M,2.0,면세점,당시즌의류,맨투맨,MT,1473259,1473259,1339329,830381,267020,563361
M,2.0,면세점,당시즌의류,우븐팬츠,WP,283612,283612,257830,159854,54155,105699
M,2.0,면세점,당시즌의류,진스커트,DS,850835,850835,773489,479563,137201,342362
M,2.0,면세점,당시즌의류,트레이닝(상의),TR,850835,850835,773489,479563,148733,330830
M,2.0,면세점,당시즌의류,패딩,PD,3409052,3409052,3099137,1921472,700778,1220694
M,2.0,면세점,당시즌의류,팬츠,PT,6662022,6662022,6056391,3754950,1200828,2554122
M,2.0,면세점,당시즌의류,후드티,HD,717595,717595,652359,404463,130758,273705
M,2.0,면세점,차시즌의류,데님셔츠,DR,15665270,15665270,14241152,8829504,2529338,6300166
M,2.0,면세점,차시즌의류,맨투맨,MT,46312475,46312475,42102296,26103419,7057512,19045907
M,2.0,면세점,차시즌의류,반팔카라티셔츠,TS,1933648161,1933670146,1757881570,1089882341,326613431,763268910
M,2.0,면세점,차시즌의류,방풍자켓,WJ,123551962,123551981,112319967,69638410,22451963,47186447
M,2.0,면세점,차시즌의류,우븐팬츠,WP,8030592,8030592,7300509,4526309,1367534,3158775
M,2.0,면세점,차시즌의류,점퍼,JP,36321346,36321346,33019415,20471991,6479116,13992875
M,2.0,면세점,차시즌의류,진바지,DP,5072654,5072654,4611496,2859123,843326,2015797
M,2.0,면세점,차시즌의류,진자켓,DK,5801670,5801670,5274255,3270035,874198,2395837
M,2.0,면세점,차시즌의류,트레이닝(상의),TR,2718105,2718105,2471009,1532029,478798,1053231
M,2.0,면세점,차시즌의류,팬츠,PT,3957241,3957241,3597492,2230445,664038,1566407
M,2.0,면세점,차시즌의류,폴로 티셔츠,PQ,6085281,6085281,5532046,3429866,898478,2531388
M,2.0,면세점,차시즌의류,후드티,HD,4711001,4711001,4282729,2655292,889443,1765849
M,3.0,RF,Acc_etc,기타,ET,1713091,1713091,1557337,1557337,341697,1215640
M,3.0,RF,Acc_etc,머플러(스카프),MF,565320,565320,513927,513927,58852,455075
M,3.0,RF,Acc_etc,선글라스,GA,869870,869870,790792,790792,151900,638892
M,3.0,RF,Acc_etc,양말,SO,1712330,1356978,1233631,1233631,318182,915449
M,3.0,RF,Acc_etc,파우치,PO,4191364,4191383,3810342,3810342,796567,3013775
M,3.0,RF,Bag,버킷백,BM,3403342,2835737,2577938,2577938,547219,2030719
M,3.0,RF,Bag,쇼퍼백,OR,1928180,1508472,1371343,1371343,315388,1055955
M,3.0,RF,Bag,숄더백,BQ,12383748,9472634,8611482,8611482,1865916,6745566
M,3.0,RF,Bag,크로스백,CR,1509424,1458602,1326003,1326003,268639,1057364
M,3.0,RF,Headwear,방한모,WM,6403155,5483035,4984567,4984567,913356,4071211
M,3.0,RF,Headwear,비니,BN,37927845,31067941,28243638,28243638,5417138,22826500
M,3.0,RF,Headwear,운동모,CP,702944233,514127713,467388670,467388670,114495491,352893179
M,3.0,RF,Headwear,햇,HT,5599906,4618875,4198983,4198983,718345,3480638
M,3.0,RF,Shoes,런닝화,RN,3875394,3796020,3450935,3450935,798622,2652313
M,3.0,RF,Shoes,방한화,WB,16828268,12362867,11238967,11238967,3013591,8225376
M,3.0,RF,Shoes,스니커즈,SX,57451377,48464061,44058217,44058217,9371334,34686883
M,3.0,RF,Shoes,신발,SH,19106680,16766616,15242368,15242368,3467963,11774405
M,3.0,RF,당시즌의류,다운베스트,DV,2577251,2031346,1846678,1846678,520117,1326561
M,3.0,RF,당시즌의류,다운점퍼,DJ,25671627,23513703,21376084,21376084,4474458,16901626
M,3.0,RF,당시즌의류,맨투맨,MT,188440,188440,171309,171309,31643,139666
M,3.0,RF,당시즌의류,우븐셔츠,WS,321681,321681,292436,292436,54297,238139
M,3.0,RF,당시즌의류,우븐팬츠,WP,888904,718737,653396,653396,180632,472764
M,3.0,RF,당시즌의류,진바지,DP,1703574,1192502,1084092,1084092,304788,779304
M,3.0,RF,당시즌의류,트레이닝(상의),TR,831801,831801,756183,756183,153664,602519
M,3.0,RF,당시즌의류,패딩,PD,2272701,1704526,1549565,1549565,467187,1082378
M,3.0,RF,당시즌의류,팬츠,PT,2794242,2430039,2209125,2209125,456575,1752550
M,3.0,RF,당시즌의류,폴라폴리스점퍼,FD,492990,492990,448173,448173,94016,354157
M,3.0,RF,당시즌의류,후드티,HD,453018,453018,411835,411835,79314,332521
M,3.0,RF,차시즌의류,니트가디건,KC,2141364,2141364,1946696,1946696,503837,1442859
M,3.0,RF,차시즌의류,니트풀오버,KP,321681,321681,292436,292436,46838,245598
M,3.0,RF,차시즌의류,데님셔츠,DR,776601,776601,706001,706001,124382,581619
M,3.0,RF,차시즌의류,맨투맨,MT,27262899,20899906,18999920,18999920,4397551,14602369
M,3.0,RF,차시즌의류,반팔카라티셔츠,TS,17774275,14477126,13161034,13161034,2850242,10310792
M,3.0,RF,차시즌의류,반팔티셔츠,RS,207474,207474,188613,188613,33544,155069
M,3.0,RF,차시즌의류,방풍자켓,WJ,16129708,13280837,12073494,12073494,3219517,8853977
M,3.0,RF,차시즌의류,스커트,SK,1695961,1187172,1079248,1079248,279518,799730
M,3.0,RF,차시즌의류,우븐셔츠,WS,2251764,1769243,1608397,1608397,450299,1158098
M,3.0,RF,차시즌의류,우븐팬츠,WP,8710118,7191177,6537446,6537446,1499636,5037810
M,3.0,RF,차시즌의류,점퍼,JP,14289086,11652638,10593303,10593303,2532248,8061055
M,3.0,RF,차시즌의류,진바지,DP,6606823,5141558,4674143,4674143,1101287,3572856
M,3.0,RF,차시즌의류,진스커트,DS,1815877,1271114,1155560,1155560,283709,871851
M,3.0,RF,차시즌의류,진자켓,DK,1440900,1145106,1041006,1041006,217511,823495
M,3.0,RF,차시즌의류,트레이닝(상의),TR,7332031,6084920,5531744,5531744,1241161,4290583
M,3.0,RF,차시즌의류,팬츠,PT,18455705,14094574,12813262,12813262,3168422,9644840
M,3.0,RF,차시즌의류,후드티,HD,9140295,7767652,7061506,7061506,1647229,5414277
M,3.0,직영점(가두),Acc_etc,기타,ET,6830286,6781901,6165319,6165319,1247582,4917737
M,3.0,직영점(가두),Acc_etc,머플러(스카프),MF,1130640,1111606,1010551,1010551,117705,892846
M,3.0,직영점(가두),Acc_etc,선글라스,GA,16696931,16677897,15161720,15161720,2936741,12224979
M,3.0,직영점(가두),Acc_etc,양말,SO,6258304,6207901,5643443,5643443,1082830,4560613
M,3.0,직영점(가두),Acc_etc,장갑,GL,296936,296936,269945,269945,53407,216538
M,3.0,직영점(가두),Acc_etc,파우치,PO,14542243,14470179,13154673,13154673,2623390,10531283
M,3.0,직영점(가두),Bag,가방,BG,378784,265148,241043,241043,6963,234080
M,3.0,직영점(가두),Bag,백팩,BK,1890111,1890111,1718284,1718284,309148,1409136
M,3.0,직영점(가두),Bag,버킷백,BM,20105983,20086949,18260849,18260849,3142756,15118093
M,3.0,직영점(가두),Bag,쇼퍼백,OR,12366617,12320744,11200675,11200675,1991758,9208917
M,3.0,직영점(가두),Bag,숄더백,BQ,70670732,68880038,62618116,62618116,11344012,51274104
M,3.0,직영점(가두),Bag,크로스백,CR,27674041,27655006,25140848,25140848,5117219,20023629
M,3.0,직영점(가두),Bag,힙색,HS,188440,188440,171309,171309,26252,145057
M,3.0,직영점(가두),Headwear,방한모,WM,17094749,17056680,15506024,15506024,2503847,13002177
M,3.0,직영점(가두),Headwear,비니,BN,185339363,179232725,162938464,162938464,26782614,136155850
M,3.0,직영점(가두),Headwear,운동모,CP,1256305128,1079369392,981242781,981242781,198038447,783204334
M,3.0,직영점(가두),Headwear,햇,HT,18375761,18311387,16646700,16646700,2410078,14236622
M,3.0,직영점(가두),Shoes,런닝화,RN,45728121,45584126,41440087,41440087,9314027,32126060
M,3.0,직영점(가두),Shoes,방한화,WB,20913040,20836902,18942625,18942625,3678582,15264043
M,3.0,직영점(가두),Shoes,스니커즈,SX,281023134,280481569,254982932,254982932,46472311,208510621
M,3.0,직영점(가두),Shoes,슬리퍼,LP,112303,112303,102093,102093,20079,82014
M,3.0,직영점(가두),Shoes,신발,SH,111406144,111192711,101084235,101084235,19906254,81177981
M,3.0,직영점(가두),과시즌의류,레깅스,LG,508217,508217,462015,462015,81298,380717
M,3.0,직영점(가두),과시즌의류,탱크탑,TK,112303,112303,102093,102093,24012,78081
M,3.0,직영점(가두),당시즌의류,다운베스트,DV,5493313,5258049,4780043,4780043,1052398,3727645
M,3.0,직영점(가두),당시즌의류,다운점퍼,DJ,195050688,193499770,175908768,175908768,33947545,141961223
M,3.0,직영점(가두),당시즌의류,맨투맨,MT,2959841,2959841,2690755,2690755,508065,2182690
M,3.0,직영점(가두),당시즌의류,우븐팬츠,WP,10963785,10940830,9946201,9946201,2124528,7821673
M,3.0,직영점(가두),당시즌의류,진바지,DP,1362859,1362859,1238961,1238961,245655,993306
M,3.0,직영점(가두),당시즌의류,진스커트,DS,283612,283612,257828,257828,45734,212094
M,3.0,직영점(가두),당시즌의류,트레이닝(상의),TR,2192757,2178215,1980199,1980199,405070,1575129
M,3.0,직영점(가두),당시즌의류,패딩,PD,10984723,10908966,9917237,9917237,2258070,7659167
M,3.0,직영점(가두),당시즌의류,팬츠,PT,12593126,12571788,11428884,11428884,2150052,9278832
M,3.0,직영점(가두),당시즌의류,폴라폴리스점퍼,FD,757567,757567,688697,688697,146469,542228
M,3.0,직영점(가두),당시즌의류,후드티,HD,3173026,3173026,2884570,2884570,573893,2310677
M,3.0,직영점(가두),차시즌의류,니트가디건,KC,19196141,19163250,17421105,17421105,3779428,13641677
M,3.0,직영점(가두),차시즌의류,니트풀오버,KP,4139971,4139971,3763611,3763611,640456,3123155
M,3.0,직영점(가두),차시즌의류,데님셔츠,DR,4016248,4008919,3644471,3644471,645381,2999090
M,3.0,직영점(가두),차시즌의류,맨투맨,MT,60982249,60862960,55329886,55329886,10329730,45000156
M,3.0,직영점(가두),차시즌의류,반팔카라티셔츠,TS,99559164,99328735,90298483,90298483,16175373,74123110
M,3.0,직영점(가두),차시즌의류,반팔티셔츠,RS,2748560,2741289,2492082,2492082,451091,2040991
M,3.0,직영점(가두),차시즌의류,방풍자켓,WJ,68234336,68126163,61932851,61932851,12672320,49260531
M,3.0,직영점(가두),차시즌의류,스커트,SK,2148978,2148978,1953617,1953617,352124,1601493
M,3.0,직영점(가두),차시즌의류,우븐셔츠,WS,4825208,4825208,4386542,4386542,964929,3421613
M,3.0,직영점(가두),차시즌의류,우븐팬츠,WP,23848136,23833137,21666499,21666499,4077595,17588904
M,3.0,직영점(가두),차시즌의류,점퍼,JP,111006422,110773480,100703106,100703106,19809087,80894019
M,3.0,직영점(가두),차시즌의류,진바지,DP,7990620,7945870,7223507,7223507,1345595,5877912
M,3.0,직영점(가두),차시즌의류,진자켓,DK,6030082,6030082,5481883,5481883,984358,4497525
M,3.0,직영점(가두),차시즌의류,트레이닝(상의),TR,38217167,38132121,34665481,34665481,6730752,27934729
M,3.0,직영점(가두),차시즌의류,팬츠,PT,56166558,56128470,51025807,51025807,9672200,41353607
M,3.0,직영점(가두),차시즌의류,폴로 티셔츠,PQ,2645775,2621392,2383082,2383082,390642,1992440
M,3.0,직영점(가두),차시즌의류,후드티,HD,33924921,33845567,30768691,30768691,6197748,24570943
M,4.0,RF,Bag,버킷백,BM,4910862,3093843,2812584,2812584,710994,2101590
M,4.0,RF,Bag,쇼퍼백,OR,3407149,2146504,1951367,1951367,506426,1444941
M,4.0,RF,Bag,숄더백,BQ,3768801,2374345,2158495,2158495,570802,1587693
M,4.0,RF,Bag,크로스백,CR,2645775,1666838,1515307,1515307,441014,1074293
M,4.0,RF,Headwear,비니,BN,4092385,2578203,2343821,2343821,573294,1770527
M,4.0,RF,Headwear,운동모,CP,262407541,165316751,150287965,150287965,38746156,111541809
M,4.0,RF,Headwear,햇,HT,4035282,2542228,2311113,2311113,581602,1729511
M,4.0,RF,Shoes,스니커즈,SX,221481786,139533525,126848646,126848646,40940933,85907713
M,4.0,RF,Shoes,신발,SH,67461541,42500771,38637064,38637064,14430391,24206673
M,4.0,자사몰,Acc_etc,기타,ET,583212,527916,494992,494992,108802,386190
M,4.0,자사몰,Acc_etc,선글라스,GA,586258,586258,532962,532962,101267,431695
M,4.0,자사몰,Acc_etc,양말,SO,1815116,1540939,1415803,1415803,297543,1118260
M,4.0,자사몰,Acc_etc,캐리어(하드케이스),HH,512024,358417,325834,325834,160669,165165
M,4.0,자사몰,Acc_etc,파우치,PO,1488486,1318566,1215149,1215149,267832,947317
M,4.0,자사몰,Bag,가방,BG,605292,447878,407162,407162,10109,397053
M,4.0,자사몰,Bag,백팩,BK,283612,117061,106419,106419,44162,62257
M,4.0,자사몰,Bag,버킷백,BM,1248653,1041065,946420,946420,200723,745697
M,4.0,자사몰,Bag,쇼퍼백,OR,4096192,3360320,3081480,3081480,704992,2376488
M,4.0,자사몰,Bag,숄더백,BQ,13702828,10030813,9349511,9349511,1445158,7904353
M,4.0,자사몰,Bag,크로스백,CR,5847352,5531976,5123952,5123952,1044761,4079191
M,4.0,자사몰,Bag,힙색,HS,942200,892711,811556,811556,145845,665711
M,4.0,자사몰,Headwear,방한모,WM,1707381,1303986,1185440,1185440,254838,930602
M,4.0,자사몰,Headwear,비니,BN,67585264,58092320,52811231,52811231,9779826,43031405
M,4.0,자사몰,Headwear,운동모,CP,151640951,129337209,117747686,117747686,24252949,93494737
M,4.0,자사몰,Headwear,햇,HT,3121633,2735236,2486567,2486567,396040,2090527
M,4.0,자사몰,Shoes,런닝화,RN,25159603,23286872,21278160,21278160,5409613,15868547
M,4.0,자사몰,Shoes,뮬,MU,3270101,1430999,1316779,1316779,578848,737931
M,4.0,자사몰,Shoes,방한화,WB,2830408,2492358,2265777,2265777,528780,1736997
M,4.0,자사몰,Shoes,샌들,SD,-401625,-50361,-31070,-31070,10330,-41400
M,4.0,자사몰,Shoes,스니커즈,SX,33749805,29883108,27388520,27388520,5647891,21740629
M,4.0,자사몰,Shoes,슬리퍼,LP,224605,296144,292902,292902,58569,234333
M,4.0,자사몰,Shoes,신발,SH,51314703,35377523,32471934,32471934,8657583,23814351
M,4.0,자사몰,과시즌의류,니트가디건,KC,1893918,933026,848207,848207,57512,790695
M,4.0,자사몰,과시즌의류,레깅스,LG,169406,150505,136823,136823,28237,108586
M,4.0,자사몰,과시즌의류,맨투맨,MT,1111606,499899,454453,454453,114888,339565
M,4.0,자사몰,과시즌의류,반팔카라티셔츠,TS,131337,63765,57969,57969,19729,38240
M,4.0,자사몰,과시즌의류,방풍자켓,WJ,890808,690814,628014,628014,74535,553479
M,4.0,자사몰,과시즌의류,원피스,OP,1001207,432498,393179,393179,118013,275166
M,4.0,자사몰,과시즌의류,팬츠,PT,188440,84703,77003,77003,22523,54480
M,4.0,자사몰,과시즌의류,후드티,HD,1471355,986341,896674,896674,156691,739983
M,4.0,자사몰,당시즌의류,니트풀오버,KP,359749,317874,288976,288976,70661,218315
M,4.0,자사몰,당시즌의류,다운베스트,DV,1250557,1208491,1098630,1098630,267189,831441
M,4.0,자사몰,당시즌의류,다운점퍼,DJ,21963736,20140930,18309921,18309921,3971999,14337922
M,4.0,자사몰,당시즌의류,맨투맨,MT,2714298,2598684,2362443,2362443,476967,1885476
M,4.0,자사몰,당시즌의류,반팔카라티셔츠,TS,74234,111305,111305,111305,14264,97041
M,4.0,자사몰,당시즌의류,우븐셔츠,WS,321681,310488,282262,282262,54297,227965
M,4.0,자사몰,당시즌의류,우븐팬츠,WP,5331521,5017150,4561049,4561049,1003735,3557314
M,4.0,자사몰,당시즌의류,점퍼,JP,1593175,1456166,1323786,1323786,303267,1020519
M,4.0,자사몰,당시즌의류,진바지,DP,0,-15227,-13844,-13844,0,-13844
M,4.0,자사몰,당시즌의류,진스커트,DS,283612,283612,257830,257830,45734,212096
M,4.0,자사몰,당시즌의류,트레이닝(상의),TR,2266991,2116258,1923872,1923872,416157,1507715
M,4.0,자사몰,당시즌의류,패딩,PD,5681753,5023469,4566790,4566790,1167969,3398821
M,4.0,자사몰,당시즌의류,팬츠,PT,7811697,7409711,6736102,6736102,1361396,5374706
M,4.0,자사몰,당시즌의류,폴라폴리스점퍼,FD,340715,340715,309740,309740,52877,256863
M,4.0,자사몰,당시즌의류,후드티,HD,3077854,3009483,2735898,2735898,631101,2104797
M,4.0,자사몰,차시즌의류,나시,TO,466342,437790,397989,397989,61614,336375
M,4.0,자사몰,차시즌의류,니트가디건,KC,1250557,1189647,1081497,1081497,186767,894730
M,4.0,자사몰,차시즌의류,니트풀오버,KP,321681,314067,285515,285515,49617,235898
M,4.0,자사몰,차시즌의류,데님셔츠,DR,795636,795636,723305,723305,122574,600731
M,4.0,자사몰,차시즌의류,맨투맨,MT,21160486,20127934,18321513,18321513,3613643,14707870
M,4.0,자사몰,차시즌의류,반바지,SP,262674,255060,231873,231873,45245,186628
M,4.0,자사몰,차시즌의류,반팔카라티셔츠,TS,11964992,11377767,10385526,10385526,1923804,8461722
M,4.0,자사몰,차시즌의류,반팔티셔츠,RS,300743,260771,237063,237063,50921,186142
M,4.0,자사몰,차시즌의류,방풍자켓,WJ,31711226,30133298,27393908,27393908,5719135,21674773
M,4.0,자사몰,차시즌의류,스커트,SK,1452321,1399025,1271841,1271841,246748,1025093
M,4.0,자사몰,차시즌의류,우븐셔츠,WS,321681,319777,290706,290706,64328,226378
M,4.0,자사몰,차시즌의류,우븐팬츠,WP,4724326,4647294,4224820,4224820,801729,3423091
M,4.0,자사몰,차시즌의류,점퍼,JP,18935371,18113391,16466717,16466717,3235950,13230767
M,4.0,자사몰,차시즌의류,진바지,DP,321681,304664,276967,276967,54299,222668
M,4.0,자사몰,차시즌의류,진스커트,DS,302646,302646,275132,275132,47285,227847
M,4.0,자사몰,차시즌의류,진자켓,DK,531058,521541,474127,474127,78048,396079
M,4.0,자사몰,차시즌의류,트레이닝(상의),TR,10092012,9585508,8714095,8714095,1739656,6974439
M,4.0,자사몰,차시즌의류,팬츠,PT,8344659,7887416,7170382,7170382,1460289,5710093
M,4.0,자사몰,차시즌의류,후드티,HD,14635511,13774531,12522312,12522312,2710746,9811566
M,5.0,제휴몰,Acc_etc,기타,ET,1760487,1760487,1600442,1600442,322025,1278417
M,5.0,제휴몰,Acc_etc,머플러(스카프),MF,508217,508217,462015,462015,63114,398901
M,5.0,제휴몰,Acc_etc,선글라스,GA,283612,283612,257830,257830,50633,207197
M,5.0,제휴몰,Acc_etc,양말,SO,2129944,2129944,1936305,1936305,372087,1564218
M,5.0,제휴몰,Acc_etc,장갑,GL,74234,74234,67486,67486,13351,54135
M,5.0,제휴몰,Acc_etc,파우치,PO,3254874,3254893,2959006,2959006,547723,2411283
M,5.0,제휴몰,Bag,가방,BG,226509,226509,205917,205917,3146,202771
M,5.0,제휴몰,Bag,백팩,BK,1058310,916504,833187,833187,162070,671117
M,5.0,제휴몰,Bag,버킷백,BM,321681,321681,292436,292436,53873,238563
M,5.0,제휴몰,Bag,쇼퍼백,OR,4119033,3870064,3518246,3518246,683242,2835004
M,5.0,제휴몰,Bag,숄더백,BQ,23998508,20369990,18518176,18518176,3263085,15255091
M,5.0,제휴몰,Bag,크로스백,CR,6812394,6812394,6193077,6193077,1302562,4890515
M,5.0,제휴몰,Bag,힙색,HS,527251,527251,479319,479319,75043,404276
M,5.0,제휴몰,Headwear,방한모,WM,6934213,6934213,6303813,6303813,980155,5323658
M,5.0,제휴몰,Headwear,비니,BN,127419742,126343254,114857631,114857631,17580428,97277203
M,5.0,제휴몰,Headwear,운동모,CP,540006396,539967546,490879631,490879631,88768065,402111566
M,5.0,제휴몰,Headwear,햇,HT,6831428,6831428,6210375,6210375,870582,5339793
M,5.0,제휴몰,Shoes,런닝화,RN,34204726,34204726,31095271,31095271,7430907,23664364
M,5.0,제휴몰,Shoes,뮬,MU,12859606,6429765,5845194,5845194,2275792,3569402
M,5.0,제휴몰,Shoes,방한화,WB,14734490,14734490,13395005,13395005,2528510,10866495
M,5.0,제휴몰,Shoes,샌들,SD,1886304,1777808,1616189,1616189,168612,1447577
M,5.0,제휴몰,Shoes,스니커즈,SX,254885166,251373195,228521183,228521183,42948090,185573093
M,5.0,제휴몰,Shoes,슬리퍼,LP,786119,786119,714648,714648,140555,574093
M,5.0,제휴몰,Shoes,신발,SH,285991100,210676766,191524385,191524385,52264939,139259446
M,5.0,제휴몰,Shoes,아쿠아 슈즈,SQ,169406,169406,154005,154005,37726,116279
M,5.0,제휴몰,과시즌의류,니트가디건,KC,1515134,757567,688701,688701,46010,642691
M,5.0,제휴몰,과시즌의류,맨투맨,MT,4010537,2005269,1822981,1822981,280319,1542662
M,5.0,제휴몰,과시즌의류,원피스,OP,245543,122772,111610,111610,28839,82771
M,5.0,제휴몰,과시즌의류,점퍼,JP,645264,322632,293302,293302,18852,274450
M,5.0,제휴몰,과시즌의류,탱크탑,TK,336908,336908,306278,306278,72037,234241
M,5.0,제휴몰,과시즌의류,트레이닝(상의),TR,491086,245543,223220,223220,58232,164988
M,5.0,제휴몰,과시즌의류,팬츠,PT,0,0,0,0,0,0
M,5.0,제휴몰,과시즌의류,후드티,HD,603389,301694,274268,274268,52173,222095
M,5.0,제휴몰,당시즌의류,다운베스트,DV,3144475,3144475,2858613,2858613,584145,2274468
M,5.0,제휴몰,당시즌의류,다운점퍼,DJ,240548494,240548494,218680358,218680358,42779982,175900376
M,5.0,제휴몰,당시즌의류,맨투맨,MT,5788346,5788346,5262135,5262135,1048031,4214104
M,5.0,제휴몰,당시즌의류,반팔카라티셔츠,TS,300743,300743,273402,273402,52181,221221
M,5.0,제휴몰,당시즌의류,스커트,SK,567224,567224,515660,515660,111861,403799
M,5.0,제휴몰,당시즌의류,우븐팬츠,WP,12551250,12551250,11410255,11410255,2292114,9118141
M,5.0,제휴몰,당시즌의류,원피스,OP,736629,736629,669665,669665,146747,522918
M,5.0,제휴몰,당시즌의류,진바지,DP,681430,681430,619481,619481,123740,495741
M,5.0,제휴몰,당시즌의류,트레이닝(상의),TR,7554733,7554733,6867945,6867945,1383554,5484391
M,5.0,제휴몰,당시즌의류,패딩,PD,58332667,58332667,53029671,53029671,11991151,41038520
M,5.0,제휴몰,당시즌의류,팬츠,PT,14319541,14319541,13017776,13017776,2481409,10536367
M,5.0,제휴몰,당시즌의류,폴라폴리스점퍼,FD,2651485,2651485,2410438,2410438,431518,1978920
M,5.0,제휴몰,당시즌의류,후드티,HD,6814297,6814297,6194826,6194826,1248343,4946483
M,5.0,제휴몰,차시즌의류,니트가디건,KC,1250557,1250557,1136870,1136870,186765,950105
M,5.0,제휴몰,차시즌의류,니트풀오버,KP,283612,283612,257830,257830,42367,215463
M,5.0,제휴몰,차시즌의류,데님셔츠,DR,359749,359749,327044,327044,62579,264465
M,5.0,제휴몰,차시즌의류,맨투맨,MT,31597020,31597020,28724543,28724543,5319794,23404749
M,5.0,제휴몰,차시즌의류,반팔카라티셔츠,TS,12773952,12773952,11612651,11612651,2052986,9559665
M,5.0,제휴몰,차시즌의류,방풍자켓,WJ,18111183,18111183,16464708,16464708,3310616,13154092
M,5.0,제휴몰,차시즌의류,스커트,SK,188440,188440,171309,171309,31056,140253
M,5.0,제휴몰,차시즌의류,우븐셔츠,WS,1608403,1608403,1462181,1462181,321642,1140539
M,5.0,제휴몰,차시즌의류,우븐팬츠,WP,1001207,1001207,910190,910190,174155,736035
M,5.0,제휴몰,차시즌의류,점퍼,JP,18725993,18725993,17023629,17023629,3273436,13750193
M,5.0,제휴몰,차시즌의류,진바지,DP,2006220,2006220,1823833,1823833,336101,1487732
M,5.0,제휴몰,차시즌의류,진스커트,DS,302646,302646,275132,275132,47285,227847
M,5.0,제휴몰,차시즌의류,진자켓,DK,512024,512024,465475,465475,86620,378855
M,5.0,제휴몰,차시즌의류,트레이닝(상의),TR,7065550,7065550,6423238,6423238,1206625,5216613
M,5.0,제휴몰,차시즌의류,팬츠,PT,10322328,10322328,9383948,9383948,1800672,7583276
M,5.0,제휴몰,차시즌의류,후드티,HD,17816151,17816151,16196526,16196526,3296810,12899716
M,6.0,RF,Acc_etc,기타,ET,1010534,929828,845295,528622,199392,329230
M,6.0,RF,Acc_etc,머플러(스카프),MF,319777,282089,256444,163772,43497,120275
M,6.0,RF,Acc_etc,양말,SO,1033946,1033946,939947,597734,181803,415931
M,6.0,RF,Acc_etc,장갑,GL,74234,74234,67486,44540,13351,31189
M,6.0,RF,Acc_etc,파우치,PO,1159192,1116936,1015393,622121,197658,424463
M,6.0,RF,Bag,버킷백,BM,4817594,4501681,4092448,2636832,752845,1883987
M,6.0,RF,Bag,쇼퍼백,OR,15025715,12996654,11815144,7347544,2316461,5031083
M,6.0,RF,Bag,숄더백,BQ,8759608,7792663,7084242,4530455,1409633,3120822
M,6.0,RF,Bag,크로스백,CR,3490900,3169981,2881797,1858272,606185,1252087
M,6.0,RF,Bag,힙색,HS,1695961,1507520,1370473,856546,260576,595970
M,6.0,RF,Headwear,방한모,WM,2385004,2185905,1987182,1292408,348822,943586
M,6.0,RF,Headwear,비니,BN,19609187,17619659,16017868,10555502,2761378,7794124
M,6.0,RF,Headwear,운동모,CP,188249715,158804795,144367755,91879379,28637063,63242316
M,6.0,RF,Headwear,햇,HT,5896841,5540138,5036476,3286594,762720,2523874
M,6.0,RF,Shoes,런닝화,RN,17924647,16309792,14827084,9745827,3466962,6278865
M,6.0,RF,Shoes,방한화,WB,2188950,2022971,1839068,1189639,379522,810117
M,6.0,RF,Shoes,스니커즈,SX,149168389,126463589,114966932,74498336,25304298,49194038
M,6.0,RF,Shoes,신발,SH,115567052,94249799,85681618,55798221,23186607,32611614
M,6.0,RF,당시즌의류,다운베스트,DV,1212488,1129118,1026469,636543,238110,398433
M,6.0,RF,당시즌의류,다운점퍼,DJ,46605604,43435757,39487043,25737821,8312603,17425218
M,6.0,RF,당시즌의류,맨투맨,MT,1357149,1319461,1199510,786195,231050,555145
M,6.0,RF,당시즌의류,우븐팬츠,WP,2268894,2098727,1907935,1203544,444928,758616
M,6.0,RF,당시즌의류,진바지,DP,1362859,1294716,1177014,781786,245655,536131
M,6.0,RF,당시즌의류,트레이닝(상의),TR,264577,264577,240526,158746,48871,109875
M,6.0,RF,당시즌의류,패딩,PD,1893918,1704526,1549567,991379,389319,602060
M,6.0,RF,당시즌의류,팬츠,PT,4682450,4192449,3811320,2456632,840734,1615898
M,6.0,RF,당시즌의류,폴라폴리스점퍼,FD,871773,796016,723652,466591,167251,299340
M,6.0,RF,당시즌의류,후드티,HD,1132544,1087242,988402,645756,214496,431260
M,6.0,RF,차시즌의류,니트가디건,KC,-2615320,-2615320,-2377565,-1334552,-752888,-581664
M,6.0,RF,차시즌의류,니트풀오버,KP,1153482,1100566,1000516,637173,173999,463174
M,6.0,RF,차시즌의류,맨투맨,MT,11235976,10168530,9244117,5856492,1857469,3999023
M,6.0,RF,차시즌의류,반팔카라티셔츠,TS,18328175,16320527,14836819,9488844,3044327,6444517
M,6.0,RF,차시즌의류,반팔티셔츠,RS,150371,150371,136701,82021,25460,56561
M,6.0,RF,차시즌의류,방풍자켓,WJ,7674650,7238763,6580690,4270096,1410285,2859811
M,6.0,RF,차시즌의류,스커트,SK,188440,188440,171309,113064,31056,82008
M,6.0,RF,차시즌의류,우븐셔츠,WS,1286722,1222386,1111258,724074,257314,466760
M,6.0,RF,차시즌의류,우븐팬츠,WP,4006731,3738346,3398501,2207465,682006,1525459
M,6.0,RF,차시즌의류,점퍼,JP,23676827,21874274,19885706,12733551,4164818,8568733
M,6.0,RF,차시즌의류,진바지,DP,1362859,1234187,1121987,721798,228357,493441
M,6.0,RF,차시즌의류,트레이닝(상의),TR,4910862,4370667,3973344,2649473,892898,1756575
M,6.0,RF,차시즌의류,팬츠,PT,9132681,8271319,7519381,4839133,1591610,3247523
M,6.0,RF,차시즌의류,폴로 티셔츠,PQ,1587465,1534549,1395045,884168,234385,649783
M,6.0,RF,차시즌의류,후드티,HD,7065550,6390155,5809232,3722746,1278309,2444437
M,6.0,대리점,Acc_etc,기타,ET,2835357,2778977,2526353,1634955,545743,1089212
M,6.0,대리점,Acc_etc,머플러(스카프),MF,2615320,2544893,2313538,1493884,343717,1150167
M,6.0,대리점,Acc_etc,선글라스,GA,605292,322290,292981,190439,101267,89172
M,6.0,대리점,Acc_etc,양말,SO,8837458,8587937,7807152,5018016,1531957,3486059
M,6.0,대리점,Acc_etc,캐리어(하드케이스),HH,454921,454921,413565,272953,140081,132872
M,6.0,대리점,Acc_etc,파우치,PO,4246563,4182151,3801980,2437356,761658,1675698
M,6.0,대리점,Bag,가방,BG,378784,265148,241045,171142,6963,164179
M,6.0,대리점,Bag,백팩,BK,3989600,3518804,3198913,2073261,647027,1426234
M,6.0,대리점,Bag,버킷백,BM,25007328,24055554,21868686,13965475,3901887,10063588
M,6.0,대리점,Bag,쇼퍼백,OR,62234709,61150322,55591239,35559798,9611741,25948057
M,6.0,대리점,Bag,숄더백,BQ,292980513,290251387,263864890,166274548,46709071,119565477
M,6.0,대리점,Bag,크로스백,CR,31161133,29702208,27002020,17350162,5345666,12004496
M,6.0,대리점,Bag,힙색,HS,2750463,2626950,2388141,1529657,430108,1099549
M,6.0,대리점,Headwear,방한모,WM,4415969,4321806,3928916,2528266,641526,1886740
M,6.0,대리점,Headwear,비니,BN,93492917,88886357,80805777,51161109,13069192,38091917
M,6.0,대리점,Headwear,운동모,CP,1605996581,1554050091,1412771217,879277224,268459055,610818169
M,6.0,대리점,Headwear,햇,HT,11610953,11199716,10181513,6510614,1475278,5035336
M,6.0,대리점,Shoes,런닝화,RN,145226376,140446127,127678297,82018616,30163878,51854738
M,6.0,대리점,Shoes,방한화,WB,15263645,14518888,13198995,8451685,2585131,5866554
M,6.0,대리점,Shoes,스니커즈,SX,1533827846,1429514853,1299558818,822243286,268484093,553759193
M,6.0,대리점,Shoes,슬리퍼,LP,2358356,2299159,2090126,1333050,421670,911380
M,6.0,대리점,Shoes,신발,SH,972777074,921616854,837833290,528116087,193336409,334779678
M,6.0,대리점,과시즌의류,니트가디건,KC,378784,189411,172175,129131,11502,117629
M,6.0,대리점,과시즌의류,다운베스트,DV,416852,416852,378957,250111,49786,200325
M,6.0,대리점,과시즌의류,레깅스,LG,169406,160174,145613,90280,20176,70104
M,6.0,대리점,과시즌의류,맨투맨,MT,226509,226509,205917,135905,27164,108741
M,6.0,대리점,과시즌의류,반팔카라티셔츠,TS,0,0,0,0,0,0
M,6.0,대리점,과시즌의류,우븐팬츠,WP,188440,188440,171309,113064,22611,90453
M,6.0,대리점,과시즌의류,점퍼,JP,645264,322632,293302,219976,19322,200654
M,6.0,대리점,당시즌의류,니트가디건,KC,833705,833705,757912,495913,133973,361940
M,6.0,대리점,당시즌의류,니트풀오버,KP,1515134,1365258,1241139,810859,268815,542044
M,6.0,대리점,당시즌의류,다운베스트,DV,17770469,16693886,15176262,9726507,3371998,6354509
M,6.0,대리점,당시즌의류,다운점퍼,DJ,286465055,255950119,232681786,150133553,51425433,98708120
M,6.0,대리점,당시즌의류,맨투맨,MT,14292893,13868065,12607279,8093145,2500929,5592216
M,6.0,대리점,당시즌의류,반팔카라티셔츠,TS,148468,138570,125973,81971,28529,53442
M,6.0,대리점,당시즌의류,방풍자켓,WJ,321681,321681,292436,187159,60563,126596
M,6.0,대리점,당시즌의류,우븐셔츠,WS,643361,624327,567570,365996,116298,249698
M,6.0,대리점,당시즌의류,우븐팬츠,WP,16616987,16076640,14615051,9435270,3235019,6200251
M,6.0,대리점,당시즌의류,점퍼,JP,1024048,1024048,930955,609602,192727,416875
M,6.0,대리점,당시즌의류,진바지,DP,1362859,1318700,1198829,770347,249306,521041
M,6.0,대리점,당시즌의류,진스커트,DS,283612,283612,257828,167588,45734,121854
M,6.0,대리점,당시즌의류,진자켓,DK,492990,492990,448173,286831,74864,211967
M,6.0,대리점,당시즌의류,트레이닝(상의),TR,6465968,6285808,5714365,3669358,1188099,2481259
M,6.0,대리점,당시즌의류,패딩,PD,16287693,15210520,13827751,9008015,3348157,5659858
M,6.0,대리점,당시즌의류,팬츠,PT,41510109,40645093,36950065,23823032,7203199,16619833
M,6.0,대리점,당시즌의류,폴라폴리스점퍼,FD,2653388,2561909,2329013,1494929,481274,1013655
M,6.0,대리점,당시즌의류,후드티,HD,18429057,18008265,16371115,10517108,3376163,7140945
M,6.0,대리점,차시즌의류,니트가디건,KC,13624787,12870723,11700691,7419825,2751779,4668046
M,6.0,대리점,차시즌의류,니트풀오버,KP,6922793,6769871,6154428,3934278,1037444,2896834
M,6.0,대리점,차시즌의류,데님셔츠,DR,5493313,5317645,4834243,3085559,884214,2201345
M,6.0,대리점,차시즌의류,맨투맨,MT,125038545,121259427,110235761,70657551,20503518,50154033
M,6.0,대리점,차시즌의류,반팔카라티셔츠,TS,222995017,219425943,199478236,126207526,37020487,89187039
M,6.0,대리점,차시즌의류,반팔티셔츠,RS,2676230,2604375,2367626,1539129,437289,1101840
M,6.0,대리점,차시즌의류,방풍자켓,WJ,115365288,108967329,99061159,63486432,20995133,42491299
M,6.0,대리점,차시즌의류,스커트,SK,5843545,5686740,5169765,3351819,961020,2390799
M,6.0,대리점,차시즌의류,우븐셔츠,WS,6111930,5605597,5096002,3258269,1222241,2036028
M,6.0,대리점,차시즌의류,우븐팬츠,WP,41517723,40284221,36622020,23565634,7097313,16468321
M,6.0,대리점,차시즌의류,점퍼,JP,115639383,111728814,101571733,64951407,20822434,44128973
M,6.0,대리점,차시즌의류,진바지,DP,13042336,12410224,11282011,7303906,2174756,5129150
M,6.0,대리점,차시즌의류,진스커트,DS,907938,852739,775220,492887,141855,351032
M,6.0,대리점,차시즌의류,진자켓,DK,1933890,1914856,1740779,1122197,312700,809497
M,6.0,대리점,차시즌의류,트레이닝(상의),TR,35691309,34598185,31452863,20141644,6068487,14073157
M,6.0,대리점,차시즌의류,팬츠,PT,96091106,92689915,84263519,54078875,16438932,37639943
M,6.0,대리점,차시즌의류,폴로 티셔츠,PQ,7143591,7117952,6470851,4095558,1054733,3040825
M,6.0,대리점,차시즌의류,후드티,HD,58960801,57397357,52179359,33555879,10807871,22748008
M,8.0,사입,Acc_etc,양말,SO,50882623,12719837,11563554,11563554,7647018,3916536
M,8.0,사입,Acc_etc,캐리어(하드케이스),HH,14125391,3531348,3210328,3210328,4113626,-903298
M,8.0,사입,Bag,백팩,BK,584379271,150316617,136651538,136651538,85667736,50983802
M,8.0,사입,Bag,버킷백,BM,203612339,50902533,46275001,46275001,31005838,15269163
M,8.0,사입,Bag,보스톤백,BW,0,0,-4,-4,0,-4
M,8.0,사입,Bag,쇼퍼백,OR,79470312,19867426,18061253,18061253,15759244,2302009
M,8.0,사입,Bag,숄더백,BQ,660577578,168661980,153329005,153329005,106136324,47192681
M,8.0,사입,Bag,크로스백,CR,313048427,78261460,71146869,71146869,49516212,21630657
M,8.0,사입,Bag,힙색,HS,113252475,28313119,25739199,25739199,18699453,7039746
M,8.0,사입,Headwear,메시캡,MC,124615982,31114404,28285820,28285820,16126521,12159299
M,8.0,사입,Headwear,비니,BN,-112303,-28076,-25523,-25523,-13318,-12205
M,8.0,사입,Headwear,선캡,SC,28734254,6897934,6270874,6270874,3782719,2488155
M,8.0,사입,Headwear,운동모,CP,1741193758,458472455,416793177,416793177,242864051,173929126
M,8.0,사입,Headwear,햇,HT,651802743,174141722,158310667,158310667,91865243,66445424
M,8.0,사입,Shoes,런닝화,RN,573689580,141574521,128704126,128704126,95417899,33286227
M,8.0,사입,Shoes,샌들,SD,262712090,28898330,26271209,26271209,6417865,19853344
M,8.0,사입,Shoes,스니커즈,SX,1697055005,418067443,380061405,380061405,307495028,72566377
M,8.0,사입,Shoes,슬리퍼,LP,241987491,26618624,24198749,24198749,6197609,18001140
M,8.0,사입,Shoes,신발,SH,583185817,125307881,113916209,113916209,92085824,21830385
M,8.0,사입,Shoes,아쿠아 슈즈,SQ,9610443,1057149,961044,961044,1027269,-66225
M,8.0,사입,과시즌의류,니트가디건,KC,499541272,114452648,104047833,104047833,73841075,30206758
M,8.0,사입,과시즌의류,니트풀오버,KP,343842198,70773994,64339948,64339948,51374750,12965198
M,8.0,사입,과시즌의류,데님셔츠,DR,463688172,117004603,106367740,106367740,78097235,28270505
M,8.0,사입,과시즌의류,데님원피스,DD,15166570,1668323,1516657,1516657,1580053,-63396
M,8.0,사입,과시즌의류,레깅스,LG,82081825,9029001,8208182,8208182,8584016,-375834
M,8.0,사입,과시즌의류,맨투맨,MT,947183487,199125486,181023047,181023047,149456611,31566436
M,8.0,사입,과시즌의류,반팔카라티셔츠,TS,141843972,40899487,37181291,37181291,23047986,14133305
M,8.0,사입,과시즌의류,반팔티셔츠,RS,0,0,0,0,0,0
M,8.0,사입,과시즌의류,방수자켓,JK,16331472,1796462,1633147,1633147,1738146,-104999
M,8.0,사입,과시즌의류,방풍자켓,WJ,649412029,162282618,147529635,147529635,117319933,30209702
M,8.0,사입,과시즌의류,스커트,SK,123807022,30951908,28138022,28138022,23405871,4732151
M,8.0,사입,과시즌의류,우븐셔츠,WS,270938736,61472878,55884323,55884323,47585485,8298838
M,8.0,사입,과시즌의류,우븐팬츠,WP,594836742,147933269,134484828,134484828,117164217,17320611
M,8.0,사입,과시즌의류,원피스,OP,59345295,6527982,5934529,5934529,6215855,-281326
M,8.0,사입,과시즌의류,점퍼,JP,1163171960,229867293,208970226,208970226,173361529,35608697
M,8.0,사입,과시즌의류,진바지,DP,320955296,82803036,75275494,75275494,51285995,23989499
M,8.0,사입,과시즌의류,진스커트,DS,61911125,15477705,14070675,14070675,10668503,3402172
M,8.0,사입,과시즌의류,진자켓,DK,276877453,67936848,61760788,61760788,43820032,17940756
M,8.0,사입,과시즌의류,트레이닝(상의),TR,306656693,60041971,54583635,54583635,41645006,12938629
M,8.0,사입,과시즌의류,팬츠,PT,508278039,102731067,93391872,93391872,76136263,17255609
M,8.0,사입,과시즌의류,폴로 티셔츠,PQ,323915137,65089538,59172282,59172282,48919559,10252723
M,8.0,사입,과시즌의류,후드티,HD,712170182,149598946,135999052,135999052,124546221,11452831
M,11.0,직영몰,Acc_etc,기타,ET,1166615,507151,461039,461039,219616,241423
M,11.0,직영몰,Acc_etc,머플러(스카프),MF,319777,319777,290706,290706,43497,247209
M,11.0,직영몰,Acc_etc,선글라스,GA,3479479,3375095,3068274,3068274,607599,2460675
M,11.0,직영몰,Acc_etc,양말,SO,801156,684247,622033,622033,131900,490133
M,11.0,직영몰,Acc_etc,파우치,PO,858449,850131,772857,772857,150954,621903
M,11.0,직영몰,Bag,백팩,BK,774698,748240,680219,680219,117908,562311
M,11.0,직영몰,Bag,버킷백,BM,1680733,1680733,1527941,1527941,263005,1264936
M,11.0,직영몰,Bag,쇼퍼백,OR,1075441,1031148,937407,937407,178028,759379
M,11.0,직영몰,Bag,숄더백,BQ,3171123,2941702,2674280,2674280,501053,2173227
M,11.0,직영몰,Bag,크로스백,CR,3791642,3701496,3364991,3364991,703555,2661436
M,11.0,직영몰,Bag,힙색,HS,338811,338811,308010,308010,53652,254358
M,11.0,직영몰,Headwear,방한모,WM,300743,286277,260251,260251,39654,220597
M,11.0,직영몰,Headwear,비니,BN,13341175,13166688,11969735,11969735,1901039,10068696
M,11.0,직영몰,Headwear,운동모,CP,122933346,121924715,110840437,110840437,19346518,91493919
M,11.0,직영몰,Headwear,햇,HT,2365970,2345451,2132222,2132222,305269,1826953
M,11.0,직영몰,Shoes,런닝화,RN,12477016,12306183,11187456,11187456,2543227,8644229
M,11.0,직영몰,Shoes,방한화,WB,3037882,3021798,2747093,2747093,513273,2233820
M,11.0,직영몰,Shoes,스니커즈,SX,40522226,39617391,36015829,36015829,6720757,29295072
M,11.0,직영몰,Shoes,신발,SH,16677897,16299875,14818060,14818060,3035343,11782717
M,11.0,직영몰,과시즌의류,레깅스,LG,357846,357846,325314,325314,58934,266380
M,11.0,직영몰,과시즌의류,맨투맨,MT,188440,94220,85655,85655,22419,63236
M,11.0,직영몰,과시즌의류,팬츠,PT,-245543,-245543,-223222,-223222,-44346,-178876
M,11.0,직영몰,당시즌의류,니트풀오버,KP,681430,645607,586915,586915,122838,464077
M,11.0,직영몰,당시즌의류,다운베스트,DV,3296749,3080709,2800644,2800644,611225,2189419
M,11.0,직영몰,당시즌의류,다운점퍼,DJ,38418931,35285687,32077889,32077889,6869272,25208617
M,11.0,직영몰,당시즌의류,맨투맨,MT,2356452,2158343,1962137,1962137,420221,1541916
M,11.0,직영몰,당시즌의류,반팔카라티셔츠,TS,468245,392203,356548,356548,74207,282341
M,11.0,직영몰,당시즌의류,방풍자켓,WJ,359749,323927,294479,294479,70130,224349
M,11.0,직영몰,당시즌의류,우븐팬츠,WP,3005524,2868800,2608003,2608003,574696,2033307
M,11.0,직영몰,당시즌의류,진바지,DP,681430,662395,602176,602176,124329,477847
M,11.0,직영몰,당시즌의류,트레이닝(상의),TR,831801,813795,739814,739814,153664,586150
M,11.0,직영몰,당시즌의류,패딩,PD,1136351,1060594,964175,964175,233591,730584
M,11.0,직영몰,당시즌의류,팬츠,PT,5040296,4891352,4446683,4446683,864993,3581690
M,11.0,직영몰,당시즌의류,폴라폴리스점퍼,FD,1062117,1024048,930953,930953,187911,743042
M,11.0,직영몰,당시즌의류,후드티,HD,2775208,2563946,2330861,2330861,516792,1814069
M,11.0,직영몰,차시즌의류,니트가디건,KC,3429990,3400030,3090944,3090944,828584,2262360
M,11.0,직영몰,차시즌의류,니트풀오버,KP,264577,264577,240526,240526,42426,198100
M,11.0,직영몰,차시즌의류,맨투맨,MT,19432167,19131215,17392020,17392020,3322996,14069024
M,11.0,직영몰,차시즌의류,반팔카라티셔츠,TS,17050970,16577529,15070440,15070440,2807056,12263384
M,11.0,직영몰,차시즌의류,반팔티셔츠,RS,772795,772795,702541,702541,126095,576446
M,11.0,직영몰,차시즌의류,방풍자켓,WJ,13352596,13109718,11917920,11917920,2399974,9517946
M,11.0,직영몰,차시즌의류,스커트,SK,641458,625621,568746,568746,103667,465079
M,11.0,직영몰,차시즌의류,우븐셔츠,WS,1286722,1270924,1155383,1155383,257314,898069
M,11.0,직영몰,차시즌의류,우븐팬츠,WP,4440714,4408983,4008177,4008177,756869,3251308
M,11.0,직영몰,차시즌의류,점퍼,JP,26048507,25485376,23168521,23168521,4620843,18547678
M,11.0,직영몰,차시즌의류,진바지,DP,2139461,2112489,1920436,1920436,357206,1563230
M,11.0,직영몰,차시즌의류,진스커트,DS,302646,302646,275132,275132,47285,227847
M,11.0,직영몰,차시즌의류,진자켓,DK,512024,512024,465475,465475,86620,378855
M,11.0,직영몰,차시즌의류,트레이닝(상의),TR,8314204,8169752,7427057,7427057,1387001,6040056
M,11.0,직영몰,차시즌의류,팬츠,PT,11131288,10997514,9997752,9997752,1918996,8078756
M,11.0,직영몰,차시즌의류,폴로 티셔츠,PQ,529155,529155,481051,481051,78128,402923
M,11.0,직영몰,차시즌의류,후드티,HD,11616663,11533902,10485384,10485384,2145561,8339823
M,99.0,기타,Acc_etc,기타,ET,110399,55200,50182,50182,19291,30891
M,99.0,기타,Acc_etc,선글라스,GA,283612,141806,128914,128914,50633,78281
M,99.0,기타,Acc_etc,양말,SO,140093,70046,63678,63678,22927,40751
M,99.0,기타,Acc_etc,파우치,PO,74234,37117,33742,33742,14057,19685
M,99.0,기타,Bag,쇼퍼백,OR,605292,302646,275130,275130,95773,179357
M,99.0,기타,Headwear,방한모,WM,150371,75186,68350,68350,22748,45602
M,99.0,기타,Headwear,비니,BN,521541,294252,267501,267501,72336,195165
M,99.0,기타,Headwear,운동모,CP,2044289,1098453,998590,998590,303185,695405
M,99.0,기타,Shoes,런닝화,RN,567224,391841,356228,356228,98769,257459
M,99.0,기타,Shoes,방한화,WB,207474,103737,94306,94306,24903,69403
M,99.0,기타,Shoes,샌들,SD,188440,85655,77870,77870,3053,74817
M,99.0,기타,Shoes,스니커즈,SX,1134447,567224,515658,515658,188280,327378
M,99.0,기타,Shoes,신발,SH,946007,473004,430003,430003,175580,254423
M,99.0,기타,과시즌의류,맨투맨,MT,169406,77013,70005,70005,2248,67757
M,99.0,기타,당시즌의류,다운점퍼,DJ,1100185,782921,711744,711744,184957,526787
M,99.0,기타,당시즌의류,맨투맨,MT,906035,530107,481915,481915,167426,314489
M,99.0,기타,당시즌의류,반팔카라티셔츠,TS,74234,37117,33742,33742,14264,19478
M,99.0,기타,당시즌의류,우븐팬츠,WP,567224,283612,257828,257828,110966,146862
M,99.0,기타,당시즌의류,팬츠,PT,679526,339763,308876,308876,116732,192144
M,99.0,기타,당시즌의류,후드티,HD,717595,544116,494661,494661,129875,364786
M,99.0,기타,차시즌의류,니트가디건,KC,435887,217943,198130,198130,128364,69766
M,99.0,기타,차시즌의류,맨투맨,MT,565320,282660,256964,256964,97113,159851
M,99.0,기타,차시즌의류,반팔카라티셔츠,TS,900325,450162,409237,409237,135797,273440
M,99.0,기타,차시즌의류,방풍자켓,WJ,738533,369266,335695,335695,133690,202005
M,99.0,기타,차시즌의류,점퍼,JP,473955,236978,215435,215435,81041,134394
M,99.0,기타,차시즌의류,후드티,HD,283612,141806,128914,128914,53814,75100
ST,1.0,백화점,Acc_etc,양말,SO,113635,106059,96418,64877,25696,39181
ST,1.0,백화점,Headwear,비니,BN,-131337,-131337,-119397,-78802,-30455,-48347
ST,1.0,백화점,Headwear,선캡,SC,112303,101072,91883,62480,22575,39905
ST,1.0,백화점,Headwear,운동모,CP,205571,196244,178403,119273,39515,79758
ST,1.0,백화점,Shoes,신발,SH,491086,441978,401798,269205,110590,158615
ST,1.0,백화점,과시즌의류,트레이닝(상의),TR,302646,302646,275132,181588,40446,141142
ST,1.0,백화점,과시즌의류,팬츠,PT,245543,245543,223222,147326,32815,114511
ST,1.0,백화점,당시즌의류,니트반팔티셔츠,KU,302646,302646,275132,181588,64146,117442
ST,1.0,백화점,당시즌의류,다운점퍼,DJ,683333,615000,559090,380181,233247,146934
ST,1.0,백화점,당시즌의류,스커트,SK,340715,340715,309740,204429,91841,112588
ST,1.0,백화점,당시즌의류,트레이닝(상의),TR,340715,306643,278766,189561,78231,111330
ST,1.0,백화점,당시즌의류,패딩,PD,473955,426560,387781,255936,176277,79659
ST,1.0,백화점,당시즌의류,팬츠,PT,283612,255251,232046,157791,58607,99184
ST,1.0,백화점,당시즌의류,폴로 티셔츠,PQ,226509,226509,205917,135905,39610,96295
ST,1.0,백화점,당시즌의류,후드티,HD,283612,255251,232046,157791,65269,92522
ST,1.0,백화점,차시즌의류,트레이닝(상의),TR,0,0,0,0,0,0
ST,1.0,백화점,차시즌의류,팬츠,PT,0,0,0,0,0,0
ST,2.0,면세점,Acc_etc,양말,SO,450733,450733,409764,233563,85788,147775
ST,2.0,면세점,Acc_etc,헤드밴드,HB,110399,110399,100361,57206,23907,33299
ST,2.0,면세점,Bag,보스톤백,BW,681430,681430,619481,353102,154178,198924
ST,2.0,면세점,Headwear,선캡,SC,131337,131337,119397,68055,26077,41978
ST,2.0,면세점,Headwear,운동모,CP,336908,336908,306284,174581,57712,116869
ST,2.0,면세점,Shoes,신발,SH,1895821,568746,517045,294715,120644,174071
ST,2.0,면세점,과시즌의류,반바지,SP,226509,158556,144141,82160,52954,29206
ST,2.0,면세점,과시즌의류,반팔티셔츠,RS,470148,368505,335003,190951,118375,72576
ST,2.0,면세점,과시즌의류,방풍자켓,WJ,340715,238500,216818,123586,83504,40082
ST,2.0,면세점,과시즌의류,스커트,SK,0,0,0,0,0,0
ST,2.0,면세점,과시즌의류,슬리브리스,SL,376880,263816,239833,136705,110666,26039
ST,2.0,면세점,과시즌의류,트레이닝(상의),TR,321681,321681,292438,166690,42989,123701
ST,2.0,면세점,과시즌의류,팬츠,PT,717595,717595,652357,371844,95897,275947
ST,2.0,면세점,과시즌의류,폴로 티셔츠,PQ,942200,659540,599582,341762,211567,130195
ST,2.0,면세점,당시즌의류,니트풀오버,KP,340715,340715,309740,176551,88871,87680
ST,2.0,면세점,당시즌의류,다운점퍼,DJ,569127,569127,517388,294911,190096,104815
ST,2.0,면세점,당시즌의류,맨투맨,MT,736629,736629,669661,381707,167959,213748
ST,2.0,면세점,당시즌의류,반바지,SP,414949,414949,377227,215020,152579,62441
ST,2.0,면세점,당시즌의류,스커트,SK,2721912,2721912,2474454,1410440,601390,809050
ST,2.0,면세점,당시즌의류,윈드티셔츠,WT,0,0,0,0,0,0
ST,2.0,면세점,당시즌의류,트레이닝(상의),TR,245543,245543,223220,127235,54514,72721
ST,2.0,면세점,당시즌의류,팬츠,PT,622423,622423,565840,322529,150676,171853
ST,2.0,면세점,당시즌의류,폴로 티셔츠,PQ,679526,679526,617752,352120,130024,222096
ST,2.0,면세점,차시즌의류,니트베스트,KV,264577,264577,240524,137099,72426,64673
ST,2.0,면세점,차시즌의류,레깅스,LG,207474,207474,188613,107510,62851,44659
ST,2.0,면세점,차시즌의류,맨투맨,MT,4191364,4191364,3810315,2171880,859972,1311908
ST,2.0,면세점,차시즌의류,반바지,SP,1524651,1524651,1386045,790044,373359,416685
ST,2.0,면세점,차시즌의류,스커트,SK,4435003,4435003,4031810,2298131,1181272,1116859
ST,2.0,면세점,차시즌의류,점퍼,JP,492990,492990,448171,255458,178066,77392
ST,2.0,면세점,차시즌의류,트레이닝(상의),TR,1930083,1930083,1754628,1000137,493142,506995
ST,2.0,면세점,차시즌의류,팬츠,PT,1435190,1435190,1304711,743685,313343,430342
ST,2.0,면세점,차시즌의류,폴로 티셔츠,PQ,1812070,1812070,1647339,938987,383352,555635
ST,3.0,직영점(가두),Acc_etc,양말,SO,95172,95172,86519,86519,14618,71901
ST,3.0,직영점(가두),Acc_etc,헤드밴드,HB,110399,110399,100361,100361,23603,76758
ST,3.0,직영점(가두),Bag,백팩,BK,340715,340715,309740,309740,81010,228730
ST,3.0,직영점(가두),Bag,보스톤백,BW,0,0,0,0,0,0
ST,3.0,직영점(가두),Bag,토드백,TG,131337,131337,119397,119397,37326,82071
ST,3.0,직영점(가두),Headwear,선캡,SC,112303,101072,91883,91883,22575,69308
ST,3.0,직영점(가두),Shoes,신발,SH,378784,378784,344349,344349,100501,243848
ST,3.0,직영점(가두),과시즌의류,반팔티셔츠,RS,394011,394011,358190,358190,97113,261077
ST,3.0,직영점(가두),과시즌의류,트레이닝(상의),TR,-302646,-302646,-275132,-275132,-40446,-234686
ST,3.0,직영점(가두),과시즌의류,팬츠,PT,207474,207474,188611,188611,27727,160884
ST,3.0,직영점(가두),당시즌의류,니트가디건,KC,1515134,1481063,1346418,1346418,382571,963847
ST,3.0,직영점(가두),당시즌의류,니트반팔티셔츠,KU,302646,302646,275132,275132,64146,210986
ST,3.0,직영점(가두),당시즌의류,니트풀오버,KP,643361,643361,584872,584872,183358,401514
ST,3.0,직영점(가두),당시즌의류,다운점퍼,DJ,1252460,1195547,1086859,1086859,423343,663516
ST,3.0,직영점(가두),당시즌의류,맨투맨,MT,2116620,2093969,1903599,1903599,471633,1431966
ST,3.0,직영점(가두),당시즌의류,스커트,SK,340715,306643,278766,278766,91841,186925
ST,3.0,직영점(가두),당시즌의류,트레이닝(상의),TR,643361,643361,584872,584872,144699,440173
ST,3.0,직영점(가두),당시즌의류,패딩,PD,947911,947911,861734,861734,352554,509180
ST,3.0,직영점(가두),당시즌의류,팬츠,PT,491086,491086,446439,446439,113749,332690
ST,3.0,직영점(가두),당시즌의류,폴로 티셔츠,PQ,0,0,0,0,0,0
ST,3.0,직영점(가두),차시즌의류,니트가디건,KC,340715,340715,309740,309740,80439,229301
ST,3.0,직영점(가두),차시즌의류,니트베스트,KV,529155,529155,481047,481047,144851,336196
ST,3.0,직영점(가두),차시즌의류,맨투맨,MT,2529665,2505111,2277357,2277357,557040,1720317
ST,3.0,직영점(가두),차시즌의류,반바지,SP,978366,978366,889422,889422,270021,619401
ST,3.0,직영점(가두),차시즌의류,반팔티셔츠,RS,1182033,1174001,1067267,1067267,323165,744102
ST,3.0,직영점(가두),차시즌의류,방풍자켓,WJ,378784,378784,344349,344349,132117,212232
ST,3.0,직영점(가두),차시즌의류,스커트,SK,1903435,1736409,1578547,1578547,530735,1047812
ST,3.0,직영점(가두),차시즌의류,우븐셔츠,WS,302646,302646,275132,275132,85255,189877
ST,3.0,직영점(가두),차시즌의류,점퍼,JP,1478969,1478969,1344514,1344514,536083,808431
ST,3.0,직영점(가두),차시즌의류,트레이닝(상의),TR,2251764,2232082,2029168,2029168,575332,1453836
ST,3.0,직영점(가두),차시즌의류,팬츠,PT,1623630,1373918,1249004,1249004,421915,827089
ST,3.0,직영점(가두),차시즌의류,폴로 티셔츠,PQ,1132544,1132544,1029577,1029577,236882,792695
ST,3.0,직영점(가두),차시즌의류,후드티,HD,685237,456824,415291,415291,165313,249978
ST,4.0,자사몰,Acc_etc,보호대,PR,218895,196625,178750,178750,27524,151226
ST,4.0,자사몰,Acc_etc,양말,SO,837321,818020,743653,743653,183891,559762
ST,4.0,자사몰,Acc_etc,헤드밴드,HB,110399,110361,100330,100330,23755,76575
ST,4.0,자사몰,Bag,라켓백,RB,0,-49299,-44818,-44818,0,-44818
ST,4.0,자사몰,Bag,백팩,BK,1286722,1282249,1165679,1165679,313115,852564
ST,4.0,자사몰,Bag,보스톤백,BW,1705478,1521606,1383276,1383276,382552,1000724
ST,4.0,자사몰,Bag,크로스백,CR,300743,295813,268921,268921,86606,182315
ST,4.0,자사몰,Bag,토드백,TG,378784,340924,309931,309931,98027,211904
ST,4.0,자사몰,Headwear,비니,BN,112303,112303,102093,102093,22575,79518
ST,4.0,자사몰,Headwear,선캡,SC,1853946,1597610,1452372,1452372,388758,1063614
ST,4.0,자사몰,Headwear,운동모,CP,2306963,2063400,1875820,1875820,449763,1426057
ST,4.0,자사몰,Shoes,신발,SH,3409052,3117941,2834491,2834491,898992,1935499
ST,4.0,자사몰,과시즌의류,긴팔티셔츠,RL,169406,169406,154005,154005,22639,131366
ST,4.0,자사몰,과시즌의류,니트가디건,KC,-1707381,-952517,-865924,-865924,-228169,-637755
ST,4.0,자사몰,과시즌의류,다운점퍼,DJ,1595078,1027607,934189,934189,213162,721027
ST,4.0,자사몰,과시즌의류,레깅스,LG,169406,153150,139227,139227,22639,116588
ST,4.0,자사몰,과시즌의류,맨투맨,MT,567224,433736,394304,394304,75802,318502
ST,4.0,자사몰,과시즌의류,방풍자켓,WJ,378784,378784,344349,344349,50620,293729
ST,4.0,자사몰,과시즌의류,브라,BR,169406,169406,154005,154005,46996,107009
ST,4.0,자사몰,과시즌의류,스커트,SK,529155,402386,365806,365806,117252,248554
ST,4.0,자사몰,과시즌의류,트레이닝(상의),TR,359749,179722,163383,163383,48077,115306
ST,4.0,자사몰,과시즌의류,팬츠,PT,2247957,1684159,1531049,1531049,300410,1230639
ST,4.0,자사몰,당시즌의류,니트가디건,KC,1060213,1018528,925935,925935,269850,656085
ST,4.0,자사몰,당시즌의류,니트풀오버,KP,681430,609480,554073,554073,221446,332627
ST,4.0,자사몰,당시즌의류,다운점퍼,DJ,569127,485509,441372,441372,190096,251276
ST,4.0,자사몰,당시즌의류,맨투맨,MT,3854456,3612053,3283684,3283684,923718,2359966
ST,4.0,자사몰,당시즌의류,반바지,SP,753760,736763,669784,669784,269660,400124
ST,4.0,자사몰,당시즌의류,반팔티셔츠,RS,965042,858944,780859,780859,183415,597444
ST,4.0,자사몰,당시즌의류,방풍자켓,WJ,569127,569127,517388,517388,150600,366788
ST,4.0,자사몰,당시즌의류,스커트,SK,1513231,1479845,1345312,1345312,247332,1097980
ST,4.0,자사몰,당시즌의류,윈드티셔츠,WT,907938,934986,849988,849988,317322,532666
ST,4.0,자사몰,당시즌의류,트레이닝(상의),TR,643361,560352,509411,509411,144699,364712
ST,4.0,자사몰,당시즌의류,팬츠,PT,1640761,1447600,1316003,1316003,429510,886493
ST,4.0,자사몰,당시즌의류,폴로 티셔츠,PQ,264577,264577,240526,240526,54800,185726
ST,4.0,자사몰,차시즌의류,긴팔티셔츠,RL,376880,351298,319360,319360,64526,254834
ST,4.0,자사몰,차시즌의류,레깅스,LG,1037372,961406,874006,874006,314257,559749
ST,4.0,자사몰,차시즌의류,맨투맨,MT,8508354,7846301,7133006,7133006,1814564,5318442
ST,4.0,자사몰,차시즌의류,반바지,SP,3538486,3254855,2958956,2958956,819257,2139699
ST,4.0,자사몰,차시즌의류,반팔티셔츠,RS,1707381,1615312,1468466,1468466,435753,1032713
ST,4.0,자사몰,차시즌의류,방풍자켓,WJ,2653388,2469631,2245115,2245115,760441,1484674
ST,4.0,자사몰,차시즌의류,스커트,SK,5639878,5307119,4824646,4824646,1554764,3269882
ST,4.0,자사몰,차시즌의류,점퍼,JP,1971959,1788544,1625948,1625948,714150,911798
ST,4.0,자사몰,차시즌의류,트레이닝(상의),TR,3500417,3063160,2784691,2784691,939269,1845422
ST,4.0,자사몰,차시즌의류,팬츠,PT,4832821,4377691,3979719,3979719,1270866,2708853
ST,4.0,자사몰,차시즌의류,폴로 티셔츠,PQ,1585561,1468272,1334795,1334795,338145,996650
ST,4.0,자사몰,차시즌의류,후드티,HD,449211,404518,367744,367744,169082,198662
ST,5.0,제휴몰,Acc_etc,보호대,PR,47586,47586,43259,43259,6281,36978
ST,5.0,제휴몰,Acc_etc,양말,SO,1267497,1047651,952395,952395,205955,746440
ST,5.0,제휴몰,Acc_etc,헤드밴드,HB,348329,181778,165252,165252,39049,126203
ST,5.0,제휴몰,Bag,라켓백,RB,643361,321681,292436,292436,46792,245644
ST,5.0,제휴몰,Bag,백팩,BK,4014344,3256777,2960698,2960698,1082179,1878519
ST,5.0,제휴몰,Bag,보스톤백,BW,2350742,2153546,1957770,1957770,562294,1395476
ST,5.0,제휴몰,Bag,토드백,TG,1250557,701035,637302,637302,225627,411675
ST,5.0,제휴몰,Headwear,선캡,SC,786119,786119,714648,714648,163029,551619
ST,5.0,제휴몰,Headwear,운동모,CP,1478969,1426434,1296749,1296749,270687,1026062
ST,5.0,제휴몰,Headwear,햇,HT,525348,157604,143273,143273,33434,109839
ST,5.0,제휴몰,Shoes,신발,SH,42402820,13213265,12012035,12012035,3130547,8881488
ST,5.0,제휴몰,과시즌의류,긴팔티셔츠,RL,1998607,1025571,932339,932339,232432,699907
ST,5.0,제휴몰,과시즌의류,니트반팔티셔츠,KU,757567,378784,344347,344347,89532,254815
ST,5.0,제휴몰,과시즌의류,니트베스트,KV,0,0,0,0,0,0
ST,5.0,제휴몰,과시즌의류,니트풀오버,KP,2048096,819238,744761,744761,148955,595806
ST,5.0,제휴몰,과시즌의류,다운점퍼,DJ,3873490,2232920,2029924,2029924,420486,1609438
ST,5.0,제휴몰,과시즌의류,레깅스,LG,1545589,727683,661527,661527,187037,474490
ST,5.0,제휴몰,과시즌의류,맨투맨,MT,20838806,10201460,9274055,9274055,2249780,7024275
ST,5.0,제휴몰,과시즌의류,반바지,SP,4315087,2458667,2235145,2235145,806550,1428595
ST,5.0,제휴몰,과시즌의류,반팔티셔츠,RS,6888531,3264581,2967792,2967792,800368,2167424
ST,5.0,제휴몰,과시즌의류,방풍자켓,WJ,7450044,3478147,3161946,3161946,853234,2308712
ST,5.0,제휴몰,과시즌의류,브라,BR,601485,180446,164038,164038,38278,125760
ST,5.0,제휴몰,과시즌의류,스커트,SK,8527389,4949883,4499880,4499880,1408953,3090927
ST,5.0,제휴몰,과시즌의류,슬리브리스,SL,-74234,-82038,-74578,-74578,-48774,-25804
ST,5.0,제휴몰,과시즌의류,원피스,OP,5249674,2431448,2210406,2210406,611003,1599403
ST,5.0,제휴몰,과시즌의류,점퍼,JP,3188254,1328407,1207644,1207644,280155,927489
ST,5.0,제휴몰,과시즌의류,트레이닝(상의),TR,5618940,2478463,2253145,2253145,528190,1724955
ST,5.0,제휴몰,과시즌의류,트레이닝(하의),TP,6121447,2448579,2225976,2225976,445198,1780778
ST,5.0,제휴몰,과시즌의류,패딩,PD,1136351,681810,619827,619827,151860,467967
ST,5.0,제휴몰,과시즌의류,팬츠,PT,13702828,7002356,6365756,6365756,1580026,4785730
ST,5.0,제휴몰,과시즌의류,폴라폴리스점퍼,FD,-454921,-181968,-165426,-165426,-33086,-132340
ST,5.0,제휴몰,과시즌의류,폴로 티셔츠,PQ,10031102,5313248,4830219,4830219,1355145,3475074
ST,5.0,제휴몰,과시즌의류,후드티,HD,1379990,884717,804289,804289,223161,581128
ST,5.0,제휴몰,당시즌의류,니트가디건,KC,454921,454921,413563,413563,112721,300842
ST,5.0,제휴몰,당시즌의류,맨투맨,MT,1530362,1530362,1391234,1391234,345454,1045780
ST,5.0,제휴몰,당시즌의류,반팔티셔츠,RS,148468,148468,134973,134973,28095,106878
ST,5.0,제휴몰,당시즌의류,스커트,SK,605292,605292,550266,550266,146850,403416
ST,5.0,제휴몰,당시즌의류,트레이닝(상의),TR,245543,245543,223222,223222,54514,168708
ST,5.0,제휴몰,당시즌의류,팬츠,PT,1191550,1191550,1083224,1083224,318597,764627
ST,5.0,제휴몰,당시즌의류,폴로 티셔츠,PQ,736629,736629,669665,669665,177038,492627
ST,5.0,제휴몰,차시즌의류,레깅스,LG,0,0,0,0,0,0
ST,5.0,제휴몰,차시즌의류,맨투맨,MT,2453528,2453528,2230474,2230474,503820,1726654
ST,5.0,제휴몰,차시즌의류,반바지,SP,677623,677623,616020,616020,158252,457768
ST,5.0,제휴몰,차시즌의류,반팔티셔츠,RS,394011,394011,358190,358190,93896,264294
ST,5.0,제휴몰,차시즌의류,스커트,SK,2680036,2680036,2436391,2436391,774013,1662378
ST,5.0,제휴몰,차시즌의류,점퍼,JP,492990,492990,448173,448173,178066,270107
ST,5.0,제휴몰,차시즌의류,트레이닝(상의),TR,643361,643361,584872,584872,164381,420491
ST,5.0,제휴몰,차시즌의류,팬츠,PT,944104,944104,858274,858274,209264,649010
ST,5.0,제휴몰,차시즌의류,폴로 티셔츠,PQ,453018,453018,411835,411835,90413,321422
ST,7.0,아울렛,Acc_etc,보호대,PR,47586,42827,38933,38933,6281,32652
ST,7.0,아울렛,Acc_etc,양말,SO,560181,507951,461777,461777,110266,351511
ST,7.0,아울렛,Acc_etc,헤드밴드,HB,55200,49680,45163,45163,11954,33209
ST,7.0,아울렛,Bag,라켓백,RB,264577,238120,216472,216472,73187,143285
ST,7.0,아울렛,Bag,토드백,TG,586258,391270,355699,355699,140797,214902
ST,7.0,아울렛,Headwear,선캡,SC,807056,564292,512993,512993,131938,381055
ST,7.0,아울렛,Headwear,운동모,CP,934587,676500,615002,615002,166722,448280
ST,7.0,아울렛,Shoes,신발,SH,1174419,602323,547565,547565,206022,341543
ST,7.0,아울렛,과시즌의류,긴팔티셔츠,RL,1770194,1205598,1095996,1095996,278827,817169
ST,7.0,아울렛,과시즌의류,니트가디건,KC,454921,245657,223324,223324,60796,162528
ST,7.0,아울렛,과시즌의류,니트반팔티셔츠,KU,3182543,1172268,1065695,1065695,268696,796999
ST,7.0,아울렛,과시즌의류,니트베스트,KV,340715,122657,111507,111507,40267,71240
ST,7.0,아울렛,과시즌의류,니트풀오버,KP,909842,491315,446649,446649,121591,325058
ST,7.0,아울렛,과시즌의류,다운베스트,DV,2219405,887724,807018,807018,191442,615576
ST,7.0,아울렛,과시즌의류,다운점퍼,DJ,41336897,18201026,16546362,16546362,3767218,12779144
ST,7.0,아울렛,과시즌의류,맨투맨,MT,19158073,8516710,7742441,7742441,2368311,5374130
ST,7.0,아울렛,과시즌의류,반바지,SP,5632264,2760856,2509866,2509866,921969,1587897
ST,7.0,아울렛,과시즌의류,반팔티셔츠,RS,22066521,8715848,7923461,7923461,2241854,5681607
ST,7.0,아울렛,과시즌의류,방풍자켓,WJ,14610767,7371090,6700991,6700991,2578707,4122284
ST,7.0,아울렛,과시즌의류,브라,BR,338811,167712,152465,152465,42662,109803
ST,7.0,아울렛,과시즌의류,스커트,SK,7788856,4559564,4145053,4145053,1454723,2690330
ST,7.0,아울렛,과시즌의류,슬리브리스,SL,376880,203515,185014,185014,99892,85122
ST,7.0,아울렛,과시즌의류,원피스,OP,2503017,935177,850156,850156,258844,591312
ST,7.0,아울렛,과시즌의류,점퍼,JP,2124233,955905,869002,869002,251046,617956
ST,7.0,아울렛,과시즌의류,트레이닝(상의),TR,9422003,4939699,4490633,4490633,1632475,2858158
ST,7.0,아울렛,과시즌의류,트레이닝(하의),TP,736629,265187,241078,241078,53574,187504
ST,7.0,아울렛,과시즌의류,패딩,PD,8984213,4851475,4410422,4410422,1200620,3209802
ST,7.0,아울렛,과시즌의류,팬츠,PT,20423857,10172299,9247523,9247523,3062918,6184605
ST,7.0,아울렛,과시즌의류,폴로 티셔츠,PQ,41222690,16573056,15066422,15066422,4522032,10544390
ST,7.0,아울렛,과시즌의류,후드티,HD,1928180,968068,880063,880063,258644,621419
ST,7.0,아울렛,당시즌의류,맨투맨,MT,340715,306643,278766,278766,66601,212165
ST,11.0,직영몰,Acc_etc,보호대,PR,95172,61862,56237,56237,9310,46927
ST,11.0,직영몰,Acc_etc,양말,SO,715121,653697,594275,594275,142529,451746
ST,11.0,직영몰,Acc_etc,헤드밴드,HB,110399,99359,90326,90326,23755,66571
ST,11.0,직영몰,Bag,라켓백,RB,340715,306643,278768,278768,86473,192295
ST,11.0,직영몰,Bag,백팩,BK,1307660,1176894,1069906,1069906,361805,708101
ST,11.0,직영몰,Bag,보스톤백,BW,2537279,1999501,1817733,1817733,589399,1228334
ST,11.0,직영몰,Bag,토드백,TG,904132,700083,636442,636442,244192,392250
ST,11.0,직영몰,Headwear,비니,BN,112303,101072,91885,91885,22575,69310
ST,11.0,직영몰,Headwear,선캡,SC,355942,320348,291227,291227,70370,220857
ST,11.0,직영몰,Headwear,운동모,CP,1768291,1611258,1464785,1464785,337460,1127325
ST,11.0,직영몰,Shoes,신발,SH,3331011,2771363,2519413,2519413,1016642,1502771
ST,11.0,직영몰,과시즌의류,긴팔티셔츠,RL,38069,45492,41356,41356,34376,6980
ST,11.0,직영몰,과시즌의류,니트가디건,KC,1821587,1092952,993593,993593,243432,750161
ST,11.0,직영몰,과시즌의류,다운베스트,DV,1005014,500603,455094,455094,103120,351974
ST,11.0,직영몰,과시즌의류,다운점퍼,DJ,5790249,2395473,2177707,2177707,437227,1740480
ST,11.0,직영몰,과시즌의류,맨투맨,MT,473955,212423,193113,193113,41424,151689
ST,11.0,직영몰,과시즌의류,반바지,SP,1056406,758519,689561,689561,232446,457115
ST,11.0,직영몰,과시즌의류,반팔티셔츠,RS,620520,460631,418756,418756,125893,292863
ST,11.0,직영몰,과시즌의류,방풍자켓,WJ,2579154,1319651,1199684,1199684,355676,844008
ST,11.0,직영몰,과시즌의류,스커트,SK,2306963,1773621,1612383,1612383,574609,1037774
ST,11.0,직영몰,과시즌의류,원피스,OP,795636,488802,444366,444366,155330,289036
ST,11.0,직영몰,과시즌의류,트레이닝(상의),TR,1475162,1248387,1134896,1134896,197137,937759
ST,11.0,직영몰,과시즌의류,팬츠,PT,2455431,1977383,1797619,1797619,322872,1474747
ST,11.0,직영몰,과시즌의류,폴로 티셔츠,PQ,4513044,2749512,2499562,2499562,826220,1673342
ST,11.0,직영몰,당시즌의류,니트가디건,KC,454921,409429,372207,372207,112721,259486
ST,11.0,직영몰,당시즌의류,니트풀오버,KP,681430,613287,557535,557535,199594,357941
ST,11.0,직영몰,당시즌의류,다운점퍼,DJ,-2733333,-3006666,-2733340,-2733340,-958931,-1774409
ST,11.0,직영몰,당시즌의류,맨투맨,MT,1964345,1767910,1607192,1607192,449629,1157563
ST,11.0,직영몰,당시즌의류,반바지,SP,226509,203858,185326,185326,68733,116593
ST,11.0,직영몰,당시즌의류,방풍자켓,WJ,435887,392469,356789,356789,144642,212147
ST,11.0,직영몰,당시즌의류,스커트,SK,1775905,1564243,1422035,1422035,355200,1066835
ST,11.0,직영몰,당시즌의류,트레이닝(상의),TR,-95172,-85655,-77870,-77870,-23717,-54153
ST,11.0,직영몰,당시즌의류,팬츠,PT,829898,767655,697870,697870,205818,492052
ST,11.0,직영몰,당시즌의류,폴로 티셔츠,PQ,2474465,2281838,2074401,2074401,501898,1572503
ST,11.0,직영몰,차시즌의류,긴팔티셔츠,RL,188440,169920,154473,154473,32263,122210
ST,11.0,직영몰,차시즌의류,니트풀오버,KP,681430,613287,557535,557535,182006,375529
ST,11.0,직영몰,차시즌의류,맨투맨,MT,4021958,3619762,3290687,3290687,861913,2428774
ST,11.0,직영몰,차시즌의류,반바지,SP,2013834,1813802,1648910,1648910,519828,1129082
ST,11.0,직영몰,차시즌의류,반팔티셔츠,RS,1182033,1063830,967126,967126,299829,667297
ST,11.0,직영몰,차시즌의류,방풍자켓,WJ,454921,409429,372207,372207,125665,246542
ST,11.0,직영몰,차시즌의류,스커트,SK,7859283,7060678,6418788,6418788,2235432,4183356
ST,11.0,직영몰,차시즌의류,트레이닝(상의),TR,3538486,2380436,2164034,2164034,926097,1237937
ST,11.0,직영몰,차시즌의류,팬츠,PT,1888207,1699387,1544893,1544893,422715,1122178
ST,11.0,직영몰,차시즌의류,폴로 티셔츠,PQ,4983193,4552826,4138947,4138947,1032518,3106429
ST,11.0,직영몰,차시즌의류,후드티,HD,1480872,1379457,1254053,1254053,387615,866438
ST,99.0,기타,Shoes,신발,SH,416852,113692,103353,103353,26528,76825
ST,99.0,기타,과시즌의류,스커트,SK,264577,240518,218661,218661,58626,160035
ST,99.0,기타,당시즌의류,폴로 티셔츠,PQ,529155,481036,437322,437322,111560,325762
V,1.0,백화점,Acc_etc,머플러(스카프),MF,1751160,1619823,1472568,1068208,318171,750037
V,1.0,백화점,Acc_etc,양말,SO,199861,119916,109014,80673,31348,49325
V,1.0,백화점,Acc_etc,장갑,AG,285515,285515,259560,186883,26408,160475
V,1.0,백화점,Acc_etc,토시,ML,571030,542479,493165,355078,101173,253905
V,1.0,백화점,Bag,백팩,BK,4815690,4305570,3914151,2884791,1144695,1740096
V,1.0,백화점,Bag,크로스백,CR,418756,355942,323584,232980,86681,146299
V,1.0,백화점,Bag,토드백,TG,13209838,11944054,10858228,8009392,2571870,5437522
V,1.0,백화점,Headwear,방한모,WM,856546,770891,700810,513927,139543,374384
V,1.0,백화점,Headwear,비니,BN,2303156,1596601,1451457,1109369,513509,595860
V,1.0,백화점,Headwear,운동모,CP,1427576,1246750,1133410,824795,239806,584989
V,1.0,백화점,Headwear,햇,HT,4777622,4240092,3854631,2863625,540414,2323211
V,1.0,백화점,Shoes,방한화,WB,11127481,9987875,9079899,6752005,2730447,4021558
V,1.0,백화점,과시즌의류,긴팔카라티셔츠,TL,437790,306453,278594,206159,64671,141488
V,1.0,백화점,과시즌의류,니트풀오버,KP,2341225,1566717,1424287,1096085,448801,647284
V,1.0,백화점,과시즌의류,다운베스트,DV,2246053,806866,733515,630823,209132,421691
V,1.0,백화점,과시즌의류,다운점퍼,DJ,50269717,26455271,24050247,19537313,7138819,12398494
V,1.0,백화점,과시즌의류,반팔다운,DH,-1503714,-947340,-861219,-740647,-277447,-463200
V,1.0,백화점,과시즌의류,소프트쉘,SS,2265088,1585561,1441418,1045816,646349,399467
V,1.0,백화점,과시즌의류,팬츠,PT,3692664,2528542,2298657,1716855,1047917,668938
V,1.0,백화점,과시즌의류,후드티,HD,628134,282660,256964,220989,94675,126314
V,1.0,백화점,당시즌의류,긴팔티셔츠,RL,0,0,0,0,0,0
V,1.0,백화점,당시즌의류,니트가디건,KC,2969359,2672423,2429474,1767440,477962,1289478
V,1.0,백화점,당시즌의류,니트베스트,KV,932683,839415,763104,564698,230279,334419
V,1.0,백화점,당시즌의류,니트풀오버,KP,9574278,8675856,7887136,5955930,2525603,3430327
V,1.0,백화점,당시즌의류,다운베스트,DV,6566851,5910165,5372879,3955996,1414827,2541169
V,1.0,백화점,당시즌의류,다운점퍼,DJ,946330748,850804944,773459042,568035516,176442720,391592796
V,1.0,백화점,당시즌의류,맨투맨,MT,3045496,2731429,2483117,1859846,682012,1177834
V,1.0,백화점,당시즌의류,반바지,SP,856546,770891,700810,511592,206283,305309
V,1.0,백화점,당시즌의류,반팔다운,DH,21870467,19475946,17705403,13146694,3442275,9704419
V,1.0,백화점,당시즌의류,방풍자켓,WJ,2074744,1867270,1697519,1459866,372466,1087400
V,1.0,백화점,당시즌의류,베스트,VT,2017641,1815877,1650796,1188573,523068,665505
V,1.0,백화점,당시즌의류,스커트,SK,628134,565320,513927,375167,133564,241603
V,1.0,백화점,당시즌의류,집업티,ZT,2207985,1947214,1770196,1331438,520338,811100
V,1.0,백화점,당시즌의류,팬츠,PT,42199153,38068965,34608149,25643551,11192630,14450921
V,1.0,백화점,당시즌의류,후드티,HD,10335652,9302087,8456438,6161988,2582628,3579360
V,1.0,백화점,차시즌의류,니트가디건,KC,4396935,3957241,3597492,2636448,869127,1767321
V,1.0,백화점,차시즌의류,니트풀오버,KP,475859,428273,389338,284217,114132,170085
V,1.0,백화점,차시즌의류,다운점퍼,DJ,128748339,116381722,105801567,77931246,25462293,52468953
V,1.0,백화점,차시즌의류,반팔다운,DH,118431722,106588550,96898676,71349020,18952578,52396442
V,1.0,백화점,차시즌의류,반팔티셔츠,RS,285515,256964,233603,172866,42692,130174
V,1.0,백화점,차시즌의류,방풍자켓,WJ,43493488,39161270,35601150,26162953,7954955,18207998
V,1.0,백화점,차시즌의류,스커트,SK,1332404,1199164,1090150,817613,359711,457902
V,1.0,백화점,차시즌의류,패딩,PD,20347719,18312948,16648133,12106884,2951474,9155410
V,1.0,백화점,차시즌의류,팬츠,PT,13571491,12423720,11294296,8314329,3233192,5081137
V,1.0,백화점,차시즌의류,후드티,HD,2759981,2539182,2308347,1690111,684875,1005236
V,3.0,직영점(가두),Bag,토드백,TG,551996,551996,501814,501814,105545,396269
V,3.0,직영점(가두),Headwear,햇,HT,361653,361653,328775,328775,37848,290927
V,3.0,직영점(가두),Shoes,방한화,WB,2700974,2700974,2455422,2455422,714536,1740886
V,3.0,직영점(가두),당시즌의류,니트풀오버,KP,742340,742340,674853,674853,224070,450783
V,3.0,직영점(가두),당시즌의류,다운점퍼,DJ,22460532,22460532,20418657,20418657,4264482,16154175
V,3.0,직영점(가두),당시즌의류,맨투맨,MT,742340,742340,674853,674853,148691,526162
V,3.0,직영점(가두),당시즌의류,반팔다운,DH,1884401,1884401,1713091,1713091,353968,1359123
V,3.0,직영점(가두),당시즌의류,팬츠,PT,3178736,3178736,2889759,2889759,858249,2031510
V,3.0,직영점(가두),당시즌의류,후드티,HD,1598885,1598885,1453530,1453530,391664,1061866
V,3.0,직영점(가두),차시즌의류,다운점퍼,DJ,1694057,1694057,1540050,1540050,411218,1128832
V,3.0,직영점(가두),차시즌의류,방풍자켓,WJ,3007427,3007427,2734022,2734022,628971,2105051
V,3.0,직영점(가두),차시즌의류,팬츠,PT,1732126,1732126,1574658,1574658,372295,1202363
V,4.0,자사몰,Acc_etc,머플러(스카프),MF,-628134,-451933,-410847,-410847,-164021,-246826
V,4.0,자사몰,Acc_etc,양말,SO,133240,79944,72675,72675,20489,52186
V,4.0,자사몰,Acc_etc,토시,ML,285515,227460,206782,206782,50586,156196
V,4.0,자사몰,Bag,백팩,BK,742340,597488,543172,543172,141161,402011
V,4.0,자사몰,Bag,토드백,TG,4549210,4208495,3825902,3825902,756111,3069791
V,4.0,자사몰,Headwear,비니,BN,399721,363556,330505,330505,115573,214932
V,4.0,자사몰,Headwear,운동모,CP,1119220,664147,603770,603770,133077,470693
V,4.0,자사몰,Headwear,햇,HT,1598885,1014512,922281,922281,139377,782904
V,4.0,자사몰,Shoes,방한화,WB,2624837,2315624,2105108,2105108,646355,1458753
V,4.0,자사몰,Shoes,신발,SH,531058,314828,286208,286208,137428,148780
V,4.0,자사몰,과시즌의류,긴팔티셔츠,RL,-38069,-8451,-7682,-7682,3582,-11264
V,4.0,자사몰,과시즌의류,니트풀오버,KP,989786,692850,629866,629866,240164,389702
V,4.0,자사몰,과시즌의류,다운점퍼,DJ,9250694,4856995,4415449,4415449,1413556,3001893
V,4.0,자사몰,과시즌의류,레깅스,LG,685237,327391,297627,297627,106501,191126
V,4.0,자사몰,과시즌의류,맨투맨,MT,475859,303598,275998,275998,117253,158745
V,4.0,자사몰,과시즌의류,반바지,SP,1865366,839491,763175,763175,290495,472680
V,4.0,자사몰,과시즌의류,반팔다운,DH,3768801,2366731,2151574,2151574,676201,1475373
V,4.0,자사몰,과시즌의류,방수자켓,JK,3940110,1838718,1671562,1671562,605094,1066468
V,4.0,자사몰,과시즌의류,방풍자켓,WJ,2246053,1609735,1463397,1463397,523688,939709
V,4.0,자사몰,과시즌의류,소프트쉘,SS,2455431,1530819,1391653,1391653,600947,790706
V,4.0,자사몰,과시즌의류,스커트,SK,742340,400863,364422,364422,92197,272225
V,4.0,자사몰,과시즌의류,팬츠,PT,7442431,3688990,3353626,3353626,1188707,2164919
V,4.0,자사몰,과시즌의류,후드티,HD,1598885,717595,652359,652359,246173,406186
V,4.0,자사몰,당시즌의류,니트가디건,KC,1484679,1332404,1211277,1211277,228414,982863
V,4.0,자사몰,당시즌의류,니트풀오버,KP,1884401,1813973,1649066,1649066,350470,1298596
V,4.0,자사몰,당시즌의류,다운점퍼,DJ,24896929,22610866,20555329,20555329,4386407,16168922
V,4.0,자사몰,당시즌의류,맨투맨,MT,951717,951717,865199,865199,230302,634897
V,4.0,자사몰,당시즌의류,반팔다운,DH,0,-57103,-51912,-51912,0,-51912
V,4.0,자사몰,당시즌의류,방풍자켓,WJ,818477,736629,669663,669663,220454,449209
V,4.0,자사몰,당시즌의류,우븐셔츠,WS,932683,932683,847895,847895,257689,590206
V,4.0,자사몰,당시즌의류,팬츠,PT,1180130,1196575,1087796,1087796,317080,770716
V,4.0,자사몰,당시즌의류,후드티,HD,2702878,2486533,2260487,2260487,753006,1507481
V,4.0,자사몰,차시즌의류,니트가디건,KC,1256267,1158069,1052790,1052790,248322,804468
V,4.0,자사몰,차시즌의류,다운점퍼,DJ,13742800,12820929,11655391,11655391,3090375,8565016
V,4.0,자사몰,차시즌의류,반팔다운,DH,8298976,8087695,7352450,7352450,1360762,5991688
V,4.0,자사몰,차시즌의류,반팔티셔츠,RS,609099,561494,510450,510450,94136,416314
V,4.0,자사몰,차시즌의류,방풍자켓,WJ,3388114,3197771,2907063,2907063,558599,2348464
V,4.0,자사몰,차시즌의류,팬츠,PT,475859,475859,432599,432599,112394,320205
V,4.0,자사몰,차시즌의류,후드티,HD,1655988,1646947,1497223,1497223,410925,1086298
V,5.0,제휴몰,Acc_etc,머플러(스카프),MF,190343,190343,173039,173039,84478,88561
V,5.0,제휴몰,Acc_etc,양말,SO,1379990,824187,749261,749261,207467,541794
V,5.0,제휴몰,Acc_etc,장갑,AG,2931290,2444010,2221830,2221830,341861,1879969
V,5.0,제휴몰,Acc_etc,토시,ML,285515,285515,259560,259560,50586,208974
V,5.0,제휴몰,Bag,벨트백,TA,551996,220798,200727,200727,40145,160582
V,5.0,제휴몰,Bag,크로스백,CR,2246053,1197261,1088420,1088420,345485,742935
V,5.0,제휴몰,Bag,토드백,TG,8812904,8592105,7811006,7811006,1514542,6296464
V,5.0,제휴몰,Bag,힙색,HS,1199164,479666,436060,436060,148104,287956
V,5.0,제휴몰,Headwear,방한모,WM,285515,285515,259560,259560,46514,213046
V,5.0,제휴몰,Headwear,비니,BN,913649,342618,311470,311470,38870,272600
V,5.0,제휴몰,Headwear,선캡,SC,133240,188440,171309,171309,48987,122322
V,5.0,제휴몰,Headwear,운동모,CP,2287929,1324791,1204355,1204355,307578,896777
V,5.0,제휴몰,Headwear,햇,HT,2360259,1560817,1418921,1418921,332479,1086442
V,5.0,제휴몰,Shoes,뮬,MU,681430,408858,371688,371688,149991,221697
V,5.0,제휴몰,Shoes,방한화,WB,22397719,21362441,19420412,19420412,5333625,14086787
V,5.0,제휴몰,Shoes,신발,SH,13504871,8102923,7366289,7366289,3543054,3823235
V,5.0,제휴몰,과시즌의류,긴팔카라티셔츠,TL,437790,306453,278594,278594,64671,213923
V,5.0,제휴몰,과시즌의류,긴팔티셔츠,RL,1084958,759471,690427,690427,135734,554693
V,5.0,제휴몰,과시즌의류,니트풀오버,KP,12201018,5184957,4713598,4713598,1564504,3149094
V,5.0,제휴몰,과시즌의류,다운베스트,DV,25372788,12496050,11360040,11360040,3517757,7842283
V,5.0,제휴몰,과시즌의류,다운점퍼,DJ,62280391,31425711,28568826,28568826,8829100,19739726
V,5.0,제휴몰,과시즌의류,라운드티,RT,1142061,342618,311472,311472,72677,238795
V,5.0,제휴몰,과시즌의류,레깅스,LG,361653,291226,264747,264747,101857,162890
V,5.0,제휴몰,과시즌의류,맨투맨,MT,14542243,8032495,7302277,7302277,2583837,4718440
V,5.0,제휴몰,과시즌의류,반바지,SP,6547816,3578458,3253142,3253142,1160619,2092523
V,5.0,제휴몰,과시즌의류,반팔다운,DH,7518568,5262998,4784541,4784541,1387233,3397308
V,5.0,제휴몰,과시즌의류,반팔카라티셔츠,TS,5021261,3037121,2761014,2761014,1042934,1718080
V,5.0,제휴몰,과시즌의류,반팔티셔츠,RS,11306404,6127157,5570153,5570153,1756231,3813922
V,5.0,제휴몰,과시즌의류,방수자켓,JK,33595627,16797813,15270722,15270722,5294222,9976500
V,5.0,제휴몰,과시즌의류,방풍자켓,WJ,53810106,25222416,22929466,22929466,6510427,16419039
V,5.0,제휴몰,과시즌의류,브라,BR,418756,209378,190343,190343,52063,138280
V,5.0,제휴몰,과시즌의류,소프트쉘,SS,551996,357846,325314,325314,184926,140388
V,5.0,제휴몰,과시즌의류,스커트,SK,3902042,1798746,1635222,1635222,522422,1112800
V,5.0,제휴몰,과시즌의류,슬리브리스,SL,285515,199861,181692,181692,47445,134247
V,5.0,제휴몰,과시즌의류,우븐셔츠,WS,2798049,1119220,1017472,1017472,348311,669161
V,5.0,제휴몰,과시즌의류,원피스,OP,2322191,1505617,1368743,1368743,389806,978937
V,5.0,제휴몰,과시즌의류,집업티,ZT,4663416,2331708,2119736,2119736,697457,1422279
V,5.0,제휴몰,과시즌의류,트레이닝 숏팬츠,TB,2227019,668106,607371,607371,141722,465649
V,5.0,제휴몰,과시즌의류,트레이닝(상의),TR,342618,137047,124589,124589,42405,82184
V,5.0,제휴몰,과시즌의류,트레이닝(하의),TP,2950324,1105896,1005364,1005364,329654,675710
V,5.0,제휴몰,과시즌의류,패딩,PD,932683,466342,423946,423946,144802,279144
V,5.0,제휴몰,과시즌의류,팬츠,PT,15741407,6237556,5670512,5670512,1463229,4207283
V,5.0,제휴몰,과시즌의류,후드티,HD,5158309,2099489,1908626,1908626,575534,1333092
V,5.0,제휴몰,당시즌의류,니트가디건,KC,0,0,0,0,0,0
V,5.0,제휴몰,당시즌의류,니트베스트,KV,1865366,1865366,1695789,1695789,460559,1235230
V,5.0,제휴몰,당시즌의류,니트풀오버,KP,361653,361653,328775,328775,-17744,346519
V,5.0,제휴몰,당시즌의류,다운베스트,DV,1123027,1123027,1020934,1020934,195563,825371
V,5.0,제휴몰,당시즌의류,다운점퍼,DJ,131869973,131869973,119881774,119881774,23910679,95971095
V,5.0,제휴몰,당시즌의류,맨투맨,MT,437790,437790,397991,397991,88776,309215
V,5.0,제휴몰,당시즌의류,반팔다운,DH,3959145,3959145,3599222,3599222,688598,2910624
V,5.0,제휴몰,당시즌의류,방풍자켓,WJ,1503714,1503714,1367013,1367013,337951,1029062
V,5.0,제휴몰,당시즌의류,베스트,VT,1008821,1008821,917109,917109,261534,655575
V,5.0,제휴몰,당시즌의류,팬츠,PT,2036675,2036675,1851523,1851523,525241,1326282
V,5.0,제휴몰,당시즌의류,후드티,HD,551996,551996,501814,501814,172438,329376
V,5.0,제휴몰,차시즌의류,니트가디건,KC,628134,628134,571030,571030,124161,446869
V,5.0,제휴몰,차시즌의류,다운점퍼,DJ,5082171,5082171,4620156,4620156,1168370,3451786
V,5.0,제휴몰,차시즌의류,반팔다운,DH,18672697,18672697,16975177,16975177,3037391,13937786
V,5.0,제휴몰,차시즌의류,팬츠,PT,951717,951717,865199,865199,224788,640411
V,5.0,제휴몰,차시즌의류,후드티,HD,551996,551996,501814,501814,136975,364839
V,7.0,아울렛,Acc_etc,양말,SO,228412,125627,114204,114204,36179,78025
V,7.0,아울렛,Acc_etc,장갑,AG,0,-28552,-25957,-25957,0,-25957
V,7.0,아울렛,Bag,크로스백,CR,1770194,1164331,1058481,1058481,320106,738375
V,7.0,아울렛,Bag,토드백,TG,4720519,4248467,3862233,3862233,926267,2935966
V,7.0,아울렛,Bag,힙색,HS,361653,130195,118357,118357,44761,73596
V,7.0,아울렛,Headwear,비니,BN,1294336,1016434,924030,924030,308701,615329
V,7.0,아울렛,Headwear,운동모,CP,209378,75376,68524,68524,15227,53297
V,7.0,아울렛,Headwear,햇,HT,1008821,661634,601484,601484,144971,456513
V,7.0,아울렛,Shoes,방한화,WB,966945,870250,791134,791134,212315,578819
V,7.0,아울렛,Shoes,신발,SH,8535002,2405942,2187214,2187214,2216740,-29526
V,7.0,아울렛,과시즌의류,긴팔카라티셔츠,TL,875580,551615,501468,501468,129344,372124
V,7.0,아울렛,과시즌의류,니트풀오버,KP,14237693,5254432,4776740,4776740,1433642,3343098
V,7.0,아울렛,과시즌의류,다운베스트,DV,65611402,23961962,21783591,21783591,7047885,14735706
V,7.0,아울렛,과시즌의류,다운점퍼,DJ,887800124,355503763,323185105,323185105,100659167,222525938
V,7.0,아울렛,과시즌의류,맨투맨,MT,8089598,4483541,4075934,4075934,1670177,2405757
V,7.0,아울렛,과시즌의류,반바지,SP,1560817,568746,517041,517041,174174,342867
V,7.0,아울렛,과시즌의류,반팔다운,DH,14256728,6929455,6299502,6299502,1869015,4430487
V,7.0,아울렛,과시즌의류,반팔티셔츠,RS,1237233,569127,517390,517390,191651,325739
V,7.0,아울렛,과시즌의류,방수자켓,JK,22898322,10229059,9299134,9299134,3628828,5670306
V,7.0,아울렛,과시즌의류,방풍자켓,WJ,54114655,23159093,21053688,21053688,7390994,13662694
V,7.0,아울렛,과시즌의류,소프트쉘,SS,30531096,14694499,13358615,13358615,5379596,7979019
V,7.0,아울렛,과시즌의류,스커트,SK,2950324,796588,724171,724171,214570,509601
V,7.0,아울렛,과시즌의류,집업티,ZT,2284122,1027855,934413,934413,342932,591481
V,7.0,아울렛,과시즌의류,트레이닝 숏팬츠,TB,1427576,385446,350405,350405,90847,259558
V,7.0,아울렛,과시즌의류,트레이닝(상의),TR,1370473,549902,499911,499911,169227,330684
V,7.0,아울렛,과시즌의류,트레이닝(하의),TP,1579851,611574,555976,555976,197085,358891
V,7.0,아울렛,과시즌의류,패딩,PD,16616987,7418447,6744037,6744037,2526332,4217705
V,7.0,아울렛,과시즌의류,팬츠,PT,10221446,5120430,4654932,4654932,1925970,2728962
V,7.0,아울렛,과시즌의류,후드티,HD,1065924,532962,484510,484510,164118,320392
V,7.0,아울렛,당시즌의류,니트풀오버,KP,666202,599582,545073,545073,97010,448063
V,7.0,아울렛,당시즌의류,다운베스트,DV,-1313370,-1182033,-1074575,-1074575,-290894,-783681
V,7.0,아울렛,당시즌의류,다운점퍼,DJ,105412227,94688084,86080053,86080053,18209869,67870184
V,7.0,아울렛,당시즌의류,반팔다운,DH,2074744,1867270,1697518,1697518,347434,1350084
V,7.0,아울렛,당시즌의류,방풍자켓,WJ,2074744,1867270,1697518,1697518,372466,1325052
V,7.0,아울렛,당시즌의류,베스트,VT,1008821,1008821,917109,917109,261534,655575
V,7.0,아울렛,당시즌의류,집업티,ZT,0,-95172,-86519,-86519,0,-86519
V,7.0,아울렛,차시즌의류,다운점퍼,DJ,10354686,9488623,8626017,8626017,2324827,6301190
V,7.0,아울렛,차시즌의류,반팔다운,DH,6224232,5601809,5092553,5092553,1020569,4071984
V,11.0,직영몰,Acc_etc,머플러(스카프),MF,437790,394011,358192,358192,79543,278649
V,11.0,직영몰,Acc_etc,토시,ML,285515,256964,233603,233603,50586,183017
V,11.0,직영몰,Bag,크로스백,CR,551996,496797,451634,451634,101105,350529
V,11.0,직영몰,Bag,토드백,TG,4396935,3957241,3597496,3597496,805608,2791888
V,11.0,직영몰,Headwear,운동모,CP,285515,256964,233603,233603,55066,178537
V,11.0,직영몰,Headwear,햇,HT,399721,359749,327044,327044,54453,272591
V,11.0,직영몰,Shoes,방한화,WB,1728319,1555487,1414077,1414077,425448,988629
V,11.0,직영몰,과시즌의류,반팔티셔츠,RS,285515,142758,129780,129780,43868,85912
V,11.0,직영몰,과시즌의류,트레이닝(상의),TR,532962,213185,193804,193804,65996,127808
V,11.0,직영몰,당시즌의류,니트풀오버,KP,2512534,2327901,2116273,2116273,427397,1688876
V,11.0,직영몰,당시즌의류,다운점퍼,DJ,138094205,124063796,112785289,112785289,24984278,87801011
V,11.0,직영몰,당시즌의류,맨투맨,MT,742340,668106,607369,607369,148691,458678
V,11.0,직영몰,당시즌의류,반팔다운,DH,3768801,3391921,3083565,3083565,707939,2375626
V,11.0,직영몰,당시즌의류,방풍자켓,WJ,2074744,1867270,1697518,1697518,343738,1353780
V,11.0,직영몰,당시즌의류,베스트,VT,1008821,907938,825398,825398,261534,563864
V,11.0,직영몰,당시즌의류,팬츠,PT,2550603,2295543,2086858,2086858,704693,1382165
V,11.0,직영몰,당시즌의류,후드티,HD,1598885,1438997,1308179,1308179,391664,916515
V,11.0,직영몰,차시즌의류,다운점퍼,DJ,47014843,42313359,38466705,38466705,7840384,30626321
V,11.0,직영몰,차시즌의류,반팔다운,DH,10373720,9336348,8487588,8487588,1700951,6786637
V,11.0,직영몰,차시즌의류,방풍자켓,WJ,12315224,11083702,10076092,10076092,2252968,7823124
V,11.0,직영몰,차시즌의류,팬츠,PT,1370473,1233426,1121296,1121296,346437,774859
V,99.0,기타,Acc_etc,다운 스카프,DC,0,0,0,0,0,0
V,99.0,기타,Acc_etc,머플러(스카프),MF,0,0,0,0,0,0
V,99.0,기타,Acc_etc,토시,ML,0,0,0,0,0,0
V,99.0,기타,Bag,가방,BG,0,0,0,0,0,0
V,99.0,기타,Headwear,비니,BN,0,0,0,0,0,0
V,99.0,기타,Headwear,운동모,CP,0,0,0,0,0,0
V,99.0,기타,Headwear,햇,HT,285515,259552,235965,235965,43202,192763
V,99.0,기타,Shoes,방한화,WB,0,0,0,0,0,0
V,99.0,기타,Shoes,신발,SH,531058,289665,263336,263336,137428,125908
V,99.0,기타,과시즌의류,니트풀오버,KP,0,0,0,0,0,0
V,99.0,기타,과시즌의류,다운점퍼,DJ,2455431,1339333,1217570,1217570,368709,848861
V,99.0,기타,과시즌의류,방풍자켓,WJ,0,0,0,0,0,0
V,99.0,기타,당시즌의류,니트가디건,KC,0,0,0,0,0,0
V,99.0,기타,당시즌의류,니트풀오버,KP,0,0,0,0,0,0
V,99.0,기타,당시즌의류,다운점퍼,DJ,0,0,0,0,0,0
V,99.0,기타,당시즌의류,방풍자켓,WJ,0,0,0,0,0,0
V,99.0,기타,차시즌의류,다운점퍼,DJ,0,0,0,0,0,0
V,99.0,기타,차시즌의류,반팔다운,DH,0,0,0,0,0,0
V,99.0,기타,차시즌의류,패딩,PD,0,0,0,0,0,0
W,4.0,자사몰,Acc_etc,양말,SO,161792,78155,71051,71051,21623,49428
W,4.0,자사몰,Bag,가방,BG,3635561,569698,517908,517908,1159533,-641625
W,4.0,자사몰,Bag,백팩,BK,529155,150752,137047,137047,139788,-2741
W,4.0,자사몰,Bag,보스톤백,BW,359749,83941,76311,76311,105774,-29463
W,4.0,자사몰,Bag,크로스백,CR,749953,273143,248307,248307,201041,47266
W,4.0,자사몰,Headwear,비니,BN,527251,137428,124936,124936,81239,43697
W,4.0,자사몰,Headwear,선캡,SC,93268,32549,29589,29589,18863,10726
W,4.0,자사몰,Headwear,운동모,CP,9629477,2388240,2171117,2171117,2016613,154504
W,4.0,자사몰,Headwear,햇,HT,1031662,404290,367536,367536,250530,117006
W,4.0,자사몰,Shoes,슬리퍼,LP,150371,36165,32878,32878,9570,23308
W,4.0,자사몰,Shoes,신발,SH,9941641,2525858,2296233,2296233,1564814,731419
W,4.0,자사몰,과시즌의류,긴팔티셔츠,RL,1732126,440265,400245,400245,135045,265200
W,4.0,자사몰,과시즌의류,다운점퍼,DJ,2542989,954192,867447,867447,339837,527610
W,4.0,자사몰,과시즌의류,맨투맨,MT,18385278,3929641,3572395,3572395,1636124,1936271
W,4.0,자사몰,과시즌의류,반바지,SP,810863,189011,171827,171827,51602,120225
W,4.0,자사몰,과시즌의류,반팔티셔츠,RS,5356266,1844767,1705805,1705805,778830,926975
W,4.0,자사몰,과시즌의류,방풍자켓,WJ,9757007,2999242,2726587,2726587,2630450,96137
W,4.0,자사몰,과시즌의류,소프트쉘,SS,378784,150371,136701,136701,50620,86081
W,4.0,자사몰,과시즌의류,스커트,SK,850835,325678,296070,296070,260828,35242
W,4.0,자사몰,과시즌의류,우븐반바지,SM,1596982,497444,452218,452218,452945,-727
W,4.0,자사몰,과시즌의류,우븐팬츠,WP,2362163,791258,719327,719327,507677,211650
W,4.0,자사몰,과시즌의류,점퍼,JP,15815641,3035217,2759284,2759284,1393716,1365568
W,4.0,자사몰,과시즌의류,진바지,DP,302646,66811,60737,60737,35767,24970
W,4.0,자사몰,과시즌의류,탱크탑,TK,226509,36165,32878,32878,4119,28759
W,4.0,자사몰,과시즌의류,트레이닝 숏팬츠,TB,1452321,238691,216990,216990,13204,203786
W,4.0,자사몰,과시즌의류,트레이닝(상의),TR,2385004,386968,351791,351791,188944,162847
W,4.0,자사몰,과시즌의류,트레이닝(하의),TP,1286722,181588,165077,165077,70170,94907
W,4.0,자사몰,과시즌의류,패딩,PD,833705,304930,277209,277209,317683,-40474
W,4.0,자사몰,과시즌의류,팬츠,PT,10998047,2542799,2311636,2311636,1018178,1293458
W,4.0,자사몰,과시즌의류,폴라폴리스점퍼,FD,492990,112303,102093,102093,35855,66238
W,4.0,자사몰,과시즌의류,폴로 티셔츠,PQ,622423,141045,128223,128223,73560,54663
W,4.0,자사몰,과시즌의류,후드티,HD,6875207,2215027,2013667,2013667,1132964,880703
W,4.0,자사몰,당시즌의류,반팔티셔츠,RS,93268,36165,32878,32878,20424,12454
W,5.0,제휴몰,Acc_etc,양말,SO,129434,68524,62296,62296,17298,44998
W,5.0,제휴몰,Bag,가방,BG,1920566,378784,344354,344354,588441,-244087
W,5.0,제휴몰,Bag,백팩,BK,2817084,1008821,917102,917102,728121,188981
W,5.0,제휴몰,Bag,크로스백,CR,188440,55200,50182,50182,52877,-2695
W,5.0,제휴몰,Bag,토드백,TG,226509,55200,50182,50182,64983,-14801
W,5.0,제휴몰,Headwear,운동모,CP,2798049,601485,546815,546815,555217,-8402
W,5.0,제휴몰,Headwear,햇,HT,826091,178923,162660,162660,155061,7599
W,5.0,제휴몰,Shoes,방한화,WB,245543,55200,50182,50182,17858,32324
W,5.0,제휴몰,Shoes,신발,SH,9863600,2877994,2616338,2616338,1921070,695268
W,5.0,제휴몰,과시즌의류,긴팔티셔츠,RL,508217,108496,98634,98634,30464,68170
W,5.0,제휴몰,과시즌의류,다운점퍼,DJ,7153108,2261281,2055712,2055712,777841,1277871
W,5.0,제휴몰,과시즌의류,레깅스,LG,300743,34262,31148,31148,2735,28413
W,5.0,제휴몰,과시즌의류,맨투맨,MT,4832821,949814,863478,863478,415807,447671
W,5.0,제휴몰,과시즌의류,반바지,SP,755664,184633,167851,167851,48090,119761
W,5.0,제휴몰,과시즌의류,반팔티셔츠,RS,2739043,1018338,925774,925774,433930,491844
W,5.0,제휴몰,과시즌의류,방풍자켓,WJ,5797863,2029062,1844596,1844596,1610866,233730
W,5.0,제휴몰,과시즌의류,소프트쉘,SS,1136351,451114,410103,410103,151860,258243
W,5.0,제휴몰,과시즌의류,우븐반바지,SM,1033565,386397,351275,351275,412608,-61333
W,5.0,제휴몰,과시즌의류,우븐팬츠,WP,1720705,597679,543343,543343,245684,297659
W,5.0,제휴몰,과시즌의류,점퍼,JP,2274605,523445,475859,475859,159927,315932
W,5.0,제휴몰,과시즌의류,진바지,DP,302646,74234,67486,67486,35767,31719
W,5.0,제휴몰,과시즌의류,탱크탑,TK,565320,51393,46722,46722,10279,36443
W,5.0,제휴몰,과시즌의류,트레이닝(상의),TR,4088578,833705,757923,757923,328331,429592
W,5.0,제휴몰,과시즌의류,트레이닝(하의),TP,2988393,628134,571038,571038,211856,359182
W,5.0,제휴몰,과시즌의류,패딩,PD,2084261,847029,770025,770025,794208,-24183
W,5.0,제휴몰,과시즌의류,팬츠,PT,4537789,1149675,1045170,1045170,590008,455162
W,5.0,제휴몰,과시즌의류,폴라폴리스점퍼,FD,492990,112303,102093,102093,35855,66238
W,5.0,제휴몰,과시즌의류,후드티,HD,4214205,1301949,1183588,1183588,1041449,142139
W,99.0,기타,과시즌의류,다운점퍼,DJ,626230,223216,202929,202929,83688,119241
W,99.0,기타,과시즌의류,팬츠,PT,302646,67496,61352,61352,22011,39341
X,1.0,백화점,Acc_etc,기타소품류,AC,7295866,4796085,4360025,2895560,1455612,1439948
X,1.0,백화점,Acc_etc,다운 스카프,DC,19034349,13404027,12185621,8030168,3865248,4164920
X,1.0,백화점,Acc_etc,마스크,MK,782312,547694,497840,325775,185663,140112
X,1.0,백화점,Acc_etc,멀티스카프,MS,1625533,993898,903566,610588,321958,288630
X,1.0,백화점,Acc_etc,양말,SO,5444585,4716693,4287845,2812536,1262527,1550009
X,1.0,백화점,Acc_etc,장갑,GL,9454361,6882059,6256478,4228108,2278347,1949761
X,1.0,백화점,Acc_etc,토시,ML,47586,33310,30282,19381,7869,11512
X,1.0,백화점,Bag,가방,BG,43493488,23596236,21451124,14823534,10009156,4814378
X,1.0,백화점,Bag,메신저백,MR,56396874,41155975,37414465,24567319,12561108,12006211
X,1.0,백화점,Bag,바디백,BZ,1168709,1168709,1062463,700342,276185,424157
X,1.0,백화점,Bag,백팩,BK,2665998561,2278529425,2071388727,1349791595,624750517,725041078
X,1.0,백화점,Bag,보스톤백,BW,2242246,1070359,973004,705794,494132,211662
X,1.0,백화점,Bag,슬링백,SG,34254215,24773739,22521515,14999124,7429721,7569403
X,1.0,백화점,Bag,크로스백,CR,77637304,46548559,42316794,28363345,16545736,11817609
X,1.0,백화점,Bag,토드백,TG,49363682,30067191,27333912,17711356,11114714,6596642
X,1.0,백화점,Bag,힙색,HS,2476369,1671501,1519543,1023911,535351,488560
X,1.0,백화점,Headwear,메시캡,MC,645264,627486,570423,396760,150124,246636
X,1.0,백화점,Headwear,방한모,WM,6220425,5555784,5050728,3330048,1311682,2018366
X,1.0,백화점,Headwear,비니,BN,24004218,15968753,14517007,9806527,4699356,5107171
X,1.0,백화점,Headwear,운동모,CP,37109368,28844672,26222234,17484061,7155410,10328651
X,1.0,백화점,Headwear,햇,HT,5497120,2803360,2548507,1789606,1147269,642337
X,1.0,백화점,Shoes,슬리퍼,LP,46849244,41378277,37616252,24824041,11975023,12849018
X,1.0,백화점,Shoes,신발,SH,1013186997,743726849,676115704,443263591,216023542,227240049
X,1.0,백화점,과시즌의류,긴팔카라티셔츠,TL,4208495,2377771,2161607,1613195,594136,1019059
X,1.0,백화점,과시즌의류,긴팔티셔츠,RL,6850462,3801559,3455934,2532884,1017336,1515548
X,1.0,백화점,과시즌의류,다운베스트,DV,35148830,20634339,18758464,14057175,5110485,8946690
X,1.0,백화점,과시즌의류,다운점퍼,DJ,4043346924,2019555967,1835957980,1252501852,585060109,667441743
X,1.0,백화점,과시즌의류,레깅스,LG,12716849,5086740,4624319,3430100,1861091,1569009
X,1.0,백화점,과시즌의류,맨투맨,MT,89982983,52651847,47865317,35052660,14343077,20709583
X,1.0,백화점,과시즌의류,반바지,SP,2070937,1242562,1129603,844638,364159,480479
X,1.0,백화점,과시즌의류,반팔카라티셔츠,TS,1452321,871393,792170,603179,233378,369801
X,1.0,백화점,과시즌의류,반팔티셔츠,RS,24735137,17064903,15513629,11601366,4820487,6780879
X,1.0,백화점,과시즌의류,방풍자켓,WJ,121511480,49606465,45096453,32968234,17535474,15432760
X,1.0,백화점,과시즌의류,브라,BR,597679,358607,326007,234515,182665,51850
X,1.0,백화점,과시즌의류,상하의 세트,AZ,19142845,11485840,10441669,7309125,4596567,2712558
X,1.0,백화점,과시즌의류,소프트쉘,SS,115709810,54026412,49114766,34887602,16861171,18026431
X,1.0,백화점,과시즌의류,스커트,SK,5097399,2322267,2111246,1576200,747799,828401
X,1.0,백화점,과시즌의류,원피스,OP,25881005,10401530,9455983,6996458,3790769,3205689
X,1.0,백화점,과시즌의류,집업티,ZT,1760677,910432,827642,550279,265533,284746
X,1.0,백화점,과시즌의류,트레이닝 숏팬츠,TB,2780918,1946567,1769662,1283776,597682,686094
X,1.0,백화점,과시즌의류,트레이닝(상의),TR,601896583,265862694,241693147,173479734,91325234,82154500
X,1.0,백화점,과시즌의류,트레이닝(하의),TP,325574933,149507715,135915870,98166246,48551838,49614408
X,1.0,백화점,과시즌의류,패딩,PD,25311878,17142411,15583930,12008143,4917526,7090617
X,1.0,백화점,과시즌의류,팬츠,PT,90510235,45582965,41439497,29925437,13317051,16608386
X,1.0,백화점,과시즌의류,후드티,HD,57144924,30211453,27464925,20573151,9379747,11193404
X,1.0,백화점,당시즌의류,긴팔카라티셔츠,TL,3228226,2786762,2533421,1766871,527543,1239328
X,1.0,백화점,당시즌의류,긴팔티셔츠,RL,13632401,10815641,9832399,6628594,2545001,4083593
X,1.0,백화점,당시즌의류,다운베스트,DV,82300720,75795236,68904859,45612725,19107536,26505189
X,1.0,백화점,당시즌의류,다운점퍼,DJ,3664736584,3126233654,2842029475,1872306514,981038950,891267564
X,1.0,백화점,당시즌의류,레깅스,LG,529155,370447,336735,219738,131436,88302
X,1.0,백화점,당시즌의류,맨투맨,MT,71601512,55167693,50152686,33318820,16797781,16521039
X,1.0,백화점,당시즌의류,반팔티셔츠,RS,786119,786119,714648,462483,164925,297558
X,1.0,백화점,당시즌의류,방풍자켓,WJ,17570608,12665190,11513827,7920061,4452066,3467995
X,1.0,백화점,당시즌의류,상하의 세트,AZ,13036626,10407240,9461130,6091595,2977777,3113818
X,1.0,백화점,당시즌의류,소프트쉘,SS,93656613,84346341,76678453,50951765,20784916,30166849
X,1.0,백화점,당시즌의류,스커트,SK,2135654,1572409,1429482,980773,478916,501857
X,1.0,백화점,당시즌의류,원피스,OP,793732,555613,505101,327239,167519,159720
X,1.0,백화점,당시즌의류,점퍼,JP,3494707,2446295,2223905,1779125,828089,951036
X,1.0,백화점,당시즌의류,집업티,ZT,13891268,9723983,8839898,5923149,2841107,3082042
X,1.0,백화점,당시즌의류,트레이닝(상의),TR,63978255,51872713,47157018,30993092,14438150,16554942
X,1.0,백화점,당시즌의류,트레이닝(하의),TP,67608106,55257877,50234315,33190827,14600267,18590560
X,1.0,백화점,당시즌의류,패딩,PD,34029610,23820518,21655208,14308172,9700424,4607748
X,1.0,백화점,당시즌의류,팬츠,PT,25085369,21636592,19669638,13246217,5539167,7707050
X,1.0,백화점,당시즌의류,후드티,HD,33454772,25486689,23169568,15267615,8272435,6995180
X,1.0,백화점,차시즌의류,긴팔티셔츠,RL,26082769,25558677,23235145,15367460,5640995,9726465
X,1.0,백화점,차시즌의류,레깅스,LG,123723,123723,112476,73109,32707,40402
X,1.0,백화점,차시즌의류,맨투맨,MT,67248356,65983086,59984592,39582150,16362317,23219833
X,1.0,백화점,차시즌의류,반팔티셔츠,RS,33462386,32949125,29953739,19742387,7631832,12110555
X,1.0,백화점,차시즌의류,방풍자켓,WJ,129252750,125303103,113911913,74407074,30787904,43619170
X,1.0,백화점,차시즌의류,상하의 세트,AZ,37432952,36730965,33391752,21513337,10952172,10561165
X,1.0,백화점,차시즌의류,소프트쉘,SS,1815877,1764484,1604078,1037321,357842,679479
X,1.0,백화점,차시즌의류,트레이닝 숏팬츠,TB,3458541,3417617,3106922,2039281,881810,1157471
X,1.0,백화점,차시즌의류,트레이닝(상의),TR,86145658,84212130,76556431,50239968,20076606,30163362
X,1.0,백화점,차시즌의류,트레이닝(하의),TP,84388788,82721170,75200991,49510364,18435236,31075128
X,1.0,백화점,차시즌의류,패딩,PD,166424930,160611954,146010764,95033325,42368832,52664493
X,1.0,백화점,차시즌의류,팬츠,PT,37908810,37030661,33664186,22009380,8539308,13470072
X,1.0,백화점,차시즌의류,후드티,HD,18200645,17970691,16336971,10688326,5023273,5665053
X,2.0,면세점,Acc_etc,기타소품류,AC,1764484,789754,717949,430761,408091,22670
X,2.0,면세점,Acc_etc,다운 스카프,DC,1852042,981792,892534,535526,443955,91571
X,2.0,면세점,Acc_etc,장갑,GL,473955,268384,243980,146389,107944,38445
X,2.0,면세점,Bag,가방,BG,605292,302646,275134,165081,138753,26328
X,2.0,면세점,Bag,메신저백,MR,226509,135905,123550,74129,45561,28568
X,2.0,면세점,Bag,백팩,BK,529448042,523625225,476022984,285613228,124482882,161130346
X,2.0,면세점,Bag,보스톤백,BW,546286,290083,263711,158227,119284,38943
X,2.0,면세점,Bag,슬링백,SG,1939600,1476494,1342274,805362,413946,391416
X,2.0,면세점,Bag,크로스백,CR,16154452,9720176,8836523,5301921,3413032,1888889
X,2.0,면세점,Bag,토드백,TG,376880,150752,137047,82228,81138,1090
X,2.0,면세점,Bag,힙색,HS,150371,90223,82019,49211,33546,15665
X,2.0,면세점,Headwear,비니,BN,2168012,2031536,1846871,1108121,457812,650309
X,2.0,면세점,Headwear,운동모,CP,9640898,8348770,7589791,4553854,1873382,2680472
X,2.0,면세점,Headwear,햇,HT,123723,74234,67486,40492,27465,13027
X,2.0,면세점,Shoes,슬리퍼,LP,16626504,16626675,15115190,9069085,4270697,4798388
X,2.0,면세점,Shoes,신발,SH,176773906,152075372,138249925,82949938,37206622,45743316
X,2.0,면세점,당시즌의류,긴팔티셔츠,RL,23492194,16562606,15056909,9034111,3951118,5082993
X,2.0,면세점,당시즌의류,다운베스트,DV,7608029,7062124,6420117,3852067,1732564,2119503
X,2.0,면세점,당시즌의류,다운점퍼,DJ,1108351130,943073914,857339622,514403682,315135549,199268133
X,2.0,면세점,당시즌의류,레깅스,LG,565320,395724,359749,215850,152239,63611
X,2.0,면세점,당시즌의류,맨투맨,MT,43662894,32217083,29288222,17572966,9426735,8146231
X,2.0,면세점,당시즌의류,방풍자켓,WJ,57011683,42010122,38190954,22914597,14831339,8083258
X,2.0,면세점,당시즌의류,소프트쉘,SS,97324532,76420381,69473063,41683891,20955783,20728108
X,2.0,면세점,당시즌의류,스커트,SK,1737836,1216485,1105886,663532,341672,321860
X,2.0,면세점,당시즌의류,점퍼,JP,5013648,3509553,3190496,1914300,1402571,511729
X,2.0,면세점,당시즌의류,집업티,ZT,66121523,46284590,42076889,25246129,13472492,11773637
X,2.0,면세점,당시즌의류,트레이닝(상의),TR,14625994,10527137,9570086,5742048,3193916,2548132
X,2.0,면세점,당시즌의류,트레이닝(하의),TP,19498788,13898082,12634609,7580738,4093638,3487100
X,2.0,면세점,당시즌의류,패딩,PD,33479517,23435700,21305202,12783123,9544230,3238893
X,2.0,면세점,당시즌의류,팬츠,PT,22310161,16184127,14712831,8827726,5806436,3021290
X,2.0,면세점,당시즌의류,후드티,HD,52892650,37398252,33998367,20398983,10980124,9418859
X,2.0,면세점,차시즌의류,긴팔티셔츠,RL,2021448,2021448,1837702,1102614,458157,644457
X,2.0,면세점,차시즌의류,맨투맨,MT,1655988,1655988,1505442,903260,389138,514122
X,2.0,면세점,차시즌의류,반팔티셔츠,RS,4859469,4859469,4417688,2650575,1217467,1433108
X,2.0,면세점,차시즌의류,방풍자켓,WJ,10061557,10061557,9146869,5488119,2395041,3093078
X,2.0,면세점,차시즌의류,트레이닝 숏팬츠,TB,150371,150371,136701,82021,38339,43682
X,2.0,면세점,차시즌의류,트레이닝(상의),TR,3153992,3153992,2867270,1720359,695081,1025278
X,2.0,면세점,차시즌의류,트레이닝(하의),TP,1962441,1962441,1784032,1070418,426986,643432
X,2.0,면세점,차시즌의류,패딩,PD,2900835,2900835,2637125,1582276,705896,876380
X,2.0,면세점,차시즌의류,후드티,HD,169406,169406,154005,92402,49031,43371
X,3.0,직영점(가두),Acc_etc,기타소품류,AC,371170,348900,317177,317177,76470,240707
X,3.0,직영점(가두),Acc_etc,다운 스카프,DC,1754967,1754967,1595413,1595413,252734,1342679
X,3.0,직영점(가두),Acc_etc,마스크,MK,241736,169215,153830,153830,56117,97713
X,3.0,직영점(가두),Acc_etc,멀티스카프,MS,74234,74234,67486,67486,15564,51922
X,3.0,직영점(가두),Acc_etc,양말,SO,350232,314828,286200,286200,70058,216142
X,3.0,직영점(가두),Acc_etc,장갑,GL,2327901,2327901,2116266,2116266,566997,1549269
X,3.0,직영점(가두),Acc_etc,토시,ML,47586,33310,30282,30282,9829,20453
X,3.0,직영점(가두),Bag,가방,BG,942200,942200,856546,856546,199587,656959
X,3.0,직영점(가두),Bag,백팩,BK,16497071,16192331,14720260,14720260,3918002,10802258
X,3.0,직영점(가두),Bag,슬링백,SG,999303,942771,857060,857060,213409,643651
X,3.0,직영점(가두),Bag,크로스백,CR,2735236,2332088,2120069,2120069,606398,1513671
X,3.0,직영점(가두),Bag,힙색,HS,262674,183872,167156,167156,56568,110588
X,3.0,직영점(가두),Headwear,메시캡,MC,93268,93268,84789,84789,21505,63284
X,3.0,직영점(가두),Headwear,방한모,WM,2849442,2703829,2458001,2458001,593291,1864710
X,3.0,직영점(가두),Headwear,비니,BN,4785235,4274353,3885727,3885727,1017300,2868427
X,3.0,직영점(가두),Headwear,운동모,CP,3140668,2960793,2691609,2691609,625532,2066077
X,3.0,직영점(가두),Shoes,슬리퍼,LP,595775,595775,541611,541611,158735,382876
X,3.0,직영점(가두),Shoes,신발,SH,24356353,22498601,20453176,20453176,5365092,15088084
X,3.0,직영점(가두),과시즌의류,다운점퍼,DJ,1423769,854262,776600,776600,205251,571349
X,3.0,직영점(가두),당시즌의류,긴팔티셔츠,RL,262674,183872,167156,167156,54370,112786
X,3.0,직영점(가두),당시즌의류,다운베스트,DV,4560630,4560630,4146020,4146020,1044915,3101105
X,3.0,직영점(가두),당시즌의류,다운점퍼,DJ,350662205,314033036,285484259,285484259,92855177,192629082
X,3.0,직영점(가두),당시즌의류,레깅스,LG,376880,263816,239833,239833,83656,156177
X,3.0,직영점(가두),당시즌의류,맨투맨,MT,1996703,1487915,1352640,1352640,430888,921752
X,3.0,직영점(가두),당시즌의류,방풍자켓,WJ,3567037,2604851,2368042,2368042,1009944,1358098
X,3.0,직영점(가두),당시즌의류,상하의 세트,AZ,245543,171880,156253,156253,52579,103674
X,3.0,직영점(가두),당시즌의류,소프트쉘,SS,6641085,5957942,5416300,5416300,1467939,3948361
X,3.0,직영점(가두),당시즌의류,스커트,SK,226509,158556,144141,144141,40345,103796
X,3.0,직영점(가두),당시즌의류,점퍼,JP,3342432,2339702,2126997,2126997,931189,1195808
X,3.0,직영점(가두),당시즌의류,집업티,ZT,1585561,1109893,1008988,1008988,317206,691782
X,3.0,직영점(가두),당시즌의류,트레이닝(상의),TR,2683843,2173342,1975764,1975764,588791,1386973
X,3.0,직영점(가두),당시즌의류,트레이닝(하의),TP,3226322,2439442,2217669,2217669,700481,1517188
X,3.0,직영점(가두),당시즌의류,패딩,PD,1838718,1287103,1170093,1170093,532671,637422
X,3.0,직영점(가두),당시즌의류,팬츠,PT,3081661,2813086,2557345,2557345,685035,1872310
X,3.0,직영점(가두),당시즌의류,후드티,HD,1791132,1355436,1232211,1232211,410809,821402
X,3.0,직영점(가두),차시즌의류,긴팔티셔츠,RL,2324094,2315776,2105243,2105243,492668,1612575
X,3.0,직영점(가두),차시즌의류,맨투맨,MT,4157102,4146386,3769431,3769431,990968,2778463
X,3.0,직영점(가두),차시즌의류,반팔티셔츠,RS,1039275,1020241,927489,927489,233502,693987
X,3.0,직영점(가두),차시즌의류,방풍자켓,WJ,13021398,12945261,11768405,11768405,3049407,8718998
X,3.0,직영점(가두),차시즌의류,상하의 세트,AZ,302646,302646,275132,275132,89439,185693
X,3.0,직영점(가두),차시즌의류,소프트쉘,SS,605292,605292,550264,550264,119281,430983
X,3.0,직영점(가두),차시즌의류,트레이닝(상의),TR,4360769,4360769,3964320,3964320,1025192,2939128
X,3.0,직영점(가두),차시즌의류,트레이닝(하의),TP,4094289,4094289,3722059,3722059,869906,2852153
X,3.0,직영점(가두),차시즌의류,패딩,PD,11791779,11791779,10719771,10719771,2777094,7942677
X,3.0,직영점(가두),차시즌의류,팬츠,PT,2228922,2228922,2026283,2026283,492462,1533821
X,3.0,직영점(가두),차시즌의류,후드티,HD,207474,207474,188611,188611,46000,142611
X,4.0,자사몰,Acc_etc,기타소품류,AC,612906,264387,240352,240352,119572,120780
X,4.0,자사몰,Acc_etc,다운 스카프,DC,1311467,1032461,938599,938599,218659,719940
X,4.0,자사몰,Acc_etc,마스크,MK,327391,189201,172000,172000,77479,94521
X,4.0,자사몰,Acc_etc,멀티스카프,MS,74234,68067,61879,61879,15564,46315
X,4.0,자사몰,Acc_etc,양말,SO,2110529,1224594,1113268,1113268,484129,629139
X,4.0,자사몰,Acc_etc,장갑,GL,1671216,698104,634645,634645,377735,256910
X,4.0,자사몰,Acc_etc,토시,ML,47586,33310,30282,30282,9829,20453
X,4.0,자사몰,Bag,가방,BG,2004317,1027760,934330,934330,461316,473014
X,4.0,자사몰,Bag,메신저백,MR,2961745,2472828,2248027,2248027,693690,1554337
X,4.0,자사몰,Bag,바디백,BZ,376880,341210,310191,310191,86020,224171
X,4.0,자사몰,Bag,백팩,BK,296770252,261389053,237693842,237693842,70271375,167422467
X,4.0,자사몰,Bag,보스톤백,BW,2996007,1509272,1372064,1372064,630806,741258
X,4.0,자사몰,Bag,슬링백,SG,9892151,7067245,6424769,6424769,2136233,4288536
X,4.0,자사몰,Bag,크로스백,CR,4461651,3410993,3100905,3100905,993201,2107704
X,4.0,자사몰,Bag,토드백,TG,3439507,2626626,2387832,2387832,828864,1558968
X,4.0,자사몰,Bag,힙색,HS,131337,84322,76657,76657,28283,48374
X,4.0,자사몰,Headwear,메시캡,MC,186537,180027,163661,163661,43010,120651
X,4.0,자사몰,Headwear,방한모,WM,1697864,1413110,1284643,1284643,350264,934379
X,4.0,자사몰,Headwear,비니,BN,1739740,1430603,1300556,1300556,364142,936414
X,4.0,자사몰,Headwear,운동모,CP,3738346,3038244,2762031,2762031,757725,2004306
X,4.0,자사몰,Headwear,햇,HT,1016434,611783,556170,556170,243446,312724
X,4.0,자사몰,Shoes,슬리퍼,LP,9530499,8408462,7644046,7644046,2331512,5312534
X,4.0,자사몰,Shoes,신발,SH,185847581,149781050,136259122,136259122,39191408,97067714
X,4.0,자사몰,과시즌의류,긴팔티셔츠,RL,1265784,727283,661164,661164,265592,395572
X,4.0,자사몰,과시즌의류,맨투맨,MT,508217,355029,322752,322752,86958,235794
X,4.0,자사몰,과시즌의류,방풍자켓,WJ,4391224,2673850,2430772,2430772,997265,1433507
X,4.0,자사몰,과시즌의류,스윔웨어,SW,21080542,13108671,11916974,11916974,3950825,7966149
X,4.0,자사몰,과시즌의류,스윔웨어 하의,SB,14835372,9401351,8546676,8546676,3000727,5545949
X,4.0,자사몰,과시즌의류,트레이닝(상의),TR,3205384,2059003,1871817,1871817,670312,1201505
X,4.0,자사몰,과시즌의류,트레이닝(하의),TP,4259887,2677943,2434489,2434489,841691,1592798
X,4.0,자사몰,과시즌의류,패딩,PD,833705,583593,530541,530541,184803,345738
X,4.0,자사몰,과시즌의류,팬츠,PT,753760,448335,407577,407577,159767,247810
X,4.0,자사몰,과시즌의류,후드티,HD,453018,264844,240767,240767,91553,149214
X,4.0,자사몰,당시즌의류,긴팔카라티셔츠,TL,1566527,1155861,1050786,1050786,267406,783380
X,4.0,자사몰,당시즌의류,긴팔티셔츠,RL,7636581,5244610,4767813,4767813,1388093,3379720
X,4.0,자사몰,당시즌의류,다운베스트,DV,15556774,13902993,12639082,12639082,3665321,8973761
X,4.0,자사몰,당시즌의류,다운점퍼,DJ,348933886,288338720,262126051,262126051,92587977,169538074
X,4.0,자사몰,당시즌의류,레깅스,LG,188440,128120,116473,116473,50746,65727
X,4.0,자사몰,당시즌의류,맨투맨,MT,18809744,13347857,12134447,12134447,4353713,7780734
X,4.0,자사몰,당시즌의류,반팔티셔츠,RS,224605,215850,196227,196227,47121,149106
X,4.0,자사몰,당시즌의류,방풍자켓,WJ,10935234,8176966,7433606,7433606,2821207,4612399
X,4.0,자사몰,당시즌의류,상하의 세트,AZ,1549396,1374014,1249103,1249103,335536,913567
X,4.0,자사몰,당시즌의류,소프트쉘,SS,25947625,21541935,19583559,19583559,5688280,13895279
X,4.0,자사몰,당시즌의류,스커트,SK,1058310,716072,650975,650975,233795,417180
X,4.0,자사몰,당시즌의류,원피스,OP,226509,169177,153798,153798,48604,105194
X,4.0,자사몰,당시즌의류,점퍼,JP,2887511,1974014,1794558,1794558,731313,1063245
X,4.0,자사몰,당시즌의류,집업티,ZT,6359376,4390520,3991383,3991383,1292634,2698749
X,4.0,자사몰,당시즌의류,트레이닝(상의),TR,19955612,16400605,14909653,14909653,4317550,10592103
X,4.0,자사몰,당시즌의류,트레이닝(하의),TP,31918700,25869546,23517780,23517780,6540530,16977250
X,4.0,자사몰,당시즌의류,패딩,PD,7033192,4633912,4212652,4212652,1971553,2241099
X,4.0,자사몰,당시즌의류,팬츠,PT,13853199,11142366,10129426,10129426,2999581,7129845
X,4.0,자사몰,당시즌의류,후드티,HD,11274045,7937666,7216057,7216057,2771449,4444608
X,4.0,자사몰,차시즌의류,긴팔티셔츠,RL,6424093,6157898,5598078,5598078,1366980,4231098
X,4.0,자사몰,차시즌의류,맨투맨,MT,6977992,6607108,6006460,6006460,1672617,4333843
X,4.0,자사몰,차시즌의류,반팔티셔츠,RS,6654409,6259674,5690610,5690610,1587314,4103296
X,4.0,자사몰,차시즌의류,방풍자켓,WJ,8038206,7619450,6926773,6926773,1987820,4938953
X,4.0,자사몰,차시즌의류,브라,BR,713788,681430,619481,619481,176730,442751
X,4.0,자사몰,차시즌의류,소프트쉘,SS,605292,572934,520848,520848,119281,401567
X,4.0,자사몰,차시즌의류,스커트,SK,453018,448297,407543,407543,81309,326234
X,4.0,자사몰,차시즌의류,트레이닝 숏팬츠,TB,601485,585782,532530,532530,153360,379170
X,4.0,자사몰,차시즌의류,트레이닝(상의),TR,7571864,7220509,6564100,6564100,1730230,4833870
X,4.0,자사몰,차시즌의류,트레이닝(하의),TP,8226646,7740547,7036864,7036864,1669832,5367032
X,4.0,자사몰,차시즌의류,패딩,PD,14561277,14097315,12815753,12815753,3422163,9393590
X,4.0,자사몰,차시즌의류,팬츠,PT,5851159,5385465,4895884,4895884,1290401,3605483
X,4.0,자사몰,차시즌의류,후드티,HD,1600789,1536281,1396621,1396621,419039,977582
X,5.0,제휴몰,Acc_etc,기타소품류,AC,6867593,3686382,3351294,3351294,1442267,1909027
X,5.0,제휴몰,Acc_etc,다운 스카프,DC,75594919,67452233,61320125,61320125,12719792,48600333
X,5.0,제휴몰,Acc_etc,마스크,MK,222702,155891,141718,141718,47310,94408
X,5.0,제휴몰,Acc_etc,멀티스카프,MS,4947027,2454099,2231022,2231022,979671,1251351
X,5.0,제휴몰,Acc_etc,양말,SO,6106219,3536354,3214902,3214902,1213820,2001082
X,5.0,제휴몰,Acc_etc,장갑,GL,18234907,7617356,6924849,6924849,3871474,3053375
X,5.0,제휴몰,Acc_etc,토시,ML,523445,328343,298491,298491,100893,197598
X,5.0,제휴몰,Bag,가방,BG,5063137,3096889,2815350,2815350,1168768,1646582
X,5.0,제휴몰,Bag,메신저백,MR,11144612,9721984,8838168,8838168,2624907,6213261
X,5.0,제휴몰,Bag,바디백,BZ,376880,376880,342618,342618,89686,252932
X,5.0,제휴몰,Bag,백팩,BK,631854745,520256336,472959354,472959354,142508107,330451247
X,5.0,제휴몰,Bag,보스톤백,BW,1393314,798301,725723,725723,322233,403490
X,5.0,제휴몰,Bag,슬링백,SG,19340802,14318589,13016874,13016874,4084994,8931880
X,5.0,제휴몰,Bag,크로스백,CR,28955052,17524925,15931731,15931731,6167203,9764528
X,5.0,제휴몰,Bag,토드백,TG,34147623,19195380,17450265,17450265,7427510,10022755
X,5.0,제휴몰,Bag,힙색,HS,4981289,2884656,2622412,2622412,1086220,1536192
X,5.0,제휴몰,Headwear,방한모,WM,2400231,2351694,2137906,2137906,507517,1630389
X,5.0,제휴몰,Headwear,비니,BN,9638995,5063137,4602871,4602871,1930437,2672434
X,5.0,제휴몰,Headwear,운동모,CP,18684117,10139217,9217494,9217494,3603802,5613692
X,5.0,제휴몰,Headwear,햇,HT,4865180,2586007,2350923,2350923,992963,1357960
X,5.0,제휴몰,Shoes,슬리퍼,LP,25599296,25326953,23024497,23024497,6458878,16565619
X,5.0,제휴몰,Shoes,신발,SH,405526814,309832612,281666263,281666263,85632904,196033359
X,5.0,제휴몰,과시즌의류,긴팔티셔츠,RL,3981986,2684795,2440706,2440706,830393,1610313
X,5.0,제휴몰,과시즌의류,다운베스트,DV,757567,454540,413217,413217,109238,303979
X,5.0,제휴몰,과시즌의류,다운점퍼,DJ,667283380,348610492,316918405,316918405,96876452,220041953
X,5.0,제휴몰,과시즌의류,레깅스,LG,5042199,2497116,2270105,2270105,858110,1411995
X,5.0,제휴몰,과시즌의류,맨투맨,MT,19182817,9316362,8469448,8469448,3016339,5453109
X,5.0,제휴몰,과시즌의류,반바지,SP,1747353,1210014,1100008,1100008,402479,697529
X,5.0,제휴몰,과시즌의류,반팔티셔츠,RS,33578496,22578736,20526049,20526049,6316979,14209070
X,5.0,제휴몰,과시즌의류,방풍자켓,WJ,45943209,19859108,18053736,18053736,6586639,11467097
X,5.0,제휴몰,과시즌의류,브라,BR,597679,358607,326005,326005,180708,145297
X,5.0,제휴몰,과시즌의류,상하의 세트,AZ,5266804,3160083,2872790,2872790,849126,2023664
X,5.0,제휴몰,과시즌의류,소프트쉘,SS,18844006,9541348,8673909,8673909,2732510,5941399
X,5.0,제휴몰,과시즌의류,스윔웨어,SW,59609872,38674372,35158478,35158478,11828931,23329547
X,5.0,제휴몰,과시즌의류,스윔웨어 하의,SB,25085369,16452530,14956817,14956817,5364978,9591839
X,5.0,제휴몰,과시즌의류,스커트,SK,2567734,1159382,1053981,1053981,372024,681957
X,5.0,제휴몰,과시즌의류,슬리브리스,SL,85655,59958,54507,54507,18222,36285
X,5.0,제휴몰,과시즌의류,원피스,OP,2305060,1369712,1245195,1245195,402491,842704
X,5.0,제휴몰,과시즌의류,트레이닝 숏팬츠,TB,2853249,1554916,1413550,1413550,605808,807742
X,5.0,제휴몰,과시즌의류,트레이닝(상의),TR,42547481,18734749,17031603,17031603,6650307,10381296
X,5.0,제휴몰,과시즌의류,트레이닝(하의),TP,38411317,16112196,14647459,14647459,5655880,8991579
X,5.0,제휴몰,과시즌의류,패딩,PD,17977943,11343901,10312651,10312651,3668153,6644498
X,5.0,제휴몰,과시즌의류,팬츠,PT,11913599,5920825,5382560,5382560,1947996,3434564
X,5.0,제휴몰,과시즌의류,후드티,HD,3488996,1942646,1766047,1766047,659727,1106320
X,5.0,제휴몰,당시즌의류,긴팔카라티셔츠,TL,1716898,1371425,1246748,1246748,283574,963174
X,5.0,제휴몰,당시즌의류,긴팔티셔츠,RL,10906682,8017839,7288926,7288926,1972781,5316145
X,5.0,제휴몰,당시즌의류,다운베스트,DV,20364850,19751564,17955972,17955972,4729549,13226423
X,5.0,제휴몰,당시즌의류,다운점퍼,DJ,1334795171,1144635131,1040577108,1040577108,335805899,704771209
X,5.0,제휴몰,당시즌의류,레깅스,LG,1115413,780789,709808,709808,262172,447636
X,5.0,제휴몰,당시즌의류,맨투맨,MT,67695664,49546659,45042532,45042532,16096224,28946308
X,5.0,제휴몰,당시즌의류,반팔티셔츠,RS,561513,561513,510463,510463,117804,392659
X,5.0,제휴몰,당시즌의류,방풍자켓,WJ,12733980,9902240,9002037,9002037,3247294,5754743
X,5.0,제휴몰,당시즌의류,상하의 세트,AZ,3022655,2507014,2279095,2279095,651009,1628086
X,5.0,제휴몰,당시즌의류,소프트쉘,SS,36766749,35119897,31927142,31927142,8150360,23776782
X,5.0,제휴몰,당시즌의류,스커트,SK,2306963,2000891,1818991,1818991,567206,1251785
X,5.0,제휴몰,당시즌의류,원피스,OP,283612,198528,180480,180480,59458,121022
X,5.0,제휴몰,당시즌의류,점퍼,JP,2506824,1754777,1595254,1595254,683923,911331
X,5.0,제휴몰,당시즌의류,집업티,ZT,10173860,7121702,6474271,6474271,2130172,4344099
X,5.0,제휴몰,당시즌의류,트레이닝(상의),TR,14014991,11400814,10364375,10364375,3127119,7237256
X,5.0,제휴몰,당시즌의류,트레이닝(하의),TP,24166010,19652585,17865989,17865989,5176113,12689876
X,5.0,제휴몰,당시즌의류,패딩,PD,14349996,10044997,9131841,9131841,4194388,4937453
X,5.0,제휴몰,당시즌의류,팬츠,PT,17791406,15608357,14189403,14189403,4024413,10164990
X,5.0,제휴몰,당시즌의류,후드티,HD,26425387,19073941,17339942,17339942,6521865,10818077
X,5.0,제휴몰,차시즌의류,긴팔티셔츠,RL,2826601,2826601,2569620,2569620,648504,1921116
X,5.0,제휴몰,차시즌의류,맨투맨,MT,4379804,4379804,3981630,3981630,1077106,2904524
X,5.0,제휴몰,차시즌의류,반팔티셔츠,RS,2168012,2168012,1970916,1970916,551939,1418977
X,5.0,제휴몰,차시즌의류,방풍자켓,WJ,4111419,4111419,3737653,3737653,991010,2746643
X,5.0,제휴몰,차시즌의류,상하의 세트,AZ,226509,226509,205915,205915,67197,138718
X,5.0,제휴몰,차시즌의류,트레이닝 숏팬츠,TB,150371,150371,136701,136701,38339,98362
X,5.0,제휴몰,차시즌의류,트레이닝(상의),TR,4943221,4943221,4493839,4493839,1119768,3374071
X,5.0,제휴몰,차시즌의류,트레이닝(하의),TP,3867780,3867780,3516168,3516168,837171,2678997
X,5.0,제휴몰,차시즌의류,패딩,PD,8871910,8871910,8065385,8065385,2153343,5912042
X,5.0,제휴몰,차시즌의류,팬츠,PT,3133054,3133054,2848235,2848235,698867,2149368
X,5.0,제휴몰,차시즌의류,후드티,HD,1636954,1636954,1488138,1488138,442139,1045999
X,6.0,대리점,Acc_etc,기타소품류,AC,3247260,2310941,2100878,1407533,631556,775977
X,6.0,대리점,Acc_etc,다운 스카프,DC,16483747,14344057,13040018,8654001,2584975,6069026
X,6.0,대리점,Acc_etc,마스크,MK,1284819,921605,837852,573311,306877,266434
X,6.0,대리점,Acc_etc,멀티스카프,MS,4398838,3030973,2755397,1825737,879695,946042
X,6.0,대리점,Acc_etc,양말,SO,22782213,18595893,16905285,11356624,4401771,6954853
X,6.0,대리점,Acc_etc,장갑,GL,16481843,14797513,13452269,8895772,4061881,4833891
X,6.0,대리점,Acc_etc,토시,ML,95172,62376,56703,36308,19661,16647
X,6.0,대리점,Bag,가방,BG,6115736,4179163,3799254,2552868,1427905,1124963
X,6.0,대리점,Bag,메신저백,MR,17010998,15162744,13784305,9058877,4034163,5024714
X,6.0,대리점,Bag,바디백,BZ,1037372,897736,816107,547331,238131,309200
X,6.0,대리점,Bag,백팩,BK,730418413,663374067,603066696,396919942,173101986,223817956
X,6.0,대리점,Bag,보스톤백,BW,753760,376956,342618,229554,157391,72163
X,6.0,대리점,Bag,슬링백,SG,22681331,18484809,16804384,11179524,4878462,6301062
X,6.0,대리점,Bag,크로스백,CR,49030581,38366643,34878586,23309748,10859538,12450210
X,6.0,대리점,Bag,토드백,TG,15842289,11521054,10473740,6918940,3642948,3275992
X,6.0,대리점,Bag,힙색,HS,5637974,3399459,3090434,2112796,1216312,896484
X,6.0,대리점,Headwear,메시캡,MC,652878,644008,585459,378692,150535,228157
X,6.0,대리점,Headwear,방한모,WM,10347072,9305303,8459402,5605603,2161179,3444424
X,6.0,대리점,Headwear,비니,BN,29802081,25224225,22931233,15253107,6322693,8930414
X,6.0,대리점,Headwear,운동모,CP,63588051,57167746,51970807,34247389,12352016,21895373
X,6.0,대리점,Headwear,햇,HT,5409562,3375285,3068274,2093011,1092693,1000318
X,6.0,대리점,Shoes,슬리퍼,LP,31404773,29413076,26739149,17534011,7772570,9761441
X,6.0,대리점,Shoes,신발,SH,637660222,560358303,509416279,337427304,136153740,201273564
X,6.0,대리점,과시즌의류,긴팔카라티셔츠,TL,2453528,1279489,1163174,784466,350982,433484
X,6.0,대리점,과시즌의류,긴팔티셔츠,RL,5980593,3937274,3579299,2399297,1238346,1160951
X,6.0,대리점,과시즌의류,다운베스트,DV,5645588,2943852,2676226,1820439,815300,1005139
X,6.0,대리점,과시즌의류,다운점퍼,DJ,437742450,225788327,205262122,139858727,63166838,76691889
X,6.0,대리점,과시즌의류,레깅스,LG,959331,372312,338467,223260,150467,72793
X,6.0,대리점,과시즌의류,맨투맨,MT,43565819,29518526,26834951,18092214,8413976,9678238
X,6.0,대리점,과시즌의류,반팔티셔츠,RS,32453566,22203949,20185360,13466859,6151236,7315623
X,6.0,대리점,과시즌의류,방풍자켓,WJ,90376994,53031563,48210469,32498369,18473337,14025032
X,6.0,대리점,과시즌의류,소프트쉘,SS,38910017,19006445,17278501,11875213,5660170,6215043
X,6.0,대리점,과시즌의류,스커트,SK,980269,422182,383797,257143,148102,109041
X,6.0,대리점,과시즌의류,원피스,OP,1210585,484234,440211,301546,175710,125836
X,6.0,대리점,과시즌의류,집업티,ZT,336908,168454,153139,102603,48728,53875
X,6.0,대리점,과시즌의류,트레이닝(상의),TR,80048956,40559001,36871490,25049347,13768689,11280658
X,6.0,대리점,과시즌의류,트레이닝(하의),TP,79752020,43153497,39230367,26463328,13615049,12848279
X,6.0,대리점,과시즌의류,패딩,PD,68851049,44895939,40814438,27379478,14157214,13222264
X,6.0,대리점,과시즌의류,팬츠,PT,27851060,15087691,13715962,9436292,4460153,4976139
X,6.0,대리점,과시즌의류,후드티,HD,20463829,11783385,10712168,7247035,3729463,3517572
X,6.0,대리점,당시즌의류,긴팔카라티셔츠,TL,8717732,7763217,7057508,4718830,1442800,3276030
X,6.0,대리점,당시즌의류,긴팔티셔츠,RL,20663690,15002513,13638599,9341097,4076718,5264379
X,6.0,대리점,당시즌의류,다운베스트,DV,165324745,143153364,130139328,86814486,38654987,48159499
X,6.0,대리점,당시즌의류,다운점퍼,DJ,3667372841,3060180484,2781982315,1859308341,968311105,890997236
X,6.0,대리점,당시즌의류,레깅스,LG,4648188,3253751,2957938,2026587,1130756,895831
X,6.0,대리점,당시즌의류,맨투맨,MT,145466208,114099352,103726665,69957706,33159026,36798680
X,6.0,대리점,당시즌의류,반팔티셔츠,RS,336908,317874,288972,184597,70682,113915
X,6.0,대리점,당시즌의류,방풍자켓,WJ,28243168,20552967,18684513,12624351,7441582,5182769
X,6.0,대리점,당시즌의류,상하의 세트,AZ,7783145,6885904,6259863,4228888,1524341,2704547
X,6.0,대리점,당시즌의류,소프트쉘,SS,163031106,141057130,128233578,85799033,36015134,49783899
X,6.0,대리점,당시즌의류,스커트,SK,4592989,3461910,3147208,2161482,1030428,1131054
X,6.0,대리점,당시즌의류,원피스,OP,283612,198528,180480,120921,59458,61463
X,6.0,대리점,당시즌의류,점퍼,JP,63329184,44331704,40301535,27533428,15435974,12097454
X,6.0,대리점,당시즌의류,집업티,ZT,45966050,32176254,29251151,20165230,9260398,10904832
X,6.0,대리점,당시즌의류,트레이닝(상의),TR,107464130,85253690,77503289,52384028,23574217,28809811
X,6.0,대리점,당시즌의류,트레이닝(하의),TP,137167232,113275164,102977460,69291970,28464189,40827781
X,6.0,대리점,당시즌의류,패딩,PD,48897340,33812504,30738693,20989900,13175740,7814160
X,6.0,대리점,당시즌의류,팬츠,PT,126313846,107484896,97713739,65306773,27016276,38290497
X,6.0,대리점,당시즌의류,후드티,HD,84999791,63971441,58155790,39361814,20296881,19064933
X,6.0,대리점,차시즌의류,긴팔티셔츠,RL,54027097,52692904,47902723,31411660,11311415,20100245
X,6.0,대리점,차시즌의류,맨투맨,MT,136028978,132852392,120774826,79172225,32621961,46550264
X,6.0,대리점,차시즌의류,반팔티셔츠,RS,67472962,65755378,59777521,39020268,15502653,23517615
X,6.0,대리점,차시즌의류,방풍자켓,WJ,142477815,136302616,123911464,81393750,34021153,47372597
X,6.0,대리점,차시즌의류,브라,BR,131337,131337,119397,79996,35370,44626
X,6.0,대리점,차시즌의류,상하의 세트,AZ,31600827,30672674,27884288,18459836,9288397,9171439
X,6.0,대리점,차시즌의류,소프트쉘,SS,6052923,5972370,5429438,3513554,1192807,2320747
X,6.0,대리점,차시즌의류,스커트,SK,1359053,1289139,1171953,782919,235198,547721
X,6.0,대리점,차시즌의류,트레이닝 숏팬츠,TB,4210398,4114770,3740684,2478840,1073505,1405335
X,6.0,대리점,차시즌의류,트레이닝(상의),TR,146471222,141567098,128697257,84800981,33991836,50809145
X,6.0,대리점,차시즌의류,트레이닝(하의),TP,181966477,175602323,159638486,105110965,38860138,66250827
X,6.0,대리점,차시즌의류,패딩,PD,143064073,138386154,125805454,82865625,34251769,48613856
X,6.0,대리점,차시즌의류,팬츠,PT,58637217,56482757,51347961,33810631,13011531,20799100
X,6.0,대리점,차시즌의류,후드티,HD,44266283,43109223,39190267,25717648,11519133,14198515
X,7.0,아울렛,Acc_etc,기타소품류,AC,1336211,556755,506144,506144,255422,250722
X,7.0,아울렛,Acc_etc,다운 스카프,DC,2906545,1529981,1390901,1390901,683843,707058
X,7.0,아울렛,Acc_etc,멀티스카프,MS,430176,147707,134278,134278,82954,51324
X,7.0,아울렛,Acc_etc,양말,SO,1048793,659826,599809,599809,189700,410109
X,7.0,아울렛,Acc_etc,장갑,GL,1871077,809912,736285,736285,389738,346547
X,7.0,아울렛,Acc_etc,짐백,GY,-321681,-96504,-87731,-87731,-67338,-20393
X,7.0,아울렛,Bag,가방,BG,2230826,1167948,1061774,1061774,513151,548623
X,7.0,아울렛,Bag,메신저백,MR,30064755,17148426,15589492,15589492,6613104,8976388
X,7.0,아울렛,Bag,백팩,BK,854324414,733965673,667240358,667240358,201055527,466184831
X,7.0,아울렛,Bag,보스톤백,BW,2244150,1170993,1064536,1064536,498571,565965
X,7.0,아울렛,Bag,슬링백,SG,9977806,6178188,5616538,5616538,2205695,3410843
X,7.0,아울렛,Bag,크로스백,CR,11156032,6453254,5866581,5866581,2397915,3468666
X,7.0,아울렛,Bag,토드백,TG,20817868,13117103,11924628,11924628,4488718,7435910
X,7.0,아울렛,Bag,힙색,HS,2937000,1398454,1271318,1271318,620360,650958
X,7.0,아울렛,Headwear,비니,BN,9713228,3940491,3582274,3582274,1913257,1669017
X,7.0,아울렛,Headwear,운동모,CP,17669587,10540823,9582495,9582495,3508427,6074068
X,7.0,아울렛,Headwear,햇,HT,6507844,3429990,3118192,3118192,1349372,1768820
X,7.0,아울렛,Shoes,슬리퍼,LP,12469402,10356456,9414934,9414934,3033455,6381479
X,7.0,아울렛,Shoes,신발,SH,335724048,254106547,231006007,231006007,70855179,160150828
X,7.0,아울렛,과시즌의류,긴팔카라티셔츠,TL,8308494,3592924,3266308,3266308,928260,2338048
X,7.0,아울렛,과시즌의류,긴팔티셔츠,RL,20954915,12040558,10945914,10945914,3828354,7117560
X,7.0,아울렛,과시즌의류,니트,KT,2272701,681810,619831,619831,195917,423914
X,7.0,아울렛,과시즌의류,다운베스트,DV,8080081,4541025,4128200,4128200,1170833,2957367
X,7.0,아울렛,과시즌의류,다운점퍼,DJ,1474467324,742270094,674790765,674790765,203421837,471368928
X,7.0,아울렛,과시즌의류,레깅스,LG,827994,331198,301087,301087,121123,179964
X,7.0,아울렛,과시즌의류,맨투맨,MT,280469235,180382057,163983282,163983282,52303566,111679716
X,7.0,아울렛,과시즌의류,반팔티셔츠,RS,121812222,82683310,75166463,75166463,23430677,51735786
X,7.0,아울렛,과시즌의류,방풍자켓,WJ,566197660,330251291,300228365,300228365,111410925,188817440
X,7.0,아울렛,과시즌의류,브라,BR,542479,325487,295898,295898,164765,131133
X,7.0,아울렛,과시즌의류,소프트쉘,SS,117205910,57192510,51993199,51993199,16579168,35414031
X,7.0,아울렛,과시즌의류,스커트,SK,2339322,1075250,977494,977494,351673,625821
X,7.0,아울렛,과시즌의류,원피스,OP,7263508,2905403,2641267,2641267,1054257,1587010
X,7.0,아울렛,과시즌의류,집업티,ZT,449211,224605,204185,204185,64968,139217
X,7.0,아울렛,과시즌의류,트레이닝 숏팬츠,TB,-131337,-78802,-71638,-71638,-31466,-40172
X,7.0,아울렛,과시즌의류,트레이닝(상의),TR,375920787,183144132,166494457,166494457,64039896,102454561
X,7.0,아울렛,과시즌의류,트레이닝(하의),TP,325061005,182105580,165550645,165550645,57438658,108111987
X,7.0,아울렛,과시즌의류,패딩,PD,257980151,167771420,152519463,152519463,51027309,101492154
X,7.0,아울렛,과시즌의류,팬츠,PT,200799062,85488022,77716259,77716259,27583652,50132607
X,7.0,아울렛,과시즌의류,후드티,HD,106575226,62732647,57029676,57029676,20820495,36209181
X,7.0,아울렛,당시즌의류,긴팔카라티셔츠,TL,5438114,3806680,3460614,3460614,949711,2510903
X,7.0,아울렛,당시즌의류,긴팔티셔츠,RL,9939737,6981647,6346943,6346943,1942621,4404322
X,7.0,아울렛,당시즌의류,다운베스트,DV,63900214,55552034,50501875,50501875,14705432,35796443
X,7.0,아울렛,당시즌의류,다운점퍼,DJ,2556726168,2084733709,1895211982,1895211982,665182644,1230029338
X,7.0,아울렛,당시즌의류,맨투맨,MT,56176075,39985762,36350824,36350824,12477538,23873286
X,7.0,아울렛,당시즌의류,방풍자켓,WJ,30306491,21328179,19389243,19389243,8327770,11061473
X,7.0,아울렛,당시즌의류,상하의 세트,AZ,2455431,1718802,1562549,1562549,525792,1036757
X,7.0,아울렛,당시즌의류,소프트쉘,SS,95129871,77513847,70467093,70467093,20466793,50000300
X,7.0,아울렛,당시즌의류,스커트,SK,1189647,832753,757047,757047,222300,534747
X,7.0,아울렛,당시즌의류,원피스,OP,850835,595585,541440,541440,178373,363067
X,7.0,아울렛,당시즌의류,점퍼,JP,29095906,20367135,18515576,18515576,7158417,11357159
X,7.0,아울렛,당시즌의류,집업티,ZT,23391312,16373918,14885369,14885369,4667076,10218293
X,7.0,아울렛,당시즌의류,트레이닝(상의),TR,40143443,28247831,25679835,25679835,9264172,16415663
X,7.0,아울렛,당시즌의류,트레이닝(하의),TP,33338663,23509725,21372487,21372487,7576918,13795569
X,7.0,아울렛,당시즌의류,패딩,PD,16672187,11670531,10609594,10609594,4309999,6299595
X,7.0,아울렛,당시즌의류,팬츠,PT,18413830,13018829,11835275,11835275,3732933,8102342
X,7.0,아울렛,당시즌의류,후드티,HD,19135231,13426449,12205853,12205853,4300539,7905314
X,7.0,아울렛,차시즌의류,긴팔티셔츠,RL,561513,523445,475855,475855,122065,353790
X,7.0,아울렛,차시즌의류,맨투맨,MT,2799953,2678171,2434701,2434701,708434,1726267
X,7.0,아울렛,차시즌의류,반팔티셔츠,RS,1810167,1772669,1611513,1611513,405460,1206053
X,7.0,아울렛,차시즌의류,방풍자켓,WJ,8390341,8052272,7320243,7320243,1990972,5329271
X,7.0,아울렛,차시즌의류,상하의 세트,AZ,3460445,3441410,3128548,3128548,1004732,2123816
X,7.0,아울렛,차시즌의류,소프트쉘,SS,3631754,3490405,3173095,3173095,715684,2457411
X,7.0,아울렛,차시즌의류,트레이닝 숏팬츠,TB,150371,150371,136701,136701,38339,98362
X,7.0,아울렛,차시즌의류,트레이닝(상의),TR,6603016,6297020,5724558,5724558,1578302,4146256
X,7.0,아울렛,차시즌의류,트레이닝(하의),TP,6677250,6316891,5742631,5742631,1463075,4279556
X,7.0,아울렛,차시즌의류,패딩,PD,28652406,28157513,25597753,25597753,7087547,18510206
X,7.0,아울렛,차시즌의류,팬츠,PT,2038579,1963869,1785336,1785336,477511,1307825
X,7.0,아울렛,차시즌의류,후드티,HD,639554,620520,564108,564108,184572,379536
X,8.0,사입,Shoes,신발,SH,684665547,321794692,292540629,292540629,138930072,153610557
X,8.0,사입,과시즌의류,긴팔카라티셔츠,TL,30375015,3948600,3589635,3589635,4347255,-757620
X,8.0,사입,과시즌의류,맨투맨,MT,698825200,90846895,82588123,82588123,96489425,-13901302
X,8.0,사입,과시즌의류,방풍자켓,WJ,6949800710,903472570,821338676,821338676,959491636,-138152960
X,8.0,사입,과시즌의류,브라,BR,169281986,22006430,20005840,20005840,24674042,-4668202
X,8.0,사입,과시즌의류,트레이닝 숏팬츠,TB,763593381,99270832,90246196,90246196,101342405,-11096209
X,8.0,사입,과시즌의류,트레이닝(상의),TR,2472301215,321396055,292178162,292178162,333643481,-41465319
X,8.0,사입,과시즌의류,트레이닝(하의),TP,2077406989,270063461,245512218,245512218,283732046,-38219828
X,8.0,사입,과시즌의류,패딩,PD,713744323,92785220,84350236,84350236,97602812,-13252576
X,8.0,사입,과시즌의류,팬츠,PT,546436199,71035811,64577959,64577959,74256052,-9678093
X,8.0,사입,과시즌의류,후드티,HD,568481782,73902708,67184260,67184260,79291452,-12107192
X,11.0,직영몰,Acc_etc,기타소품류,AC,159889,111922,101746,101746,32218,69528
X,11.0,직영몰,Acc_etc,다운 스카프,DC,719498,691518,628649,628649,110687,517962
X,11.0,직영몰,Acc_etc,양말,SO,255060,226337,205763,205763,46897,158866
X,11.0,직영몰,Acc_etc,장갑,GL,544382,522436,474941,474941,133101,341840
X,11.0,직영몰,Bag,가방,BG,186537,186537,169577,169577,59395,110182
X,11.0,직영몰,Bag,메신저백,MR,3112116,2944557,2676871,2676871,735676,1941195
X,11.0,직영몰,Bag,백팩,BK,146947081,137570246,125063653,125063653,34894883,90168770
X,11.0,직영몰,Bag,슬링백,SG,2771401,2451053,2228231,2228231,598347,1629884
X,11.0,직영몰,Bag,크로스백,CR,2935097,2424062,2203688,2203688,645139,1558549
X,11.0,직영몰,Bag,토드백,TG,2558217,2438624,2216931,2216931,629580,1587351
X,11.0,직영몰,Headwear,메시캡,MC,186537,186537,169577,169577,43010,126567
X,11.0,직영몰,Headwear,방한모,WM,521541,498510,453191,453191,108302,344889
X,11.0,직영몰,Headwear,비니,BN,1581754,1468595,1335094,1335094,333592,1001502
X,11.0,직영몰,Headwear,운동모,CP,5687464,5479742,4981569,4981569,1083435,3898134
X,11.0,직영몰,Headwear,햇,HT,236026,141616,128743,128743,49358,79385
X,11.0,직영몰,Shoes,슬리퍼,LP,4473072,4297404,3906737,3906737,1152475,2754262
X,11.0,직영몰,Shoes,신발,SH,65358245,60869413,55335874,55335874,13884842,41451032
X,11.0,직영몰,과시즌의류,다운점퍼,DJ,29651709,16592242,15083854,15083854,4301422,10782432
X,11.0,직영몰,과시즌의류,방풍자켓,WJ,833705,416852,378957,378957,120335,258622
X,11.0,직영몰,과시즌의류,소프트쉘,SS,8668243,4190602,3809643,3809643,1255245,2554398
X,11.0,직영몰,과시즌의류,트레이닝(상의),TR,2801856,1120742,1018859,1018859,414406,604453
X,11.0,직영몰,당시즌의류,긴팔카라티셔츠,TL,736629,567452,515865,515865,132959,382906
X,11.0,직영몰,당시즌의류,긴팔티셔츠,RL,243640,131147,119224,119224,34062,85162
X,11.0,직영몰,당시즌의류,다운베스트,DV,10219542,9487005,8624555,8624555,2405755,6218800
X,11.0,직영몰,당시즌의류,다운점퍼,DJ,344245726,293835402,267123068,267123068,88767589,178355479
X,11.0,직영몰,당시즌의류,맨투맨,MT,4722422,3536963,3215431,3215431,1097056,2118375
X,11.0,직영몰,당시즌의류,방풍자켓,WJ,-359749,-359749,-327044,-327044,-99824,-227220
X,11.0,직영몰,당시즌의류,소프트쉘,SS,10843869,9793439,8903119,8903119,2392781,6510338
X,11.0,직영몰,당시즌의류,점퍼,JP,4178040,2924628,2658752,2658752,1039106,1619646
X,11.0,직영몰,당시즌의류,집업티,ZT,3359563,2351694,2137902,2137902,707935,1429967
X,11.0,직영몰,당시즌의류,트레이닝(상의),TR,2306963,1745621,1586928,1586928,514259,1072669
X,11.0,직영몰,당시즌의류,트레이닝(하의),TP,3774511,2925180,2659251,2659251,804424,1854827
X,11.0,직영몰,당시즌의류,패딩,PD,1421866,995306,904826,904826,432683,472143
X,11.0,직영몰,당시즌의류,팬츠,PT,4594892,4104700,3731549,3731549,1107911,2623638
X,11.0,직영몰,당시즌의류,후드티,HD,2980779,2237107,2033735,2033735,682187,1351548
X,11.0,직영몰,차시즌의류,긴팔티셔츠,RL,3504224,3485189,3168338,3168338,725595,2442743
X,11.0,직영몰,차시즌의류,맨투맨,MT,12265735,12186723,11078821,11078821,2935019,8143802
X,11.0,직영몰,차시즌의류,반팔티셔츠,RS,4994613,4950606,4500537,4500537,1109244,3391293
X,11.0,직영몰,차시즌의류,방풍자켓,WJ,26147486,25918445,23562219,23562219,6291745,17270474
X,11.0,직영몰,차시즌의류,상하의 세트,AZ,1644568,1625533,1477756,1477756,476877,1000879
X,11.0,직영몰,차시즌의류,소프트쉘,SS,302646,280871,255336,255336,59640,195696
X,11.0,직영몰,차시즌의류,스커트,SK,226509,226509,205917,205917,39199,166718
X,11.0,직영몰,차시즌의류,트레이닝 숏팬츠,TB,150371,150371,136701,136701,38339,98362
X,11.0,직영몰,차시즌의류,트레이닝(상의),TR,9806497,9654203,8776552,8776552,2230740,6545812
X,11.0,직영몰,차시즌의류,트레이닝(하의),TP,13078501,12850527,11682313,11682313,2736681,8945632
X,11.0,직영몰,차시즌의류,패딩,PD,11298790,11203618,10185120,10185120,2632985,7552135
X,11.0,직영몰,차시즌의류,팬츠,PT,5308680,5270611,4791477,4791477,1171197,3620280
X,11.0,직영몰,차시즌의류,후드티,HD,2109006,2087687,1897898,1897898,579301,1318597
X,12.0,아울렛,Acc_etc,기타소품류,AC,445404,178162,161967,161967,76520,85447
X,12.0,아울렛,Acc_etc,다운 스카프,DC,131337,78802,71638,71638,31001,40637
X,12.0,아울렛,Acc_etc,양말,SO,253157,133621,121481,121481,50774,70707
X,12.0,아울렛,Bag,메신저백,MR,1170612,562655,511502,511502,258452,253050
X,12.0,아울렛,Bag,백팩,BK,5934910,2937000,2670001,2670001,1102713,1567288
X,12.0,아울렛,Bag,슬링백,SG,338811,169406,154007,154007,75780,78227
X,12.0,아울렛,Bag,크로스백,CR,1412349,721211,655648,655648,298217,357431
X,12.0,아울렛,Bag,토드백,TG,2411652,1199735,1090672,1090672,439465,651207
X,12.0,아울렛,Bag,힙색,HS,150371,90223,82021,82021,33546,48475
X,12.0,아울렛,Headwear,비니,BN,428273,111351,101230,101230,73577,27653
X,12.0,아울렛,Headwear,운동모,CP,394011,166931,151755,151755,70303,81452
X,12.0,아울렛,Headwear,햇,HT,911745,410000,372727,372727,177183,195544
X,12.0,아울렛,Shoes,슬리퍼,LP,296936,207855,188958,188958,65284,123674
X,12.0,아울렛,Shoes,신발,SH,9947351,3946772,3587986,3587986,2115607,1472379
X,12.0,아울렛,과시즌의류,긴팔카라티셔츠,TL,982172,294652,267867,267867,79455,188412
X,12.0,아울렛,과시즌의류,긴팔티셔츠,RL,15235093,6037125,5488332,5488332,2034378,3453954
X,12.0,아울렛,과시즌의류,니트,KT,1136351,340905,309915,309915,98297,211618
X,12.0,아울렛,과시즌의류,다운베스트,DV,1627437,567604,516000,516000,134868,381132
X,12.0,아울렛,과시즌의류,다운점퍼,DJ,106468633,35097627,31906926,31906926,9712149,22194777
X,12.0,아울렛,과시즌의류,맨투맨,MT,36896183,15119174,13744719,13744719,5124968,8619751
X,12.0,아울렛,과시즌의류,반팔티셔츠,RS,8944241,6024752,5477035,5477035,1697814,3779221
X,12.0,아울렛,과시즌의류,방풍자켓,WJ,63555693,22111252,20101112,20101112,8069129,12031983
X,12.0,아울렛,과시즌의류,소프트쉘,SS,907938,302646,275134,275134,94123,181011
X,12.0,아울렛,과시즌의류,트레이닝(상의),TR,76548539,23615727,21468905,21468905,9577382,11891523
X,12.0,아울렛,과시즌의류,트레이닝(하의),TP,52382530,18023435,16384878,16384878,7278353,9106525
X,12.0,아울렛,과시즌의류,패딩,PD,24763689,9830099,8936469,8936469,3533978,5402491
X,12.0,아울렛,과시즌의류,팬츠,PT,29647903,8214654,7467874,7467874,3022236,4445638
X,12.0,아울렛,과시즌의류,후드티,HD,16379058,6645272,6041141,6041141,2321496,3719645
X,99.0,기타,Acc_etc,기타소품류,AC,74234,51964,47239,47239,14757,32482
X,99.0,기타,Bag,백팩,BK,1872980,1366400,1242187,1242187,432002,810185
X,99.0,기타,Bag,크로스백,CR,188440,131908,119916,119916,41166,78750
X,99.0,기타,Headwear,운동모,CP,171309,124599,113262,113262,36205,77057
X,99.0,기타,Shoes,신발,SH,1926276,1304729,1186112,1186112,409697,776415
X,99.0,기타,과시즌의류,다운점퍼,DJ,1214391,736287,669351,669351,175797,493554
X,99.0,기타,과시즌의류,레깅스,LG,169406,61595,56003,56003,24832,31171
X,99.0,기타,과시즌의류,후드티,HD,188440,171309,155737,155737,27408,128329
X,99.0,기타,당시즌의류,긴팔티셔츠,RL,150371,95686,86993,86993,23292,63701
X,99.0,기타,당시즌의류,다운베스트,DV,529155,429719,390646,390646,121675,268971
X,99.0,기타,당시즌의류,다운점퍼,DJ,12865317,10556374,9596702,9596702,3459592,6137110
X,99.0,기타,당시즌의류,맨투맨,MT,150371,136705,124275,124275,36927,87348
X,99.0,기타,당시즌의류,반팔티셔츠,RS,112303,78612,71464,71464,23561,47903
X,99.0,기타,당시즌의류,트레이닝(하의),TP,283612,257839,234391,234391,76221,158170
X,99.0,기타,당시즌의류,팬츠,PT,340715,238500,216818,216818,80609,136209
X,99.0,기타,차시즌의류,반팔티셔츠,RS,85655,59958,54507,54507,19621,34886
X,99.0,기타,차시즌의류,방풍자켓,WJ,397818,278473,253157,253157,100827,152330
X,99.0,기타,차시즌의류,트레이닝(상의),TR,0,0,0,0,0,0
X,99.0,기타,차시즌의류,트레이닝(하의),TP,829898,580928,528112,528112,189814,338298
X,99.0,기타,차시즌의류,패딩,PD,340715,238500,216818,216818,111027,105791
X,99.0,기타,차시즌의류,팬츠,PT,245543,171880,156253,156253,53454,102799
