브랜드,유통채널,채널명,아이템_중분류,아이템_소분류,아이템코드,합계 : 판매금액(TAG가),합계 : 실판매액,합계 : 실판매액(V-),합계 : 출고매출액(V-) Actual,매출원가(평가감환입반영),매출총이익
I,1.0,백화점,Acc_etc,기타,ET,1570000,1380920,1255365,800654,394326,406328
I,1.0,백화점,Acc_etc,머플러(스카프),MF,697000,602800,547998,345238,136779,208459
I,1.0,백화점,Acc_etc,양말,SO,4802000,4588950,4171663,2658700,1121618,1537082
I,1.0,백화점,Acc_etc,장갑,GL,1269000,1200090,1090998,691448,320352,371096
I,1.0,백화점,Bag,가방,BG,1023000,960920,873553,554088,257582,296506
I,1.0,백화점,Bag,백팩,BK,356789000,294712160,267920389,170600977,81098596,89502381
I,1.0,백화점,Bag,보조가방,UB,4704000,4172770,3793433,2411801,1167287,1244514
I,1.0,백화점,Bag,슬링백,SG,632000,584600,531454,335462,138632,196830
I,1.0,백화점,Bag,크로스백,CR,923699000,906321290,823928471,520785203,234802567,285982636
I,1.0,백화점,Bag,힙색,HS,295000,265500,241361,153988,57962,96026
I,1.0,백화점,Headwear,방한모,WM,5271000,4789190,4353806,2774564,1027273,1747291
I,1.0,백화점,Headwear,비니,BN,12052000,11257630,10234162,6506491,2262373,4244118
I,1.0,백화점,Headwear,와이어캡,WR,784000,701190,637435,405848,150785,255063
I,1.0,백화점,Headwear,운동모,CP,71400000,67183590,61075839,38967895,15066203,23901692
I,1.0,백화점,Headwear,햇,HT,1279000,1123340,1021230,652957,246175,406782
I,1.0,백화점,Shoes,런닝화,RN,112195000,90985670,82714264,52828124,27885176,24942948
I,1.0,백화점,Shoes,방한화,WB,7837000,6803280,6184787,3895573,1942682,1952891
I,1.0,백화점,Shoes,스니커즈,SX,20812000,18583450,16894034,10757772,4563798,6193974
I,1.0,백화점,Shoes,신발,SH,77186000,72463890,65876329,42053499,17672003,24381496
I,1.0,백화점,과시즌의류,맨투맨,MT,40002000,20000900,18182604,11782799,10291851,1490948
I,1.0,백화점,과시즌의류,맨투맨셋트,S2,116620000,58309830,53008903,35785862,31412569,4373293
I,1.0,백화점,과시즌의류,반팔카라티셔츠,TS,1056000,999780,908908,574982,248424,326558
I,1.0,백화점,과시즌의류,베이비,BV,3127000,3040980,2764521,1753864,942658,811206
I,1.0,백화점,과시즌의류,점퍼,JP,8592000,4295990,3905426,2755776,2425271,330505
I,1.0,백화점,당시즌의류,다운베스트,DV,4358000,3945800,3587091,2267142,1198786,1068356
I,1.0,백화점,당시즌의류,다운점퍼,DJ,111593000,99262620,90238717,57558859,28400799,29158060
I,1.0,백화점,당시즌의류,레깅스,LG,158000,142200,129272,82878,44992,37886
I,1.0,백화점,당시즌의류,맨투맨,MT,18421000,16172340,14702088,9327658,5078176,4249482
I,1.0,백화점,당시즌의류,맨투맨셋트,S2,29978000,27070100,24609180,15680561,8204300,7476261
I,1.0,백화점,당시즌의류,반팔카라티셔츠,TS,234000,187200,170184,107214,62839,44375
I,1.0,백화점,당시즌의류,우븐팬츠,WP,9228000,7967210,7242894,4577557,2407195,2170362
I,1.0,백화점,당시즌의류,점퍼,JP,2405000,2144050,1949137,1234216,615440,618776
I,1.0,백화점,당시즌의류,진바지,DP,5016000,4434430,4031300,2562492,1227780,1334712
I,1.0,백화점,당시즌의류,패딩,PD,3021000,2918690,2653350,1681613,861862,819751
I,1.0,백화점,당시즌의류,팬츠,PT,7211000,6435970,5850845,3735154,1881630,1853524
I,1.0,백화점,당시즌의류,폴라폴리스점퍼,FD,1390000,1223200,1112000,708140,387790,320350
I,1.0,백화점,당시즌의류,후드티,HD,3615000,3278200,2980181,1882097,1006872,875225
I,1.0,백화점,차시즌의류,맨투맨,MT,69163000,64213130,58375570,37136703,17909169,19227534
I,1.0,백화점,차시즌의류,맨투맨셋트,S2,255046000,239215480,217468381,138746886,64544980,74201906
I,1.0,백화점,차시즌의류,반바지,SP,1480000,1265720,1150658,725758,311228,414530
I,1.0,백화점,차시즌의류,반팔카라티셔츠,TS,34166000,31186830,28351633,18052915,8175209,9877706
I,1.0,백화점,차시즌의류,반팔티 & 스웨트팬츠,S1,2298000,2140750,1946145,1236911,563821,673090
I,1.0,백화점,차시즌의류,방풍자켓,WJ,26862000,24940000,22672757,14442454,6488644,7953810
I,1.0,백화점,차시즌의류,스커트,SK,1925000,1805490,1641356,1040788,465068,575720
I,1.0,백화점,차시즌의류,우븐반바지,SM,1935000,1752830,1593481,1013707,455004,558703
I,1.0,백화점,차시즌의류,우븐셔츠,WS,3816000,3576070,3250979,2062367,799019,1263348
I,1.0,백화점,차시즌의류,우븐팬츠,WP,30442000,28171970,25610848,16324689,7448702,8875987
I,1.0,백화점,차시즌의류,원피스,OP,1188000,1111410,1010372,644975,308030,336945
I,1.0,백화점,차시즌의류,점퍼,JP,162845000,151244380,137494877,87564442,38976364,48588078
I,1.0,백화점,차시즌의류,진바지,DP,43181000,39943390,36312117,23100550,11107639,11992911
I,1.0,백화점,차시즌의류,진자켓,DK,199000,179100,162818,102575,35206,67369
I,1.0,백화점,차시즌의류,팬츠,PT,26117000,24091730,21901567,13962569,6272758,7689811
I,1.0,백화점,차시즌의류,폴로 티셔츠,PQ,4361000,4074150,3703770,2385647,993150,1392497
I,1.0,백화점,차시즌의류,후드티,HD,37021000,34232940,31120850,19855572,9120577,10734995
I,2.0,면세점,Acc_etc,머플러(스카프),MF,531000,531000,482733,289638,125751,163887
I,2.0,면세점,Acc_etc,양말,SO,840700,849650,772402,463437,207774,255663
I,2.0,면세점,Bag,백팩,BK,26239000,25275400,22977640,13786587,5803196,7983391
I,2.0,면세점,Bag,보조가방,UB,245000,245000,222725,133635,60796,72839
I,2.0,면세점,Bag,슬링백,SG,395000,395000,359090,215455,86646,128809
I,2.0,면세점,Bag,크로스백,CR,117243000,117242880,106584418,63950355,27799805,36150550
I,2.0,면세점,Headwear,방한모,WM,1480000,1459300,1326635,795978,275664,520314
I,2.0,면세점,Headwear,비니,BN,9194000,9194000,8358163,5014895,1901318,3113577
I,2.0,면세점,Headwear,와이어캡,WR,931000,931000,846355,507813,171461,336352
I,2.0,면세점,Headwear,운동모,CP,90576000,90575980,82341230,49404661,18728490,30676171
I,2.0,면세점,Headwear,햇,HT,1438000,1438000,1307282,784364,265697,518667
I,2.0,면세점,Shoes,런닝화,RN,18167000,18167000,16515407,9909224,4362756,5546468
I,2.0,면세점,Shoes,방한화,WB,247000,247000,224544,134726,59255,75471
I,2.0,면세점,Shoes,스니커즈,SX,12176000,12176000,11069038,6641415,2582610,4058805
I,2.0,면세점,Shoes,신발,SH,11146000,11146000,10132692,6079609,2516111,3563498
I,2.0,면세점,과시즌의류,반팔카라티셔츠,TS,-33000,-23100,-21000,-12600,-7355,-5245
I,2.0,면세점,과시즌의류,베이비,BV,236000,236000,214548,128728,71144,57584
I,2.0,면세점,과시즌의류,우븐반바지,SM,-49000,-24500,-22273,-13364,-10621,-2743
I,2.0,면세점,당시즌의류,다운베스트,DV,417000,417000,379089,227454,115349,112105
I,2.0,면세점,당시즌의류,다운점퍼,DJ,39741000,39741000,36128191,21676912,10174790,11502122
I,2.0,면세점,당시즌의류,맨투맨,MT,3815000,3815000,3468180,2080893,1060980,1019913
I,2.0,면세점,당시즌의류,맨투맨셋트,S2,2373000,2373000,2157277,1294368,646264,648104
I,2.0,면세점,당시즌의류,반팔카라티셔츠,TS,295000,295000,268185,160910,89279,71631
I,2.0,면세점,당시즌의류,반팔티 & 스웨트팬츠,S1,159000,159000,144545,86727,44660,42067
I,2.0,면세점,당시즌의류,우븐팬츠,WP,1159000,1159000,1053628,632177,294988,337189
I,2.0,면세점,당시즌의류,점퍼,JP,537000,537000,488181,292908,123195,169713
I,2.0,면세점,당시즌의류,진바지,DP,109000,109000,99090,59454,25216,34238
I,2.0,면세점,당시즌의류,팬츠,PT,356000,356000,323636,194182,94636,99546
I,2.0,면세점,당시즌의류,폴라폴리스점퍼,FD,973000,973000,884541,530726,271453,259273
I,2.0,면세점,당시즌의류,후드티,HD,721000,721000,655452,393270,209774,183496
I,2.0,면세점,차시즌의류,맨투맨,MT,19736000,19736000,17941743,10765015,4796243,5968772
I,2.0,면세점,차시즌의류,맨투맨셋트,S2,27235000,27235000,24759150,14855469,6749037,8106432
I,2.0,면세점,차시즌의류,반바지,SP,196000,196000,178180,106908,40901,66007
I,2.0,면세점,차시즌의류,반팔카라티셔츠,TS,29363000,29362980,26693533,16016108,7158343,8857765
I,2.0,면세점,차시즌의류,반팔티 & 스웨트팬츠,S1,198000,198000,180000,108000,43264,64736
I,2.0,면세점,차시즌의류,방풍자켓,WJ,10227000,10227000,9297283,5578378,2427437,3150941
I,2.0,면세점,차시즌의류,스커트,SK,445000,445000,404545,242725,105906,136819
I,2.0,면세점,차시즌의류,우븐반바지,SM,1470000,1470000,1336350,801810,366826,434984
I,2.0,면세점,차시즌의류,우븐셔츠,WS,954000,954000,867270,520362,199754,320608
I,2.0,면세점,차시즌의류,우븐팬츠,WP,2393000,2393000,2175452,1305274,589127,716147
I,2.0,면세점,차시즌의류,원피스,OP,495000,495000,450000,270000,128347,141653
I,2.0,면세점,차시즌의류,점퍼,JP,21129000,21129000,19208139,11524863,5109698,6415165
I,2.0,면세점,차시즌의류,진바지,DP,2664000,2664000,2421813,1453088,732308,720780
I,2.0,면세점,차시즌의류,팬츠,PT,2992000,2992000,2720022,1632003,663472,968531
I,2.0,면세점,차시즌의류,후드티,HD,6148000,6148000,5589076,3353431,1518496,1834935
I,3.0,직영점(가두),Acc_etc,기타,ET,78000,78000,70909,70909,16096,54813
I,3.0,직영점(가두),Acc_etc,머플러(스카프),MF,59000,59000,53636,53636,13972,39664
I,3.0,직영점(가두),Acc_etc,양말,SO,182300,182300,165730,165730,46032,119698
I,3.0,직영점(가두),Acc_etc,장갑,GL,305000,305000,277271,277271,78989,198282
I,3.0,직영점(가두),Bag,백팩,BK,6016000,5896500,5360454,5360454,1278458,4081996
I,3.0,직영점(가두),Bag,보조가방,UB,196000,196000,178180,178180,48637,129543
I,3.0,직영점(가두),Bag,크로스백,CR,681000,681000,619090,619090,137689,481401
I,3.0,직영점(가두),Bag,힙색,HS,59000,59000,53636,53636,11592,42044
I,3.0,직영점(가두),Headwear,방한모,WM,388000,388000,352726,352726,78197,274529
I,3.0,직영점(가두),Headwear,비니,BN,1536000,1536000,1396358,1396358,323096,1073262
I,3.0,직영점(가두),Headwear,와이어캡,WR,49000,49000,44545,44545,9024,35521
I,3.0,직영점(가두),Headwear,운동모,CP,6449000,6449000,5862718,5862718,1347727,4514991
I,3.0,직영점(가두),Headwear,햇,HT,53000,53000,48182,48182,9288,38894
I,3.0,직영점(가두),Shoes,런닝화,RN,2558000,2558000,2325455,2325455,622341,1703114
I,3.0,직영점(가두),Shoes,방한화,WB,445000,445000,404545,404545,98959,305586
I,3.0,직영점(가두),Shoes,스니커즈,SX,668000,668000,607272,607272,156322,450950
I,3.0,직영점(가두),Shoes,신발,SH,3786000,3786000,3441821,3441821,877974,2563847
I,3.0,직영점(가두),과시즌의류,베이비,BV,1357000,1357000,1233628,1233628,409080,824548
I,3.0,직영점(가두),당시즌의류,다운베스트,DV,139000,139000,126364,126364,38449,87915
I,3.0,직영점(가두),당시즌의류,다운점퍼,DJ,7005000,7005000,6368182,6368182,1783649,4584533
I,3.0,직영점(가두),당시즌의류,레깅스,LG,79000,79000,71818,71818,22496,49322
I,3.0,직영점(가두),당시즌의류,맨투맨,MT,1827000,1827000,1660905,1660905,507529,1153376
I,3.0,직영점(가두),당시즌의류,맨투맨셋트,S2,1281000,1281000,1164549,1164549,347443,817106
I,3.0,직영점(가두),당시즌의류,우븐팬츠,WP,188000,182280,165705,165705,48878,116827
I,3.0,직영점(가두),당시즌의류,점퍼,JP,149000,149000,135455,135455,40341,95114
I,3.0,직영점(가두),당시즌의류,진바지,DP,466000,466000,423637,423637,115188,308449
I,3.0,직영점(가두),당시즌의류,폴라폴리스점퍼,FD,139000,139000,126364,126364,38779,87585
I,3.0,직영점(가두),당시즌의류,후드티,HD,99000,99000,90000,90000,24797,65203
I,3.0,직영점(가두),차시즌의류,맨투맨,MT,2524000,2514000,2285446,2285446,652654,1632792
I,3.0,직영점(가두),차시즌의류,맨투맨셋트,S2,8139000,8139000,7399110,7399110,2062957,5336153
I,3.0,직영점(가두),차시즌의류,반바지,SP,147000,147000,133635,133635,30676,102959
I,3.0,직영점(가두),차시즌의류,반팔카라티셔츠,TS,2702000,2702000,2456351,2456351,637445,1818906
I,3.0,직영점(가두),차시즌의류,방풍자켓,WJ,1797000,1797000,1633640,1633640,418204,1215436
I,3.0,직영점(가두),차시즌의류,스커트,SK,276000,276000,250908,250908,67731,183177
I,3.0,직영점(가두),차시즌의류,우븐반바지,SM,49000,49000,44545,44545,12227,32318
I,3.0,직영점(가두),차시즌의류,우븐팬츠,WP,643000,643000,584545,584545,157320,427225
I,3.0,직영점(가두),차시즌의류,점퍼,JP,6586000,6586000,5987268,5987268,1586513,4400755
I,3.0,직영점(가두),차시즌의류,진바지,DP,911000,911000,828182,828182,244060,584122
I,3.0,직영점(가두),차시즌의류,팬츠,PT,936000,931730,847019,847019,221654,625365
I,3.0,직영점(가두),차시즌의류,폴로 티셔츠,PQ,178000,178000,161818,161818,40536,121282
I,3.0,직영점(가두),차시즌의류,후드티,HD,1613000,1613000,1466363,1466363,389401,1076962
I,4.0,자사몰,Acc_etc,기타,ET,118000,101050,91864,91864,33125,58739
I,4.0,자사몰,Acc_etc,머플러(스카프),MF,65000,65000,59091,59091,11857,47234
I,4.0,자사몰,Acc_etc,양말,SO,312100,265930,241755,241755,71531,170224
I,4.0,자사몰,Acc_etc,장갑,GL,295000,265060,240964,240964,66078,174886
I,4.0,자사몰,Bag,가방,BG,165000,146410,133100,133100,41547,91553
I,4.0,자사몰,Bag,백팩,BK,46444000,38622670,35111512,35111512,10229953,24881559
I,4.0,자사몰,Bag,보조가방,UB,735000,641780,583434,583434,182391,401043
I,4.0,자사몰,Bag,슬링백,SG,79000,74050,67318,67318,17329,49989
I,4.0,자사몰,Bag,크로스백,CR,845000,749270,681155,681155,176758,504397
I,4.0,자사몰,Bag,힙색,HS,59000,55050,50045,50045,11592,38453
I,4.0,자사몰,Headwear,방한모,WM,581000,519640,472400,472400,120450,351950
I,4.0,자사몰,Headwear,비니,BN,902000,700790,637082,637082,169384,467698
I,4.0,자사몰,Headwear,와이어캡,WR,49000,38590,35082,35082,9664,25418
I,4.0,자사몰,Headwear,운동모,CP,2573000,2035592,1855416,1855416,533001,1322415
I,4.0,자사몰,Headwear,햇,HT,531000,498300,453002,453002,109858,343144
I,4.0,자사몰,Shoes,런닝화,RN,5340000,4730480,4300438,4300438,1301151,2999287
I,4.0,자사몰,Shoes,방한화,WB,564000,424060,385509,385509,135689,249820
I,4.0,자사몰,Shoes,샌들,SD,118000,38060,34600,34600,30225,4375
I,4.0,자사몰,Shoes,스니커즈,SX,1244000,1097760,997962,997962,269712,728250
I,4.0,자사몰,Shoes,신발,SH,8751000,7470130,6791017,6791017,2068271,4722746
I,4.0,자사몰,과시즌의류,맨투맨,MT,3555000,691150,628319,628319,393810,234509
I,4.0,자사몰,과시즌의류,반팔카라티셔츠,TS,636000,174800,158911,158911,70552,88359
I,4.0,자사몰,과시즌의류,방풍자켓,WJ,417000,197080,179164,179164,88812,90352
I,4.0,자사몰,과시즌의류,베이비,BV,18526000,15089010,13717284,13717284,5584837,8132447
I,4.0,자사몰,과시즌의류,팬츠,PT,2844000,555150,504682,504682,308961,195721
I,4.0,자사몰,당시즌의류,다운베스트,DV,139000,130000,118182,118182,38449,79733
I,4.0,자사몰,당시즌의류,다운점퍼,DJ,5080000,5019810,4563465,4563465,1310501,3252964
I,4.0,자사몰,당시즌의류,맨투맨,MT,1026000,913200,830181,830181,281684,548497
I,4.0,자사몰,당시즌의류,맨투맨셋트,S2,5827000,5301460,4819513,4819513,1646299,3173214
I,4.0,자사몰,당시즌의류,반팔카라티셔츠,TS,276000,248910,226282,226282,75852,150430
I,4.0,자사몰,당시즌의류,반팔티 & 스웨트팬츠,S1,278000,245100,222818,222818,74421,148397
I,4.0,자사몰,당시즌의류,우븐팬츠,WP,218000,222910,202646,202646,58164,144482
I,4.0,자사몰,당시즌의류,점퍼,JP,537000,490450,445863,445863,123195,322668
I,4.0,자사몰,당시즌의류,진바지,DP,-10000,-11490,-10445,-10445,-3628,-6817
I,4.0,자사몰,당시즌의류,진자켓,DK,-169000,-139290,-126627,-126627,-41599,-85028
I,4.0,자사몰,당시즌의류,패딩,PD,318000,290140,263763,263763,90722,173041
I,4.0,자사몰,당시즌의류,팬츠,PT,197000,193840,176218,176218,48486,127732
I,4.0,자사몰,당시즌의류,폴로 티셔츠,PQ,89000,88320,80291,80291,24658,55633
I,4.0,자사몰,당시즌의류,후드티,HD,722000,675140,613764,613764,210457,403307
I,4.0,자사몰,차시즌의류,맨투맨,MT,2906000,2641100,2400997,2400997,736290,1664707
I,4.0,자사몰,차시즌의류,맨투맨셋트,S2,22642000,21242130,19311047,19311047,5720162,13590885
I,4.0,자사몰,차시즌의류,반팔카라티셔츠,TS,1182000,1109470,1008610,1008610,292795,715815
I,4.0,자사몰,차시즌의류,방풍자켓,WJ,874000,810050,736409,736409,231994,504415
I,4.0,자사몰,차시즌의류,스커트,SK,158000,136550,124137,124137,38260,85877
I,4.0,자사몰,차시즌의류,우븐팬츠,WP,435000,445820,405292,405292,101992,303300
I,4.0,자사몰,차시즌의류,점퍼,JP,3105000,2874830,2613483,2613483,711421,1902062
I,4.0,자사몰,차시즌의류,진바지,DP,1841000,1748230,1589302,1589302,490461,1098841
I,4.0,자사몰,차시즌의류,팬츠,PT,1321000,1212950,1102684,1102684,310754,791930
I,4.0,자사몰,차시즌의류,폴로 티셔츠,PQ,356000,314200,285637,285637,81074,204563
I,4.0,자사몰,차시즌의류,후드티,HD,1583000,1436730,1306120,1306120,384452,921668
I,5.0,제휴몰,Acc_etc,기타,ET,801000,801000,728181,728181,233937,494244
I,5.0,제휴몰,Acc_etc,머플러(스카프),MF,195000,195000,177273,177273,35573,141700
I,5.0,제휴몰,Acc_etc,양말,SO,1262700,1262700,1147935,1147935,298958,848977
I,5.0,제휴몰,Acc_etc,장갑,GL,157000,157000,142726,142726,36018,106708
I,5.0,제휴몰,Bag,가방,BG,627000,627000,570000,570000,157876,412124
I,5.0,제휴몰,Bag,백팩,BK,100616000,81193430,73812223,73812223,23521740,50290483
I,5.0,제휴몰,Bag,보조가방,UB,882000,882000,801810,801810,218867,582943
I,5.0,제휴몰,Bag,슬링백,SG,158000,158000,143636,143636,34658,108978
I,5.0,제휴몰,Bag,크로스백,CR,1348000,1333300,1212085,1212085,304962,907123
I,5.0,제휴몰,Bag,힙색,HS,118000,118000,107272,107272,23185,84087
I,5.0,제휴몰,Headwear,방한모,WM,2556000,2556000,2323626,2323626,517939,1805687
I,5.0,제휴몰,Headwear,비니,BN,3670000,3670000,3336361,3336361,720622,2615739
I,5.0,제휴몰,Headwear,선캡,SC,86000,86000,78182,78182,18972,59210
I,5.0,제휴몰,Headwear,와이어캡,WR,98000,98000,89090,89090,19328,69762
I,5.0,제휴몰,Headwear,운동모,CP,13083000,13083000,11893646,11893646,2763417,9130229
I,5.0,제휴몰,Headwear,햇,HT,348000,348000,316362,316362,70963,245399
I,5.0,제휴몰,Shoes,런닝화,RN,22728000,18813200,17102863,17102863,5484127,11618736
I,5.0,제휴몰,Shoes,방한화,WB,3472000,3472000,3156361,3156361,838503,2317858
I,5.0,제휴몰,Shoes,샌들,SD,354000,177000,160908,160908,90676,70232
I,5.0,제휴몰,Shoes,스니커즈,SX,3499000,3466500,3151358,3151358,855224,2296134
I,5.0,제휴몰,Shoes,신발,SH,23704000,23505980,21369061,21369061,5807398,15561663
I,5.0,제휴몰,과시즌의류,다운점퍼,DJ,2749000,1804690,1640628,1640628,395951,1244677
I,5.0,제휴몰,과시즌의류,맨투맨,MT,158000,79000,71818,71818,17502,54316
I,5.0,제휴몰,과시즌의류,반팔카라티셔츠,TS,10927000,5463520,4966872,4966872,2747814,2219058
I,5.0,제휴몰,과시즌의류,반팔티 & 스웨트팬츠,S1,84171000,42119890,38290717,38290717,19884964,18405753
I,5.0,제휴몰,과시즌의류,방풍자켓,WJ,6394000,3197000,2906372,2906372,1361791,1544581
I,5.0,제휴몰,과시즌의류,베이비,BV,15045000,15044960,13677180,13677180,4535454,9141726
I,5.0,제휴몰,과시즌의류,우븐반바지,SM,2829000,1414500,1285923,1285923,634921,651002
I,5.0,제휴몰,과시즌의류,팬츠,PT,395000,197500,179545,179545,42910,136635
I,5.0,제휴몰,당시즌의류,다운베스트,DV,149000,149000,135455,135455,42979,92476
I,5.0,제휴몰,당시즌의류,다운점퍼,DJ,50008000,50008000,45461805,45461805,12624236,32837569
I,5.0,제휴몰,당시즌의류,레깅스,LG,790000,790000,718180,718180,224958,493222
I,5.0,제휴몰,당시즌의류,맨투맨,MT,10693000,10693000,9720874,9720874,2921460,6799414
I,5.0,제휴몰,당시즌의류,맨투맨셋트,S2,29611000,29610880,26919011,26919011,8241887,18677124
I,5.0,제휴몰,당시즌의류,반팔카라티셔츠,TS,589000,589000,535450,535450,181317,354133
I,5.0,제휴몰,당시즌의류,반팔티 & 스웨트팬츠,S1,417000,417000,379092,379092,109684,269408
I,5.0,제휴몰,당시즌의류,스커트,SK,267000,267000,242727,242727,75013,167714
I,5.0,제휴몰,당시즌의류,우븐반바지,SM,69000,69000,62727,62727,17696,45031
I,5.0,제휴몰,당시즌의류,우븐팬츠,WP,1733000,1733000,1575455,1575455,475313,1100142
I,5.0,제휴몰,당시즌의류,점퍼,JP,5977000,5976990,5433629,5433629,1387929,4045700
I,5.0,제휴몰,당시즌의류,진바지,DP,109000,109000,99091,99091,25216,73875
I,5.0,제휴몰,당시즌의류,진자켓,DK,338000,338000,307272,307272,69820,237452
I,5.0,제휴몰,당시즌의류,패딩,PD,636000,636000,578180,578180,181445,396735
I,5.0,제휴몰,당시즌의류,팬츠,PT,3483000,3483000,3166353,3166353,967521,2198832
I,5.0,제휴몰,당시즌의류,폴로 티셔츠,PQ,89000,89000,80909,80909,24658,56251
I,5.0,제휴몰,당시즌의류,후드티,HD,5458000,5457990,4961803,4961803,1591334,3370469
I,5.0,제휴몰,차시즌의류,맨투맨,MT,5780000,5780000,5254517,5254517,1462661,3791856
I,5.0,제휴몰,차시즌의류,맨투맨셋트,S2,43397000,43397040,39451922,39451922,10984264,28467658
I,5.0,제휴몰,차시즌의류,반바지,SP,49000,49000,44545,44545,10225,34320
I,5.0,제휴몰,차시즌의류,반팔카라티셔츠,TS,1729000,1729000,1571812,1571812,412613,1159199
I,5.0,제휴몰,차시즌의류,방풍자켓,WJ,2025000,2025000,1840911,1840911,470586,1370325
I,5.0,제휴몰,차시즌의류,스커트,SK,276000,276000,250908,250908,67148,183760
I,5.0,제휴몰,차시즌의류,우븐팬츠,WP,791000,791000,719090,719090,190059,529031
I,5.0,제휴몰,차시즌의류,점퍼,JP,10607000,10607000,9642723,9642723,2519926,7122797
I,5.0,제휴몰,차시즌의류,진바지,DP,891000,891000,810000,810000,241870,568130
I,5.0,제휴몰,차시즌의류,팬츠,PT,1693000,1693000,1539082,1539082,393877,1145205
I,5.0,제휴몰,차시즌의류,폴로 티셔츠,PQ,267000,267000,242727,242727,60805,181922
I,5.0,제휴몰,차시즌의류,후드티,HD,2275000,2275000,2068180,2068180,541208,1526972
I,6.0,대리점,Acc_etc,기타,ET,0,-5640,-5121,-3380,0,-3380
I,6.0,대리점,Acc_etc,머플러(스카프),MF,65000,65000,59091,37227,11857,25370
I,6.0,대리점,Acc_etc,양말,SO,857100,835840,759896,492685,230279,262406
I,6.0,대리점,Acc_etc,장갑,GL,69000,59000,53636,35400,17311,18089
I,6.0,대리점,Bag,가방,BG,264000,248570,225972,145112,66472,78640
I,6.0,대리점,Bag,백팩,BK,50633000,45467220,41333673,26660601,11544863,15115738
I,6.0,대리점,Bag,보조가방,UB,735000,686000,623639,396989,182386,214603
I,6.0,대리점,Bag,슬링백,SG,790000,756300,687547,443961,173291,270670
I,6.0,대리점,Bag,크로스백,CR,9240000,8933370,8121263,5227423,2075147,3152276
I,6.0,대리점,Bag,힙색,HS,295000,289100,262819,170350,57961,112389
I,6.0,대리점,Headwear,방한모,WM,1190000,1157120,1051937,679129,232110,447019
I,6.0,대리점,Headwear,비니,BN,3163000,3101090,2819156,1811013,660062,1150951
I,6.0,대리점,Headwear,와이어캡,WR,539000,529200,481090,305671,102464,203207
I,6.0,대리점,Headwear,운동모,CP,19774000,19289050,17535466,11267593,4216475,7051118
I,6.0,대리점,Headwear,햇,HT,295000,295000,268182,172173,58540,113633
I,6.0,대리점,Shoes,런닝화,RN,18160000,17609090,16008243,10312242,4409797,5902445
I,6.0,대리점,Shoes,방한화,WB,425000,390950,355412,251946,69224,182722
I,6.0,대리점,Shoes,스니커즈,SX,1630000,1598170,1452910,939456,397615,541841
I,6.0,대리점,Shoes,신발,SH,16586000,15930520,14482237,9333291,3856956,5476335
I,6.0,대리점,과시즌의류,베이비,BV,826000,808300,734817,476292,249004,227288
I,6.0,대리점,당시즌의류,다운베스트,DV,754000,729590,663265,424358,199042,225316
I,6.0,대리점,당시즌의류,다운점퍼,DJ,17842000,17018760,15471579,9971529,4531827,5439702
I,6.0,대리점,당시즌의류,맨투맨,MT,3163000,3020600,2746003,1760384,863497,896887
I,6.0,대리점,당시즌의류,맨투맨셋트,S2,12837000,12237670,11125109,7159872,3483833,3676039
I,6.0,대리점,당시즌의류,반팔티 & 스웨트팬츠,S1,139000,139000,126364,80873,39158,41715
I,6.0,대리점,당시즌의류,우븐팬츠,WP,376000,360720,327932,208212,99292,108920
I,6.0,대리점,당시즌의류,점퍼,JP,-298000,-298000,-270910,-178800,-80683,-98117
I,6.0,대리점,당시즌의류,진바지,DP,2418000,2298340,2089401,1353440,566193,787247
I,6.0,대리점,당시즌의류,패딩,PD,159000,159000,144545,92509,45361,47148
I,6.0,대리점,당시즌의류,팬츠,PT,425000,341000,309991,188385,117125,71260
I,6.0,대리점,당시즌의류,폴라폴리스점퍼,FD,139000,125110,113728,73923,38779,35144
I,6.0,대리점,당시즌의류,폴로 티셔츠,PQ,89000,84000,76364,48109,24658,23451
I,6.0,대리점,당시즌의류,후드티,HD,416000,406000,369091,235945,119242,116703
I,6.0,대리점,차시즌의류,맨투맨,MT,8828000,8396150,7632908,4931349,2254332,2677017
I,6.0,대리점,차시즌의류,맨투맨셋트,S2,48619000,46913030,42648241,27493551,12271805,15221746
I,6.0,대리점,차시즌의류,반바지,SP,392000,392000,356360,230745,81803,148942
I,6.0,대리점,차시즌의류,반팔카라티셔츠,TS,4003000,3954280,3594791,2327815,913306,1414509
I,6.0,대리점,차시즌의류,반팔티 & 스웨트팬츠,S1,1149000,1139100,1035544,675714,258986,416728
I,6.0,대리점,차시즌의류,방풍자켓,WJ,1519000,1373210,1248358,811589,330376,481213
I,6.0,대리점,차시즌의류,스커트,SK,89000,89000,80909,50973,21181,29792
I,6.0,대리점,차시즌의류,우븐반바지,SM,392000,386020,350923,223201,97818,125383
I,6.0,대리점,차시즌의류,우븐셔츠,WS,0,0,0,0,0,0
I,6.0,대리점,차시즌의류,우븐팬츠,WP,1829000,1773600,1612364,1040023,417602,622421
I,6.0,대리점,차시즌의류,원피스,OP,99000,99000,90000,59400,25669,33731
I,6.0,대리점,차시즌의류,점퍼,JP,24672000,23548610,21407859,13812744,5945617,7867127
I,6.0,대리점,차시즌의류,진바지,DP,6455000,6217380,5652124,3637703,1716811,1920892
I,6.0,대리점,차시즌의류,팬츠,PT,3720000,3566920,3242663,2090513,824183,1266330
I,6.0,대리점,차시즌의류,폴로 티셔츠,PQ,356000,339890,308994,202318,81073,121245
I,6.0,대리점,차시즌의류,후드티,HD,8347000,8021110,7291903,4669533,2017337,2652196
I,8.0,사입,Acc_etc,기타,ET,4282000,471020,428200,428200,574443,-146243
I,8.0,사입,Acc_etc,양말,SO,25622000,2818440,2562200,2562200,5227734,-2665534
I,8.0,사입,Acc_etc,토시,ML,2231000,245410,223100,223100,249838,-26738
I,8.0,사입,Bag,백팩,BK,1182000,290050,263686,263686,300761,-37075
I,8.0,사입,Bag,크로스백,CR,-138000,-41400,-37636,-37636,-39252,1616
I,8.0,사입,Headwear,선캡,SC,4226000,464860,422600,422600,436281,-13681
I,8.0,사입,Headwear,와이어캡,WR,2372000,642630,584224,584224,486119,98105
I,8.0,사입,Headwear,운동모,CP,178208000,46216660,42015128,42015128,36251664,5763464
I,8.0,사입,Headwear,햇,HT,37147000,7449620,6772392,6772392,6762109,10283
I,8.0,사입,Shoes,런닝화,RN,38430000,9607460,8734005,8734005,9538395,-804390
I,8.0,사입,Shoes,스니커즈,SX,205095000,54335530,49395840,49395840,43501352,5894488
I,8.0,사입,Shoes,신발,SH,510149000,135085940,122805311,122805311,116026088,6779223
I,8.0,사입,과시즌의류,니트가디건,KC,89637000,9860070,8963700,8963700,9629348,-665648
I,8.0,사입,과시즌의류,다운점퍼,DJ,-1256000,-358850,-326228,-326228,-146145,-180083
I,8.0,사입,과시즌의류,레깅스,LG,9322000,1025420,932200,932200,1035810,-103610
I,8.0,사입,과시즌의류,맨투맨,MT,694824000,140981160,128164714,128164714,131087701,-2922987
I,8.0,사입,과시즌의류,맨투맨셋트,S2,430712000,85605010,77822708,77822708,74284529,3538179
I,8.0,사입,과시즌의류,반팔카라티셔츠,TS,104675000,23325330,21204830,21204830,23849133,-2644303
I,8.0,사입,과시즌의류,반팔티 & 스웨트팬츠,S1,335084000,59114400,53740375,53740375,61029623,-7289248
I,8.0,사입,과시즌의류,방풍자켓,WJ,144690000,42410470,38554928,38554928,35096834,3458094
I,8.0,사입,과시즌의류,스커트,SK,217887000,32654190,29685607,29685607,33842586,-4156979
I,8.0,사입,과시즌의류,우븐셔츠,WS,69475000,10810680,9827873,9827873,11530254,-1702381
I,8.0,사입,과시즌의류,우븐팬츠,WP,168767000,34238700,31126088,31126088,28608297,2517791
I,8.0,사입,과시즌의류,원피스,OP,226901000,38119120,34653767,34653767,38527918,-3874151
I,8.0,사입,과시즌의류,점퍼,JP,488027000,100650650,91500573,91500573,81807089,9693484
I,8.0,사입,과시즌의류,진바지,DP,33694000,5403990,4912704,4912704,5157779,-245075
I,8.0,사입,과시즌의류,진자켓,DK,37046000,7408420,6734899,6734899,6870254,-135355
I,8.0,사입,과시즌의류,트레이닝(상의),TR,10494000,1154340,1049400,1049400,1166147,-116747
I,8.0,사입,과시즌의류,트레이닝(하의),TP,8216000,903760,821600,821600,904946,-83346
I,8.0,사입,과시즌의류,팬츠,PT,265871000,45375560,41250505,41250505,43057511,-1807006
I,8.0,사입,과시즌의류,폴로 티셔츠,PQ,78550000,14708350,13371249,13371249,13413316,-42067
I,8.0,사입,과시즌의류,후드티,HD,237989000,42400510,38545901,38545901,41305452,-2759551
I,11.0,직영몰,Acc_etc,기타,ET,290000,272600,247818,247818,71321,176497
I,11.0,직영몰,Acc_etc,머플러(스카프),MF,65000,65000,59091,59091,11857,47234
I,11.0,직영몰,Acc_etc,양말,SO,408100,395600,359628,359628,98507,261121
I,11.0,직영몰,Acc_etc,장갑,GL,256000,242200,220182,220182,65461,154721
I,11.0,직영몰,Bag,가방,BG,198000,188100,171000,171000,49854,121146
I,11.0,직영몰,Bag,백팩,BK,46663000,39497200,35906518,35906518,10670598,25235920
I,11.0,직영몰,Bag,보조가방,UB,931000,842800,766176,766176,231025,535151
I,11.0,직영몰,Bag,슬링백,SG,158000,148000,134545,134545,34658,99887
I,11.0,직영몰,Bag,크로스백,CR,1662000,1569510,1426826,1426826,345810,1081016
I,11.0,직영몰,Bag,힙색,HS,59000,53100,48273,48273,11592,36681
I,11.0,직영몰,Headwear,방한모,WM,802000,767500,697728,697728,163717,534011
I,11.0,직영몰,Headwear,비니,BN,2232000,2131900,1938092,1938092,426165,1511927
I,11.0,직영몰,Headwear,와이어캡,WR,343000,338100,307361,307361,63809,243552
I,11.0,직영몰,Headwear,운동모,CP,16803000,16128140,14661916,14661916,3580308,11081608
I,11.0,직영몰,Headwear,햇,HT,401000,384280,349344,349344,85465,263879
I,11.0,직영몰,Shoes,런닝화,RN,13923000,12347890,11225343,11225343,3424088,7801255
I,11.0,직영몰,Shoes,방한화,WB,1119000,1058350,962140,962140,286417,675723
I,11.0,직영몰,Shoes,스니커즈,SX,2265000,2139600,1945092,1945092,506966,1438126
I,11.0,직영몰,Shoes,신발,SH,11966000,11392800,10357080,10357080,2778921,7578159
I,11.0,직영몰,과시즌의류,반팔카라티셔츠,TS,66000,66000,60000,60000,15526,44474
I,11.0,직영몰,과시즌의류,베이비,BV,413000,401200,364725,364725,124502,240223
I,11.0,직영몰,당시즌의류,다운베스트,DV,1211000,1131600,1028728,1028728,330218,698510
I,11.0,직영몰,당시즌의류,다운점퍼,DJ,10697000,9844400,8949451,8949451,2733333,6216118
I,11.0,직영몰,당시즌의류,맨투맨,MT,1157000,1093740,994302,994302,310693,683609
I,11.0,직영몰,당시즌의류,맨투맨셋트,S2,4756000,4457080,4051888,4051888,1306105,2745783
I,11.0,직영몰,당시즌의류,우븐팬츠,WP,713000,694200,631090,631090,195926,435164
I,11.0,직영몰,당시즌의류,점퍼,JP,149000,149000,135455,135455,40341,95114
I,11.0,직영몰,당시즌의류,진바지,DP,327000,294300,267545,267545,77540,190005
I,11.0,직영몰,당시즌의류,팬츠,PT,553000,502960,457242,457242,144835,312407
I,11.0,직영몰,당시즌의류,폴라폴리스점퍼,FD,0,0,0,0,0,0
I,11.0,직영몰,당시즌의류,후드티,HD,317000,296200,269273,269273,94446,174827
I,11.0,직영몰,차시즌의류,맨투맨,MT,5848000,5562020,5056368,5056368,1507271,3549097
I,11.0,직영몰,차시즌의류,맨투맨셋트,S2,30237000,28654190,26049253,26049253,7672155,18377098
I,11.0,직영몰,차시즌의류,반바지,SP,196000,186200,169272,169272,40901,128371
I,11.0,직영몰,차시즌의류,반팔카라티셔츠,TS,3390000,3224760,2931596,2931596,818791,2112805
I,11.0,직영몰,차시즌의류,반팔티 & 스웨트팬츠,S1,624000,608670,553336,553336,151773,401563
I,11.0,직영몰,차시즌의류,방풍자켓,WJ,4288000,3994200,3631086,3631086,990251,2640835
I,11.0,직영몰,차시즌의류,스커트,SK,316000,291300,264818,264818,76519,188299
I,11.0,직영몰,차시즌의류,우븐반바지,SM,579000,547600,497815,497815,138548,359267
I,11.0,직영몰,차시즌의류,우븐셔츠,WS,477000,445200,404727,404727,99876,304851
I,11.0,직영몰,차시즌의류,우븐팬츠,WP,3174000,2963400,2693994,2693994,751435,1942559
I,11.0,직영몰,차시즌의류,점퍼,JP,14148000,13225390,12023081,12023081,3392636,8630445
I,11.0,직영몰,차시즌의류,진바지,DP,4447000,4194400,3813089,3813089,1176015,2637074
I,11.0,직영몰,차시즌의류,진자켓,DK,199000,179100,162818,162818,35206,127612
I,11.0,직영몰,차시즌의류,팬츠,PT,2476000,2340820,2128016,2128016,607773,1520243
I,11.0,직영몰,차시즌의류,폴로 티셔츠,PQ,89000,89000,80909,80909,20268,60641
I,11.0,직영몰,차시즌의류,후드티,HD,3984000,3766900,3424451,3424451,978553,2445898
I,99.0,기타,Acc_etc,양말,SO,37600,18800,17088,17088,9257,7831
I,99.0,기타,Bag,백팩,BK,348000,174000,158181,158181,69418,88763
I,99.0,기타,Bag,보조가방,UB,49000,24500,22272,22272,12159,10113
I,99.0,기타,Headwear,비니,BN,43000,39090,35538,35538,10673,24865
I,99.0,기타,Headwear,운동모,CP,127000,63500,57726,57726,29998,27728
I,99.0,기타,Shoes,방한화,WB,89000,80910,73554,73554,25610,47944
I,99.0,기타,Shoes,신발,SH,99000,49500,45000,45000,25130,19870
I,99.0,기타,과시즌의류,반팔카라티셔츠,TS,49000,44550,40496,40496,12571,27925
I,99.0,기타,당시즌의류,다운베스트,DV,139000,69500,63181,63181,38449,24732
I,99.0,기타,당시즌의류,다운점퍼,DJ,279000,139500,126818,126818,74722,52096
I,99.0,기타,당시즌의류,우븐팬츠,WP,99000,49500,45000,45000,22378,22622
I,99.0,기타,차시즌의류,맨투맨셋트,S2,238000,119000,108181,108181,60260,47921
I,99.0,기타,차시즌의류,방풍자켓,WJ,129000,64500,58636,58636,26912,31724
I,99.0,기타,차시즌의류,점퍼,JP,179000,89500,81364,81364,47897,33467
M,1.0,RF,Acc_etc,기타,ET,176900,176910,160817,102234,33376,68858
M,1.0,RF,Acc_etc,머플러(스카프),MF,99000,99000,90000,57600,10306,47294
M,1.0,RF,Acc_etc,양말,SO,151000,148850,135313,86598,27045,59553
M,1.0,RF,Acc_etc,캐리어(하드케이스),HH,538000,537980,489090,310572,168820,141752
M,1.0,RF,Acc_etc,파우치,PO,430000,430060,390912,248865,74048,174817
M,1.0,RF,Bag,버킷백,BM,1588000,1588030,1443637,917883,254056,663827
M,1.0,RF,Bag,쇼퍼백,OR,6364000,5791220,5264742,3367170,972355,2394815
M,1.0,RF,Bag,숄더백,BQ,2487000,2476990,2251816,1431298,400386,1030912
M,1.0,RF,Bag,크로스백,CR,7725000,7048610,6407838,4097818,1327447,2770371
M,1.0,RF,Bag,힙색,HS,99000,99000,90000,57600,16346,41254
M,1.0,RF,Headwear,방한모,WM,69000,69000,62727,39832,9877,29955
M,1.0,RF,Headwear,비니,BN,17905000,16507330,15006677,9536527,2501708,7034819
M,1.0,RF,Headwear,운동모,CP,105524000,98785840,89805296,57082811,17276255,39806556
M,1.0,RF,Headwear,햇,HT,2636000,2625920,2387265,1517305,359005,1158300
M,1.0,RF,Shoes,런닝화,RN,2792000,2749000,2499143,1592246,516267,1075979
M,1.0,RF,Shoes,스니커즈,SX,271147000,249342300,226675063,144082344,49771822,94310522
M,1.0,RF,Shoes,신발,SH,60785000,55805330,50732090,32264018,12592033,19671985
M,1.0,RF,당시즌의류,다운점퍼,DJ,27359000,26012630,23647811,15084872,4898378,10186494
M,1.0,RF,당시즌의류,우븐팬츠,WP,1033000,1033030,939092,596323,197495,398828
M,1.0,RF,당시즌의류,진바지,DP,358000,358000,325454,206664,65009,141655
M,1.0,RF,당시즌의류,팬츠,PT,1567000,1566950,1424541,905078,279407,625671
M,1.0,RF,당시즌의류,후드티,HD,139000,139010,126364,80241,26077,54164
M,1.0,RF,차시즌의류,니트가디건,KC,2678000,2653880,2412652,1535964,569168,966796
M,1.0,RF,차시즌의류,니트풀오버,KP,735000,735010,668184,424297,111324,312973
M,1.0,RF,차시즌의류,맨투맨,MT,5964000,5950790,5409817,3442692,1003488,2439204
M,1.0,RF,차시즌의류,반팔카라티셔츠,TS,66832000,55073590,50066909,32012441,11228046,20784395
M,1.0,RF,차시즌의류,반팔티셔츠,RS,158000,158000,143638,91210,26752,64458
M,1.0,RF,차시즌의류,방풍자켓,WJ,6273000,6263000,5693632,3625499,1185511,2439988
M,1.0,RF,차시즌의류,스커트,SK,198000,198020,180000,114300,32633,81667
M,1.0,RF,차시즌의류,우븐셔츠,WS,676000,675980,614544,391772,135184,256588
M,1.0,RF,차시즌의류,우븐팬츠,WP,3475000,3450350,3136617,1996060,594267,1401793
M,1.0,RF,차시즌의류,점퍼,JP,12628000,12576160,11432797,7279162,2244731,5034431
M,1.0,RF,차시즌의류,진바지,DP,169000,169000,153636,98327,27823,70504
M,1.0,RF,차시즌의류,트레이닝(상의),TR,4289000,4282590,3893315,2477232,773641,1703591
M,1.0,RF,차시즌의류,팬츠,PT,5642000,5624820,5113444,3255413,957736,2297677
M,1.0,RF,차시즌의류,폴로 티셔츠,PQ,834000,834050,758184,482078,123138,358940
M,1.0,RF,차시즌의류,후드티,HD,3742000,3736670,3396863,2160819,691419,1469400
M,1.0,백화점,Acc_etc,기타,ET,3208600,3078970,2799057,1838177,609248,1228929
M,1.0,백화점,Acc_etc,머플러(스카프),MF,2482000,1987080,1806373,1220767,252912,967855
M,1.0,백화점,Acc_etc,선글라스,GA,1053000,1037260,942962,636005,186207,449798
M,1.0,백화점,Acc_etc,양말,SO,6905400,6615720,6014294,3960554,1188748,2771806
M,1.0,백화점,Acc_etc,장갑,GL,156000,149970,136344,89229,28056,61173
M,1.0,백화점,Acc_etc,캐리어(하드케이스),HH,1016000,901000,819089,524217,316009,208208
M,1.0,백화점,Acc_etc,파우치,PO,5201000,5101200,4637285,3007061,954934,2052127
M,1.0,백화점,Bag,가방,BG,199000,139300,126636,81047,3658,77389
M,1.0,백화점,Bag,백팩,BK,3296000,3183580,2894146,1960327,526598,1433729
M,1.0,백화점,Bag,버킷백,BM,25300000,24819920,22563536,14898381,4062950,10835431
M,1.0,백화점,Bag,쇼퍼백,OR,143860000,141592320,128720248,82458988,21557541,60901447
M,1.0,백화점,Bag,숄더백,BQ,202673000,201733820,183394331,118497928,32238238,86259690
M,1.0,백화점,Bag,크로스백,CR,21633000,21073650,19157889,12643826,3700786,8943040
M,1.0,백화점,Bag,힙색,HS,2316000,2301070,2091848,1354557,343034,1011523
M,1.0,백화점,Headwear,방한모,WM,10138000,9852700,8956970,5814585,1488300,4326285
M,1.0,백화점,Headwear,비니,BN,74881000,70806900,64370176,41889101,10387373,31501728
M,1.0,백화점,Headwear,운동모,CP,562748000,550546720,500495820,326411143,89104425,237306718
M,1.0,백화점,Headwear,햇,HT,16358000,15635560,14214297,9255341,2098769,7156572
M,1.0,백화점,Shoes,런닝화,RN,117102000,112528870,102298780,66650003,24528880,42121123
M,1.0,백화점,Shoes,뮬,MU,1027000,513500,466817,296439,178995,117444
M,1.0,백화점,Shoes,방한화,WB,16813000,16148910,14680827,9652987,2935554,6717433
M,1.0,백화점,Shoes,스니커즈,SX,1401941000,1324472330,1204065407,776174068,250915083,525258985
M,1.0,백화점,Shoes,슬리퍼,LP,885000,874990,795449,509711,158235,351476
M,1.0,백화점,Shoes,신발,SH,546252000,495757500,450688494,292557207,104626895,187930312
M,1.0,백화점,과시즌의류,니트가디건,KC,6766000,3383030,3075462,2047441,205462,1841979
M,1.0,백화점,과시즌의류,다운점퍼,DJ,-379000,-303200,-275636,-198458,-45626,-152832
M,1.0,백화점,과시즌의류,맨투맨,MT,1079000,539520,490456,354264,128776,225488
M,1.0,백화점,과시즌의류,반팔카라티셔츠,TS,-99000,-49500,-45000,-28575,-3030,-25545
M,1.0,백화점,과시즌의류,방풍자켓,WJ,388000,193990,176363,149909,11922,137987
M,1.0,백화점,과시즌의류,원피스,OP,139000,69500,63182,39805,16548,23257
M,1.0,백화점,과시즌의류,트레이닝(상의),TR,1032000,516000,469091,345368,122370,222998
M,1.0,백화점,당시즌의류,니트가디건,KC,498000,498000,452728,289746,77321,212425
M,1.0,백화점,당시즌의류,니트풀오버,KP,189000,189000,171819,109964,37123,72841
M,1.0,백화점,당시즌의류,다운베스트,DV,12204000,11401890,10365356,6751170,2350732,4400438
M,1.0,백화점,당시즌의류,다운점퍼,DJ,292732000,270836410,246214794,160835453,52270543,108564910
M,1.0,백화점,당시즌의류,맨투맨,MT,11121000,10774130,9794597,6377163,1946741,4430422
M,1.0,백화점,당시즌의류,반팔카라티셔츠,TS,-40000,-40000,-36364,-23273,-6213,-17060
M,1.0,백화점,당시즌의류,스커트,SK,149000,148990,135454,87368,29384,57984
M,1.0,백화점,당시즌의류,우븐셔츠,WS,1014000,997730,907043,596713,175204,421509
M,1.0,백화점,당시즌의류,우븐팬츠,WP,9516000,9267520,8425000,5516311,1841047,3675264
M,1.0,백화점,당시즌의류,진바지,DP,1253000,1171830,1065299,676834,229643,447191
M,1.0,백화점,당시즌의류,진스커트,DS,596000,596010,541819,344732,96108,248624
M,1.0,백화점,당시즌의류,트레이닝(상의),TR,2840000,2734450,2485836,1674533,524831,1149702
M,1.0,백화점,당시즌의류,패딩,PD,8756000,8124910,7386292,4917441,1799910,3117531
M,1.0,백화점,당시즌의류,팬츠,PT,33197000,32241410,29310420,19249599,5838558,13411041
M,1.0,백화점,당시즌의류,폴라폴리스점퍼,FD,2948000,2809780,2554356,1672202,527175,1145027
M,1.0,백화점,당시즌의류,후드티,HD,10040000,9781450,8892214,5845216,1823566,4021650
M,1.0,백화점,차시즌의류,니트가디건,KC,17303000,16733560,15212348,9882514,3863757,6018757
M,1.0,백화점,차시즌의류,니트풀오버,KP,2563000,2523040,2293635,1468971,395681,1073290
M,1.0,백화점,차시즌의류,데님셔츠,DR,2617000,2600280,2363889,1541724,431577,1110147
M,1.0,백화점,차시즌의류,맨투맨,MT,82746000,80314400,73012929,48009017,13787297,34221720
M,1.0,백화점,차시즌의류,반팔카라티셔츠,TS,268456000,262269090,238426339,154973570,44851311,110122259
M,1.0,백화점,차시즌의류,반팔티셔츠,RS,1891000,1825940,1659951,1082174,309358,772816
M,1.0,백화점,차시즌의류,방풍자켓,WJ,102198000,98048990,89135479,57935194,18536495,39398699
M,1.0,백화점,차시즌의류,스커트,SK,3249000,3157440,2870382,1862675,532228,1330447
M,1.0,백화점,차시즌의류,우븐셔츠,WS,11323000,10345500,9405019,6144623,2264335,3880288
M,1.0,백화점,차시즌의류,우븐팬츠,WP,47675000,46417100,42197225,27835591,8155957,19679634
M,1.0,백화점,차시즌의류,점퍼,JP,116556000,112116180,101923790,66740151,20829674,45910477
M,1.0,백화점,차시즌의류,진바지,DP,6613000,6464470,5876795,3924897,1080065,2844832
M,1.0,백화점,차시즌의류,진스커트,DS,159000,159000,144545,92509,24842,67667
M,1.0,백화점,차시즌의류,진자켓,DK,747000,747000,679091,445482,118775,326707
M,1.0,백화점,차시즌의류,트레이닝(상의),TR,40788000,39467520,35879545,23587875,6993685,16594190
M,1.0,백화점,차시즌의류,팬츠,PT,86262000,83758820,76144128,50113653,14938495,35175158
M,1.0,백화점,차시즌의류,폴로 티셔츠,PQ,2502000,2381740,2165230,1426183,369414,1056769
M,1.0,백화점,차시즌의류,후드티,HD,40861000,39581860,35983370,23466163,7472072,15994091
M,2.0,면세점,Acc_etc,기타,ET,674000,674000,612721,379893,130138,249755
M,2.0,면세점,Acc_etc,머플러(스카프),MF,762000,762000,692727,429491,84690,344801
M,2.0,면세점,Acc_etc,양말,SO,1775000,1775110,1613634,1000428,319839,680589
M,2.0,면세점,Acc_etc,파우치,PO,2193000,2193000,1993623,1236047,390598,845449
M,2.0,면세점,Bag,가방,BG,491647000,246221520,223837758,138779164,9033443,129745721
M,2.0,면세점,Bag,백팩,BK,3624000,3624000,3294546,2042615,594978,1447637
M,2.0,면세점,Bag,버킷백,BM,119262000,119262070,108420127,67220289,18069959,49150330
M,2.0,면세점,Bag,쇼퍼백,OR,22434000,22433980,20394511,12644601,3556822,9087779
M,2.0,면세점,Bag,숄더백,BQ,103701000,103700960,94273548,58449495,16285932,42163563
M,2.0,면세점,Bag,크로스백,CR,57857000,57856990,52597258,32610253,9387328,23222925
M,2.0,면세점,Bag,힙색,HS,7694000,7693990,6994538,4336607,1172549,3164058
M,2.0,면세점,Headwear,방한모,WM,1589000,1589000,1444541,895615,227592,668023
M,2.0,면세점,Headwear,비니,BN,150860000,150860270,137145801,85029129,21076758,63952371
M,2.0,면세점,Headwear,운동모,CP,3809333000,3809316430,3463015495,2147083100,635747421,1511335679
M,2.0,면세점,Headwear,햇,HT,35267000,35267000,32060786,19877736,4567415,15310321
M,2.0,면세점,Shoes,런닝화,RN,53560000,53560000,48690689,30188213,11595142,18593071
M,2.0,면세점,Shoes,뮬,MU,7410000,3704950,3368130,2088252,1313709,774543
M,2.0,면세점,Shoes,방한화,WB,2042000,2042000,1856362,1150944,328323,822621
M,2.0,면세점,Shoes,스니커즈,SX,273975000,259793630,236175551,146428659,46916166,99512493
M,2.0,면세점,Shoes,신발,SH,184941000,163063230,148239234,91908318,34285995,57622323
M,2.0,면세점,과시즌의류,맨투맨,MT,119000,119000,108182,67073,14188,52885
M,2.0,면세점,당시즌의류,다운베스트,DV,3046000,3046000,2769092,1716840,572650,1144190
M,2.0,면세점,당시즌의류,다운점퍼,DJ,173083000,173083010,157348134,97555887,29963148,67592739
M,2.0,면세점,당시즌의류,맨투맨,MT,774000,774000,703638,436254,140283,295971
M,2.0,면세점,당시즌의류,우븐팬츠,WP,149000,149000,135455,83982,28451,55531
M,2.0,면세점,당시즌의류,진스커트,DS,447000,447000,406365,251946,72081,179865
M,2.0,면세점,당시즌의류,트레이닝(상의),TR,447000,447000,406365,251946,78139,173807
M,2.0,면세점,당시즌의류,패딩,PD,1791000,1791000,1628181,1009476,368165,641311
M,2.0,면세점,당시즌의류,팬츠,PT,3500000,3500000,3181822,1972723,630874,1341849
M,2.0,면세점,당시즌의류,후드티,HD,377000,377000,342727,212491,68696,143795
M,2.0,면세점,차시즌의류,데님셔츠,DR,8230000,8230000,7481817,4638721,1328828,3309893
M,2.0,면세점,차시즌의류,맨투맨,MT,24331000,24331000,22119115,13713849,3707777,10006072
M,2.0,면세점,차시즌의류,반팔카라티셔츠,TS,1015873000,1015884550,923531209,572587126,171591592,400995534
M,2.0,면세점,차시즌의류,방풍자켓,WJ,64910000,64910010,59009092,36585653,11795498,24790155
M,2.0,면세점,차시즌의류,우븐팬츠,WP,4219000,4219000,3835439,2377969,718456,1659513
M,2.0,면세점,차시즌의류,점퍼,JP,19082000,19082000,17347278,10755288,3403907,7351381
M,2.0,면세점,차시즌의류,진바지,DP,2665000,2665000,2422723,1502086,443055,1059031
M,2.0,면세점,차시즌의류,진자켓,DK,3048000,3048000,2770914,1717965,459274,1258691
M,2.0,면세점,차시즌의류,트레이닝(상의),TR,1428000,1428000,1298184,804876,251544,553332
M,2.0,면세점,차시즌의류,팬츠,PT,2079000,2079000,1890000,1171800,348863,822937
M,2.0,면세점,차시즌의류,폴로 티셔츠,PQ,3197000,3197000,2906349,1801935,472030,1329905
M,2.0,면세점,차시즌의류,후드티,HD,2475000,2475000,2250000,1395000,467283,927717
M,3.0,RF,Acc_etc,기타,ET,900000,900000,818172,818172,179516,638656
M,3.0,RF,Acc_etc,머플러(스카프),MF,297000,297000,270000,270000,30919,239081
M,3.0,RF,Acc_etc,선글라스,GA,457000,457000,415455,415455,79803,335652
M,3.0,RF,Acc_etc,양말,SO,899600,712910,648108,648108,167162,480946
M,3.0,RF,Acc_etc,파우치,PO,2202000,2202010,2001824,2001824,418489,1583335
M,3.0,RF,Bag,버킷백,BM,1788000,1489800,1354361,1354361,287490,1066871
M,3.0,RF,Bag,쇼퍼백,OR,1013000,792500,720457,720457,165694,554763
M,3.0,RF,Bag,숄더백,BQ,6506000,4976600,4524180,4524180,980289,3543891
M,3.0,RF,Bag,크로스백,CR,793000,766300,696637,696637,141134,555503
M,3.0,RF,Headwear,방한모,WM,3364000,2880600,2618722,2618722,479846,2138876
M,3.0,RF,Headwear,비니,BN,19926000,16322040,14838247,14838247,2845980,11992267
M,3.0,RF,Headwear,운동모,CP,369303000,270105220,245550116,245550116,60152038,185398078
M,3.0,RF,Headwear,햇,HT,2942000,2426600,2206003,2206003,377394,1828609
M,3.0,RF,Shoes,런닝화,RN,2036000,1994300,1813004,1813004,419569,1393435
M,3.0,RF,Shoes,방한화,WB,8841000,6495030,5904571,5904571,1583238,4321333
M,3.0,RF,Shoes,스니커즈,SX,30183000,25461370,23146689,23146689,4923380,18223309
M,3.0,RF,Shoes,신발,SH,10038000,8808610,8007822,8007822,1821950,6185872
M,3.0,RF,당시즌의류,다운베스트,DV,1354000,1067200,970182,970182,273252,696930
M,3.0,RF,당시즌의류,다운점퍼,DJ,13487000,12353300,11230268,11230268,2350728,8879540
M,3.0,RF,당시즌의류,맨투맨,MT,99000,99000,90000,90000,16624,73376
M,3.0,RF,당시즌의류,우븐셔츠,WS,169000,169000,153636,153636,28526,125110
M,3.0,RF,당시즌의류,우븐팬츠,WP,467000,377600,343272,343272,94898,248374
M,3.0,RF,당시즌의류,진바지,DP,895000,626500,569545,569545,160125,409420
M,3.0,RF,당시즌의류,트레이닝(상의),TR,437000,437000,397273,397273,80730,316543
M,3.0,RF,당시즌의류,패딩,PD,1194000,895500,814089,814089,245444,568645
M,3.0,RF,당시즌의류,팬츠,PT,1468000,1276660,1160599,1160599,239869,920730
M,3.0,RF,당시즌의류,폴라폴리스점퍼,FD,259000,259000,235455,235455,49393,186062
M,3.0,RF,당시즌의류,후드티,HD,238000,238000,216364,216364,41669,174695
M,3.0,RF,차시즌의류,니트가디건,KC,1125000,1125000,1022728,1022728,264699,758029
M,3.0,RF,차시즌의류,니트풀오버,KP,169000,169000,153636,153636,24607,129029
M,3.0,RF,차시즌의류,데님셔츠,DR,408000,408000,370909,370909,65346,305563
M,3.0,RF,차시즌의류,맨투맨,MT,14323000,10980100,9981912,9981912,2310324,7671588
M,3.0,RF,차시즌의류,반팔카라티셔츠,TS,9338000,7605790,6914360,6914360,1497420,5416940
M,3.0,RF,차시즌의류,반팔티셔츠,RS,109000,109000,99091,99091,17623,81468
M,3.0,RF,차시즌의류,방풍자켓,WJ,8474000,6977300,6343003,6343003,1691425,4651578
M,3.0,RF,차시즌의류,스커트,SK,891000,623700,567000,567000,146849,420151
M,3.0,RF,차시즌의류,우븐셔츠,WS,1183000,929500,844997,844997,236572,608425
M,3.0,RF,차시즌의류,우븐팬츠,WP,4576000,3778000,3434552,3434552,787858,2646694
M,3.0,RF,차시즌의류,점퍼,JP,7507000,6121900,5565361,5565361,1330357,4235004
M,3.0,RF,차시즌의류,진바지,DP,3471000,2701200,2455636,2455636,578579,1877057
M,3.0,RF,차시즌의류,진스커트,DS,954000,667800,607092,607092,149051,458041
M,3.0,RF,차시즌의류,진자켓,DK,757000,601600,546909,546909,114273,432636
M,3.0,RF,차시즌의류,트레이닝(상의),TR,3852000,3196810,2906190,2906190,652064,2254126
M,3.0,RF,차시즌의류,팬츠,PT,9696000,7404810,6731652,6731652,1664581,5067071
M,3.0,RF,차시즌의류,후드티,HD,4802000,4080860,3709875,3709875,865398,2844477
M,3.0,직영점(가두),Acc_etc,기타,ET,3588400,3562980,3239049,3239049,655437,2583612
M,3.0,직영점(가두),Acc_etc,머플러(스카프),MF,594000,584000,530909,530909,61838,469071
M,3.0,직영점(가두),Acc_etc,선글라스,GA,8772000,8762000,7965452,7965452,1542864,6422588
M,3.0,직영점(가두),Acc_etc,양말,SO,3287900,3261420,2964873,2964873,568882,2395991
M,3.0,직영점(가두),Acc_etc,장갑,GL,156000,156000,141820,141820,28058,113762
M,3.0,직영점(가두),Acc_etc,파우치,PO,7640000,7602140,6911018,6911018,1378240,5532778
M,3.0,직영점(가두),Bag,가방,BG,199000,139300,126636,126636,3658,122978
M,3.0,직영점(가두),Bag,백팩,BK,993000,993000,902728,902728,162416,740312
M,3.0,직영점(가두),Bag,버킷백,BM,10563000,10553000,9593629,9593629,1651097,7942532
M,3.0,직영점(가두),Bag,쇼퍼백,OR,6497000,6472900,5884454,5884454,1046402,4838052
M,3.0,직영점(가두),Bag,숄더백,BQ,37128000,36187230,32897429,32897429,5959758,26937671
M,3.0,직영점(가두),Bag,크로스백,CR,14539000,14529000,13208147,13208147,2688413,10519734
M,3.0,직영점(가두),Bag,힙색,HS,99000,99000,90000,90000,13792,76208
M,3.0,직영점(가두),Headwear,방한모,WM,8981000,8961000,8146338,8146338,1315436,6830902
M,3.0,직영점(가두),Headwear,비니,BN,97371000,94162780,85602329,85602329,14070675,71531654
M,3.0,직영점(가두),Headwear,운동모,CP,660020000,567063980,515511595,515511595,104042667,411468928
M,3.0,직영점(가두),Headwear,햇,HT,9654000,9620180,8745610,8745610,1266173,7479437
M,3.0,직영점(가두),Shoes,런닝화,RN,24024000,23948350,21771213,21771213,4893273,16877940
M,3.0,직영점(가두),Shoes,방한화,WB,10987000,10947000,9951811,9951811,1932602,8019209
M,3.0,직영점(가두),Shoes,스니커즈,SX,147640000,147355480,133959363,133959363,24414972,109544391
M,3.0,직영점(가두),Shoes,슬리퍼,LP,59000,59000,53636,53636,10549,43087
M,3.0,직영점(가두),Shoes,신발,SH,58529000,58416870,53106220,53106220,10458069,42648151
M,3.0,직영점(가두),과시즌의류,레깅스,LG,267000,267000,242727,242727,42711,200016
M,3.0,직영점(가두),과시즌의류,탱크탑,TK,59000,59000,53636,53636,12615,41021
M,3.0,직영점(가두),당시즌의류,다운베스트,DV,2886000,2762400,2511272,2511272,552894,1958378
M,3.0,직영점(가두),당시즌의류,다운점퍼,DJ,102473000,101658200,92416486,92416486,17834886,74581600
M,3.0,직영점(가두),당시즌의류,맨투맨,MT,1555000,1555000,1413631,1413631,266920,1146711
M,3.0,직영점(가두),당시즌의류,우븐팬츠,WP,5760000,5747940,5225396,5225396,1116155,4109241
M,3.0,직영점(가두),당시즌의류,진바지,DP,716000,716000,650908,650908,129059,521849
M,3.0,직영점(가두),당시즌의류,진스커트,DS,149000,149000,135454,135454,24027,111427
M,3.0,직영점(가두),당시즌의류,트레이닝(상의),TR,1152000,1144360,1040329,1040329,212810,827519
M,3.0,직영점(가두),당시즌의류,패딩,PD,5771000,5731200,5210179,5210179,1186313,4023866
M,3.0,직영점(가두),당시즌의류,팬츠,PT,6616000,6604790,6004347,6004347,1129564,4874783
M,3.0,직영점(가두),당시즌의류,폴라폴리스점퍼,FD,398000,398000,361818,361818,76950,284868
M,3.0,직영점(가두),당시즌의류,후드티,HD,1667000,1667000,1515455,1515455,301504,1213951
M,3.0,직영점(가두),차시즌의류,니트가디건,KC,10085000,10067720,9152456,9152456,1985583,7166873
M,3.0,직영점(가두),차시즌의류,니트풀오버,KP,2175000,2175000,1977273,1977273,336474,1640799
M,3.0,직영점(가두),차시즌의류,데님셔츠,DR,2110000,2106150,1914681,1914681,339061,1575620
M,3.0,직영점(가두),차시즌의류,맨투맨,MT,32038000,31975330,29068441,29068441,5426889,23641552
M,3.0,직영점(가두),차시즌의류,반팔카라티셔츠,TS,52305000,52183940,47439753,47439753,8497991,38941762
M,3.0,직영점(가두),차시즌의류,반팔티셔츠,RS,1444000,1440180,1309255,1309255,236988,1072267
M,3.0,직영점(가두),차시즌의류,방풍자켓,WJ,35848000,35791170,32537414,32537414,6657606,25879808
M,3.0,직영점(가두),차시즌의류,스커트,SK,1129000,1129000,1026364,1026364,184994,841370
M,3.0,직영점(가두),차시즌의류,우븐셔츠,WS,2535000,2535000,2304540,2304540,506941,1797599
M,3.0,직영점(가두),차시즌의류,우븐팬츠,WP,12529000,12521120,11382842,11382842,2142230,9240612
M,3.0,직영점(가두),차시즌의류,점퍼,JP,58319000,58196620,52905988,52905988,10407021,42498967
M,3.0,직영점(가두),차시즌의류,진바지,DP,4198000,4174490,3794985,3794985,706930,3088055
M,3.0,직영점(가두),차시즌의류,진자켓,DK,3168000,3168000,2879995,2879995,517148,2362847
M,3.0,직영점(가두),차시즌의류,트레이닝(상의),TR,20078000,20033320,18212065,18212065,3536108,14675957
M,3.0,직영점(가두),차시즌의류,팬츠,PT,29508000,29487990,26807224,26807224,5081445,21725779
M,3.0,직영점(가두),차시즌의류,폴로 티셔츠,PQ,1390000,1377190,1251990,1251990,205230,1046760
M,3.0,직영점(가두),차시즌의류,후드티,HD,17823000,17781310,16164824,16164824,3256086,12908738
M,4.0,RF,Bag,버킷백,BM,2580000,1625400,1477636,1477636,373532,1104104
M,4.0,RF,Bag,쇼퍼백,OR,1790000,1127700,1025182,1025182,266059,759123
M,4.0,RF,Bag,숄더백,BQ,1980000,1247400,1134000,1134000,299880,834120
M,4.0,RF,Bag,크로스백,CR,1390000,875700,796091,796091,231694,564397
M,4.0,RF,Headwear,비니,BN,2150000,1354500,1231364,1231364,301189,930175
M,4.0,RF,Headwear,운동모,CP,137860000,86851800,78956187,78956187,20355913,58600274
M,4.0,RF,Headwear,햇,HT,2120000,1335600,1214180,1214180,305554,908626
M,4.0,RF,Shoes,스니커즈,SX,116359000,73306170,66641966,66641966,21508974,45132992
M,4.0,RF,Shoes,신발,SH,35442000,22328460,20298600,20298600,7581237,12717363
M,4.0,자사몰,Acc_etc,기타,ET,306400,277349,260052,260052,57161,202891
M,4.0,자사몰,Acc_etc,선글라스,GA,308000,308000,280000,280000,53202,226798
M,4.0,자사몰,Acc_etc,양말,SO,953600,809557,743815,743815,156319,587496
M,4.0,자사몰,Acc_etc,캐리어(하드케이스),HH,269000,188300,171182,171182,84410,86772
M,4.0,자사몰,Acc_etc,파우치,PO,782000,692730,638398,638398,140710,497688
M,4.0,자사몰,Bag,가방,BG,318000,235300,213909,213909,5311,208598
M,4.0,자사몰,Bag,백팩,BK,149000,61500,55909,55909,23201,32708
M,4.0,자사몰,Bag,버킷백,BM,656000,546940,497217,497217,105453,391764
M,4.0,자사몰,Bag,쇼퍼백,OR,2152000,1765398,1618905,1618905,370379,1248526
M,4.0,자사몰,Bag,숄더백,BQ,7199000,5269848,4911915,4911915,759237,4152678
M,4.0,자사몰,Bag,크로스백,CR,3072000,2906312,2691950,2691950,548882,2143068
M,4.0,자사몰,Bag,힙색,HS,495000,469000,426364,426364,76622,349742
M,4.0,자사몰,Headwear,방한모,WM,897000,685070,622790,622790,133883,488907
M,4.0,자사몰,Headwear,비니,BN,35507000,30519730,27745225,27745225,5137988,22607237
M,4.0,자사몰,Headwear,운동모,CP,79667000,67949372,61860631,61860631,12741675,49118956
M,4.0,자사몰,Headwear,햇,HT,1640000,1437000,1306358,1306358,208066,1098292
M,4.0,자사몰,Shoes,런닝화,RN,13218000,12234131,11178822,11178822,2842027,8336795
M,4.0,자사몰,Shoes,뮬,MU,1718000,751798,691791,691791,304107,387684
M,4.0,자사몰,Shoes,방한화,WB,1487000,1309400,1190362,1190362,277803,912559
M,4.0,자사몰,Shoes,샌들,SD,-211000,-26458,-16323,-16323,5427,-21750
M,4.0,자사몰,Shoes,스니커즈,SX,17731000,15699569,14388997,14388997,2967210,11421787
M,4.0,자사몰,Shoes,슬리퍼,LP,118000,155584,153881,153881,30770,123111
M,4.0,자사몰,Shoes,신발,SH,26959000,18586148,17059650,17059650,4548400,12511250
M,4.0,자사몰,과시즌의류,니트가디건,KC,995000,490180,445619,445619,30215,415404
M,4.0,자사몰,과시즌의류,레깅스,LG,89000,79070,71882,71882,14835,57047
M,4.0,자사몰,과시즌의류,맨투맨,MT,584000,262630,238754,238754,60358,178396
M,4.0,자사몰,과시즌의류,반팔카라티셔츠,TS,69000,33500,30455,30455,10365,20090
M,4.0,자사몰,과시즌의류,방풍자켓,WJ,468000,362930,329937,329937,39158,290779
M,4.0,자사몰,과시즌의류,원피스,OP,526000,227220,206563,206563,62000,144563
M,4.0,자사몰,과시즌의류,팬츠,PT,99000,44500,40455,40455,11833,28622
M,4.0,자사몰,과시즌의류,후드티,HD,773000,518190,471082,471082,82320,388762
M,4.0,자사몰,당시즌의류,니트풀오버,KP,189000,167000,151818,151818,37123,114695
M,4.0,자사몰,당시즌의류,다운베스트,DV,657000,634900,577183,577183,140372,436811
M,4.0,자사몰,당시즌의류,다운점퍼,DJ,11539000,10581360,9619410,9619410,2086753,7532657
M,4.0,자사몰,당시즌의류,맨투맨,MT,1426000,1365260,1241147,1241147,250582,990565
M,4.0,자사몰,당시즌의류,반팔카라티셔츠,TS,39000,58476,58476,58476,7494,50982
M,4.0,자사몰,당시즌의류,우븐셔츠,WS,169000,163120,148291,148291,28526,119765
M,4.0,자사몰,당시즌의류,우븐팬츠,WP,2801000,2635840,2396220,2396220,527328,1868892
M,4.0,자사몰,당시즌의류,점퍼,JP,837000,765020,695472,695472,159326,536146
M,4.0,자사몰,당시즌의류,진바지,DP,0,-8000,-7273,-7273,0,-7273
M,4.0,자사몰,당시즌의류,진스커트,DS,149000,149000,135455,135455,24027,111428
M,4.0,자사몰,당시즌의류,트레이닝(상의),TR,1191000,1111810,1010737,1010737,218635,792102
M,4.0,자사몰,당시즌의류,패딩,PD,2985000,2639160,2399236,2399236,613611,1785625
M,4.0,자사몰,당시즌의류,팬츠,PT,4104000,3892810,3538919,3538919,715231,2823688
M,4.0,자사몰,당시즌의류,폴라폴리스점퍼,FD,179000,179000,162727,162727,27780,134947
M,4.0,자사몰,당시즌의류,후드티,HD,1617000,1581080,1437348,1437348,331559,1105789
M,4.0,자사몰,차시즌의류,나시,TO,245000,230000,209090,209090,32370,176720
M,4.0,자사몰,차시즌의류,니트가디건,KC,657000,625000,568182,568182,98121,470061
M,4.0,자사몰,차시즌의류,니트풀오버,KP,169000,165000,150000,150000,26067,123933
M,4.0,자사몰,차시즌의류,데님셔츠,DR,418000,418000,380000,380000,64396,315604
M,4.0,자사몰,차시즌의류,맨투맨,MT,11117000,10574532,9625500,9625500,1898485,7727015
M,4.0,자사몰,차시즌의류,반바지,SP,138000,134000,121818,121818,23770,98048
M,4.0,자사몰,차시즌의류,반팔카라티셔츠,TS,6286000,5977492,5456202,5456202,1010701,4445501
M,4.0,자사몰,차시즌의류,반팔티셔츠,RS,158000,137000,124545,124545,26752,97793
M,4.0,자사몰,차시즌의류,방풍자켓,WJ,16660000,15831010,14391828,14391828,3004639,11387189
M,4.0,자사몰,차시즌의류,스커트,SK,763000,735000,668182,668182,129633,538549
M,4.0,자사몰,차시즌의류,우븐셔츠,WS,169000,168000,152727,152727,33796,118931
M,4.0,자사몰,차시즌의류,우븐팬츠,WP,2482000,2441530,2219577,2219577,421201,1798376
M,4.0,자사몰,차시즌의류,점퍼,JP,9948000,9516160,8651053,8651053,1700058,6950995
M,4.0,자사몰,차시즌의류,진바지,DP,169000,160060,145509,145509,28527,116982
M,4.0,자사몰,차시즌의류,진스커트,DS,159000,159000,144545,144545,24842,119703
M,4.0,자사몰,차시즌의류,진자켓,DK,279000,274000,249090,249090,41004,208086
M,4.0,자사몰,차시즌의류,트레이닝(상의),TR,5302000,5035900,4578089,4578089,913956,3664133
M,4.0,자사몰,차시즌의류,팬츠,PT,4384000,4143780,3767075,3767075,767186,2999889
M,4.0,자사몰,차시즌의류,후드티,HD,7689000,7236670,6578797,6578797,1424134,5154663
M,5.0,제휴몰,Acc_etc,기타,ET,924900,924900,840818,840818,169181,671637
M,5.0,제휴몰,Acc_etc,머플러(스카프),MF,267000,267000,242727,242727,33158,209569
M,5.0,제휴몰,Acc_etc,선글라스,GA,149000,149000,135455,135455,26601,108854
M,5.0,제휴몰,Acc_etc,양말,SO,1119000,1119000,1017269,1017269,195482,821787
M,5.0,제휴몰,Acc_etc,장갑,GL,39000,39000,35455,35455,7014,28441
M,5.0,제휴몰,Acc_etc,파우치,PO,1710000,1710010,1554561,1554561,287755,1266806
M,5.0,제휴몰,Bag,가방,BG,119000,119000,108182,108182,1653,106529
M,5.0,제휴몰,Bag,백팩,BK,556000,481500,437728,437728,85146,352582
M,5.0,제휴몰,Bag,버킷백,BM,169000,169000,153636,153636,28303,125333
M,5.0,제휴몰,Bag,쇼퍼백,OR,2164000,2033200,1848367,1848367,358952,1489415
M,5.0,제휴몰,Bag,숄더백,BQ,12608000,10701700,9728820,9728820,1714314,8014506
M,5.0,제휴몰,Bag,크로스백,CR,3579000,3579000,3253632,3253632,684322,2569310
M,5.0,제휴몰,Bag,힙색,HS,277000,277000,251818,251818,39425,212393
M,5.0,제휴몰,Headwear,방한모,WM,3643000,3643000,3311809,3311809,514940,2796869
M,5.0,제휴몰,Headwear,비니,BN,66942000,66376450,60342294,60342294,9236159,51106135
M,5.0,제휴몰,Headwear,운동모,CP,283701000,283680590,257891468,257891468,46635723,211255745
M,5.0,제휴몰,Headwear,햇,HT,3589000,3589000,3262720,3262720,457374,2805346
M,5.0,제휴몰,Shoes,런닝화,RN,17970000,17970000,16336398,16336398,3903946,12432452
M,5.0,제휴몰,Shoes,뮬,MU,6756000,3377980,3070866,3070866,1195624,1875242
M,5.0,제휴몰,Shoes,방한화,WB,7741000,7741000,7037280,7037280,1328393,5708887
M,5.0,제휴몰,Shoes,샌들,SD,991000,934000,849091,849091,88583,760508
M,5.0,제휴몰,Shoes,스니커즈,SX,133908000,132062930,120057260,120057260,22563466,97493794
M,5.0,제휴몰,Shoes,슬리퍼,LP,413000,413000,375452,375452,73843,301609
M,5.0,제휴몰,Shoes,신발,SH,150250000,110682410,100620400,100620400,27458222,73162178
M,5.0,제휴몰,Shoes,아쿠아 슈즈,SQ,89000,89000,80909,80909,19820,61089
M,5.0,제휴몰,과시즌의류,니트가디건,KC,796000,398000,361820,361820,24172,337648
M,5.0,제휴몰,과시즌의류,맨투맨,MT,2107000,1053500,957732,957732,147270,810462
M,5.0,제휴몰,과시즌의류,원피스,OP,129000,64500,58636,58636,15151,43485
M,5.0,제휴몰,과시즌의류,점퍼,JP,339000,169500,154091,154091,9904,144187
M,5.0,제휴몰,과시즌의류,탱크탑,TK,177000,177000,160908,160908,37846,123062
M,5.0,제휴몰,과시즌의류,트레이닝(상의),TR,258000,129000,117272,117272,30593,86679
M,5.0,제휴몰,과시즌의류,팬츠,PT,0,0,0,0,0,0
M,5.0,제휴몰,과시즌의류,후드티,HD,317000,158500,144091,144091,27410,116681
M,5.0,제휴몰,당시즌의류,다운베스트,DV,1652000,1652000,1501818,1501818,306890,1194928
M,5.0,제휴몰,당시즌의류,다운점퍼,DJ,126376000,126376000,114887225,114887225,22475148,92412077
M,5.0,제휴몰,당시즌의류,맨투맨,MT,3041000,3041000,2764547,2764547,550600,2213947
M,5.0,제휴몰,당시즌의류,반팔카라티셔츠,TS,158000,158000,143636,143636,27414,116222
M,5.0,제휴몰,당시즌의류,스커트,SK,298000,298000,270910,270910,58768,212142
M,5.0,제휴몰,당시즌의류,우븐팬츠,WP,6594000,6594000,5994560,5994560,1204199,4790361
M,5.0,제휴몰,당시즌의류,원피스,OP,387000,387000,351819,351819,77096,274723
M,5.0,제휴몰,당시즌의류,진바지,DP,358000,358000,325454,325454,65009,260445
M,5.0,제휴몰,당시즌의류,트레이닝(상의),TR,3969000,3969000,3608185,3608185,726872,2881313
M,5.0,제휴몰,당시즌의류,패딩,PD,30646000,30646000,27859986,27859986,6299743,21560243
M,5.0,제휴몰,당시즌의류,팬츠,PT,7523000,7523000,6839097,6839097,1303648,5535449
M,5.0,제휴몰,당시즌의류,폴라폴리스점퍼,FD,1393000,1393000,1266362,1266362,226705,1039657
M,5.0,제휴몰,당시즌의류,후드티,HD,3580000,3580000,3254551,3254551,655837,2598714
M,5.0,제휴몰,차시즌의류,니트가디건,KC,657000,657000,597273,597273,98120,499153
M,5.0,제휴몰,차시즌의류,니트풀오버,KP,149000,149000,135455,135455,22258,113197
M,5.0,제휴몰,차시즌의류,데님셔츠,DR,189000,189000,171818,171818,32877,138941
M,5.0,제휴몰,차시즌의류,맨투맨,MT,16600000,16600000,15090898,15090898,2794839,12296059
M,5.0,제휴몰,차시즌의류,반팔카라티셔츠,TS,6711000,6711000,6100892,6100892,1078569,5022323
M,5.0,제휴몰,차시즌의류,방풍자켓,WJ,9515000,9515000,8649998,8649998,1739285,6910713
M,5.0,제휴몰,차시즌의류,스커트,SK,99000,99000,90000,90000,16316,73684
M,5.0,제휴몰,차시즌의류,우븐셔츠,WS,845000,845000,768180,768180,168980,599200
M,5.0,제휴몰,차시즌의류,우븐팬츠,WP,526000,526000,478183,478183,91495,386688
M,5.0,제휴몰,차시즌의류,점퍼,JP,9838000,9838000,8943636,8943636,1719752,7223884
M,5.0,제휴몰,차시즌의류,진바지,DP,1054000,1054000,958180,958180,176576,781604
M,5.0,제휴몰,차시즌의류,진스커트,DS,159000,159000,144545,144545,24842,119703
M,5.0,제휴몰,차시즌의류,진자켓,DK,269000,269000,244545,244545,45507,199038
M,5.0,제휴몰,차시즌의류,트레이닝(상의),TR,3712000,3712000,3374551,3374551,633920,2740631
M,5.0,제휴몰,차시즌의류,팬츠,PT,5423000,5423000,4930007,4930007,946012,3983995
M,5.0,제휴몰,차시즌의류,후드티,HD,9360000,9360000,8509104,8509104,1732032,6777072
M,6.0,RF,Acc_etc,기타,ET,530900,488500,444089,277720,104754,172966
M,6.0,RF,Acc_etc,머플러(스카프),MF,168000,148200,134727,86040,22852,63188
M,6.0,RF,Acc_etc,양말,SO,543200,543200,493816,314029,95513,218516
M,6.0,RF,Acc_etc,장갑,GL,39000,39000,35455,23400,7014,16386
M,6.0,RF,Acc_etc,파우치,PO,609000,586800,533453,326841,103843,222998
M,6.0,RF,Bag,버킷백,BM,2531000,2365030,2150033,1385302,395519,989783
M,6.0,RF,Bag,쇼퍼백,OR,7894000,6828000,6207275,3860150,1216990,2643160
M,6.0,RF,Bag,숄더백,BQ,4602000,4094000,3721820,2380147,740573,1639574
M,6.0,RF,Bag,크로스백,CR,1834000,1665400,1513998,976273,318469,657804
M,6.0,RF,Bag,힙색,HS,891000,792000,720000,450000,136898,313102
M,6.0,RF,Headwear,방한모,WM,1253000,1148400,1043998,678987,183259,495728
M,6.0,RF,Headwear,비니,BN,10302000,9256770,8415243,5545502,1450734,4094768
M,6.0,RF,Headwear,운동모,CP,98900000,83430640,75845910,48270302,15044939,33225363
M,6.0,RF,Headwear,햇,HT,3098000,2910600,2645993,1726665,400707,1325958
M,6.0,RF,Shoes,런닝화,RN,9417000,8568610,7789646,5120126,1821424,3298702
M,6.0,RF,Shoes,방한화,WB,1150000,1062800,966184,624996,199388,425608
M,6.0,RF,Shoes,스니커즈,SX,78368000,66439670,60399717,39138893,13294018,25844875
M,6.0,RF,Shoes,신발,SH,60715000,49515640,45014209,29314488,12181455,17133033
M,6.0,RF,당시즌의류,다운베스트,DV,637000,593200,539272,334418,125095,209323
M,6.0,RF,당시즌의류,다운점퍼,DJ,24485000,22819670,20745150,13521776,4367159,9154617
M,6.0,RF,당시즌의류,맨투맨,MT,713000,693200,630182,413040,121386,291654
M,6.0,RF,당시즌의류,우븐팬츠,WP,1192000,1102600,1002364,632301,233750,398551
M,6.0,RF,당시즌의류,진바지,DP,716000,680200,618363,410724,129059,281665
M,6.0,RF,당시즌의류,트레이닝(상의),TR,139000,139000,126364,83400,25675,57725
M,6.0,RF,당시즌의류,패딩,PD,995000,895500,814090,520837,204535,316302
M,6.0,RF,당시즌의류,팬츠,PT,2460000,2202570,2002338,1290631,441693,848938
M,6.0,RF,당시즌의류,폴라폴리스점퍼,FD,458000,418200,380182,245131,87868,157263
M,6.0,RF,당시즌의류,후드티,HD,595000,571200,519273,339258,112689,226569
M,6.0,RF,차시즌의류,니트가디건,KC,-1374000,-1374000,-1249092,-701128,-395542,-305586
M,6.0,RF,차시즌의류,니트풀오버,KP,606000,578200,525637,334749,91413,243336
M,6.0,RF,차시즌의류,맨투맨,MT,5903000,5342200,4856545,3076802,975851,2100951
M,6.0,RF,차시즌의류,반팔카라티셔츠,TS,9629000,8574250,7794760,4985116,1599386,3385730
M,6.0,RF,차시즌의류,반팔티셔츠,RS,79000,79000,71818,43091,13376,29715
M,6.0,RF,차시즌의류,방풍자켓,WJ,4032000,3803000,3457271,2243363,740916,1502447
M,6.0,RF,차시즌의류,스커트,SK,99000,99000,90000,59400,16316,43084
M,6.0,RF,차시즌의류,우븐셔츠,WS,676000,642200,583817,380404,135184,245220
M,6.0,RF,차시즌의류,우븐팬츠,WP,2105000,1964000,1785457,1159727,358303,801424
M,6.0,RF,차시즌의류,점퍼,JP,12439000,11492000,10447274,6689775,2188054,4501721
M,6.0,RF,차시즌의류,진바지,DP,716000,648400,589454,379208,119971,259237
M,6.0,RF,차시즌의류,트레이닝(상의),TR,2580000,2296200,2087460,1391943,469098,922845
M,6.0,RF,차시즌의류,팬츠,PT,4798000,4345470,3950427,2542316,836178,1706138
M,6.0,RF,차시즌의류,폴로 티셔츠,PQ,834000,806200,732909,464512,123138,341374
M,6.0,RF,차시즌의류,후드티,HD,3712000,3357170,3051973,1955804,671580,1284224
M,6.0,대리점,Acc_etc,기타,ET,1489600,1459980,1327260,858950,286715,572235
M,6.0,대리점,Acc_etc,머플러(스카프),MF,1374000,1337000,1215454,784836,180577,604259
M,6.0,대리점,Acc_etc,선글라스,GA,318000,169320,153922,100050,53202,46848
M,6.0,대리점,Acc_etc,양말,SO,4642900,4511810,4101612,2636295,804838,1831457
M,6.0,대리점,Acc_etc,캐리어(하드케이스),HH,239000,239000,217273,143400,73594,69806
M,6.0,대리점,Acc_etc,파우치,PO,2231000,2197160,1997431,1280504,400149,880355
M,6.0,대리점,Bag,가방,BG,199000,139300,126637,89912,3658,86254
M,6.0,대리점,Bag,백팩,BK,2096000,1848660,1680600,1089221,339926,749295
M,6.0,대리점,Bag,버킷백,BM,13138000,12637970,11489064,7336986,2049919,5287067
M,6.0,대리점,Bag,쇼퍼백,OR,32696000,32126300,29205747,18681909,5049682,13632227
M,6.0,대리점,Bag,숄더백,BQ,153922000,152488210,138625642,87354994,24539358,62815636
M,6.0,대리점,Bag,크로스백,CR,16371000,15604530,14185943,9115185,2808431,6306754
M,6.0,대리점,Bag,힙색,HS,1445000,1380110,1254648,803630,225964,577666
M,6.0,대리점,Headwear,방한모,WM,2320000,2270530,2064119,1328265,337036,991229
M,6.0,대리점,Headwear,비니,BN,49118000,46697870,42452608,26878307,6866109,20012198
M,6.0,대리점,Headwear,운동모,CP,843736000,816445080,742221963,461942358,141039260,320903098
M,6.0,대리점,Headwear,햇,HT,6100000,5883950,5349021,3420455,775061,2645394
M,6.0,대리점,Shoes,런닝화,RN,76297000,73785620,67077836,43089792,15847076,27242716
M,6.0,대리점,Shoes,방한화,WB,8019000,7627730,6934303,4440228,1358140,3082088
M,6.0,대리점,Shoes,스니커즈,SX,805821000,751018500,682744018,431978666,141052414,290926252
M,6.0,대리점,Shoes,슬리퍼,LP,1239000,1207900,1098081,700339,221531,478808
M,6.0,대리점,Shoes,신발,SH,511064000,484186160,440169124,277454236,101572376,175881860
M,6.0,대리점,과시즌의류,니트가디건,KC,199000,99510,90455,67841,6043,61798
M,6.0,대리점,과시즌의류,다운베스트,DV,219000,219000,199091,131400,26156,105244
M,6.0,대리점,과시즌의류,레깅스,LG,89000,84150,76500,47430,10600,36830
M,6.0,대리점,과시즌의류,맨투맨,MT,119000,119000,108182,71400,14271,57129
M,6.0,대리점,과시즌의류,반팔카라티셔츠,TS,0,0,0,0,0,0
M,6.0,대리점,과시즌의류,우븐팬츠,WP,99000,99000,90000,59400,11879,47521
M,6.0,대리점,과시즌의류,점퍼,JP,339000,169500,154091,115568,10151,105417
M,6.0,대리점,당시즌의류,니트가디건,KC,438000,438000,398181,260536,70385,190151
M,6.0,대리점,당시즌의류,니트풀오버,KP,796000,717260,652052,425998,141226,284772
M,6.0,대리점,당시즌의류,다운베스트,DV,9336000,8770400,7973092,5109976,1771533,3338443
M,6.0,대리점,당시즌의류,다운점퍼,DJ,150499000,134467490,122243099,78875064,27017174,51857890
M,6.0,대리점,당시즌의류,맨투맨,MT,7509000,7285810,6623436,4251863,1313903,2937960
M,6.0,대리점,당시즌의류,반팔카라티셔츠,TS,78000,72800,66182,43065,14988,28077
M,6.0,대리점,당시즌의류,방풍자켓,WJ,169000,169000,153636,98327,31818,66509
M,6.0,대리점,당시즌의류,우븐셔츠,WS,338000,328000,298182,192282,61099,131183
M,6.0,대리점,당시즌의류,우븐팬츠,WP,8730000,8446120,7678251,4956970,1699569,3257401
M,6.0,대리점,당시즌의류,점퍼,JP,538000,538000,489092,320264,101252,219012
M,6.0,대리점,당시즌의류,진바지,DP,716000,692800,629824,404714,130977,273737
M,6.0,대리점,당시즌의류,진스커트,DS,149000,149000,135454,88045,24027,64018
M,6.0,대리점,당시즌의류,진자켓,DK,259000,259000,235455,150691,39331,111360
M,6.0,대리점,당시즌의류,트레이닝(상의),TR,3397000,3302350,3002133,1927756,624187,1303569
M,6.0,대리점,당시즌의류,패딩,PD,8557000,7991090,7264630,4732505,1759008,2973497
M,6.0,대리점,당시즌의류,팬츠,PT,21808000,21353550,19412308,12515811,3784316,8731495
M,6.0,대리점,당시즌의류,폴라폴리스점퍼,FD,1394000,1345940,1223584,785385,252845,532540
M,6.0,대리점,당시즌의류,후드티,HD,9682000,9460930,8600827,5525331,1773721,3751610
M,6.0,대리점,차시즌의류,니트가디건,KC,7158000,6761840,6147145,3898124,1445691,2452433
M,6.0,대리점,차시즌의류,니트풀오버,KP,3637000,3556660,3233327,2066936,545038,1521898
M,6.0,대리점,차시즌의류,데님셔츠,DR,2886000,2793710,2539747,1621048,464536,1156512
M,6.0,대리점,차시즌의류,맨투맨,MT,65691000,63705580,57914121,37121075,10771851,26349224
M,6.0,대리점,차시즌의류,반팔카라티셔츠,TS,117154000,115278930,104799083,66305143,19449305,46855838
M,6.0,대리점,차시즌의류,반팔티셔츠,RS,1406000,1368250,1243870,808606,229737,578869
M,6.0,대리점,차시즌의류,방풍자켓,WJ,60609000,57247730,52043365,33353613,11030129,22323484
M,6.0,대리점,차시즌의류,스커트,SK,3070000,2987620,2716019,1760932,504887,1256045
M,6.0,대리점,차시즌의류,우븐셔츠,WS,3211000,2944990,2677266,1711784,642124,1069660
M,6.0,대리점,차시즌의류,우븐팬츠,WP,21812000,21163960,19239964,12380583,3728687,8651896
M,6.0,대리점,차시즌의류,점퍼,JP,60753000,58698520,53362335,34123261,10939399,23183862
M,6.0,대리점,차시즌의류,진바지,DP,6852000,6519910,5927185,3837224,1142543,2694681
M,6.0,대리점,차시즌의류,진스커트,DS,477000,448000,407274,258946,74526,184420
M,6.0,대리점,차시즌의류,진자켓,DK,1016000,1006000,914546,589564,164282,425282
M,6.0,대리점,차시즌의류,트레이닝(상의),TR,18751000,18176710,16524265,10581735,3188177,7393558
M,6.0,대리점,차시즌의류,팬츠,PT,50483000,48696130,44269188,28411202,8636456,19774746
M,6.0,대리점,차시즌의류,폴로 티셔츠,PQ,3753000,3739530,3399565,2151667,554121,1597546
M,6.0,대리점,차시즌의류,후드티,HD,30976000,30154620,27413261,17629118,5678088,11951030
M,8.0,사입,Acc_etc,양말,SO,26732000,6682570,6075098,6075098,4017483,2057615
M,8.0,사입,Acc_etc,캐리어(하드케이스),HH,7421000,1855250,1686597,1686597,2161159,-474562
M,8.0,사입,Bag,백팩,BK,307013000,78971240,71792072,71792072,45006916,26785156
M,8.0,사입,Bag,버킷백,BM,106971000,26742460,24311312,24311312,16289413,8021899
M,8.0,사입,Bag,보스톤백,BW,0,0,-2,-2,0,-2
M,8.0,사입,Bag,쇼퍼백,OR,41751000,10437670,9488768,9488768,8279371,1209397
M,8.0,사입,Bag,숄더백,BQ,347045000,88609270,80553846,80553846,55760416,24793430
M,8.0,사입,Bag,크로스백,CR,164465000,41115910,37378146,37378146,26014134,11364012
M,8.0,사입,Bag,힙색,HS,59499000,14874750,13522500,13522500,9824057,3698443
M,8.0,사입,Headwear,메시캡,MC,65469000,16346450,14860408,14860408,8472326,6388082
M,8.0,사입,Headwear,비니,BN,-59000,-14750,-13409,-13409,-6997,-6412
M,8.0,사입,Headwear,선캡,SC,15096000,3623940,3294504,3294504,1987312,1307192
M,8.0,사입,Headwear,운동모,CP,914764000,240865840,218968964,218968964,127592515,91376449
M,8.0,사입,Headwear,햇,HT,342435000,91488140,83171042,83171042,48262875,34908167
M,8.0,사입,Shoes,런닝화,RN,301397000,74378440,67616772,67616772,50129320,17487452
M,8.0,사입,Shoes,샌들,SD,138020000,15182200,13802000,13802000,3371728,10430272
M,8.0,사입,Shoes,스니커즈,SX,891575000,219638420,199671340,199671340,161547433,38123907
M,8.0,사입,Shoes,슬리퍼,LP,127132000,13984520,12713200,12713200,3256013,9457187
M,8.0,사입,Shoes,신발,SH,306386000,65832500,59847703,59847703,48378761,11468942
M,8.0,사입,Shoes,아쿠아 슈즈,SQ,5049000,555390,504900,504900,539692,-34792
M,8.0,사입,과시즌의류,니트가디건,KC,262442000,60129530,54663194,54663194,38793590,15869604
M,8.0,사입,과시즌의류,니트풀오버,KP,180643000,37182250,33802021,33802021,26990547,6811474
M,8.0,사입,과시즌의류,데님셔츠,DR,243606000,61470240,55881994,55881994,41029632,14852362
M,8.0,사입,과시즌의류,데님원피스,DD,7968000,876480,796800,796800,830106,-33306
M,8.0,사입,과시즌의류,레깅스,LG,43123000,4743530,4312300,4312300,4509750,-197450
M,8.0,사입,과시즌의류,맨투맨,MT,497618000,104613760,95103354,95103354,78519422,16583932
M,8.0,사입,과시즌의류,반팔카라티셔츠,TS,74520000,21487200,19533786,19533786,12108628,7425158
M,8.0,사입,과시즌의류,반팔티셔츠,RS,0,0,0,0,0,0
M,8.0,사입,과시즌의류,방수자켓,JK,8580000,943800,858000,858000,913163,-55163
M,8.0,사입,과시즌의류,방풍자켓,WJ,341179000,85257770,77507054,77507054,61635904,15871150
M,8.0,사입,과시즌의류,스커트,SK,65044000,16261080,14782760,14782760,12296649,2486111
M,8.0,사입,과시즌의류,우븐셔츠,WS,142342000,32295760,29359723,29359723,24999796,4359927
M,8.0,사입,과시즌의류,우븐팬츠,WP,312507000,77719110,70653756,70653756,61554096,9099660
M,8.0,사입,과시즌의류,원피스,OP,31178000,3429580,3117800,3117800,3265599,-147799
M,8.0,사입,과시즌의류,점퍼,JP,611091000,120764460,109785852,109785852,91078253,18707599
M,8.0,사입,과시즌의류,진바지,DP,168619000,43501900,39547185,39547185,26943918,12603267
M,8.0,사입,과시즌의류,진스커트,DS,32526000,8131460,7392254,7392254,5604869,1787385
M,8.0,사입,과시즌의류,진자켓,DK,145462000,35691710,32447018,32447018,23021555,9425463
M,8.0,사입,과시즌의류,트레이닝(상의),TR,161107000,31544010,28676386,28676386,21878870,6797516
M,8.0,사입,과시즌의류,팬츠,PT,267032000,53971410,49064914,49064914,39999404,9065510
M,8.0,사입,과시즌의류,폴로 티셔츠,PQ,170174000,34195830,31087105,31087105,25700673,5386432
M,8.0,사입,과시즌의류,후드티,HD,374150000,78594200,71449278,71449278,65432350,6016928
M,11.0,직영몰,Acc_etc,기타,ET,612900,266440,242214,242214,115379,126835
M,11.0,직영몰,Acc_etc,머플러(스카프),MF,168000,168000,152727,152727,22852,129875
M,11.0,직영몰,Acc_etc,선글라스,GA,1828000,1773160,1611967,1611967,319212,1292755
M,11.0,직영몰,Acc_etc,양말,SO,420900,359480,326795,326795,69296,257499
M,11.0,직영몰,Acc_etc,파우치,PO,451000,446630,406033,406033,79306,326727
M,11.0,직영몰,Bag,백팩,BK,407000,393100,357364,357364,61945,295419
M,11.0,직영몰,Bag,버킷백,BM,883000,883000,802728,802728,138174,664554
M,11.0,직영몰,Bag,쇼퍼백,OR,565000,541730,492482,492482,93530,398952
M,11.0,직영몰,Bag,숄더백,BQ,1666000,1545470,1404976,1404976,263236,1141740
M,11.0,직영몰,Bag,크로스백,CR,1992000,1944640,1767852,1767852,369624,1398228
M,11.0,직영몰,Bag,힙색,HS,178000,178000,161818,161818,28187,133631
M,11.0,직영몰,Headwear,방한모,WM,158000,150400,136727,136727,20833,115894
M,11.0,직영몰,Headwear,비니,BN,7009000,6917330,6288492,6288492,998741,5289751
M,11.0,직영몰,Headwear,운동모,CP,64585000,64055100,58231797,58231797,10164003,48067794
M,11.0,직영몰,Headwear,햇,HT,1243000,1232220,1120197,1120197,160378,959819
M,11.0,직영몰,Shoes,런닝화,RN,6555000,6465250,5877509,5877509,1336125,4541384
M,11.0,직영몰,Shoes,방한화,WB,1596000,1587550,1443229,1443229,269656,1173573
M,11.0,직영몰,Shoes,스니커즈,SX,21289000,20813630,18921492,18921492,3530857,15390635
M,11.0,직영몰,Shoes,신발,SH,8762000,8563400,7784905,7784905,1594666,6190239
M,11.0,직영몰,과시즌의류,레깅스,LG,188000,188000,170909,170909,30962,139947
M,11.0,직영몰,과시즌의류,맨투맨,MT,99000,49500,45000,45000,11778,33222
M,11.0,직영몰,과시즌의류,팬츠,PT,-129000,-129000,-117273,-117273,-23298,-93975
M,11.0,직영몰,당시즌의류,니트풀오버,KP,358000,339180,308345,308345,64535,243810
M,11.0,직영몰,당시즌의류,다운베스트,DV,1732000,1618500,1471363,1471363,321117,1150246
M,11.0,직영몰,당시즌의류,다운점퍼,DJ,20184000,18537900,16852632,16852632,3608882,13243750
M,11.0,직영몰,당시즌의류,맨투맨,MT,1238000,1133920,1030840,1030840,220770,810070
M,11.0,직영몰,당시즌의류,반팔카라티셔츠,TS,246000,206050,187318,187318,38986,148332
M,11.0,직영몰,당시즌의류,방풍자켓,WJ,189000,170180,154709,154709,36844,117865
M,11.0,직영몰,당시즌의류,우븐팬츠,WP,1579000,1507170,1370156,1370156,301926,1068230
M,11.0,직영몰,당시즌의류,진바지,DP,358000,348000,316363,316363,65318,251045
M,11.0,직영몰,당시즌의류,트레이닝(상의),TR,437000,427540,388673,388673,80730,307943
M,11.0,직영몰,당시즌의류,패딩,PD,597000,557200,506545,506545,122721,383824
M,11.0,직영몰,당시즌의류,팬츠,PT,2648000,2569750,2336136,2336136,454438,1881698
M,11.0,직영몰,당시즌의류,폴라폴리스점퍼,FD,558000,538000,489091,489091,98722,390369
M,11.0,직영몰,당시즌의류,후드티,HD,1458000,1347010,1224555,1224555,271505,953050
M,11.0,직영몰,차시즌의류,니트가디건,KC,1802000,1786260,1623877,1623877,435310,1188567
M,11.0,직영몰,차시즌의류,니트풀오버,KP,139000,139000,126364,126364,22289,104075
M,11.0,직영몰,차시즌의류,맨투맨,MT,10209000,10050890,9137176,9137176,1745789,7391387
M,11.0,직영몰,차시즌의류,반팔카라티셔츠,TS,8958000,8709270,7917497,7917497,1474732,6442765
M,11.0,직영몰,차시즌의류,반팔티셔츠,RS,406000,406000,369091,369091,66246,302845
M,11.0,직영몰,차시즌의류,방풍자켓,WJ,7015000,6887400,6261270,6261270,1260865,5000405
M,11.0,직영몰,차시즌의류,스커트,SK,337000,328680,298800,298800,54463,244337
M,11.0,직영몰,차시즌의류,우븐셔츠,WS,676000,667700,606999,606999,135184,471815
M,11.0,직영몰,차시즌의류,우븐팬츠,WP,2333000,2316330,2105760,2105760,397633,1708127
M,11.0,직영몰,차시즌의류,점퍼,JP,13685000,13389150,12171953,12171953,2427634,9744319
M,11.0,직영몰,차시즌의류,진바지,DP,1124000,1109830,1008932,1008932,187664,821268
M,11.0,직영몰,차시즌의류,진스커트,DS,159000,159000,144545,144545,24842,119703
M,11.0,직영몰,차시즌의류,진자켓,DK,269000,269000,244545,244545,45507,199038
M,11.0,직영몰,차시즌의류,트레이닝(상의),TR,4368000,4292110,3901923,3901923,728683,3173240
M,11.0,직영몰,차시즌의류,팬츠,PT,5848000,5777720,5252479,5252479,1008175,4244304
M,11.0,직영몰,차시즌의류,폴로 티셔츠,PQ,278000,278000,252728,252728,41046,211682
M,11.0,직영몰,차시즌의류,후드티,HD,6103000,6059520,5508664,5508664,1127205,4381459
M,99.0,기타,Acc_etc,기타,ET,58000,29000,26364,26364,10135,16229
M,99.0,기타,Acc_etc,선글라스,GA,149000,74500,67727,67727,26601,41126
M,99.0,기타,Acc_etc,양말,SO,73600,36800,33454,33454,12045,21409
M,99.0,기타,Acc_etc,파우치,PO,39000,19500,17727,17727,7385,10342
M,99.0,기타,Bag,쇼퍼백,OR,318000,159000,144544,144544,50316,94228
M,99.0,기타,Headwear,방한모,WM,79000,39500,35909,35909,11951,23958
M,99.0,기타,Headwear,비니,BN,274000,154590,140536,140536,38003,102533
M,99.0,기타,Headwear,운동모,CP,1074000,577090,524625,524625,159283,365342
M,99.0,기타,Shoes,런닝화,RN,298000,205860,187150,187150,51890,135260
M,99.0,기타,Shoes,방한화,WB,109000,54500,49545,49545,13083,36462
M,99.0,기타,Shoes,샌들,SD,99000,45000,40910,40910,1604,39306
M,99.0,기타,Shoes,스니커즈,SX,596000,298000,270909,270909,98916,171993
M,99.0,기타,Shoes,신발,SH,497000,248500,225909,225909,92244,133665
M,99.0,기타,과시즌의류,맨투맨,MT,89000,40460,36778,36778,1181,35597
M,99.0,기타,당시즌의류,다운점퍼,DJ,578000,411320,373926,373926,97170,276756
M,99.0,기타,당시즌의류,맨투맨,MT,476000,278500,253182,253182,87960,165222
M,99.0,기타,당시즌의류,반팔카라티셔츠,TS,39000,19500,17727,17727,7494,10233
M,99.0,기타,당시즌의류,우븐팬츠,WP,298000,149000,135454,135454,58298,77156
M,99.0,기타,당시즌의류,팬츠,PT,357000,178500,162273,162273,61327,100946
M,99.0,기타,당시즌의류,후드티,HD,377000,285860,259878,259878,68232,191646
M,99.0,기타,차시즌의류,니트가디건,KC,229000,114500,104091,104091,67438,36653
M,99.0,기타,차시즌의류,맨투맨,MT,297000,148500,135000,135000,51020,83980
M,99.0,기타,차시즌의류,반팔카라티셔츠,TS,473000,236500,214999,214999,71343,143656
M,99.0,기타,차시즌의류,방풍자켓,WJ,388000,194000,176363,176363,70236,106127
M,99.0,기타,차시즌의류,점퍼,JP,249000,124500,113182,113182,42576,70606
M,99.0,기타,차시즌의류,후드티,HD,149000,74500,67727,67727,28272,39455
ST,1.0,백화점,Acc_etc,양말,SO,59700,55720,50655,34084,13500,20584
ST,1.0,백화점,Headwear,비니,BN,-69000,-69000,-62727,-41400,-16000,-25400
ST,1.0,백화점,Headwear,선캡,SC,59000,53100,48272,32825,11860,20965
ST,1.0,백화점,Headwear,운동모,CP,108000,103100,93727,62662,20760,41902
ST,1.0,백화점,Shoes,신발,SH,258000,232200,211091,141431,58100,83331
ST,1.0,백화점,과시즌의류,트레이닝(상의),TR,159000,159000,144545,95400,21249,74151
ST,1.0,백화점,과시즌의류,팬츠,PT,129000,129000,117273,77400,17240,60160
ST,1.0,백화점,당시즌의류,니트반팔티셔츠,KU,159000,159000,144545,95400,33700,61700
ST,1.0,백화점,당시즌의류,다운점퍼,DJ,359000,323100,293727,199734,122540,77194
ST,1.0,백화점,당시즌의류,스커트,SK,179000,179000,162727,107400,48250,59150
ST,1.0,백화점,당시즌의류,트레이닝(상의),TR,179000,161100,146454,99589,41100,58489
ST,1.0,백화점,당시즌의류,패딩,PD,249000,224100,203727,134460,92610,41850
ST,1.0,백화점,당시즌의류,팬츠,PT,149000,134100,121909,82898,30790,52108
ST,1.0,백화점,당시즌의류,폴로 티셔츠,PQ,119000,119000,108182,71400,20810,50590
ST,1.0,백화점,당시즌의류,후드티,HD,149000,134100,121909,82898,34290,48608
ST,1.0,백화점,차시즌의류,트레이닝(상의),TR,0,0,0,0,0,0
ST,1.0,백화점,차시즌의류,팬츠,PT,0,0,0,0,0,0
ST,2.0,면세점,Acc_etc,양말,SO,236800,236800,215276,122706,45070,77636
ST,2.0,면세점,Acc_etc,헤드밴드,HB,58000,58000,52726,30054,12560,17494
ST,2.0,면세점,Bag,보스톤백,BW,358000,358000,325454,185508,81000,104508
ST,2.0,면세점,Headwear,선캡,SC,69000,69000,62727,35754,13700,22054
ST,2.0,면세점,Headwear,운동모,CP,177000,177000,160911,91719,30320,61399
ST,2.0,면세점,Shoes,신발,SH,996000,298800,271638,154833,63382,91451
ST,2.0,면세점,과시즌의류,반바지,SP,119000,83300,75727,43164,27820,15344
ST,2.0,면세점,과시즌의류,반팔티셔츠,RS,247000,193600,175999,100319,62190,38129
ST,2.0,면세점,과시즌의류,방풍자켓,WJ,179000,125300,113909,64928,43870,21058
ST,2.0,면세점,과시즌의류,스커트,SK,0,0,0,0,0,0
ST,2.0,면세점,과시즌의류,슬리브리스,SL,198000,138600,126000,71820,58140,13680
ST,2.0,면세점,과시즌의류,트레이닝(상의),TR,169000,169000,153637,87573,22585,64988
ST,2.0,면세점,과시즌의류,팬츠,PT,377000,377000,342726,195354,50381,144973
ST,2.0,면세점,과시즌의류,폴로 티셔츠,PQ,495000,346500,315000,179550,111150,68400
ST,2.0,면세점,당시즌의류,니트풀오버,KP,179000,179000,162727,92754,46690,46064
ST,2.0,면세점,당시즌의류,다운점퍼,DJ,299000,299000,271818,154936,99870,55066
ST,2.0,면세점,당시즌의류,맨투맨,MT,387000,387000,351817,200536,88240,112296
ST,2.0,면세점,당시즌의류,반바지,SP,218000,218000,198182,112964,80160,32804
ST,2.0,면세점,당시즌의류,스커트,SK,1430000,1430000,1299994,740997,315950,425047
ST,2.0,면세점,당시즌의류,윈드티셔츠,WT,0,0,0,0,0,0
ST,2.0,면세점,당시즌의류,트레이닝(상의),TR,129000,129000,117272,66845,28640,38205
ST,2.0,면세점,당시즌의류,팬츠,PT,327000,327000,297273,169446,79160,90286
ST,2.0,면세점,당시즌의류,폴로 티셔츠,PQ,357000,357000,324546,184992,68310,116682
ST,2.0,면세점,차시즌의류,니트베스트,KV,139000,139000,126363,72027,38050,33977
ST,2.0,면세점,차시즌의류,레깅스,LG,109000,109000,99091,56482,33020,23462
ST,2.0,면세점,차시즌의류,맨투맨,MT,2202000,2202000,2001810,1141032,451800,689232
ST,2.0,면세점,차시즌의류,반바지,SP,801000,801000,728181,415062,196150,218912
ST,2.0,면세점,차시즌의류,스커트,SK,2330000,2330000,2118176,1207360,620600,586760
ST,2.0,면세점,차시즌의류,점퍼,JP,259000,259000,235454,134209,93550,40659
ST,2.0,면세점,차시즌의류,트레이닝(상의),TR,1014000,1014000,921822,525438,259080,266358
ST,2.0,면세점,차시즌의류,팬츠,PT,754000,754000,685451,390707,164620,226087
ST,2.0,면세점,차시즌의류,폴로 티셔츠,PQ,952000,952000,865456,493312,201400,291912
ST,3.0,직영점(가두),Acc_etc,양말,SO,50000,50000,45454,45454,7680,37774
ST,3.0,직영점(가두),Acc_etc,헤드밴드,HB,58000,58000,52726,52726,12400,40326
ST,3.0,직영점(가두),Bag,백팩,BK,179000,179000,162727,162727,42560,120167
ST,3.0,직영점(가두),Bag,보스톤백,BW,0,0,0,0,0,0
ST,3.0,직영점(가두),Bag,토드백,TG,69000,69000,62727,62727,19610,43117
ST,3.0,직영점(가두),Headwear,선캡,SC,59000,53100,48272,48272,11860,36412
ST,3.0,직영점(가두),Shoes,신발,SH,199000,199000,180909,180909,52800,128109
ST,3.0,직영점(가두),과시즌의류,반팔티셔츠,RS,207000,207000,188181,188181,51020,137161
ST,3.0,직영점(가두),과시즌의류,트레이닝(상의),TR,-159000,-159000,-144545,-144545,-21249,-123296
ST,3.0,직영점(가두),과시즌의류,팬츠,PT,109000,109000,99090,99090,14567,84523
ST,3.0,직영점(가두),당시즌의류,니트가디건,KC,796000,778100,707362,707362,200990,506372
ST,3.0,직영점(가두),당시즌의류,니트반팔티셔츠,KU,159000,159000,144545,144545,33700,110845
ST,3.0,직영점(가두),당시즌의류,니트풀오버,KP,338000,338000,307272,307272,96330,210942
ST,3.0,직영점(가두),당시즌의류,다운점퍼,DJ,658000,628100,570999,570999,222410,348589
ST,3.0,직영점(가두),당시즌의류,맨투맨,MT,1112000,1100100,1000086,1000086,247780,752306
ST,3.0,직영점(가두),당시즌의류,스커트,SK,179000,161100,146454,146454,48250,98204
ST,3.0,직영점(가두),당시즌의류,트레이닝(상의),TR,338000,338000,307272,307272,76020,231252
ST,3.0,직영점(가두),당시즌의류,패딩,PD,498000,498000,452726,452726,185220,267506
ST,3.0,직영점(가두),당시즌의류,팬츠,PT,258000,258000,234544,234544,59760,174784
ST,3.0,직영점(가두),당시즌의류,폴로 티셔츠,PQ,0,0,0,0,0,0
ST,3.0,직영점(가두),차시즌의류,니트가디건,KC,179000,179000,162727,162727,42260,120467
ST,3.0,직영점(가두),차시즌의류,니트베스트,KV,278000,278000,252726,252726,76100,176626
ST,3.0,직영점(가두),차시즌의류,맨투맨,MT,1329000,1316100,1196446,1196446,292650,903796
ST,3.0,직영점(가두),차시즌의류,반바지,SP,514000,514000,467272,467272,141860,325412
ST,3.0,직영점(가두),차시즌의류,반팔티셔츠,RS,621000,616780,560706,560706,169780,390926
ST,3.0,직영점(가두),차시즌의류,방풍자켓,WJ,199000,199000,180909,180909,69410,111499
ST,3.0,직영점(가두),차시즌의류,스커트,SK,1000000,912250,829315,829315,278830,550485
ST,3.0,직영점(가두),차시즌의류,우븐셔츠,WS,159000,159000,144545,144545,44790,99755
ST,3.0,직영점(가두),차시즌의류,점퍼,JP,777000,777000,706362,706362,281640,424722
ST,3.0,직영점(가두),차시즌의류,트레이닝(상의),TR,1183000,1172660,1066056,1066056,302260,763796
ST,3.0,직영점(가두),차시즌의류,팬츠,PT,853000,721810,656184,656184,221660,434524
ST,3.0,직영점(가두),차시즌의류,폴로 티셔츠,PQ,595000,595000,540905,540905,124450,416455
ST,3.0,직영점(가두),차시즌의류,후드티,HD,360000,240000,218180,218180,86850,131330
ST,4.0,자사몰,Acc_etc,보호대,PR,115000,103300,93909,93909,14460,79449
ST,4.0,자사몰,Acc_etc,양말,SO,439900,429760,390690,390690,96610,294080
ST,4.0,자사몰,Acc_etc,헤드밴드,HB,58000,57980,52710,52710,12480,40230
ST,4.0,자사몰,Bag,라켓백,RB,0,-25900,-23546,-23546,0,-23546
ST,4.0,자사몰,Bag,백팩,BK,676000,673650,612408,612408,164500,447908
ST,4.0,자사몰,Bag,보스톤백,BW,896000,799400,726726,726726,200980,525746
ST,4.0,자사몰,Bag,크로스백,CR,158000,155410,141282,141282,45500,95782
ST,4.0,자사몰,Bag,토드백,TG,199000,179110,162827,162827,51500,111327
ST,4.0,자사몰,Headwear,비니,BN,59000,59000,53636,53636,11860,41776
ST,4.0,자사몰,Headwear,선캡,SC,974000,839330,763027,763027,204240,558787
ST,4.0,자사몰,Headwear,운동모,CP,1212000,1084040,985492,985492,236290,749202
ST,4.0,자사몰,Shoes,신발,SH,1791000,1638060,1489145,1489145,472300,1016845
ST,4.0,자사몰,과시즌의류,긴팔티셔츠,RL,89000,89000,80909,80909,11894,69015
ST,4.0,자사몰,과시즌의류,니트가디건,KC,-897000,-500420,-454927,-454927,-119872,-335055
ST,4.0,자사몰,과시즌의류,다운점퍼,DJ,838000,539870,490791,490791,111988,378803
ST,4.0,자사몰,과시즌의류,레깅스,LG,89000,80460,73145,73145,11894,61251
ST,4.0,자사몰,과시즌의류,맨투맨,MT,298000,227870,207154,207154,39824,167330
ST,4.0,자사몰,과시즌의류,방풍자켓,WJ,199000,199000,180909,180909,26594,154315
ST,4.0,자사몰,과시즌의류,브라,BR,89000,89000,80909,80909,24690,56219
ST,4.0,자사몰,과시즌의류,스커트,SK,278000,211400,192182,192182,61600,130582
ST,4.0,자사몰,과시즌의류,트레이닝(상의),TR,189000,94420,85836,85836,25258,60578
ST,4.0,자사몰,과시즌의류,팬츠,PT,1181000,884800,804361,804361,157825,646536
ST,4.0,자사몰,당시즌의류,니트가디건,KC,557000,535100,486455,486455,141770,344685
ST,4.0,자사몰,당시즌의류,니트풀오버,KP,358000,320200,291091,291091,116340,174751
ST,4.0,자사몰,당시즌의류,다운점퍼,DJ,299000,255070,231882,231882,99870,132012
ST,4.0,자사몰,당시즌의류,맨투맨,MT,2025000,1897650,1725136,1725136,485290,1239846
ST,4.0,자사몰,당시즌의류,반바지,SP,396000,387070,351882,351882,141670,210212
ST,4.0,자사몰,당시즌의류,반팔티셔츠,RS,507000,451260,410237,410237,96360,313877
ST,4.0,자사몰,당시즌의류,방풍자켓,WJ,299000,299000,271818,271818,79120,192698
ST,4.0,자사몰,당시즌의류,스커트,SK,795000,777460,706781,706781,129940,576841
ST,4.0,자사몰,당시즌의류,윈드티셔츠,WT,477000,491210,446555,446555,166710,279845
ST,4.0,자사몰,당시즌의류,트레이닝(상의),TR,338000,294390,267627,267627,76020,191607
ST,4.0,자사몰,당시즌의류,팬츠,PT,862000,760520,691383,691383,225650,465733
ST,4.0,자사몰,당시즌의류,폴로 티셔츠,PQ,139000,139000,126364,126364,28790,97574
ST,4.0,자사몰,차시즌의류,긴팔티셔츠,RL,198000,184560,167781,167781,33900,133881
ST,4.0,자사몰,차시즌의류,레깅스,LG,545000,505090,459173,459173,165100,294073
ST,4.0,자사몰,차시즌의류,맨투맨,MT,4470000,4122180,3747439,3747439,953310,2794129
ST,4.0,자사몰,차시즌의류,반바지,SP,1859000,1709990,1554535,1554535,430410,1124125
ST,4.0,자사몰,차시즌의류,반팔티셔츠,RS,897000,848630,771482,771482,228930,542552
ST,4.0,자사몰,차시즌의류,방풍자켓,WJ,1394000,1297460,1179507,1179507,399510,779997
ST,4.0,자사몰,차시즌의류,스커트,SK,2963000,2788180,2534705,2534705,816820,1717885
ST,4.0,자사몰,차시즌의류,점퍼,JP,1036000,939640,854218,854218,375190,479028
ST,4.0,자사몰,차시즌의류,트레이닝(상의),TR,1839000,1609280,1462982,1462982,493460,969522
ST,4.0,자사몰,차시즌의류,팬츠,PT,2539000,2299890,2090809,2090809,667670,1423139
ST,4.0,자사몰,차시즌의류,폴로 티셔츠,PQ,833000,771380,701256,701256,177650,523606
ST,4.0,자사몰,차시즌의류,후드티,HD,236000,212520,193200,193200,88830,104370
ST,5.0,제휴몰,Acc_etc,보호대,PR,25000,25000,22727,22727,3300,19427
ST,5.0,제휴몰,Acc_etc,양말,SO,665900,550400,500356,500356,108202,392154
ST,5.0,제휴몰,Acc_etc,헤드밴드,HB,183000,95500,86818,86818,20515,66303
ST,5.0,제휴몰,Bag,라켓백,RB,338000,169000,153636,153636,24583,129053
ST,5.0,제휴몰,Bag,백팩,BK,2109000,1711000,1555450,1555450,568540,986910
ST,5.0,제휴몰,Bag,보스톤백,BW,1235000,1131400,1028546,1028546,295410,733136
ST,5.0,제휴몰,Bag,토드백,TG,657000,368300,334817,334817,118537,216280
ST,5.0,제휴몰,Headwear,선캡,SC,413000,413000,375452,375452,85650,289802
ST,5.0,제휴몰,Headwear,운동모,CP,777000,749400,681268,681268,142210,539058
ST,5.0,제휴몰,Headwear,햇,HT,276000,82800,75271,75271,17565,57706
ST,5.0,제휴몰,Shoes,신발,SH,22277000,6941800,6310715,6310715,1644683,4666032
ST,5.0,제휴몰,과시즌의류,긴팔티셔츠,RL,1050000,538800,489819,489819,122112,367707
ST,5.0,제휴몰,과시즌의류,니트반팔티셔츠,KU,398000,199000,180908,180908,47037,133871
ST,5.0,제휴몰,과시즌의류,니트베스트,KV,0,0,0,0,0,0
ST,5.0,제휴몰,과시즌의류,니트풀오버,KP,1076000,430400,391272,391272,78256,313016
ST,5.0,제휴몰,과시즌의류,다운점퍼,DJ,2035000,1173100,1066453,1066453,220909,845544
ST,5.0,제휴몰,과시즌의류,레깅스,LG,812000,382300,347544,347544,98263,249281
ST,5.0,제휴몰,과시즌의류,맨투맨,MT,10948000,5359500,4872273,4872273,1181958,3690315
ST,5.0,제휴몰,과시즌의류,반바지,SP,2267000,1291700,1174269,1174269,423734,750535
ST,5.0,제휴몰,과시즌의류,반팔티셔츠,RS,3619000,1715100,1559177,1559177,420486,1138691
ST,5.0,제휴몰,과시즌의류,방풍자켓,WJ,3914000,1827300,1661179,1661179,448260,1212919
ST,5.0,제휴몰,과시즌의류,브라,BR,316000,94800,86180,86180,20110,66070
ST,5.0,제휴몰,과시즌의류,스커트,SK,4480000,2600500,2364084,2364084,740216,1623868
ST,5.0,제휴몰,과시즌의류,슬리브리스,SL,-39000,-43100,-39181,-39181,-25624,-13557
ST,5.0,제휴몰,과시즌의류,원피스,OP,2758000,1277400,1161272,1161272,321000,840272
ST,5.0,제휴몰,과시즌의류,점퍼,JP,1675000,697900,634455,634455,147184,487271
ST,5.0,제휴몰,과시즌의류,트레이닝(상의),TR,2952000,1302100,1183726,1183726,277493,906233
ST,5.0,제휴몰,과시즌의류,트레이닝(하의),TP,3216000,1286400,1169452,1169452,233892,935560
ST,5.0,제휴몰,과시즌의류,패딩,PD,597000,358200,325636,325636,79782,245854
ST,5.0,제휴몰,과시즌의류,팬츠,PT,7199000,3678800,3344352,3344352,830092,2514260
ST,5.0,제휴몰,과시즌의류,폴라폴리스점퍼,FD,-239000,-95600,-86909,-86909,-17382,-69527
ST,5.0,제휴몰,과시즌의류,폴로 티셔츠,PQ,5270000,2791400,2537633,2537633,711947,1825686
ST,5.0,제휴몰,과시즌의류,후드티,HD,725000,464800,422546,422546,117241,305305
ST,5.0,제휴몰,당시즌의류,니트가디건,KC,239000,239000,217272,217272,59220,158052
ST,5.0,제휴몰,당시즌의류,맨투맨,MT,804000,804000,730907,730907,181490,549417
ST,5.0,제휴몰,당시즌의류,반팔티셔츠,RS,78000,78000,70910,70910,14760,56150
ST,5.0,제휴몰,당시즌의류,스커트,SK,318000,318000,289091,289091,77150,211941
ST,5.0,제휴몰,당시즌의류,트레이닝(상의),TR,129000,129000,117273,117273,28640,88633
ST,5.0,제휴몰,당시즌의류,팬츠,PT,626000,626000,569089,569089,167380,401709
ST,5.0,제휴몰,당시즌의류,폴로 티셔츠,PQ,387000,387000,351819,351819,93010,258809
ST,5.0,제휴몰,차시즌의류,레깅스,LG,0,0,0,0,0,0
ST,5.0,제휴몰,차시즌의류,맨투맨,MT,1289000,1289000,1171815,1171815,264690,907125
ST,5.0,제휴몰,차시즌의류,반바지,SP,356000,356000,323636,323636,83140,240496
ST,5.0,제휴몰,차시즌의류,반팔티셔츠,RS,207000,207000,188181,188181,49330,138851
ST,5.0,제휴몰,차시즌의류,스커트,SK,1408000,1408000,1279997,1279997,406640,873357
ST,5.0,제휴몰,차시즌의류,점퍼,JP,259000,259000,235455,235455,93550,141905
ST,5.0,제휴몰,차시즌의류,트레이닝(상의),TR,338000,338000,307272,307272,86360,220912
ST,5.0,제휴몰,차시즌의류,팬츠,PT,496000,496000,450908,450908,109940,340968
ST,5.0,제휴몰,차시즌의류,폴로 티셔츠,PQ,238000,238000,216364,216364,47500,168864
ST,7.0,아울렛,Acc_etc,보호대,PR,25000,22500,20454,20454,3300,17154
ST,7.0,아울렛,Acc_etc,양말,SO,294300,266860,242602,242602,57930,184672
ST,7.0,아울렛,Acc_etc,헤드밴드,HB,29000,26100,23727,23727,6280,17447
ST,7.0,아울렛,Bag,라켓백,RB,139000,125100,113727,113727,38450,75277
ST,7.0,아울렛,Bag,토드백,TG,308000,205560,186872,186872,73970,112902
ST,7.0,아울렛,Headwear,선캡,SC,424000,296460,269509,269509,69316,200193
ST,7.0,아울렛,Headwear,운동모,CP,491000,355410,323101,323101,87590,235511
ST,7.0,아울렛,Shoes,신발,SH,617000,316440,287672,287672,108237,179435
ST,7.0,아울렛,과시즌의류,긴팔티셔츠,RL,930000,633380,575799,575799,146486,429313
ST,7.0,아울렛,과시즌의류,니트가디건,KC,239000,129060,117327,117327,31940,85387
ST,7.0,아울렛,과시즌의류,니트반팔티셔츠,KU,1672000,615870,559880,559880,141164,418716
ST,7.0,아울렛,과시즌의류,니트베스트,KV,179000,64440,58582,58582,21155,37427
ST,7.0,아울렛,과시즌의류,니트풀오버,KP,478000,258120,234654,234654,63880,170774
ST,7.0,아울렛,과시즌의류,다운베스트,DV,1166000,466380,423980,423980,100577,323403
ST,7.0,아울렛,과시즌의류,다운점퍼,DJ,21717000,9562200,8692896,8692896,1979168,6713728
ST,7.0,아울렛,과시즌의류,맨투맨,MT,10065000,4474390,4067615,4067615,1244230,2823385
ST,7.0,아울렛,과시즌의류,반바지,SP,2959000,1450460,1318598,1318598,484371,834227
ST,7.0,아울렛,과시즌의류,반팔티셔츠,RS,11593000,4579010,4162717,4162717,1177794,2984923
ST,7.0,아울렛,과시즌의류,방풍자켓,WJ,7676000,3872520,3520473,3520473,1354765,2165708
ST,7.0,아울렛,과시즌의류,브라,BR,178000,88110,80100,80100,22413,57687
ST,7.0,아울렛,과시즌의류,스커트,SK,4092000,2395440,2177670,2177670,764262,1413408
ST,7.0,아울렛,과시즌의류,슬리브리스,SL,198000,106920,97200,97200,52480,44720
ST,7.0,아울렛,과시즌의류,원피스,OP,1315000,491310,446643,446643,135988,310655
ST,7.0,아울렛,과시즌의류,점퍼,JP,1116000,502200,456544,456544,131891,324653
ST,7.0,아울렛,과시즌의류,트레이닝(상의),TR,4950000,2595150,2359226,2359226,857647,1501579
ST,7.0,아울렛,과시즌의류,트레이닝(하의),TP,387000,139320,126654,126654,28146,98508
ST,7.0,아울렛,과시즌의류,패딩,PD,4720000,2548800,2317086,2317086,630765,1686321
ST,7.0,아울렛,과시즌의류,팬츠,PT,10730000,5344180,4858334,4858334,1609153,3249181
ST,7.0,아울렛,과시즌의류,폴로 티셔츠,PQ,21657000,8706920,7915386,7915386,2375722,5539664
ST,7.0,아울렛,과시즌의류,후드티,HD,1013000,508590,462355,462355,135883,326472
ST,7.0,아울렛,당시즌의류,맨투맨,MT,179000,161100,146454,146454,34990,111464
ST,11.0,직영몰,Acc_etc,보호대,PR,50000,32500,29545,29545,4891,24654
ST,11.0,직영몰,Acc_etc,양말,SO,375700,343430,312212,312212,74880,237332
ST,11.0,직영몰,Acc_etc,헤드밴드,HB,58000,52200,47454,47454,12480,34974
ST,11.0,직영몰,Bag,라켓백,RB,179000,161100,146455,146455,45430,101025
ST,11.0,직영몰,Bag,백팩,BK,687000,618300,562092,562092,190080,372012
ST,11.0,직영몰,Bag,보스톤백,BW,1333000,1050470,954975,954975,309650,645325
ST,11.0,직영몰,Bag,토드백,TG,475000,367800,334365,334365,128290,206075
ST,11.0,직영몰,Headwear,비니,BN,59000,53100,48273,48273,11860,36413
ST,11.0,직영몰,Headwear,선캡,SC,187000,168300,153001,153001,36970,116031
ST,11.0,직영몰,Headwear,운동모,CP,929000,846500,769548,769548,177290,592258
ST,11.0,직영몰,Shoes,신발,SH,1750000,1455980,1323614,1323614,534109,789505
ST,11.0,직영몰,과시즌의류,긴팔티셔츠,RL,20000,23900,21727,21727,18060,3667
ST,11.0,직영몰,과시즌의류,니트가디건,KC,957000,574200,522000,522000,127891,394109
ST,11.0,직영몰,과시즌의류,다운베스트,DV,528000,263000,239091,239091,54176,184915
ST,11.0,직영몰,과시즌의류,다운점퍼,DJ,3042000,1258500,1144093,1144093,229704,914389
ST,11.0,직영몰,과시즌의류,맨투맨,MT,249000,111600,101455,101455,21763,79692
ST,11.0,직영몰,과시즌의류,반바지,SP,555000,398500,362272,362272,122119,240153
ST,11.0,직영몰,과시즌의류,반팔티셔츠,RS,326000,242000,220000,220000,66140,153860
ST,11.0,직영몰,과시즌의류,방풍자켓,WJ,1355000,693300,630273,630273,186860,443413
ST,11.0,직영몰,과시즌의류,스커트,SK,1212000,931800,847091,847091,301880,545211
ST,11.0,직영몰,과시즌의류,원피스,OP,418000,256800,233455,233455,81605,151850
ST,11.0,직영몰,과시즌의류,트레이닝(상의),TR,775000,655860,596236,596236,103569,492667
ST,11.0,직영몰,과시즌의류,팬츠,PT,1290000,1038850,944408,944408,169626,774782
ST,11.0,직영몰,과시즌의류,폴로 티셔츠,PQ,2371000,1444500,1313185,1313185,434068,879117
ST,11.0,직영몰,당시즌의류,니트가디건,KC,239000,215100,195545,195545,59220,136325
ST,11.0,직영몰,당시즌의류,니트풀오버,KP,358000,322200,292910,292910,104860,188050
ST,11.0,직영몰,당시즌의류,다운점퍼,DJ,-1436000,-1579600,-1436004,-1436004,-503790,-932214
ST,11.0,직영몰,당시즌의류,맨투맨,MT,1032000,928800,844364,844364,236220,608144
ST,11.0,직영몰,당시즌의류,반바지,SP,119000,107100,97364,97364,36110,61254
ST,11.0,직영몰,당시즌의류,방풍자켓,WJ,229000,206190,187445,187445,75990,111455
ST,11.0,직영몰,당시즌의류,스커트,SK,933000,821800,747089,747089,186610,560479
ST,11.0,직영몰,당시즌의류,트레이닝(상의),TR,-50000,-45000,-40910,-40910,-12460,-28450
ST,11.0,직영몰,당시즌의류,팬츠,PT,436000,403300,366637,366637,108130,258507
ST,11.0,직영몰,당시즌의류,폴로 티셔츠,PQ,1300000,1198800,1089820,1089820,263680,826140
ST,11.0,직영몰,차시즌의류,긴팔티셔츠,RL,99000,89270,81155,81155,16950,64205
ST,11.0,직영몰,차시즌의류,니트풀오버,KP,358000,322200,292910,292910,95620,197290
ST,11.0,직영몰,차시즌의류,맨투맨,MT,2113000,1901700,1728815,1728815,452820,1275995
ST,11.0,직영몰,차시즌의류,반바지,SP,1058000,952910,866281,866281,273100,593181
ST,11.0,직영몰,차시즌의류,반팔티셔츠,RS,621000,558900,508095,508095,157520,350575
ST,11.0,직영몰,차시즌의류,방풍자켓,WJ,239000,215100,195545,195545,66020,129525
ST,11.0,직영몰,차시즌의류,스커트,SK,4129000,3709440,3372213,3372213,1174420,2197793
ST,11.0,직영몰,차시즌의류,트레이닝(상의),TR,1859000,1250600,1136910,1136910,486540,650370
ST,11.0,직영몰,차시즌의류,팬츠,PT,992000,892800,811634,811634,222080,589554
ST,11.0,직영몰,차시즌의류,폴로 티셔츠,PQ,2618000,2391900,2174462,2174462,542450,1632012
ST,11.0,직영몰,차시즌의류,후드티,HD,778000,724720,658837,658837,203640,455197
ST,99.0,기타,Shoes,신발,SH,219000,59730,54298,54298,13937,40361
ST,99.0,기타,과시즌의류,스커트,SK,139000,126360,114877,114877,30800,84077
ST,99.0,기타,당시즌의류,폴로 티셔츠,PQ,278000,252720,229754,229754,58610,171144
V,1.0,백화점,Acc_etc,머플러(스카프),MF,920000,851000,773637,561200,167156,394044
V,1.0,백화점,Acc_etc,양말,SO,105000,63000,57272,42383,16469,25914
V,1.0,백화점,Acc_etc,장갑,AG,150000,150000,136364,98182,13874,84308
V,1.0,백화점,Acc_etc,토시,ML,300000,285000,259092,186546,53153,133393
V,1.0,백화점,Bag,백팩,BK,2530000,2262000,2056362,1515571,601384,914187
V,1.0,백화점,Bag,크로스백,CR,220000,187000,170000,122400,45539,76861
V,1.0,백화점,Bag,토드백,TG,6940000,6275000,5704544,4207862,1351173,2856689
V,1.0,백화점,Headwear,방한모,WM,450000,405000,368182,270000,73311,196689
V,1.0,백화점,Headwear,비니,BN,1210000,838800,762546,582825,269780,313045
V,1.0,백화점,Headwear,운동모,CP,750000,655000,595455,433319,125986,307333
V,1.0,백화점,Headwear,햇,HT,2510000,2227600,2025092,1504451,283915,1220536
V,1.0,백화점,Shoes,방한화,WB,5846000,5247290,4770270,3547274,1434484,2112790
V,1.0,백화점,과시즌의류,긴팔카라티셔츠,TL,230000,161000,146364,108309,33976,74333
V,1.0,백화점,과시즌의류,니트풀오버,KP,1230000,823100,748272,575846,235785,340061
V,1.0,백화점,과시즌의류,다운베스트,DV,1180000,423900,385364,331413,109871,221542
V,1.0,백화점,과시즌의류,다운점퍼,DJ,26410000,13898700,12635182,10264240,3750493,6513747
V,1.0,백화점,과시즌의류,반팔다운,DH,-790000,-497700,-452455,-389111,-145761,-243350
V,1.0,백화점,과시즌의류,소프트쉘,SS,1190000,833000,757272,549436,339570,209866
V,1.0,백화점,과시즌의류,팬츠,PT,1940000,1328410,1207636,901977,550540,351437
V,1.0,백화점,과시즌의류,후드티,HD,330000,148500,135000,116100,49739,66361
V,1.0,백화점,당시즌의류,긴팔티셔츠,RL,0,0,0,0,0,0
V,1.0,백화점,당시즌의류,니트가디건,KC,1560000,1404000,1276363,928553,251105,677448
V,1.0,백화점,당시즌의류,니트베스트,KV,490000,441000,400909,296673,120981,175692
V,1.0,백화점,당시즌의류,니트풀오버,KP,5030000,4558000,4143633,3129043,1326866,1802177
V,1.0,백화점,당시즌의류,다운베스트,DV,3450000,3105000,2822728,2078346,743302,1335044
V,1.0,백화점,당시즌의류,다운점퍼,DJ,497170000,446983990,406349083,298426547,92697006,205729541
V,1.0,백화점,당시즌의류,맨투맨,MT,1600000,1435000,1304545,977100,358306,618794
V,1.0,백화점,당시즌의류,반바지,SP,450000,405000,368182,268773,108374,160399
V,1.0,백화점,당시즌의류,반팔다운,DH,11490000,10232000,9301817,6906826,1808454,5098372
V,1.0,백화점,당시즌의류,방풍자켓,WJ,1090000,981000,891819,766964,195681,571283
V,1.0,백화점,당시즌의류,베스트,VT,1060000,954000,867272,624436,274802,349634
V,1.0,백화점,당시즌의류,스커트,SK,330000,297000,270000,197100,70170,126930
V,1.0,백화점,당시즌의류,집업티,ZT,1160000,1023000,930001,699492,273368,426124
V,1.0,백화점,당시즌의류,팬츠,PT,22170000,20000140,18181945,13472250,5880227,7592023
V,1.0,백화점,당시즌의류,후드티,HD,5430000,4887000,4442725,3237299,1356825,1880474
V,1.0,백화점,차시즌의류,니트가디건,KC,2310000,2079000,1890000,1385100,456610,928490
V,1.0,백화점,차시즌의류,니트풀오버,KP,250000,225000,204545,149318,59961,89357
V,1.0,백화점,차시즌의류,다운점퍼,DJ,67640000,61143000,55584546,40942427,13377023,27565404
V,1.0,백화점,차시즌의류,반팔다운,DH,62220000,55998000,50907270,37484349,9957040,27527309
V,1.0,백화점,차시즌의류,반팔티셔츠,RS,150000,135000,122727,90818,22429,68389
V,1.0,백화점,차시즌의류,방풍자켓,WJ,22850000,20574000,18703634,13745126,4179263,9565863
V,1.0,백화점,차시즌의류,스커트,SK,700000,630000,572728,429546,188980,240566
V,1.0,백화점,차시즌의류,패딩,PD,10690000,9621000,8746363,6360545,1550604,4809941
V,1.0,백화점,차시즌의류,팬츠,PT,7130000,6527000,5933639,4368066,1698609,2669457
V,1.0,백화점,차시즌의류,후드티,HD,1450000,1334000,1212727,887927,359810,528117
V,3.0,직영점(가두),Bag,토드백,TG,290000,290000,263636,263636,55450,208186
V,3.0,직영점(가두),Headwear,햇,HT,190000,190000,172727,172727,19884,152843
V,3.0,직영점(가두),Shoes,방한화,WB,1419000,1419000,1289995,1289995,375393,914602
V,3.0,직영점(가두),당시즌의류,니트풀오버,KP,390000,390000,354545,354545,117719,236826
V,3.0,직영점(가두),당시즌의류,다운점퍼,DJ,11800000,11800000,10727268,10727268,2240414,8486854
V,3.0,직영점(가두),당시즌의류,맨투맨,MT,390000,390000,354545,354545,78117,276428
V,3.0,직영점(가두),당시즌의류,반팔다운,DH,990000,990000,900000,900000,185963,714037
V,3.0,직영점(가두),당시즌의류,팬츠,PT,1670000,1670000,1518181,1518181,450895,1067286
V,3.0,직영점(가두),당시즌의류,후드티,HD,840000,840000,763635,763635,205767,557868
V,3.0,직영점(가두),차시즌의류,다운점퍼,DJ,890000,890000,809090,809090,216040,593050
V,3.0,직영점(가두),차시즌의류,방풍자켓,WJ,1580000,1580000,1436362,1436362,330440,1105922
V,3.0,직영점(가두),차시즌의류,팬츠,PT,910000,910000,827272,827272,195591,631681
V,4.0,자사몰,Acc_etc,머플러(스카프),MF,-330000,-237430,-215845,-215845,-86171,-129674
V,4.0,자사몰,Acc_etc,양말,SO,70000,42000,38181,38181,10764,27417
V,4.0,자사몰,Acc_etc,토시,ML,150000,119500,108636,108636,26576,82060
V,4.0,자사몰,Bag,백팩,BK,390000,313900,285364,285364,74161,211203
V,4.0,자사몰,Bag,토드백,TG,2390000,2211000,2009999,2009999,397235,1612764
V,4.0,자사몰,Headwear,비니,BN,210000,191000,173636,173636,60718,112918
V,4.0,자사몰,Headwear,운동모,CP,588000,348920,317200,317200,69914,247286
V,4.0,자사몰,Headwear,햇,HT,840000,532990,484535,484535,73224,411311
V,4.0,자사몰,Shoes,방한화,WB,1379000,1216550,1105952,1105952,339573,766379
V,4.0,자사몰,Shoes,신발,SH,279000,165400,150364,150364,72200,78164
V,4.0,자사몰,과시즌의류,긴팔티셔츠,RL,-20000,-4440,-4036,-4036,1882,-5918
V,4.0,자사몰,과시즌의류,니트풀오버,KP,520000,364000,330910,330910,126174,204736
V,4.0,자사몰,과시즌의류,다운점퍼,DJ,4860000,2551700,2319727,2319727,742634,1577093
V,4.0,자사몰,과시즌의류,레깅스,LG,360000,172000,156363,156363,55952,100411
V,4.0,자사몰,과시즌의류,맨투맨,MT,250000,159500,145000,145000,61601,83399
V,4.0,자사몰,과시즌의류,반바지,SP,980000,441040,400946,400946,152616,248330
V,4.0,자사몰,과시즌의류,반팔다운,DH,1980000,1243400,1130364,1130364,355253,775111
V,4.0,자사몰,과시즌의류,방수자켓,JK,2070000,966000,878182,878182,317896,560286
V,4.0,자사몰,과시즌의류,방풍자켓,WJ,1180000,845700,768819,768819,275128,493691
V,4.0,자사몰,과시즌의류,소프트쉘,SS,1290000,804240,731127,731127,315717,415410
V,4.0,자사몰,과시즌의류,스커트,SK,390000,210600,191455,191455,48437,143018
V,4.0,자사몰,과시즌의류,팬츠,PT,3910000,1938070,1761881,1761881,624506,1137375
V,4.0,자사몰,과시즌의류,후드티,HD,840000,377000,342727,342727,129331,213396
V,4.0,자사몰,당시즌의류,니트가디건,KC,780000,700000,636364,636364,120001,516363
V,4.0,자사몰,당시즌의류,니트풀오버,KP,990000,953000,866363,866363,184125,682238
V,4.0,자사몰,당시즌의류,다운점퍼,DJ,13080000,11878980,10799071,10799071,2304469,8494602
V,4.0,자사몰,당시즌의류,맨투맨,MT,500000,500000,454546,454546,120993,333553
V,4.0,자사몰,당시즌의류,반팔다운,DH,0,-30000,-27273,-27273,0,-27273
V,4.0,자사몰,당시즌의류,방풍자켓,WJ,430000,387000,351818,351818,115819,235999
V,4.0,자사몰,당시즌의류,우븐셔츠,WS,490000,490000,445455,445455,135381,310074
V,4.0,자사몰,당시즌의류,팬츠,PT,620000,628640,571491,571491,166583,404908
V,4.0,자사몰,당시즌의류,후드티,HD,1420000,1306340,1187583,1187583,395604,791979
V,4.0,자사몰,차시즌의류,니트가디건,KC,660000,608410,553100,553100,130460,422640
V,4.0,자사몰,차시즌의류,다운점퍼,DJ,7220000,6735680,6123346,6123346,1623578,4499768
V,4.0,자사몰,차시즌의류,반팔다운,DH,4360000,4249000,3862727,3862727,714898,3147829
V,4.0,자사몰,차시즌의류,반팔티셔츠,RS,320000,294990,268173,268173,49456,218717
V,4.0,자사몰,차시즌의류,방풍자켓,WJ,1780000,1680000,1527272,1527272,293469,1233803
V,4.0,자사몰,차시즌의류,팬츠,PT,250000,250000,227273,227273,59048,168225
V,4.0,자사몰,차시즌의류,후드티,HD,870000,865250,786590,786590,215886,570704
V,5.0,제휴몰,Acc_etc,머플러(스카프),MF,100000,100000,90909,90909,44382,46527
V,5.0,제휴몰,Acc_etc,양말,SO,725000,433000,393636,393636,108996,284640
V,5.0,제휴몰,Acc_etc,장갑,AG,1540000,1284000,1167274,1167274,179602,987672
V,5.0,제휴몰,Acc_etc,토시,ML,150000,150000,136364,136364,26576,109788
V,5.0,제휴몰,Bag,벨트백,TA,290000,116000,105455,105455,21091,84364
V,5.0,제휴몰,Bag,크로스백,CR,1180000,629000,571819,571819,181506,390313
V,5.0,제휴몰,Bag,토드백,TG,4630000,4514000,4103637,4103637,795689,3307948
V,5.0,제휴몰,Bag,힙색,HS,630000,252000,229091,229091,77809,151282
V,5.0,제휴몰,Headwear,방한모,WM,150000,150000,136364,136364,24437,111927
V,5.0,제휴몰,Headwear,비니,BN,480000,180000,163636,163636,20421,143215
V,5.0,제휴몰,Headwear,선캡,SC,70000,99000,90000,90000,25736,64264
V,5.0,제휴몰,Headwear,운동모,CP,1202000,696000,632727,632727,161591,471136
V,5.0,제휴몰,Headwear,햇,HT,1240000,820000,745453,745453,174673,570780
V,5.0,제휴몰,Shoes,뮬,MU,358000,214800,195272,195272,78800,116472
V,5.0,제휴몰,Shoes,방한화,WB,11767000,11223100,10202824,10202824,2802105,7400719
V,5.0,제휴몰,Shoes,신발,SH,7095000,4257000,3869998,3869998,1861400,2008598
V,5.0,제휴몰,과시즌의류,긴팔카라티셔츠,TL,230000,161000,146364,146364,33976,112388
V,5.0,제휴몰,과시즌의류,긴팔티셔츠,RL,570000,399000,362727,362727,71310,291417
V,5.0,제휴몰,과시즌의류,니트풀오버,KP,6410000,2724000,2476364,2476364,821937,1654427
V,5.0,제휴몰,과시즌의류,다운베스트,DV,13330000,6565000,5968179,5968179,1848110,4120069
V,5.0,제휴몰,과시즌의류,다운점퍼,DJ,32720000,16510000,15009090,15009090,4638509,10370581
V,5.0,제휴몰,과시즌의류,라운드티,RT,600000,180000,163637,163637,38182,125455
V,5.0,제휴몰,과시즌의류,레깅스,LG,190000,153000,139089,139089,53512,85577
V,5.0,제휴몰,과시즌의류,맨투맨,MT,7640000,4220000,3836368,3836368,1357460,2478908
V,5.0,제휴몰,과시즌의류,반바지,SP,3440000,1880000,1709090,1709090,609750,1099340
V,5.0,제휴몰,과시즌의류,반팔다운,DH,3950000,2765000,2513635,2513635,728805,1784830
V,5.0,제휴몰,과시즌의류,반팔카라티셔츠,TS,2638000,1595600,1450543,1450543,547922,902621
V,5.0,제휴몰,과시즌의류,반팔티셔츠,RS,5940000,3219000,2926369,2926369,922664,2003705
V,5.0,제휴몰,과시즌의류,방수자켓,JK,17650000,8825000,8022718,8022718,2781404,5241314
V,5.0,제휴몰,과시즌의류,방풍자켓,WJ,28270000,13251000,12046362,12046362,3420357,8626005
V,5.0,제휴몰,과시즌의류,브라,BR,220000,110000,100000,100000,27352,72648
V,5.0,제휴몰,과시즌의류,소프트쉘,SS,290000,188000,170909,170909,97154,73755
V,5.0,제휴몰,과시즌의류,스커트,SK,2050000,945000,859090,859090,274463,584627
V,5.0,제휴몰,과시즌의류,슬리브리스,SL,150000,105000,95455,95455,24926,70529
V,5.0,제휴몰,과시즌의류,우븐셔츠,WS,1470000,588000,534545,534545,182991,351554
V,5.0,제휴몰,과시즌의류,원피스,OP,1220000,791000,719091,719091,204791,514300
V,5.0,제휴몰,과시즌의류,집업티,ZT,2450000,1225000,1113637,1113637,366420,747217
V,5.0,제휴몰,과시즌의류,트레이닝 숏팬츠,TB,1170000,351000,319092,319092,74456,244636
V,5.0,제휴몰,과시즌의류,트레이닝(상의),TR,180000,72000,65455,65455,22278,43177
V,5.0,제휴몰,과시즌의류,트레이닝(하의),TP,1550000,581000,528184,528184,173189,354995
V,5.0,제휴몰,과시즌의류,패딩,PD,490000,245000,222727,222727,76074,146653
V,5.0,제휴몰,과시즌의류,팬츠,PT,8270000,3277000,2979094,2979094,768731,2210363
V,5.0,제휴몰,과시즌의류,후드티,HD,2710000,1103000,1002727,1002727,302366,700361
V,5.0,제휴몰,당시즌의류,니트가디건,KC,0,0,0,0,0,0
V,5.0,제휴몰,당시즌의류,니트베스트,KV,980000,980000,890910,890910,241962,648948
V,5.0,제휴몰,당시즌의류,니트풀오버,KP,190000,190000,172727,172727,-9322,182049
V,5.0,제휴몰,당시즌의류,다운베스트,DV,590000,590000,536364,536364,102742,433622
V,5.0,제휴몰,당시즌의류,다운점퍼,DJ,69280000,69280000,62981808,62981808,12561858,50419950
V,5.0,제휴몰,당시즌의류,맨투맨,MT,230000,230000,209091,209091,46640,162451
V,5.0,제휴몰,당시즌의류,반팔다운,DH,2080000,2080000,1890909,1890909,361766,1529143
V,5.0,제휴몰,당시즌의류,방풍자켓,WJ,790000,790000,718182,718182,177548,540634
V,5.0,제휴몰,당시즌의류,베스트,VT,530000,530000,481818,481818,137401,344417
V,5.0,제휴몰,당시즌의류,팬츠,PT,1070000,1070000,972727,972727,275944,696783
V,5.0,제휴몰,당시즌의류,후드티,HD,290000,290000,263636,263636,90593,173043
V,5.0,제휴몰,차시즌의류,니트가디건,KC,330000,330000,300000,300000,65230,234770
V,5.0,제휴몰,차시즌의류,다운점퍼,DJ,2670000,2670000,2427273,2427273,613822,1813451
V,5.0,제휴몰,차시즌의류,반팔다운,DH,9810000,9810000,8918181,8918181,1595742,7322439
V,5.0,제휴몰,차시즌의류,팬츠,PT,500000,500000,454546,454546,118096,336450
V,5.0,제휴몰,차시즌의류,후드티,HD,290000,290000,263636,263636,71962,191674
V,7.0,아울렛,Acc_etc,양말,SO,120000,66000,59999,59999,19007,40992
V,7.0,아울렛,Acc_etc,장갑,AG,0,-15000,-13637,-13637,0,-13637
V,7.0,아울렛,Bag,크로스백,CR,930000,611700,556090,556090,168173,387917
V,7.0,아울렛,Bag,토드백,TG,2480000,2232000,2029086,2029086,486629,1542457
V,7.0,아울렛,Bag,힙색,HS,190000,68400,62181,62181,23516,38665
V,7.0,아울렛,Headwear,비니,BN,680000,534000,485454,485454,162181,323273
V,7.0,아울렛,Headwear,운동모,CP,110000,39600,36000,36000,8000,28000
V,7.0,아울렛,Headwear,햇,HT,530000,347600,315999,315999,76163,239836
V,7.0,아울렛,Shoes,방한화,WB,508000,457200,415635,415635,111543,304092
V,7.0,아울렛,Shoes,신발,SH,4484000,1264000,1149088,1149088,1164600,-15512
V,7.0,아울렛,과시즌의류,긴팔카라티셔츠,TL,460000,289800,263454,263454,67953,195501
V,7.0,아울렛,과시즌의류,니트풀오버,KP,7480000,2760500,2509537,2509537,753187,1756350
V,7.0,아울렛,과시즌의류,다운베스트,DV,34470000,12588800,11444358,11444358,3702719,7741639
V,7.0,아울렛,과시즌의류,다운점퍼,DJ,466420000,186769590,169790466,169790466,52882904,116907562
V,7.0,아울렛,과시즌의류,맨투맨,MT,4250000,2355500,2141357,2141357,877454,1263903
V,7.0,아울렛,과시즌의류,반바지,SP,820000,298800,271636,271636,91505,180131
V,7.0,아울렛,과시즌의류,반팔다운,DH,7490000,3640500,3309544,3309544,981917,2327627
V,7.0,아울렛,과시즌의류,반팔티셔츠,RS,650000,299000,271819,271819,100687,171132
V,7.0,아울렛,과시즌의류,방수자켓,JK,12030000,5374000,4885449,4885449,1906463,2978986
V,7.0,아울렛,과시즌의류,방풍자켓,WJ,28430000,12167000,11060892,11060892,3882977,7177915
V,7.0,아울렛,과시즌의류,소프트쉘,SS,16040000,7719990,7018162,7018162,2826257,4191905
V,7.0,아울렛,과시즌의류,스커트,SK,1550000,418500,380455,380455,112728,267727
V,7.0,아울렛,과시즌의류,집업티,ZT,1200000,540000,490909,490909,180165,310744
V,7.0,아울렛,과시즌의류,트레이닝 숏팬츠,TB,750000,202500,184091,184091,47728,136363
V,7.0,아울렛,과시즌의류,트레이닝(상의),TR,720000,288900,262636,262636,88906,173730
V,7.0,아울렛,과시즌의류,트레이닝(하의),TP,830000,321300,292091,292091,103542,188549
V,7.0,아울렛,과시즌의류,패딩,PD,8730000,3897400,3543088,3543088,1327249,2215839
V,7.0,아울렛,과시즌의류,팬츠,PT,5370000,2690100,2445543,2445543,1011839,1433704
V,7.0,아울렛,과시즌의류,후드티,HD,560000,280000,254545,254545,86222,168323
V,7.0,아울렛,당시즌의류,니트풀오버,KP,350000,315000,286363,286363,50966,235397
V,7.0,아울렛,당시즌의류,다운베스트,DV,-690000,-621000,-564545,-564545,-152826,-411719
V,7.0,아울렛,당시즌의류,다운점퍼,DJ,55380000,49745900,45223533,45223533,9566846,35656687
V,7.0,아울렛,당시즌의류,반팔다운,DH,1090000,981000,891818,891818,182530,709288
V,7.0,아울렛,당시즌의류,방풍자켓,WJ,1090000,981000,891818,891818,195681,696137
V,7.0,아울렛,당시즌의류,베스트,VT,530000,530000,481818,481818,137401,344417
V,7.0,아울렛,당시즌의류,집업티,ZT,0,-50000,-45454,-45454,0,-45454
V,7.0,아울렛,차시즌의류,다운점퍼,DJ,5440000,4985000,4531816,4531816,1221385,3310431
V,7.0,아울렛,차시즌의류,반팔다운,DH,3270000,2943000,2675454,2675454,536172,2139282
V,11.0,직영몰,Acc_etc,머플러(스카프),MF,230000,207000,188182,188182,41789,146393
V,11.0,직영몰,Acc_etc,토시,ML,150000,135000,122727,122727,26576,96151
V,11.0,직영몰,Bag,크로스백,CR,290000,261000,237273,237273,53117,184156
V,11.0,직영몰,Bag,토드백,TG,2310000,2079000,1890002,1890002,423239,1466763
V,11.0,직영몰,Headwear,운동모,CP,150000,135000,122727,122727,28930,93797
V,11.0,직영몰,Headwear,햇,HT,210000,189000,171818,171818,28608,143210
V,11.0,직영몰,Shoes,방한화,WB,908000,817200,742908,742908,223516,519392
V,11.0,직영몰,과시즌의류,반팔티셔츠,RS,150000,75000,68182,68182,23047,45135
V,11.0,직영몰,과시즌의류,트레이닝(상의),TR,280000,112000,101818,101818,34672,67146
V,11.0,직영몰,당시즌의류,니트풀오버,KP,1320000,1223000,1111818,1111818,224540,887278
V,11.0,직영몰,당시즌의류,다운점퍼,DJ,72550000,65178900,59253556,59253556,13125890,46127666
V,11.0,직영몰,당시즌의류,맨투맨,MT,390000,351000,319091,319091,78117,240974
V,11.0,직영몰,당시즌의류,반팔다운,DH,1980000,1782000,1620000,1620000,371927,1248073
V,11.0,직영몰,당시즌의류,방풍자켓,WJ,1090000,981000,891818,891818,180588,711230
V,11.0,직영몰,당시즌의류,베스트,VT,530000,477000,433636,433636,137401,296235
V,11.0,직영몰,당시즌의류,팬츠,PT,1340000,1206000,1096364,1096364,370222,726142
V,11.0,직영몰,당시즌의류,후드티,HD,840000,756000,687273,687273,205767,481506
V,11.0,직영몰,차시즌의류,다운점퍼,DJ,24700000,22230000,20209099,20209099,4119071,16090028
V,11.0,직영몰,차시즌의류,반팔다운,DH,5450000,4905000,4459090,4459090,893622,3565468
V,11.0,직영몰,차시즌의류,방풍자켓,WJ,6470000,5823000,5293636,5293636,1183633,4110003
V,11.0,직영몰,차시즌의류,팬츠,PT,720000,648000,589091,589091,182006,407085
V,99.0,기타,Acc_etc,다운 스카프,DC,0,0,0,0,0,0
V,99.0,기타,Acc_etc,머플러(스카프),MF,0,0,0,0,0,0
V,99.0,기타,Acc_etc,토시,ML,0,0,0,0,0,0
V,99.0,기타,Bag,가방,BG,0,0,0,0,0,0
V,99.0,기타,Headwear,비니,BN,0,0,0,0,0,0
V,99.0,기타,Headwear,운동모,CP,0,0,0,0,0,0
V,99.0,기타,Headwear,햇,HT,150000,136360,123968,123968,22697,101271
V,99.0,기타,Shoes,방한화,WB,0,0,0,0,0,0
V,99.0,기타,Shoes,신발,SH,279000,152180,138348,138348,72200,66148
V,99.0,기타,과시즌의류,니트풀오버,KP,0,0,0,0,0,0
V,99.0,기타,과시즌의류,다운점퍼,DJ,1290000,703640,639670,639670,193707,445963
V,99.0,기타,과시즌의류,방풍자켓,WJ,0,0,0,0,0,0
V,99.0,기타,당시즌의류,니트가디건,KC,0,0,0,0,0,0
V,99.0,기타,당시즌의류,니트풀오버,KP,0,0,0,0,0,0
V,99.0,기타,당시즌의류,다운점퍼,DJ,0,0,0,0,0,0
V,99.0,기타,당시즌의류,방풍자켓,WJ,0,0,0,0,0,0
V,99.0,기타,차시즌의류,다운점퍼,DJ,0,0,0,0,0,0
V,99.0,기타,차시즌의류,반팔다운,DH,0,0,0,0,0,0
V,99.0,기타,차시즌의류,패딩,PD,0,0,0,0,0,0
W,4.0,자사몰,Acc_etc,양말,SO,85000,41060,37328,37328,11360,25968
W,4.0,자사몰,Bag,가방,BG,1910000,299300,272091,272091,609179,-337088
W,4.0,자사몰,Bag,백팩,BK,278000,79200,72000,72000,73440,-1440
W,4.0,자사몰,Bag,보스톤백,BW,189000,44100,40091,40091,55570,-15479
W,4.0,자사몰,Bag,크로스백,CR,394000,143500,130452,130452,105620,24832
W,4.0,자사몰,Headwear,비니,BN,277000,72200,65637,65637,42680,22957
W,4.0,자사몰,Headwear,선캡,SC,49000,17100,15545,15545,9910,5635
W,4.0,자사몰,Headwear,운동모,CP,5059000,1254700,1140631,1140631,1059460,81171
W,4.0,자사몰,Headwear,햇,HT,542000,212400,193091,193091,131620,61471
W,4.0,자사몰,Shoes,슬리퍼,LP,79000,19000,17273,17273,5028,12245
W,4.0,자사몰,Shoes,신발,SH,5223000,1327000,1206363,1206363,822100,384263
W,4.0,자사몰,과시즌의류,긴팔티셔츠,RL,910000,231300,210275,210275,70948,139327
W,4.0,자사몰,과시즌의류,다운점퍼,DJ,1336000,501300,455727,455727,178539,277188
W,4.0,자사몰,과시즌의류,맨투맨,MT,9659000,2064500,1876815,1876815,859564,1017251
W,4.0,자사몰,과시즌의류,반바지,SP,426000,99300,90272,90272,27110,63162
W,4.0,자사몰,과시즌의류,반팔티셔츠,RS,2814000,969178,896172,896172,409171,487001
W,4.0,자사몰,과시즌의류,방풍자켓,WJ,5126000,1575700,1432456,1432456,1381949,50507
W,4.0,자사몰,과시즌의류,소프트쉘,SS,199000,79000,71818,71818,26594,45224
W,4.0,자사몰,과시즌의류,스커트,SK,447000,171100,155545,155545,137030,18515
W,4.0,자사몰,과시즌의류,우븐반바지,SM,839000,261340,237580,237580,237962,-382
W,4.0,자사몰,과시즌의류,우븐팬츠,WP,1241000,415700,377910,377910,266716,111194
W,4.0,자사몰,과시즌의류,점퍼,JP,8309000,1594600,1449634,1449634,732211,717423
W,4.0,자사몰,과시즌의류,진바지,DP,159000,35100,31909,31909,18791,13118
W,4.0,자사몰,과시즌의류,탱크탑,TK,119000,19000,17273,17273,2164,15109
W,4.0,자사몰,과시즌의류,트레이닝 숏팬츠,TB,763000,125400,113999,113999,6937,107062
W,4.0,자사몰,과시즌의류,트레이닝(상의),TR,1253000,203300,184819,184819,99265,85554
W,4.0,자사몰,과시즌의류,트레이닝(하의),TP,676000,95400,86726,86726,36865,49861
W,4.0,자사몰,과시즌의류,패딩,PD,438000,160200,145636,145636,166900,-21264
W,4.0,자사몰,과시즌의류,팬츠,PT,5778000,1335900,1214455,1214455,534916,679539
W,4.0,자사몰,과시즌의류,폴라폴리스점퍼,FD,259000,59000,53636,53636,18837,34799
W,4.0,자사몰,과시즌의류,폴로 티셔츠,PQ,327000,74100,67364,67364,38646,28718
W,4.0,자사몰,과시즌의류,후드티,HD,3612000,1163700,1057912,1057912,595221,462691
W,4.0,자사몰,당시즌의류,반팔티셔츠,RS,49000,19000,17273,17273,10730,6543
W,5.0,제휴몰,Acc_etc,양말,SO,68000,36000,32728,32728,9088,23640
W,5.0,제휴몰,Bag,가방,BG,1009000,199000,180912,180912,309147,-128235
W,5.0,제휴몰,Bag,백팩,BK,1480000,530000,481814,481814,382530,99284
W,5.0,제휴몰,Bag,크로스백,CR,99000,29000,26364,26364,27780,-1416
W,5.0,제휴몰,Bag,토드백,TG,119000,29000,26364,26364,34140,-7776
W,5.0,제휴몰,Headwear,운동모,CP,1470000,316000,287278,287278,291692,-4414
W,5.0,제휴몰,Headwear,햇,HT,434000,94000,85456,85456,81464,3992
W,5.0,제휴몰,Shoes,방한화,WB,129000,29000,26364,26364,9382,16982
W,5.0,제휴몰,Shoes,신발,SH,5182000,1512000,1374535,1374535,1009265,365270
W,5.0,제휴몰,과시즌의류,긴팔티셔츠,RL,267000,57000,51819,51819,16005,35814
W,5.0,제휴몰,과시즌의류,다운점퍼,DJ,3758000,1188000,1080001,1080001,408651,671350
W,5.0,제휴몰,과시즌의류,레깅스,LG,158000,18000,16364,16364,1437,14927
W,5.0,제휴몰,과시즌의류,맨투맨,MT,2539000,499000,453642,453642,218451,235191
W,5.0,제휴몰,과시즌의류,반바지,SP,397000,97000,88183,88183,25265,62918
W,5.0,제휴몰,과시즌의류,반팔티셔츠,RS,1439000,535000,486370,486370,227972,258398
W,5.0,제휴몰,과시즌의류,방풍자켓,WJ,3046000,1066000,969088,969088,846294,122794
W,5.0,제휴몰,과시즌의류,소프트쉘,SS,597000,237000,215454,215454,79782,135672
W,5.0,제휴몰,과시즌의류,우븐반바지,SM,543000,203000,184548,184548,216770,-32222
W,5.0,제휴몰,과시즌의류,우븐팬츠,WP,904000,314000,285454,285454,129074,156380
W,5.0,제휴몰,과시즌의류,점퍼,JP,1195000,275000,250000,250000,84020,165980
W,5.0,제휴몰,과시즌의류,진바지,DP,159000,39000,35455,35455,18791,16664
W,5.0,제휴몰,과시즌의류,탱크탑,TK,297000,27000,24546,24546,5400,19146
W,5.0,제휴몰,과시즌의류,트레이닝(상의),TR,2148000,438000,398187,398187,172494,225693
W,5.0,제휴몰,과시즌의류,트레이닝(하의),TP,1570000,330000,300004,300004,111302,188702
W,5.0,제휴몰,과시즌의류,패딩,PD,1095000,445000,404545,404545,417250,-12705
W,5.0,제휴몰,과시즌의류,팬츠,PT,2384000,604000,549097,549097,309970,239127
W,5.0,제휴몰,과시즌의류,폴라폴리스점퍼,FD,259000,59000,53636,53636,18837,34799
W,5.0,제휴몰,과시즌의류,후드티,HD,2214000,684000,621817,621817,547142,74675
W,99.0,기타,과시즌의류,다운점퍼,DJ,329000,117270,106612,106612,43967,62645
W,99.0,기타,과시즌의류,팬츠,PT,159000,35460,32232,32232,11564,20668
X,1.0,백화점,Acc_etc,기타소품류,AC,3833000,2519700,2290609,1521229,764729,756500
X,1.0,백화점,Acc_etc,다운 스카프,DC,10000000,7042020,6401911,4218777,2030670,2188107
X,1.0,백화점,Acc_etc,마스크,MK,411000,287740,261548,171151,97541,73610
X,1.0,백화점,Acc_etc,멀티스카프,MS,854000,522160,474703,320782,169146,151636
X,1.0,백화점,Acc_etc,양말,SO,2860400,2477990,2252688,1477611,663289,814322
X,1.0,백화점,Acc_etc,장갑,GL,4967000,3615600,3286941,2221304,1196966,1024338
X,1.0,백화점,Acc_etc,토시,ML,25000,17500,15909,10182,4134,6048
X,1.0,백화점,Bag,가방,BG,22850000,12396660,11269691,7787781,5258470,2529311
X,1.0,백화점,Bag,메신저백,MR,29629000,21621950,19656288,12906834,6599179,6307655
X,1.0,백화점,Bag,바디백,BZ,614000,614000,558182,367936,145098,222838
X,1.0,백화점,Bag,백팩,BK,1400625000,1197061890,1088237210,709134611,328222680,380911931
X,1.0,백화점,Bag,보스톤백,BW,1178000,562330,511183,370800,259600,111200
X,1.0,백화점,Bag,슬링백,SG,17996000,13015280,11832038,7880030,3903323,3976707
X,1.0,백화점,Bag,크로스백,CR,40788000,24455030,22231805,14901137,8692567,6208570
X,1.0,백화점,Bag,토드백,TG,25934000,15796280,14360308,9304944,5839293,3465651
X,1.0,백화점,Bag,힙색,HS,1301000,878150,798316,537928,281255,256673
X,1.0,백화점,Headwear,메시캡,MC,339000,329660,299681,208444,78870,129574
X,1.0,백화점,Headwear,방한모,WM,3268000,2918820,2653481,1749494,689113,1060381
X,1.0,백화점,Headwear,비니,BN,12611000,8389440,7626742,5152016,2468882,2683134
X,1.0,백화점,Headwear,운동모,CP,19496000,15154010,13776270,9185531,3759209,5426322
X,1.0,백화점,Headwear,햇,HT,2888000,1472790,1338899,940198,602736,337462
X,1.0,백화점,Shoes,슬리퍼,LP,24613000,21738740,19762300,13041707,6291270,6750437
X,1.0,백화점,Shoes,신발,SH,532294000,390728800,355208203,232875620,113491424,119384196
X,1.0,백화점,과시즌의류,긴팔카라티셔츠,TL,2211000,1249200,1135635,847518,312139,535379
X,1.0,백화점,과시즌의류,긴팔티셔츠,RL,3599000,1997210,1815630,1330691,534474,796217
X,1.0,백화점,과시즌의류,다운베스트,DV,18466000,10840580,9855059,7385162,2684875,4700287
X,1.0,백화점,과시즌의류,다운점퍼,DJ,2124237000,1061006040,964549900,658021888,307370689,350651199
X,1.0,백화점,과시즌의류,레깅스,LG,6681000,2672400,2429460,1802058,977754,824304
X,1.0,백화점,과시즌의류,맨투맨,MT,47274000,27661490,25146810,18415476,7535365,10880111
X,1.0,백화점,과시즌의류,반바지,SP,1088000,652800,593455,443744,191317,252427
X,1.0,백화점,과시즌의류,반팔카라티셔츠,TS,763000,457800,416179,316890,122609,194281
X,1.0,백화점,과시즌의류,반팔티셔츠,RS,12995000,8965320,8150333,6094963,2532520,3562443
X,1.0,백화점,과시즌의류,방풍자켓,WJ,63838000,26061550,23692143,17320389,9212542,8107847
X,1.0,백화점,과시즌의류,브라,BR,314000,188400,171273,123206,95966,27240
X,1.0,백화점,과시즌의류,상하의 세트,AZ,10057000,6034270,5485698,3839966,2414880,1425086
X,1.0,백화점,과시즌의류,소프트쉘,SS,60790000,28383640,25803228,18328760,8858286,9470474
X,1.0,백화점,과시즌의류,스커트,SK,2678000,1220040,1109177,828082,392868,435214
X,1.0,백화점,과시즌의류,원피스,OP,13597000,5464610,4967852,3675701,1991541,1684160
X,1.0,백화점,과시즌의류,집업티,ZT,925000,478310,434815,289098,139502,149596
X,1.0,백화점,과시즌의류,트레이닝 숏팬츠,TB,1461000,1022660,929720,674452,314002,360450
X,1.0,백화점,과시즌의류,트레이닝(상의),TR,316216000,139675220,126977362,91140354,47979173,43161181
X,1.0,백화점,과시즌의류,트레이닝(하의),TP,171046000,78546270,71405577,51573208,25507485,26065723
X,1.0,백화점,과시즌의류,패딩,PD,13298000,9006040,8187267,6308670,2583501,3725169
X,1.0,백화점,과시즌의류,팬츠,PT,47551000,23947740,21770903,15721807,6996326,8725481
X,1.0,백화점,과시즌의류,후드티,HD,30022000,15872070,14429138,10808434,4927800,5880634
X,1.0,백화점,당시즌의류,긴팔카라티셔츠,TL,1696000,1464070,1330973,928254,277153,651101
X,1.0,백화점,당시즌의류,긴팔티셔츠,RL,7162000,5682170,5165608,3482438,1337057,2145381
X,1.0,백화점,당시즌의류,다운베스트,DV,43238000,39820240,36200270,23963375,10038450,13924925
X,1.0,백화점,당시즌의류,다운점퍼,DJ,1925328000,1642416870,1493105657,983646184,515404509,468241675
X,1.0,백화점,당시즌의류,레깅스,LG,278000,194620,176909,115443,69052,46391
X,1.0,백화점,당시즌의류,맨투맨,MT,37617000,28983230,26348516,17504575,8824983,8679592
X,1.0,백화점,당시즌의류,반팔티셔츠,RS,413000,413000,375452,242973,86646,156327
X,1.0,백화점,당시즌의류,방풍자켓,WJ,9231000,6653860,6048973,4160931,2338964,1821967
X,1.0,백화점,당시즌의류,상하의 세트,AZ,6849000,5467610,4970556,3200317,1564423,1635894
X,1.0,백화점,당시즌의류,소프트쉘,SS,49204000,44312700,40284252,26768325,10919688,15848637
X,1.0,백화점,당시즌의류,스커트,SK,1122000,826090,751001,515265,251606,263659
X,1.0,백화점,당시즌의류,원피스,OP,417000,291900,265363,171920,88009,83911
X,1.0,백화점,당시즌의류,점퍼,JP,1836000,1285200,1168364,934692,435050,499642
X,1.0,백화점,당시즌의류,집업티,ZT,7298000,5108650,4644182,3111821,1492621,1619200
X,1.0,백화점,당시즌의류,트레이닝(상의),TR,33612000,27252160,24774694,16282717,7585313,8697404
X,1.0,백화점,당시즌의류,트레이닝(하의),TP,35519000,29030610,26391401,17437332,7670484,9766848
X,1.0,백화점,당시즌의류,패딩,PD,17878000,12514490,11376910,7517027,5096273,2420754
X,1.0,백화점,당시즌의류,팬츠,PT,13179000,11367130,10333759,6959112,2910090,4049022
X,1.0,백화점,당시즌의류,후드티,HD,17576000,13389840,12172503,8021086,4346056,3675030
X,1.0,백화점,차시즌의류,긴팔티셔츠,RL,13703000,13427660,12206955,8073541,2963587,5109954
X,1.0,백화점,차시즌의류,레깅스,LG,65000,65000,59091,38409,17183,21226
X,1.0,백화점,차시즌의류,맨투맨,MT,35330000,34665270,31513865,20795116,8596205,12198911
X,1.0,백화점,차시즌의류,반팔티셔츠,RS,17580000,17310350,15736676,10371979,4009505,6362474
X,1.0,백화점,차시즌의류,방풍자켓,WJ,67905000,65829990,59845446,39090947,16174918,22916029
X,1.0,백화점,차시즌의류,상하의 세트,AZ,19666000,19297200,17542891,11302376,5753899,5548477
X,1.0,백화점,차시즌의류,소프트쉘,SS,954000,927000,842728,544973,187998,356975
X,1.0,백화점,차시즌의류,트레이닝 숏팬츠,TB,1817000,1795500,1632271,1071369,463273,608096
X,1.0,백화점,차시즌의류,트레이닝(상의),TR,45258000,44242190,40220146,26394371,10547566,15846805
X,1.0,백화점,차시즌의류,트레이닝(하의),TP,44335000,43458890,39508044,26011062,9685246,16325816
X,1.0,백화점,차시즌의류,패딩,PD,87434000,84380060,76709091,49927278,22259144,27668134
X,1.0,백화점,차시즌의류,팬츠,PT,19916000,19454650,17686019,11562980,4486262,7076718
X,1.0,백화점,차시즌의류,후드티,HD,9562000,9441190,8582889,5615283,2639057,2976226
X,2.0,면세점,Acc_etc,기타소품류,AC,927000,414910,377186,226307,214397,11910
X,2.0,면세점,Acc_etc,다운 스카프,DC,973000,515800,468907,281347,233239,48108
X,2.0,면세점,Acc_etc,장갑,GL,249000,141000,128179,76908,56710,20198
X,2.0,면세점,Bag,가방,BG,318000,159000,144546,86728,72896,13832
X,2.0,면세점,Bag,메신저백,MR,119000,71400,64909,38945,23936,15009
X,2.0,면세점,Bag,백팩,BK,278154000,275094890,250086291,150051479,65399074,84652405
X,2.0,면세점,Bag,보스톤백,BW,287000,152400,138545,83127,62668,20459
X,2.0,면세점,Bag,슬링백,SG,1019000,775700,705185,423110,217473,205637
X,2.0,면세점,Bag,크로스백,CR,8487000,5106650,4642409,2785449,1793091,992358
X,2.0,면세점,Bag,토드백,TG,198000,79200,72000,43200,42627,573
X,2.0,면세점,Bag,힙색,HS,79000,47400,43090,25854,17624,8230
X,2.0,면세점,Headwear,비니,BN,1139000,1067300,970283,582169,240519,341650
X,2.0,면세점,Headwear,운동모,CP,5065000,4386160,3987418,2392440,984211,1408229
X,2.0,면세점,Headwear,햇,HT,65000,39000,35455,21273,14429,6844
X,2.0,면세점,Shoes,슬리퍼,LP,8735000,8735090,7941007,4764589,2243679,2520910
X,2.0,면세점,Shoes,신발,SH,92871000,79895230,72631810,43579077,19547094,24031983
X,2.0,면세점,당시즌의류,긴팔티셔츠,RL,12342000,8701430,7910388,4746215,2075783,2670432
X,2.0,면세점,당시즌의류,다운베스트,DV,3997000,3710200,3372911,2023745,910230,1113515
X,2.0,면세점,당시즌의류,다운점퍼,DJ,582290000,495458970,450417088,270250205,165561503,104688702
X,2.0,면세점,당시즌의류,레깅스,LG,297000,207900,189000,113400,79981,33419
X,2.0,면세점,당시즌의류,맨투맨,MT,22939000,16925760,15387036,9232239,4952486,4279753
X,2.0,면세점,당시즌의류,방풍자켓,WJ,29952000,22070690,20064229,12038550,7791881,4246669
X,2.0,면세점,당시즌의류,소프트쉘,SS,51131000,40148670,36498785,21899299,11009456,10889843
X,2.0,면세점,당시즌의류,스커트,SK,913000,639100,580995,348597,179503,169094
X,2.0,면세점,당시즌의류,점퍼,JP,2634000,1843800,1676178,1005708,736863,268845
X,2.0,면세점,당시즌의류,집업티,ZT,34738000,24316350,22105767,13263458,7077989,6185469
X,2.0,면세점,당시즌의류,트레이닝(상의),TR,7684000,5530600,5027798,3016677,1677975,1338702
X,2.0,면세점,당시즌의류,트레이닝(하의),TP,10244000,7301580,6637794,3982662,2150658,1832004
X,2.0,면세점,당시즌의류,패딩,PD,17589000,12312320,11193029,6715818,5014214,1701604
X,2.0,면세점,당시즌의류,팬츠,PT,11721000,8502590,7729621,4637787,3050504,1587283
X,2.0,면세점,당시즌의류,후드티,HD,27788000,19647770,17861586,10716932,5768584,4948348
X,2.0,면세점,차시즌의류,긴팔티셔츠,RL,1062000,1062000,965466,579276,240700,338576
X,2.0,면세점,차시즌의류,맨투맨,MT,870000,870000,790908,474542,204440,270102
X,2.0,면세점,차시즌의류,반팔티셔츠,RS,2553000,2553000,2320903,1392522,639616,752906
X,2.0,면세점,차시즌의류,방풍자켓,WJ,5286000,5286000,4805454,2883271,1258273,1624998
X,2.0,면세점,차시즌의류,트레이닝 숏팬츠,TB,79000,79000,71818,43091,20142,22949
X,2.0,면세점,차시즌의류,트레이닝(상의),TR,1657000,1657000,1506366,903818,365172,538646
X,2.0,면세점,차시즌의류,트레이닝(하의),TP,1031000,1031000,937270,562361,224324,338037
X,2.0,면세점,차시즌의류,패딩,PD,1524000,1524000,1385456,831274,370854,460420
X,2.0,면세점,차시즌의류,후드티,HD,89000,89000,80909,48545,25759,22786
X,3.0,직영점(가두),Acc_etc,기타소품류,AC,195000,183300,166634,166634,40175,126459
X,3.0,직영점(가두),Acc_etc,다운 스카프,DC,922000,922000,838176,838176,132778,705398
X,3.0,직영점(가두),Acc_etc,마스크,MK,127000,88900,80817,80817,29482,51335
X,3.0,직영점(가두),Acc_etc,멀티스카프,MS,39000,39000,35455,35455,8177,27278
X,3.0,직영점(가두),Acc_etc,양말,SO,184000,165400,150360,150360,36806,113554
X,3.0,직영점(가두),Acc_etc,장갑,GL,1223000,1223000,1111814,1111814,297881,813933
X,3.0,직영점(가두),Acc_etc,토시,ML,25000,17500,15909,15909,5164,10745
X,3.0,직영점(가두),Bag,가방,BG,495000,495000,450000,450000,104856,345144
X,3.0,직영점(가두),Bag,백팩,BK,8667000,8506900,7733524,7733524,2058385,5675139
X,3.0,직영점(가두),Bag,슬링백,SG,525000,495300,450270,450270,112118,338152
X,3.0,직영점(가두),Bag,크로스백,CR,1437000,1225200,1113812,1113812,318581,795231
X,3.0,직영점(가두),Bag,힙색,HS,138000,96600,87818,87818,29719,58099
X,3.0,직영점(가두),Headwear,메시캡,MC,49000,49000,44545,44545,11298,33247
X,3.0,직영점(가두),Headwear,방한모,WM,1497000,1420500,1291350,1291350,311695,979655
X,3.0,직영점(가두),Headwear,비니,BN,2514000,2245600,2041429,2041429,534455,1506974
X,3.0,직영점(가두),Headwear,운동모,CP,1650000,1555500,1414080,1414080,328633,1085447
X,3.0,직영점(가두),Shoes,슬리퍼,LP,313000,313000,284544,284544,83394,201150
X,3.0,직영점(가두),Shoes,신발,SH,12796000,11820000,10745403,10745403,2818637,7926766
X,3.0,직영점(가두),과시즌의류,다운점퍼,DJ,748000,448800,407999,407999,107832,300167
X,3.0,직영점(가두),당시즌의류,긴팔티셔츠,RL,138000,96600,87818,87818,28564,59254
X,3.0,직영점(가두),당시즌의류,다운베스트,DV,2396000,2396000,2178178,2178178,548963,1629215
X,3.0,직영점(가두),당시즌의류,다운점퍼,DJ,184226000,164982280,149983723,149983723,48782953,101200770
X,3.0,직영점(가두),당시즌의류,레깅스,LG,198000,138600,126000,126000,43950,82050
X,3.0,직영점(가두),당시즌의류,맨투맨,MT,1049000,781700,710631,710631,226374,484257
X,3.0,직영점(가두),당시즌의류,방풍자켓,WJ,1874000,1368500,1244089,1244089,530590,713499
X,3.0,직영점(가두),당시즌의류,상하의 세트,AZ,129000,90300,82090,82090,27623,54467
X,3.0,직영점(가두),당시즌의류,소프트쉘,SS,3489000,3130100,2845540,2845540,771205,2074335
X,3.0,직영점(가두),당시즌의류,스커트,SK,119000,83300,75727,75727,21196,54531
X,3.0,직영점(가두),당시즌의류,점퍼,JP,1756000,1229200,1117452,1117452,489215,628237
X,3.0,직영점(가두),당시즌의류,집업티,ZT,833000,583100,530088,530088,166649,363439
X,3.0,직영점(가두),당시즌의류,트레이닝(상의),TR,1410000,1141800,1037999,1037999,309331,728668
X,3.0,직영점(가두),당시즌의류,트레이닝(하의),TP,1695000,1281600,1165088,1165088,368009,797079
X,3.0,직영점(가두),당시즌의류,패딩,PD,966000,676200,614727,614727,279847,334880
X,3.0,직영점(가두),당시즌의류,팬츠,PT,1619000,1477900,1343542,1343542,359894,983648
X,3.0,직영점(가두),당시즌의류,후드티,HD,941000,712100,647362,647362,215825,431537
X,3.0,직영점(가두),차시즌의류,긴팔티셔츠,RL,1221000,1216630,1106023,1106023,258831,847192
X,3.0,직영점(가두),차시즌의류,맨투맨,MT,2184000,2178370,1980331,1980331,520621,1459710
X,3.0,직영점(가두),차시즌의류,반팔티셔츠,RS,546000,536000,487271,487271,122674,364597
X,3.0,직영점(가두),차시즌의류,방풍자켓,WJ,6841000,6801000,6182720,6182720,1602055,4580665
X,3.0,직영점(가두),차시즌의류,상하의 세트,AZ,159000,159000,144545,144545,46988,97557
X,3.0,직영점(가두),차시즌의류,소프트쉘,SS,318000,318000,289090,289090,62666,226424
X,3.0,직영점(가두),차시즌의류,트레이닝(상의),TR,2291000,2291000,2082719,2082719,538601,1544118
X,3.0,직영점(가두),차시즌의류,트레이닝(하의),TP,2151000,2151000,1955443,1955443,457019,1498424
X,3.0,직영점(가두),차시즌의류,패딩,PD,6195000,6195000,5631803,5631803,1458991,4172812
X,3.0,직영점(가두),차시즌의류,팬츠,PT,1171000,1171000,1064540,1064540,258723,805817
X,3.0,직영점(가두),차시즌의류,후드티,HD,109000,109000,99090,99090,24167,74923
X,4.0,자사몰,Acc_etc,기타소품류,AC,322000,138900,126273,126273,62819,63454
X,4.0,자사몰,Acc_etc,다운 스카프,DC,689000,542420,493108,493108,114876,378232
X,4.0,자사몰,Acc_etc,마스크,MK,172000,99400,90363,90363,40705,49658
X,4.0,자사몰,Acc_etc,멀티스카프,MS,39000,35760,32509,32509,8177,24332
X,4.0,자사몰,Acc_etc,양말,SO,1108800,643360,584873,584873,254345,330528
X,4.0,자사몰,Acc_etc,장갑,GL,878000,366760,333421,333421,198449,134972
X,4.0,자사몰,Acc_etc,토시,ML,25000,17500,15909,15909,5164,10745
X,4.0,자사몰,Bag,가방,BG,1053000,539950,490865,490865,242360,248505
X,4.0,자사몰,Bag,메신저백,MR,1556000,1299140,1181037,1181037,364441,816596
X,4.0,자사몰,Bag,바디백,BZ,198000,179260,162964,162964,45192,117772
X,4.0,자사몰,Bag,백팩,BK,155913000,137324921,124876263,124876263,36918191,87958072
X,4.0,자사몰,Bag,보스톤백,BW,1574000,792920,720836,720836,331404,389432
X,4.0,자사몰,Bag,슬링백,SG,5197000,3712890,3375355,3375355,1122304,2253051
X,4.0,자사몰,Bag,크로스백,CR,2344000,1792020,1629110,1629110,521794,1107316
X,4.0,자사몰,Bag,토드백,TG,1807000,1379940,1254486,1254486,435457,819029
X,4.0,자사몰,Bag,힙색,HS,69000,44300,40273,40273,14859,25414
X,4.0,자사몰,Headwear,메시캡,MC,98000,94580,85982,85982,22596,63386
X,4.0,자사몰,Headwear,방한모,WM,892000,742400,674908,674908,184017,490891
X,4.0,자사몰,Headwear,비니,BN,914000,751590,683268,683268,191308,491960
X,4.0,자사몰,Headwear,운동모,CP,1964000,1596190,1451077,1451077,398083,1052994
X,4.0,자사몰,Headwear,햇,HT,534000,321410,292193,292193,127898,164295
X,4.0,자사몰,Shoes,슬리퍼,LP,5007000,4417520,4015922,4015922,1224897,2791025
X,4.0,자사몰,Shoes,신발,SH,97638000,78689871,71585910,71585910,20589833,50996077
X,4.0,자사몰,과시즌의류,긴팔티셔츠,RL,665000,382090,347353,347353,139533,207820
X,4.0,자사몰,과시즌의류,맨투맨,MT,267000,186520,169563,169563,45685,123878
X,4.0,자사몰,과시즌의류,방풍자켓,WJ,2307000,1404750,1277045,1277045,523929,753116
X,4.0,자사몰,과시즌의류,스윔웨어,SW,11075000,6886850,6260773,6260773,2075629,4185144
X,4.0,자사몰,과시즌의류,스윔웨어 하의,SB,7794000,4939150,4490133,4490133,1576480,2913653
X,4.0,자사몰,과시즌의류,트레이닝(상의),TR,1684000,1081730,983389,983389,352159,631230
X,4.0,자사몰,과시즌의류,트레이닝(하의),TP,2238000,1406900,1278998,1278998,442196,836802
X,4.0,자사몰,과시즌의류,패딩,PD,438000,306600,278728,278728,97089,181639
X,4.0,자사몰,과시즌의류,팬츠,PT,396000,235540,214127,214127,83936,130191
X,4.0,자사몰,과시즌의류,후드티,HD,238000,139140,126491,126491,48099,78392
X,4.0,자사몰,당시즌의류,긴팔카라티셔츠,TL,823000,607250,552047,552047,140486,411561
X,4.0,자사몰,당시즌의류,긴팔티셔츠,RL,4012000,2755340,2504847,2504847,729257,1775590
X,4.0,자사몰,당시즌의류,다운베스트,DV,8173000,7304160,6640144,6640144,1925635,4714509
X,4.0,자사몰,당시즌의류,다운점퍼,DJ,183318000,151483360,137712115,137712115,48642575,89069540
X,4.0,자사몰,당시즌의류,레깅스,LG,99000,67310,61191,61191,26660,34531
X,4.0,자사몰,당시즌의류,맨투맨,MT,9882000,7012510,6375026,6375026,2287293,4087733
X,4.0,자사몰,당시즌의류,반팔티셔츠,RS,118000,113400,103091,103091,24756,78335
X,4.0,자사몰,당시즌의류,방풍자켓,WJ,5745000,4295900,3905364,3905364,1482166,2423198
X,4.0,자사몰,당시즌의류,상하의 세트,AZ,814000,721860,656236,656236,176279,479957
X,4.0,자사몰,당시즌의류,소프트쉘,SS,13632000,11317400,10288536,10288536,2988429,7300107
X,4.0,자사몰,당시즌의류,스커트,SK,556000,376200,342000,342000,122828,219172
X,4.0,자사몰,당시즌의류,원피스,OP,119000,88880,80800,80800,25535,55265
X,4.0,자사몰,당시즌의류,점퍼,JP,1517000,1037080,942800,942800,384207,558593
X,4.0,자사몰,당시즌의류,집업티,ZT,3341000,2306630,2096937,2096937,679106,1417831
X,4.0,자사몰,당시즌의류,트레이닝(상의),TR,10484000,8616320,7833025,7833025,2268294,5564731
X,4.0,자사몰,당시즌의류,트레이닝(하의),TP,16769000,13590980,12355442,12355442,3436172,8919270
X,4.0,자사몰,당시즌의류,패딩,PD,3695000,2434500,2213184,2213184,1035787,1177397
X,4.0,자사몰,당시즌의류,팬츠,PT,7278000,5853820,5321656,5321656,1575878,3745778
X,4.0,자사몰,당시즌의류,후드티,HD,5923000,4170180,3791071,3791071,1456025,2335046
X,4.0,자사몰,차시즌의류,긴팔티셔츠,RL,3375000,3235150,2941040,2941040,718165,2222875
X,4.0,자사몰,차시즌의류,맨투맨,MT,3666000,3471150,3155590,3155590,878736,2276854
X,4.0,자사몰,차시즌의류,반팔티셔츠,RS,3496000,3288620,2989653,2989653,833921,2155732
X,4.0,자사몰,차시즌의류,방풍자켓,WJ,4223000,4003000,3639091,3639091,1044333,2594758
X,4.0,자사몰,차시즌의류,브라,BR,375000,358000,325454,325454,92848,232606
X,4.0,자사몰,차시즌의류,소프트쉘,SS,318000,301000,273636,273636,62666,210970
X,4.0,자사몰,차시즌의류,스커트,SK,238000,235520,214109,214109,42717,171392
X,4.0,자사몰,차시즌의류,트레이닝 숏팬츠,TB,316000,307750,279773,279773,80570,199203
X,4.0,자사몰,차시즌의류,트레이닝(상의),TR,3978000,3793410,3448555,3448555,909004,2539551
X,4.0,자사몰,차시즌의류,트레이닝(하의),TP,4322000,4066620,3696929,3696929,877273,2819656
X,4.0,자사몰,차시즌의류,패딩,PD,7650000,7406250,6732961,6732961,1797888,4935073
X,4.0,자사몰,차시즌의류,팬츠,PT,3074000,2829340,2572131,2572131,677933,1894198
X,4.0,자사몰,차시즌의류,후드티,HD,841000,807110,733737,733737,220149,513588
X,5.0,제휴몰,Acc_etc,기타소품류,AC,3608000,1936700,1760656,1760656,757718,1002938
X,5.0,제휴몰,Acc_etc,다운 스카프,DC,39715000,35437110,32215509,32215509,6682546,25532963
X,5.0,제휴몰,Acc_etc,마스크,MK,117000,81900,74454,74454,24855,49599
X,5.0,제휴몰,Acc_etc,멀티스카프,MS,2599000,1289300,1172103,1172103,514686,657417
X,5.0,제휴몰,Acc_etc,양말,SO,3208000,1857880,1689000,1689000,637700,1051300
X,5.0,제휴몰,Acc_etc,장갑,GL,9580000,4001900,3638080,3638080,2033941,1604139
X,5.0,제휴몰,Acc_etc,토시,ML,275000,172500,156817,156817,53006,103811
X,5.0,제휴몰,Bag,가방,BG,2660000,1627000,1479089,1479089,614031,865058
X,5.0,제휴몰,Bag,메신저백,MR,5855000,5107600,4643273,4643273,1379037,3264236
X,5.0,제휴몰,Bag,바디백,BZ,198000,198000,180000,180000,47118,132882
X,5.0,제휴몰,Bag,백팩,BK,331955000,273324990,248476764,248476764,74868914,173607850
X,5.0,제휴몰,Bag,보스톤백,BW,732000,419400,381270,381270,169290,211980
X,5.0,제휴몰,Bag,슬링백,SG,10161000,7522500,6838623,6838623,2146117,4692506
X,5.0,제휴몰,Bag,크로스백,CR,15212000,9207000,8369990,8369990,3240039,5129951
X,5.0,제휴몰,Bag,토드백,TG,17940000,10084600,9167776,9167776,3902161,5265615
X,5.0,제휴몰,Bag,힙색,HS,2617000,1515500,1377726,1377726,570663,807063
X,5.0,제휴몰,Headwear,방한모,WM,1261000,1235500,1123183,1123183,266632,856551
X,5.0,제휴몰,Headwear,비니,BN,5064000,2660000,2418192,2418192,1014186,1404006
X,5.0,제휴몰,Headwear,운동모,CP,9816000,5326800,4842558,4842558,1893315,2949243
X,5.0,제휴몰,Headwear,햇,HT,2556000,1358600,1235095,1235095,521669,713426
X,5.0,제휴몰,Shoes,슬리퍼,LP,13449000,13305920,12096288,12096288,3393275,8703013
X,5.0,제휴몰,Shoes,신발,SH,213050000,162775520,147977878,147977878,44988616,102989262
X,5.0,제휴몰,과시즌의류,긴팔티셔츠,RL,2092000,1410500,1282264,1282264,436260,846004
X,5.0,제휴몰,과시즌의류,다운베스트,DV,398000,238800,217090,217090,57390,159700
X,5.0,제휴몰,과시즌의류,다운점퍼,DJ,350568000,183148100,166498155,166498155,50895594,115602561
X,5.0,제휴몰,과시즌의류,레깅스,LG,2649000,1311900,1192636,1192636,450822,741814
X,5.0,제휴몰,과시즌의류,맨투맨,MT,10078000,4894500,4449560,4449560,1584682,2864878
X,5.0,제휴몰,과시즌의류,반바지,SP,918000,635700,577907,577907,211449,366458
X,5.0,제휴몰,과시즌의류,반팔티셔츠,RS,17641000,11862100,10783688,10783688,3318726,7464962
X,5.0,제휴몰,과시즌의류,방풍자켓,WJ,24137000,10433300,9484819,9484819,3460396,6024423
X,5.0,제휴몰,과시즌의류,브라,BR,314000,188400,171272,171272,94938,76334
X,5.0,제휴몰,과시즌의류,상하의 세트,AZ,2767000,1660200,1509266,1509266,446102,1063164
X,5.0,제휴몰,과시즌의류,소프트쉘,SS,9900000,5012700,4556977,4556977,1435568,3121409
X,5.0,제휴몰,과시즌의류,스윔웨어,SW,31317000,20318200,18471069,18471069,6214518,12256551
X,5.0,제휴몰,과시즌의류,스윔웨어 하의,SB,13179000,8643600,7857803,7857803,2818577,5039226
X,5.0,제휴몰,과시즌의류,스커트,SK,1349000,609100,553726,553726,195449,358277
X,5.0,제휴몰,과시즌의류,슬리브리스,SL,45000,31500,28636,28636,9573,19063
X,5.0,제휴몰,과시즌의류,원피스,OP,1211000,719600,654183,654183,211455,442728
X,5.0,제휴몰,과시즌의류,트레이닝 숏팬츠,TB,1499000,816900,742631,742631,318271,424360
X,5.0,제휴몰,과시즌의류,트레이닝(상의),TR,22353000,9842600,8947825,8947825,3493845,5453980
X,5.0,제휴몰,과시즌의류,트레이닝(하의),TP,20180000,8464800,7695277,7695277,2971407,4723870
X,5.0,제휴몰,과시즌의류,패딩,PD,9445000,5959700,5417916,5417916,1927123,3490793
X,5.0,제휴몰,과시즌의류,팬츠,PT,6259000,3110600,2827814,2827814,1023411,1804403
X,5.0,제휴몰,과시즌의류,후드티,HD,1833000,1020600,927821,927821,346598,581223
X,5.0,제휴몰,당시즌의류,긴팔카라티셔츠,TL,902000,720500,654999,654999,148980,506019
X,5.0,제휴몰,당시즌의류,긴팔티셔츠,RL,5730000,4212300,3829354,3829354,1036432,2792922
X,5.0,제휴몰,당시즌의류,다운베스트,DV,10699000,10376800,9433457,9433457,2484744,6948713
X,5.0,제휴몰,당시즌의류,다운점퍼,DJ,701256000,601352380,546683833,546683833,176421002,370262831
X,5.0,제휴몰,당시즌의류,레깅스,LG,586000,410200,372909,372909,137736,235173
X,5.0,제휴몰,당시즌의류,맨투맨,MT,35565000,26030130,23663815,23663815,8456409,15207406
X,5.0,제휴몰,당시즌의류,반팔티셔츠,RS,295000,295000,268180,268180,61890,206290
X,5.0,제휴몰,당시즌의류,방풍자켓,WJ,6690000,5202300,4729364,4729364,1706018,3023346
X,5.0,제휴몰,당시즌의류,상하의 세트,AZ,1588000,1317100,1197359,1197359,342018,855341
X,5.0,제휴몰,당시즌의류,소프트쉘,SS,19316000,18450800,16773435,16773435,4281922,12491513
X,5.0,제휴몰,당시즌의류,스커트,SK,1212000,1051200,955636,955636,297991,657645
X,5.0,제휴몰,당시즌의류,원피스,OP,149000,104300,94818,94818,31237,63581
X,5.0,제휴몰,당시즌의류,점퍼,JP,1317000,921900,838092,838092,359310,478782
X,5.0,제휴몰,당시즌의류,집업티,ZT,5345000,3741500,3401362,3401362,1119120,2282242
X,5.0,제휴몰,당시즌의류,트레이닝(상의),TR,7363000,5989600,5445090,5445090,1642882,3802208
X,5.0,제휴몰,당시즌의류,트레이닝(하의),TP,12696000,10324800,9386183,9386183,2719354,6666829
X,5.0,제휴몰,당시즌의류,패딩,PD,7539000,5277300,4797559,4797559,2203589,2593970
X,5.0,제휴몰,당시즌의류,팬츠,PT,9347000,8200100,7454630,7454630,2114290,5340340
X,5.0,제휴몰,당시즌의류,후드티,HD,13883000,10020800,9109816,9109816,3426366,5683450
X,5.0,제휴몰,차시즌의류,긴팔티셔츠,RL,1485000,1485000,1349991,1349991,340702,1009289
X,5.0,제휴몰,차시즌의류,맨투맨,MT,2301000,2301000,2091813,2091813,565875,1525938
X,5.0,제휴몰,차시즌의류,반팔티셔츠,RS,1139000,1139000,1035452,1035452,289970,745482
X,5.0,제휴몰,차시즌의류,방풍자켓,WJ,2160000,2160000,1963636,1963636,520643,1442993
X,5.0,제휴몰,차시즌의류,상하의 세트,AZ,119000,119000,108181,108181,35303,72878
X,5.0,제휴몰,차시즌의류,트레이닝 숏팬츠,TB,79000,79000,71818,71818,20142,51676
X,5.0,제휴몰,차시즌의류,트레이닝(상의),TR,2597000,2597000,2360910,2360910,588288,1772622
X,5.0,제휴몰,차시즌의류,트레이닝(하의),TP,2032000,2032000,1847275,1847275,439821,1407454
X,5.0,제휴몰,차시즌의류,패딩,PD,4661000,4661000,4237279,4237279,1131293,3105986
X,5.0,제휴몰,차시즌의류,팬츠,PT,1646000,1646000,1496366,1496366,367161,1129205
X,5.0,제휴몰,차시즌의류,후드티,HD,860000,860000,781817,781817,232285,549532
X,6.0,대리점,Acc_etc,기타소품류,AC,1706000,1214090,1103730,739470,331798,407672
X,6.0,대리점,Acc_etc,다운 스카프,DC,8660000,7535880,6850782,4546518,1358058,3188460
X,6.0,대리점,Acc_etc,마스크,MK,675000,484180,440179,301198,161223,139975
X,6.0,대리점,Acc_etc,멀티스카프,MS,2311000,1592370,1447592,959180,462162,497018
X,6.0,대리점,Acc_etc,양말,SO,11969000,9769650,8881462,5966384,2312541,3653843
X,6.0,대리점,Acc_etc,장갑,GL,8659000,7774110,7067365,4673536,2133974,2539562
X,6.0,대리점,Acc_etc,토시,ML,50000,32770,29790,19075,10329,8746
X,6.0,대리점,Bag,가방,BG,3213000,2195590,1995999,1341190,750173,591017
X,6.0,대리점,Bag,메신저백,MR,8937000,7965990,7241805,4759226,2119412,2639814
X,6.0,대리점,Bag,바디백,BZ,545000,471640,428755,287549,125106,162443
X,6.0,대리점,Bag,백팩,BK,383737000,348514180,316830738,208528242,90941898,117586344
X,6.0,대리점,Bag,보스톤백,BW,396000,198040,180000,120600,82688,37912
X,6.0,대리점,Bag,슬링백,SG,11916000,9711290,8828452,5873342,2562978,3310364
X,6.0,대리점,Bag,크로스백,CR,25759000,20156530,18324023,12246149,5705232,6540917
X,6.0,대리점,Bag,토드백,TG,8323000,6052770,5502547,3634976,1913881,1721095
X,6.0,대리점,Bag,힙색,HS,2962000,1785960,1623609,1109991,639009,470982
X,6.0,대리점,Headwear,메시캡,MC,343000,338340,307580,198952,79086,119866
X,6.0,대리점,Headwear,방한모,WM,5436000,4888690,4444282,2944993,1135410,1809583
X,6.0,대리점,Headwear,비니,BN,15657000,13251950,12047290,8013464,3321728,4691736
X,6.0,대리점,Headwear,운동모,CP,33407000,30033990,27303695,17992414,6489329,11503085
X,6.0,대리점,Headwear,햇,HT,2842000,1773260,1611967,1099597,574064,525533
X,6.0,대리점,Shoes,슬리퍼,LP,16499000,15452630,14047840,9211773,4083444,5128329
X,6.0,대리점,Shoes,신발,SH,335005000,294393200,267629993,177272833,71530546,105742287
X,6.0,대리점,과시즌의류,긴팔카라티셔츠,TL,1289000,672200,611092,412132,184394,227738
X,6.0,대리점,과시즌의류,긴팔티셔츠,RL,3142000,2068510,1880442,1260509,650585,609924
X,6.0,대리점,과시즌의류,다운베스트,DV,2966000,1546600,1405998,956397,428331,528066
X,6.0,대리점,과시즌의류,다운점퍼,DJ,229975000,118621510,107837740,73477020,33185709,40291311
X,6.0,대리점,과시즌의류,레깅스,LG,504000,195600,177819,117293,79050,38243
X,6.0,대리점,과시즌의류,맨투맨,MT,22888000,15508030,14098171,9505034,4420417,5084617
X,6.0,대리점,과시즌의류,반팔티셔츠,RS,17050000,11665200,10604702,7075030,3231650,3843380
X,6.0,대리점,과시즌의류,방풍자켓,WJ,47481000,27860980,25328141,17073538,9705263,7368275
X,6.0,대리점,과시즌의류,소프트쉘,SS,20442000,9985340,9077537,6238833,2973661,3265172
X,6.0,대리점,과시즌의류,스커트,SK,515000,221800,201634,135094,77808,57286
X,6.0,대리점,과시즌의류,원피스,OP,636000,254400,231272,158422,92312,66110
X,6.0,대리점,과시즌의류,집업티,ZT,177000,88500,80454,53904,25600,28304
X,6.0,대리점,과시즌의류,트레이닝(상의),TR,42055000,21308320,19371027,13160075,7233601,5926474
X,6.0,대리점,과시즌의류,트레이닝(하의),TP,41899000,22671380,20610301,13902933,7152884,6750049
X,6.0,대리점,과시즌의류,패딩,PD,36172000,23586800,21442518,14384247,7437719,6946528
X,6.0,대리점,과시즌의류,팬츠,PT,14632000,7926560,7205900,4957507,2343213,2614294
X,6.0,대리점,과시즌의류,후드티,HD,10751000,6190590,5627809,3807346,1959333,1848013
X,6.0,대리점,당시즌의류,긴팔카라티셔츠,TL,4580000,4078530,3707775,2479113,757998,1721115
X,6.0,대리점,당시즌의류,긴팔티셔츠,RL,10856000,7881810,7165256,4907495,2141769,2765726
X,6.0,대리점,당시즌의류,다운베스트,DV,86856000,75207910,68370778,45609379,20308016,25301363
X,6.0,대리점,당시즌의류,다운점퍼,DJ,1926713000,1607714780,1461558921,976817386,508717732,468099654
X,6.0,대리점,당시즌의류,레깅스,LG,2442000,1709410,1554000,1064700,594061,470639
X,6.0,대리점,당시즌의류,맨투맨,MT,76423000,59943920,54494463,36753400,17420625,19332775
X,6.0,대리점,당시즌의류,반팔티셔츠,RS,177000,167000,151816,96981,37134,59847
X,6.0,대리점,당시즌의류,방풍자켓,WJ,14838000,10797830,9816208,6632405,3909554,2722851
X,6.0,대리점,당시즌의류,상하의 세트,AZ,4089000,3617620,3288719,2221714,800837,1420877
X,6.0,대리점,당시즌의류,소프트쉘,SS,85651000,74106620,67369562,45075895,18921127,26154768
X,6.0,대리점,당시즌의류,스커트,SK,2413000,1818770,1653436,1135569,541352,594217
X,6.0,대리점,당시즌의류,원피스,OP,149000,104300,94818,63528,31237,32291
X,6.0,대리점,당시즌의류,점퍼,JP,33271000,23290370,21173056,14465127,8109536,6355591
X,6.0,대리점,당시즌의류,집업티,ZT,24149000,16904310,15367560,10594126,4865098,5729028
X,6.0,대리점,당시즌의류,트레이닝(상의),TR,56458000,44789390,40717593,27520787,12385092,15135695
X,6.0,대리점,당시즌의류,트레이닝(하의),TP,72063000,59510920,54100856,36403645,14954117,21449528
X,6.0,대리점,당시즌의류,패딩,PD,25689000,17763940,16149064,11027380,6922086,4105294
X,6.0,대리점,당시즌의류,팬츠,PT,66361000,56468910,51335476,34309958,14193433,20116525
X,6.0,대리점,당시즌의류,후드티,HD,44656000,33608420,30553075,20679359,10663291,10016068
X,6.0,대리점,차시즌의류,긴팔티셔츠,RL,28384000,27683060,25166462,16502618,5942633,10559985
X,6.0,대리점,차시즌의류,맨투맨,MT,71465000,69796130,63450987,41594395,17138469,24455926
X,6.0,대리점,차시즌의류,반팔티셔츠,RS,35448000,34545640,31405077,20499922,8144567,12355355
X,6.0,대리점,차시즌의류,방풍자켓,WJ,74853000,71608760,65098870,42761509,17873557,24887952
X,6.0,대리점,차시즌의류,브라,BR,69000,69000,62727,42027,18582,23445
X,6.0,대리점,차시즌의류,상하의 세트,AZ,16602000,16114380,14649457,9698170,4879808,4818362
X,6.0,대리점,차시즌의류,소프트쉘,SS,3180000,3137680,2852442,1845902,626660,1219242
X,6.0,대리점,차시즌의류,스커트,SK,714000,677270,615704,411319,123565,287754
X,6.0,대리점,차시즌의류,트레이닝 숏팬츠,TB,2212000,2161760,1965228,1302298,563983,738315
X,6.0,대리점,차시즌의류,트레이닝(상의),TR,76951000,74374540,67613163,44551552,17858155,26693397
X,6.0,대리점,차시즌의류,트레이닝(하의),TP,95599000,92255490,83868633,55221727,20415795,34805932
X,6.0,대리점,차시즌의류,패딩,PD,75161000,72703380,66093908,43534782,17994715,25540067
X,6.0,대리점,차시즌의류,팬츠,PT,30806000,29674120,26976473,17762956,6835816,10927140
X,6.0,대리점,차시즌의류,후드티,HD,23256000,22648120,20589234,13511178,6051761,7459417
X,7.0,아울렛,Acc_etc,기타소품류,AC,702000,292500,265911,265911,134190,131721
X,7.0,아울렛,Acc_etc,다운 스카프,DC,1527000,803800,730732,730732,359268,371464
X,7.0,아울렛,Acc_etc,멀티스카프,MS,226000,77600,70545,70545,43581,26964
X,7.0,아울렛,Acc_etc,양말,SO,551000,346650,315119,315119,99662,215457
X,7.0,아울렛,Acc_etc,장갑,GL,983000,425500,386819,386819,204755,182064
X,7.0,아울렛,Acc_etc,짐백,GY,-169000,-50700,-46091,-46091,-35377,-10714
X,7.0,아울렛,Bag,가방,BG,1172000,613600,557820,557820,269592,288228
X,7.0,아울렛,Bag,메신저백,MR,15795000,9009200,8190189,8190189,3474300,4715889
X,7.0,아울렛,Bag,백팩,BK,448833000,385600610,350545398,350545398,105627738,244917660
X,7.0,아울렛,Bag,보스톤백,BW,1179000,615200,559271,559271,261932,297339
X,7.0,아울렛,Bag,슬링백,SG,5242000,3245810,2950738,2950738,1158797,1791941
X,7.0,아울렛,Bag,크로스백,CR,5861000,3390320,3082102,3082102,1259783,1822319
X,7.0,아울렛,Bag,토드백,TG,10937000,6891280,6264794,6264794,2358220,3906574
X,7.0,아울렛,Bag,힙색,HS,1543000,734700,667907,667907,325916,341991
X,7.0,아울렛,Headwear,비니,BN,5103000,2070200,1882005,1882005,1005160,876845
X,7.0,아울렛,Headwear,운동모,CP,9283000,5537790,5034317,5034317,1843208,3191109
X,7.0,아울렛,Headwear,햇,HT,3419000,1802000,1638192,1638192,708914,929278
X,7.0,아울렛,Shoes,슬리퍼,LP,6551000,5440930,4946286,4946286,1593674,3352612
X,7.0,아울렛,Shoes,신발,SH,176378000,133498940,121362702,121362702,37224902,84137800
X,7.0,아울렛,과시즌의류,긴팔카라티셔츠,TL,4365000,1887600,1716007,1716007,487676,1228331
X,7.0,아울렛,과시즌의류,긴팔티셔츠,RL,11009000,6325700,5750611,5750611,2011287,3739324
X,7.0,아울렛,과시즌의류,니트,KT,1194000,358200,325638,325638,102928,222710
X,7.0,아울렛,과시즌의류,다운베스트,DV,4245000,2385700,2168816,2168816,615116,1553700
X,7.0,아울렛,과시즌의류,다운점퍼,DJ,774635000,389963470,354512125,354512125,106870917,247641208
X,7.0,아울렛,과시즌의류,레깅스,LG,435000,174000,158181,158181,63634,94547
X,7.0,아울렛,과시즌의류,맨투맨,MT,147349000,94766600,86151241,86151241,27478515,58672726
X,7.0,아울렛,과시즌의류,반팔티셔츠,RS,63996000,43439000,39489904,39489904,12309681,27180223
X,7.0,아울렛,과시즌의류,방풍자켓,WJ,297461000,173502800,157729775,157729775,58531512,99198263
X,7.0,아울렛,과시즌의류,브라,BR,285000,171000,155455,155455,86562,68893
X,7.0,아울렛,과시즌의류,소프트쉘,SS,61576000,30047000,27315459,27315459,8710131,18605328
X,7.0,아울렛,과시즌의류,스커트,SK,1229000,564900,513542,513542,184757,328785
X,7.0,아울렛,과시즌의류,원피스,OP,3816000,1526400,1387632,1387632,553871,833761
X,7.0,아울렛,과시즌의류,집업티,ZT,236000,118000,107272,107272,34132,73140
X,7.0,아울렛,과시즌의류,트레이닝 숏팬츠,TB,-69000,-41400,-37636,-37636,-16531,-21105
X,7.0,아울렛,과시즌의류,트레이닝(상의),TR,197496000,96217700,87470527,87470527,33644384,53826143
X,7.0,아울렛,과시즌의류,트레이닝(하의),TP,170776000,95672080,86974680,86974680,30176318,56798362
X,7.0,아울렛,과시즌의류,패딩,PD,135534000,88141400,80128540,80128540,26808013,53320527
X,7.0,아울렛,과시즌의류,팬츠,PT,105493000,44912500,40829480,40829480,14491513,26337967
X,7.0,아울렛,과시즌의류,후드티,HD,55991000,32957600,29961453,29961453,10938380,19023073
X,7.0,아울렛,당시즌의류,긴팔카라티셔츠,TL,2857000,1999900,1818089,1818089,498946,1319143
X,7.0,아울렛,당시즌의류,긴팔티셔츠,RL,5222000,3667920,3334468,3334468,1020587,2313881
X,7.0,아울렛,당시즌의류,다운베스트,DV,33571000,29185150,26531968,26531968,7725734,18806234
X,7.0,아울렛,당시즌의류,다운점퍼,DJ,1343217000,1095248210,995679938,995679938,349464345,646215593
X,7.0,아울렛,당시즌의류,맨투맨,MT,29513000,21007160,19097487,19097487,6555274,12542213
X,7.0,아울렛,당시즌의류,방풍자켓,WJ,15922000,11205100,10186449,10186449,4375127,5811322
X,7.0,아울렛,당시즌의류,상하의 세트,AZ,1290000,903000,820910,820910,276233,544677
X,7.0,아울렛,당시즌의류,소프트쉘,SS,49978000,40723140,37021015,37021015,10752557,26268458
X,7.0,아울렛,당시즌의류,스커트,SK,625000,437500,397727,397727,116789,280938
X,7.0,아울렛,당시즌의류,원피스,OP,447000,312900,284454,284454,93711,190743
X,7.0,아울렛,당시즌의류,점퍼,JP,15286000,10700200,9727454,9727454,3760789,5966665
X,7.0,아울렛,당시즌의류,집업티,ZT,12289000,8602300,7820267,7820267,2451923,5368344
X,7.0,아울렛,당시즌의류,트레이닝(상의),TR,21090000,14840450,13491312,13491312,4867081,8624231
X,7.0,아울렛,당시즌의류,트레이닝(하의),TP,17515000,12351210,11228378,11228378,3980655,7247723
X,7.0,아울렛,당시즌의류,패딩,PD,8759000,6131300,5573920,5573920,2264327,3309593
X,7.0,아울렛,당시즌의류,팬츠,PT,9674000,6839650,6217851,6217851,1961156,4256695
X,7.0,아울렛,당시즌의류,후드티,HD,10053000,7053800,6412540,6412540,2259357,4153183
X,7.0,아울렛,차시즌의류,긴팔티셔츠,RL,295000,275000,249998,249998,64129,185869
X,7.0,아울렛,차시즌의류,맨투맨,MT,1471000,1407020,1279109,1279109,372187,906922
X,7.0,아울렛,차시즌의류,반팔티셔츠,RS,951000,931300,846634,846634,213015,633619
X,7.0,아울렛,차시즌의류,방풍자켓,WJ,4408000,4230390,3845807,3845807,1045989,2799818
X,7.0,아울렛,차시즌의류,상하의 세트,AZ,1818000,1808000,1643633,1643633,527852,1115781
X,7.0,아울렛,차시즌의류,소프트쉘,SS,1908000,1833740,1667036,1667036,375996,1291040
X,7.0,아울렛,차시즌의류,트레이닝 숏팬츠,TB,79000,79000,71818,71818,20142,51676
X,7.0,아울렛,차시즌의류,트레이닝(상의),TR,3469000,3308240,3007488,3007488,829186,2178302
X,7.0,아울렛,차시즌의류,트레이닝(하의),TP,3508000,3318680,3016983,3016983,768650,2248333
X,7.0,아울렛,차시즌의류,패딩,PD,15053000,14793000,13448189,13448189,3723556,9724633
X,7.0,아울렛,차시즌의류,팬츠,PT,1071000,1031750,937955,937955,250868,687087
X,7.0,아울렛,차시즌의류,후드티,HD,336000,326000,296363,296363,96968,199395
X,8.0,사입,Shoes,신발,SH,359700000,169059990,153690900,153690900,72989136,80701764
X,8.0,사입,과시즌의류,긴팔카라티셔츠,TL,15958000,2074460,1885872,1885872,2283900,-398028
X,8.0,사입,과시즌의류,맨투맨,MT,367139000,47727870,43388992,43388992,50692263,-7303271
X,8.0,사입,과시즌의류,방풍자켓,WJ,3651189000,474653770,431503415,431503415,504084283,-72580868
X,8.0,사입,과시즌의류,브라,BR,88935000,11561430,10510388,10510388,12962903,-2452515
X,8.0,사입,과시즌의류,트레이닝 숏팬츠,TB,401166000,52153520,47412283,47412283,53241854,-5829571
X,8.0,사입,과시즌의류,트레이닝(상의),TR,1298863000,168850560,153500472,153500472,175284941,-21784469
X,8.0,사입,과시즌의류,트레이닝(하의),TP,1091399000,141882160,128983772,128983772,149063170,-20079398
X,8.0,사입,과시즌의류,패딩,PD,374977000,48746200,44314746,44314746,51277199,-6962453
X,8.0,사입,과시즌의류,팬츠,PT,287079000,37319800,33927064,33927064,39011605,-5084541
X,8.0,사입,과시즌의류,후드티,HD,298661000,38825970,35296326,35296326,41657033,-6360707
X,11.0,직영몰,Acc_etc,기타소품류,AC,84000,58800,53454,53454,16926,36528
X,11.0,직영몰,Acc_etc,다운 스카프,DC,378000,363300,330271,330271,58151,272120
X,11.0,직영몰,Acc_etc,양말,SO,134000,118910,108101,108101,24638,83463
X,11.0,직영몰,Acc_etc,장갑,GL,286000,274470,249518,249518,69927,179591
X,11.0,직영몰,Bag,가방,BG,98000,98000,89090,89090,31204,57886
X,11.0,직영몰,Bag,메신저백,MR,1635000,1546970,1406337,1406337,386499,1019838
X,11.0,직영몰,Bag,백팩,BK,77201000,72274730,65704191,65704191,18332585,47371606
X,11.0,직영몰,Bag,슬링백,SG,1456000,1287700,1170637,1170637,314351,856286
X,11.0,직영몰,Bag,크로스백,CR,1542000,1273520,1157743,1157743,338934,818809
X,11.0,직영몰,Bag,토드백,TG,1344000,1281170,1164700,1164700,330760,833940
X,11.0,직영몰,Headwear,메시캡,MC,98000,98000,89090,89090,22596,66494
X,11.0,직영몰,Headwear,방한모,WM,274000,261900,238091,238091,56898,181193
X,11.0,직영몰,Headwear,비니,BN,831000,771550,701413,701413,175258,526155
X,11.0,직영몰,Headwear,운동모,CP,2988000,2878870,2617147,2617147,569200,2047947
X,11.0,직영몰,Headwear,햇,HT,124000,74400,67637,67637,25931,41706
X,11.0,직영몰,Shoes,슬리퍼,LP,2350000,2257710,2052467,2052467,605471,1446996
X,11.0,직영몰,Shoes,신발,SH,34337000,31978720,29071587,29071587,7294624,21776963
X,11.0,직영몰,과시즌의류,다운점퍼,DJ,15578000,8717000,7924544,7924544,2259821,5664723
X,11.0,직영몰,과시즌의류,방풍자켓,WJ,438000,219000,199091,199091,63220,135871
X,11.0,직영몰,과시즌의류,소프트쉘,SS,4554000,2201600,2001457,2001457,659463,1341994
X,11.0,직영몰,과시즌의류,트레이닝(상의),TR,1472000,588800,535274,535274,217715,317559
X,11.0,직영몰,당시즌의류,긴팔카라티셔츠,TL,387000,298120,271018,271018,69852,201166
X,11.0,직영몰,당시즌의류,긴팔티셔츠,RL,128000,68900,62636,62636,17895,44741
X,11.0,직영몰,당시즌의류,다운베스트,DV,5369000,4984150,4531048,4531048,1263902,3267146
X,11.0,직영몰,당시즌의류,다운점퍼,DJ,180855000,154371130,140337378,140337378,46635473,93701905
X,11.0,직영몰,당시즌의류,맨투맨,MT,2481000,1858200,1689278,1689278,576356,1112922
X,11.0,직영몰,당시즌의류,방풍자켓,WJ,-189000,-189000,-171818,-171818,-52444,-119374
X,11.0,직영몰,당시즌의류,소프트쉘,SS,5697000,5145140,4677396,4677396,1257086,3420310
X,11.0,직영몰,당시즌의류,점퍼,JP,2195000,1536500,1396818,1396818,545911,850907
X,11.0,직영몰,당시즌의류,집업티,ZT,1765000,1235500,1123181,1123181,371925,751256
X,11.0,직영몰,당시즌의류,트레이닝(상의),TR,1212000,917090,833718,833718,270174,563544
X,11.0,직영몰,당시즌의류,트레이닝(하의),TP,1983000,1536790,1397080,1397080,422617,974463
X,11.0,직영몰,당시즌의류,패딩,PD,747000,522900,475365,475365,227317,248048
X,11.0,직영몰,당시즌의류,팬츠,PT,2414000,2156470,1960429,1960429,582059,1378370
X,11.0,직영몰,당시즌의류,후드티,HD,1566000,1175300,1068455,1068455,358398,710057
X,11.0,직영몰,차시즌의류,긴팔티셔츠,RL,1841000,1831000,1664537,1664537,381203,1283334
X,11.0,직영몰,차시즌의류,맨투맨,MT,6444000,6402490,5820436,5820436,1541959,4278477
X,11.0,직영몰,차시즌의류,반팔티셔츠,RS,2624000,2600880,2364429,2364429,582759,1781670
X,11.0,직영몰,차시즌의류,방풍자켓,WJ,13737000,13616670,12378789,12378789,3305469,9073320
X,11.0,직영몰,차시즌의류,상하의 세트,AZ,864000,854000,776363,776363,250535,525828
X,11.0,직영몰,차시즌의류,소프트쉘,SS,159000,147560,134145,134145,31333,102812
X,11.0,직영몰,차시즌의류,스커트,SK,119000,119000,108182,108182,20594,87588
X,11.0,직영몰,차시즌의류,트레이닝 숏팬츠,TB,79000,79000,71818,71818,20142,51676
X,11.0,직영몰,차시즌의류,트레이닝(상의),TR,5152000,5071990,4610902,4610902,1171955,3438947
X,11.0,직영몰,차시즌의류,트레이닝(하의),TP,6871000,6751230,6137490,6137490,1437759,4699731
X,11.0,직영몰,차시즌의류,패딩,PD,5936000,5886000,5350916,5350916,1383281,3967635
X,11.0,직영몰,차시즌의류,팬츠,PT,2789000,2769000,2517279,2517279,615307,1901972
X,11.0,직영몰,차시즌의류,후드티,HD,1108000,1096800,997091,997091,304345,692746
X,12.0,아울렛,Acc_etc,기타소품류,AC,234000,93600,85092,85092,40201,44891
X,12.0,아울렛,Acc_etc,다운 스카프,DC,69000,41400,37636,37636,16287,21349
X,12.0,아울렛,Acc_etc,양말,SO,133000,70200,63822,63822,26675,37147
X,12.0,아울렛,Bag,메신저백,MR,615000,295600,268726,268726,135782,132944
X,12.0,아울렛,Bag,백팩,BK,3118000,1543000,1402728,1402728,579328,823400
X,12.0,아울렛,Bag,슬링백,SG,178000,89000,80910,80910,39812,41098
X,12.0,아울렛,Bag,크로스백,CR,742000,378900,344455,344455,156673,187782
X,12.0,아울렛,Bag,토드백,TG,1267000,630300,573002,573002,230880,342122
X,12.0,아울렛,Bag,힙색,HS,79000,47400,43091,43091,17624,25467
X,12.0,아울렛,Headwear,비니,BN,225000,58500,53183,53183,38655,14528
X,12.0,아울렛,Headwear,운동모,CP,207000,87700,79727,79727,36935,42792
X,12.0,아울렛,Headwear,햇,HT,479000,215400,195818,195818,93086,102732
X,12.0,아울렛,Shoes,슬리퍼,LP,156000,109200,99272,99272,34298,64974
X,12.0,아울렛,Shoes,신발,SH,5226000,2073500,1885006,1885006,1111468,773538
X,12.0,아울렛,과시즌의류,긴팔카라티셔츠,TL,516000,154800,140728,140728,41743,98985
X,12.0,아울렛,과시즌의류,긴팔티셔츠,RL,8004000,3171700,2883383,2883383,1068793,1814590
X,12.0,아울렛,과시즌의류,니트,KT,597000,179100,162819,162819,51642,111177
X,12.0,아울렛,과시즌의류,다운베스트,DV,855000,298200,271089,271089,70855,200234
X,12.0,아울렛,과시즌의류,다운점퍼,DJ,55935000,18439100,16762814,16762814,5102433,11660381
X,12.0,아울렛,과시즌의류,맨투맨,MT,19384000,7943100,7221008,7221008,2692484,4528524
X,12.0,아울렛,과시즌의류,반팔티셔츠,RS,4699000,3165200,2877448,2877448,891974,1985474
X,12.0,아울렛,과시즌의류,방풍자켓,WJ,33390000,11616500,10560441,10560441,4239246,6321195
X,12.0,아울렛,과시즌의류,소프트쉘,SS,477000,159000,144546,144546,49449,95097
X,12.0,아울렛,과시즌의류,트레이닝(상의),TR,40216000,12406900,11279033,11279033,5031631,6247402
X,12.0,아울렛,과시즌의류,트레이닝(하의),TP,27520000,9468900,8608058,8608058,3823799,4784259
X,12.0,아울렛,과시즌의류,패딩,PD,13010000,5164400,4694917,4694917,1856632,2838285
X,12.0,아울렛,과시즌의류,팬츠,PT,15576000,4315700,3923367,3923367,1587780,2335587
X,12.0,아울렛,과시즌의류,후드티,HD,8605000,3491200,3173810,3173810,1219635,1954175
X,99.0,기타,Acc_etc,기타소품류,AC,39000,27300,24818,24818,7753,17065
X,99.0,기타,Bag,백팩,BK,984000,717860,652603,652603,226959,425644
X,99.0,기타,Bag,크로스백,CR,99000,69300,63000,63000,21627,41373
X,99.0,기타,Headwear,운동모,CP,90000,65460,59504,59504,19021,40483
X,99.0,기타,Shoes,신발,SH,1012000,685460,623143,623143,215241,407902
X,99.0,기타,과시즌의류,다운점퍼,DJ,638000,386820,351654,351654,92358,259296
X,99.0,기타,과시즌의류,레깅스,LG,89000,32360,29422,29422,13046,16376
X,99.0,기타,과시즌의류,후드티,HD,99000,90000,81819,81819,14399,67420
X,99.0,기타,당시즌의류,긴팔티셔츠,RL,79000,50270,45703,45703,12237,33466
X,99.0,기타,당시즌의류,다운베스트,DV,278000,225760,205232,205232,63924,141308
X,99.0,기타,당시즌의류,다운점퍼,DJ,6759000,5545960,5041781,5041781,1817552,3224229
X,99.0,기타,당시즌의류,맨투맨,MT,79000,71820,65290,65290,19400,45890
X,99.0,기타,당시즌의류,반팔티셔츠,RS,59000,41300,37545,37545,12378,25167
X,99.0,기타,당시즌의류,트레이닝(하의),TP,149000,135460,123141,123141,40044,83097
X,99.0,기타,당시즌의류,팬츠,PT,179000,125300,113909,113909,42349,71560
X,99.0,기타,차시즌의류,반팔티셔츠,RS,45000,31500,28636,28636,10308,18328
X,99.0,기타,차시즌의류,방풍자켓,WJ,209000,146300,133000,133000,52971,80029
X,99.0,기타,차시즌의류,트레이닝(상의),TR,0,0,0,0,0,0
X,99.0,기타,차시즌의류,트레이닝(하의),TP,436000,305200,277452,277452,99722,177730
X,99.0,기타,차시즌의류,패딩,PD,179000,125300,113909,113909,58330,55579
X,99.0,기타,차시즌의류,팬츠,PT,129000,90300,82090,82090,28083,54007
