{"level":"INFO","message":"[4:04:16.854 PM]: Creating new connection object"}
{"level":"INFO","message":"[4:04:16.964 PM]: Creating Connection[id: fb2ccce3-b80f-487f-ad95-c9d9c9dd95fd] with host: cixxjbf-wp67697.snowflakecomputing.com, account: cixxjbf-wp67697, accessUrl: https://cixxjbf-wp67697.snowflakecomputing.com, user: yoooni, role: undefined, database: FNF, schema: undefined, warehouse: DEV_WH, proxy was not configured, password is provided, region: undefined, authenticator: SNOWFLAKE, ocsp mode: FAIL_OPEN, os: win32, os version: 10.0.26200"}
{"level":"INFO","message":"[4:04:16.983 PM]: Connection[id: fb2ccce3-b80f-487f-ad95-c9d9c9dd95fd] additional details: passcode in password is provided, passcode is not provided, private key is not provided, application: undefined, client name: snowflake-sdk, client version: 2.3.3, retry timeout: 300, private key path: undefined, private key pass is not provided, client store temporary credential: false, browser response timeout: 120000"}
{"level":"INFO","message":"[4:04:16.985 PM]: Connection[id: fb2ccce3-b80f-487f-ad95-c9d9c9dd95fd] - connection object created successfully."}
{"level":"INFO","message":"[4:04:16.987 PM]: Connection[id: fb2ccce3-b80f-487f-ad95-c9d9c9dd95fd] - connecting. Associated Snowflake domain: GLOBAL"}
{"level":"INFO","message":"[4:04:16.990 PM]: Connection[id: fb2ccce3-b80f-487f-ad95-c9d9c9dd95fd] - authentication successful using: SNOWFLAKE"}
{"level":"INFO","message":"[4:04:16.993 PM]: Trying to initialize Easy Logging"}
{"level":"INFO","message":"[4:04:17.031 PM]: No client config detected."}
{"level":"INFO","message":"[4:04:17.087 PM]: No config file path found. Client config will not be used."}
{"level":"INFO","message":"[4:04:17.111 PM]: Easy Logging is disabled as no config has been found"}
{"level":"INFO","message":"[4:04:19.938 PM]: Connection[id: fb2ccce3-b80f-487f-ad95-c9d9c9dd95fd] - connection established successfully after 2951.04 milliseconds"}
{"level":"INFO","message":"[9:10:59.168 AM]: Creating new connection object"}
{"level":"INFO","message":"[9:10:59.313 AM]: Creating Connection[id: 4e6f77a0-2cd7-40eb-8621-40272e7a03a6] with host: cixxjbf-wp67697.snowflakecomputing.com, account: cixxjbf-wp67697, accessUrl: https://cixxjbf-wp67697.snowflakecomputing.com, user: yoooni, role: undefined, database: FNF, schema: undefined, warehouse: DEV_WH, proxy was not configured, password is provided, region: undefined, authenticator: SNOWFLAKE, ocsp mode: FAIL_OPEN, os: win32, os version: 10.0.26200"}
{"level":"INFO","message":"[9:10:59.323 AM]: Connection[id: 4e6f77a0-2cd7-40eb-8621-40272e7a03a6] additional details: passcode in password is provided, passcode is not provided, private key is not provided, application: undefined, client name: snowflake-sdk, client version: 2.3.3, retry timeout: 300, private key path: undefined, private key pass is not provided, client store temporary credential: false, browser response timeout: 120000"}
{"level":"INFO","message":"[9:10:59.333 AM]: Connection[id: 4e6f77a0-2cd7-40eb-8621-40272e7a03a6] - connection object created successfully."}
{"level":"INFO","message":"[9:10:59.352 AM]: Connection[id: 4e6f77a0-2cd7-40eb-8621-40272e7a03a6] - connecting. Associated Snowflake domain: GLOBAL"}
{"level":"INFO","message":"[9:10:59.368 AM]: Connection[id: 4e6f77a0-2cd7-40eb-8621-40272e7a03a6] - authentication successful using: SNOWFLAKE"}
{"level":"INFO","message":"[9:10:59.379 AM]: Trying to initialize Easy Logging"}
{"level":"INFO","message":"[9:10:59.543 AM]: Creating new connection object"}
{"level":"INFO","message":"[9:10:59.623 AM]: Creating Connection[id: be2ac303-ea02-4d5c-9ce7-1f575882287c] with host: cixxjbf-wp67697.snowflakecomputing.com, account: cixxjbf-wp67697, accessUrl: https://cixxjbf-wp67697.snowflakecomputing.com, user: yoooni, role: undefined, database: FNF, schema: undefined, warehouse: DEV_WH, proxy was not configured, password is provided, region: undefined, authenticator: SNOWFLAKE, ocsp mode: FAIL_OPEN, os: win32, os version: 10.0.26200"}
{"level":"INFO","message":"[9:10:59.669 AM]: Connection[id: be2ac303-ea02-4d5c-9ce7-1f575882287c] additional details: passcode in password is provided, passcode is not provided, private key is not provided, application: undefined, client name: snowflake-sdk, client version: 2.3.3, retry timeout: 300, private key path: undefined, private key pass is not provided, client store temporary credential: false, browser response timeout: 120000"}
{"level":"INFO","message":"[9:10:59.725 AM]: Connection[id: be2ac303-ea02-4d5c-9ce7-1f575882287c] - connection object created successfully."}
{"level":"INFO","message":"[9:10:59.806 AM]: Connection[id: be2ac303-ea02-4d5c-9ce7-1f575882287c] - connecting. Associated Snowflake domain: GLOBAL"}
{"level":"INFO","message":"[9:10:59.840 AM]: Connection[id: be2ac303-ea02-4d5c-9ce7-1f575882287c] - authentication successful using: SNOWFLAKE"}
{"level":"INFO","message":"[9:10:59.866 AM]: Trying to initialize Easy Logging"}
{"level":"INFO","message":"[9:11:00.141 AM]: Creating new connection object"}
{"level":"INFO","message":"[9:11:00.183 AM]: Creating Connection[id: 61c54313-7b9a-433f-b358-70041a621fed] with host: cixxjbf-wp67697.snowflakecomputing.com, account: cixxjbf-wp67697, accessUrl: https://cixxjbf-wp67697.snowflakecomputing.com, user: yoooni, role: undefined, database: FNF, schema: undefined, warehouse: DEV_WH, proxy was not configured, password is provided, region: undefined, authenticator: SNOWFLAKE, ocsp mode: FAIL_OPEN, os: win32, os version: 10.0.26200"}
{"level":"INFO","message":"[9:11:00.190 AM]: Connection[id: 61c54313-7b9a-433f-b358-70041a621fed] additional details: passcode in password is provided, passcode is not provided, private key is not provided, application: undefined, client name: snowflake-sdk, client version: 2.3.3, retry timeout: 300, private key path: undefined, private key pass is not provided, client store temporary credential: false, browser response timeout: 120000"}
{"level":"INFO","message":"[9:11:00.213 AM]: Connection[id: 61c54313-7b9a-433f-b358-70041a621fed] - connection object created successfully."}
{"level":"INFO","message":"[9:11:00.241 AM]: Connection[id: 61c54313-7b9a-433f-b358-70041a621fed] - connecting. Associated Snowflake domain: GLOBAL"}
{"level":"INFO","message":"[9:11:00.258 AM]: Connection[id: 61c54313-7b9a-433f-b358-70041a621fed] - authentication successful using: SNOWFLAKE"}
{"level":"INFO","message":"[9:11:00.283 AM]: Trying to initialize Easy Logging"}
{"level":"INFO","message":"[9:11:00.391 AM]: Creating new connection object"}
{"level":"INFO","message":"[9:11:00.434 AM]: Creating Connection[id: 7257df9a-03ae-48f8-84b7-a73773a5d54a] with host: cixxjbf-wp67697.snowflakecomputing.com, account: cixxjbf-wp67697, accessUrl: https://cixxjbf-wp67697.snowflakecomputing.com, user: yoooni, role: undefined, database: FNF, schema: undefined, warehouse: DEV_WH, proxy was not configured, password is provided, region: undefined, authenticator: SNOWFLAKE, ocsp mode: FAIL_OPEN, os: win32, os version: 10.0.26200"}
{"level":"INFO","message":"[9:11:00.466 AM]: Connection[id: 7257df9a-03ae-48f8-84b7-a73773a5d54a] additional details: passcode in password is provided, passcode is not provided, private key is not provided, application: undefined, client name: snowflake-sdk, client version: 2.3.3, retry timeout: 300, private key path: undefined, private key pass is not provided, client store temporary credential: false, browser response timeout: 120000"}
{"level":"INFO","message":"[9:11:00.529 AM]: Connection[id: 7257df9a-03ae-48f8-84b7-a73773a5d54a] - connection object created successfully."}
{"level":"INFO","message":"[9:11:00.567 AM]: Connection[id: 7257df9a-03ae-48f8-84b7-a73773a5d54a] - connecting. Associated Snowflake domain: GLOBAL"}
{"level":"INFO","message":"[9:11:00.582 AM]: Connection[id: 7257df9a-03ae-48f8-84b7-a73773a5d54a] - authentication successful using: SNOWFLAKE"}
{"level":"INFO","message":"[9:11:00.625 AM]: Trying to initialize Easy Logging"}
{"level":"INFO","message":"[9:11:00.871 AM]: Creating new connection object"}
{"level":"INFO","message":"[9:11:00.950 AM]: Creating Connection[id: ec479311-1a08-4be4-9191-024089443e93] with host: cixxjbf-wp67697.snowflakecomputing.com, account: cixxjbf-wp67697, accessUrl: https://cixxjbf-wp67697.snowflakecomputing.com, user: yoooni, role: undefined, database: FNF, schema: undefined, warehouse: DEV_WH, proxy was not configured, password is provided, region: undefined, authenticator: SNOWFLAKE, ocsp mode: FAIL_OPEN, os: win32, os version: 10.0.26200"}
{"level":"INFO","message":"[9:11:00.972 AM]: Connection[id: ec479311-1a08-4be4-9191-024089443e93] additional details: passcode in password is provided, passcode is not provided, private key is not provided, application: undefined, client name: snowflake-sdk, client version: 2.3.3, retry timeout: 300, private key path: undefined, private key pass is not provided, client store temporary credential: false, browser response timeout: 120000"}
{"level":"INFO","message":"[9:11:01.013 AM]: Connection[id: ec479311-1a08-4be4-9191-024089443e93] - connection object created successfully."}
{"level":"INFO","message":"[9:11:01.068 AM]: Connection[id: ec479311-1a08-4be4-9191-024089443e93] - connecting. Associated Snowflake domain: GLOBAL"}
{"level":"INFO","message":"[9:11:01.086 AM]: Connection[id: ec479311-1a08-4be4-9191-024089443e93] - authentication successful using: SNOWFLAKE"}
{"level":"INFO","message":"[9:11:01.108 AM]: Trying to initialize Easy Logging"}
{"level":"INFO","message":"[9:11:01.404 AM]: Creating new connection object"}
{"level":"INFO","message":"[9:11:01.498 AM]: Creating Connection[id: 12e4a909-89bf-4a49-b955-a3878c11fe8f] with host: cixxjbf-wp67697.snowflakecomputing.com, account: cixxjbf-wp67697, accessUrl: https://cixxjbf-wp67697.snowflakecomputing.com, user: yoooni, role: undefined, database: FNF, schema: undefined, warehouse: DEV_WH, proxy was not configured, password is provided, region: undefined, authenticator: SNOWFLAKE, ocsp mode: FAIL_OPEN, os: win32, os version: 10.0.26200"}
{"level":"INFO","message":"[9:11:01.557 AM]: Connection[id: 12e4a909-89bf-4a49-b955-a3878c11fe8f] additional details: passcode in password is provided, passcode is not provided, private key is not provided, application: undefined, client name: snowflake-sdk, client version: 2.3.3, retry timeout: 300, private key path: undefined, private key pass is not provided, client store temporary credential: false, browser response timeout: 120000"}
{"level":"INFO","message":"[9:11:01.601 AM]: Connection[id: 12e4a909-89bf-4a49-b955-a3878c11fe8f] - connection object created successfully."}
{"level":"INFO","message":"[9:11:01.684 AM]: Connection[id: 12e4a909-89bf-4a49-b955-a3878c11fe8f] - connecting. Associated Snowflake domain: GLOBAL"}
{"level":"INFO","message":"[9:11:01.729 AM]: Connection[id: 12e4a909-89bf-4a49-b955-a3878c11fe8f] - authentication successful using: SNOWFLAKE"}
{"level":"INFO","message":"[9:11:01.850 AM]: Trying to initialize Easy Logging"}
{"level":"INFO","message":"[9:11:02.232 AM]: No client config detected."}
{"level":"INFO","message":"[9:11:02.274 AM]: No config file path found. Client config will not be used."}
{"level":"INFO","message":"[9:11:02.376 AM]: Easy Logging is disabled as no config has been found"}
{"level":"INFO","message":"[9:11:03.109 AM]: No client config detected."}
{"level":"INFO","message":"[9:11:03.118 AM]: No config file path found. Client config will not be used."}
{"level":"INFO","message":"[9:11:03.128 AM]: Easy Logging is disabled as no config has been found"}
{"level":"INFO","message":"[9:11:03.209 AM]: No client config detected."}
{"level":"INFO","message":"[9:11:03.235 AM]: No config file path found. Client config will not be used."}
{"level":"INFO","message":"[9:11:03.244 AM]: Easy Logging is disabled as no config has been found"}
{"level":"INFO","message":"[9:11:03.410 AM]: No client config detected."}
{"level":"INFO","message":"[9:11:03.425 AM]: No config file path found. Client config will not be used."}
{"level":"INFO","message":"[9:11:03.437 AM]: Easy Logging is disabled as no config has been found"}
{"level":"INFO","message":"[9:11:03.518 AM]: No client config detected."}
{"level":"INFO","message":"[9:11:03.533 AM]: No config file path found. Client config will not be used."}
{"level":"INFO","message":"[9:11:03.558 AM]: Easy Logging is disabled as no config has been found"}
{"level":"INFO","message":"[9:11:03.657 AM]: No client config detected."}
{"level":"INFO","message":"[9:11:03.704 AM]: No config file path found. Client config will not be used."}
{"level":"INFO","message":"[9:11:03.727 AM]: Easy Logging is disabled as no config has been found"}
{"level":"INFO","message":"[9:11:27.546 AM]: Connection[id: 7257df9a-03ae-48f8-84b7-a73773a5d54a] - connection established successfully after 26974.08 milliseconds"}
{"level":"INFO","message":"[9:11:27.963 AM]: Connection[id: 61c54313-7b9a-433f-b358-70041a621fed] - connection established successfully after 27721.56 milliseconds"}
{"level":"INFO","message":"[9:11:31.259 AM]: Connection[id: 4e6f77a0-2cd7-40eb-8621-40272e7a03a6] - connection established successfully after 31908.17 milliseconds"}
{"level":"INFO","message":"[9:11:33.647 AM]: Connection[id: be2ac303-ea02-4d5c-9ce7-1f575882287c] - connection established successfully after 33841.02 milliseconds"}
{"level":"INFO","message":"[9:11:35.468 AM]: Connection[id: ec479311-1a08-4be4-9191-024089443e93] - connection established successfully after 34400.33 milliseconds"}
{"level":"INFO","message":"[9:11:35.541 AM]: Connection[id: 12e4a909-89bf-4a49-b955-a3878c11fe8f] - connection established successfully after 33857.61 milliseconds"}
{"level":"INFO","message":"[9:11:44.325 AM]: Creating new connection object"}
{"level":"INFO","message":"[9:11:44.329 AM]: Creating Connection[id: c83c05af-96a2-4bde-a2b7-ffa756f6607a] with host: cixxjbf-wp67697.snowflakecomputing.com, account: cixxjbf-wp67697, accessUrl: https://cixxjbf-wp67697.snowflakecomputing.com, user: yoooni, role: undefined, database: FNF, schema: undefined, warehouse: DEV_WH, proxy was not configured, password is provided, region: undefined, authenticator: SNOWFLAKE, ocsp mode: FAIL_OPEN, os: win32, os version: 10.0.26200"}
{"level":"INFO","message":"[9:11:44.330 AM]: Connection[id: c83c05af-96a2-4bde-a2b7-ffa756f6607a] additional details: passcode in password is provided, passcode is not provided, private key is not provided, application: undefined, client name: snowflake-sdk, client version: 2.3.3, retry timeout: 300, private key path: undefined, private key pass is not provided, client store temporary credential: false, browser response timeout: 120000"}
{"level":"INFO","message":"[9:11:44.331 AM]: Connection[id: c83c05af-96a2-4bde-a2b7-ffa756f6607a] - connection object created successfully."}
{"level":"INFO","message":"[9:11:44.332 AM]: Connection[id: c83c05af-96a2-4bde-a2b7-ffa756f6607a] - connecting. Associated Snowflake domain: GLOBAL"}
{"level":"INFO","message":"[9:11:44.333 AM]: Connection[id: c83c05af-96a2-4bde-a2b7-ffa756f6607a] - authentication successful using: SNOWFLAKE"}
{"level":"INFO","message":"[9:11:44.574 AM]: Connection[id: c83c05af-96a2-4bde-a2b7-ffa756f6607a] - connection established successfully after 241.8 milliseconds"}
{"level":"INFO","message":"[9:11:47.390 AM]: Creating new connection object"}
{"level":"INFO","message":"[9:11:47.405 AM]: Creating Connection[id: 82863cd3-bfe9-4987-bde1-822897396701] with host: cixxjbf-wp67697.snowflakecomputing.com, account: cixxjbf-wp67697, accessUrl: https://cixxjbf-wp67697.snowflakecomputing.com, user: yoooni, role: undefined, database: FNF, schema: undefined, warehouse: DEV_WH, proxy was not configured, password is provided, region: undefined, authenticator: SNOWFLAKE, ocsp mode: FAIL_OPEN, os: win32, os version: 10.0.26200"}
{"level":"INFO","message":"[9:11:47.426 AM]: Connection[id: 82863cd3-bfe9-4987-bde1-822897396701] additional details: passcode in password is provided, passcode is not provided, private key is not provided, application: undefined, client name: snowflake-sdk, client version: 2.3.3, retry timeout: 300, private key path: undefined, private key pass is not provided, client store temporary credential: false, browser response timeout: 120000"}
{"level":"INFO","message":"[9:11:47.466 AM]: Connection[id: 82863cd3-bfe9-4987-bde1-822897396701] - connection object created successfully."}
{"level":"INFO","message":"[9:11:47.485 AM]: Connection[id: 82863cd3-bfe9-4987-bde1-822897396701] - connecting. Associated Snowflake domain: GLOBAL"}
{"level":"INFO","message":"[9:11:47.511 AM]: Connection[id: 82863cd3-bfe9-4987-bde1-822897396701] - authentication successful using: SNOWFLAKE"}
{"level":"INFO","message":"[9:11:47.991 AM]: Connection[id: 82863cd3-bfe9-4987-bde1-822897396701] - connection established successfully after 505.22 milliseconds"}
{"level":"INFO","message":"[9:11:48.640 AM]: Creating new connection object"}
{"level":"INFO","message":"[9:11:48.727 AM]: Creating Connection[id: b84f7758-be88-4680-8f21-dad0a0ceeee2] with host: cixxjbf-wp67697.snowflakecomputing.com, account: cixxjbf-wp67697, accessUrl: https://cixxjbf-wp67697.snowflakecomputing.com, user: yoooni, role: undefined, database: FNF, schema: undefined, warehouse: DEV_WH, proxy was not configured, password is provided, region: undefined, authenticator: SNOWFLAKE, ocsp mode: FAIL_OPEN, os: win32, os version: 10.0.26200"}
{"level":"INFO","message":"[9:11:48.731 AM]: Connection[id: b84f7758-be88-4680-8f21-dad0a0ceeee2] additional details: passcode in password is provided, passcode is not provided, private key is not provided, application: undefined, client name: snowflake-sdk, client version: 2.3.3, retry timeout: 300, private key path: undefined, private key pass is not provided, client store temporary credential: false, browser response timeout: 120000"}
{"level":"INFO","message":"[9:11:48.735 AM]: Connection[id: b84f7758-be88-4680-8f21-dad0a0ceeee2] - connection object created successfully."}
{"level":"INFO","message":"[9:11:48.738 AM]: Connection[id: b84f7758-be88-4680-8f21-dad0a0ceeee2] - connecting. Associated Snowflake domain: GLOBAL"}
{"level":"INFO","message":"[9:11:48.740 AM]: Connection[id: b84f7758-be88-4680-8f21-dad0a0ceeee2] - authentication successful using: SNOWFLAKE"}
{"level":"INFO","message":"[9:11:49.040 AM]: Connection[id: b84f7758-be88-4680-8f21-dad0a0ceeee2] - connection established successfully after 301.88 milliseconds"}
{"level":"INFO","message":"[6:38:28.692 PM]: Creating new connection object"}
{"level":"INFO","message":"[6:38:28.768 PM]: Creating Connection[id: 71d0a23a-a969-4187-88b0-b1712a1b7449] with host: cixxjbf-wp67697.snowflakecomputing.com, account: cixxjbf-wp67697, accessUrl: https://cixxjbf-wp67697.snowflakecomputing.com, user: yoooni, role: undefined, database: FNF, schema: undefined, warehouse: DEV_WH, proxy was not configured, password is provided, region: undefined, authenticator: SNOWFLAKE, ocsp mode: FAIL_OPEN, os: win32, os version: 10.0.26200"}
{"level":"INFO","message":"[6:38:28.773 PM]: Connection[id: 71d0a23a-a969-4187-88b0-b1712a1b7449] additional details: passcode in password is provided, passcode is not provided, private key is not provided, application: undefined, client name: snowflake-sdk, client version: 2.3.3, retry timeout: 300, private key path: undefined, private key pass is not provided, client store temporary credential: false, browser response timeout: 120000"}
{"level":"INFO","message":"[6:38:28.774 PM]: Connection[id: 71d0a23a-a969-4187-88b0-b1712a1b7449] - connection object created successfully."}
{"level":"INFO","message":"[6:38:28.776 PM]: Connection[id: 71d0a23a-a969-4187-88b0-b1712a1b7449] - connecting. Associated Snowflake domain: GLOBAL"}
{"level":"INFO","message":"[6:38:28.779 PM]: Connection[id: 71d0a23a-a969-4187-88b0-b1712a1b7449] - authentication successful using: SNOWFLAKE"}
{"level":"INFO","message":"[6:38:28.787 PM]: Trying to initialize Easy Logging"}
{"level":"INFO","message":"[6:38:28.871 PM]: No client config detected."}
{"level":"INFO","message":"[6:38:28.872 PM]: No config file path found. Client config will not be used."}
{"level":"INFO","message":"[6:38:28.873 PM]: Easy Logging is disabled as no config has been found"}
{"level":"INFO","message":"[6:38:33.325 PM]: Connection[id: 71d0a23a-a969-4187-88b0-b1712a1b7449] - connection established successfully after 4548.66 milliseconds"}
{"level":"INFO","message":"[6:38:38.578 PM]: Creating new connection object"}
{"level":"INFO","message":"[6:38:38.581 PM]: Creating Connection[id: 8eaccc6f-fa1d-490a-95f6-9793f2ecf603] with host: cixxjbf-wp67697.snowflakecomputing.com, account: cixxjbf-wp67697, accessUrl: https://cixxjbf-wp67697.snowflakecomputing.com, user: yoooni, role: undefined, database: FNF, schema: undefined, warehouse: DEV_WH, proxy was not configured, password is provided, region: undefined, authenticator: SNOWFLAKE, ocsp mode: FAIL_OPEN, os: win32, os version: 10.0.26200"}
{"level":"INFO","message":"[6:38:38.585 PM]: Connection[id: 8eaccc6f-fa1d-490a-95f6-9793f2ecf603] additional details: passcode in password is provided, passcode is not provided, private key is not provided, application: undefined, client name: snowflake-sdk, client version: 2.3.3, retry timeout: 300, private key path: undefined, private key pass is not provided, client store temporary credential: false, browser response timeout: 120000"}
{"level":"INFO","message":"[6:38:38.586 PM]: Connection[id: 8eaccc6f-fa1d-490a-95f6-9793f2ecf603] - connection object created successfully."}
{"level":"INFO","message":"[6:38:38.589 PM]: Connection[id: 8eaccc6f-fa1d-490a-95f6-9793f2ecf603] - connecting. Associated Snowflake domain: GLOBAL"}
{"level":"INFO","message":"[6:38:38.591 PM]: Connection[id: 8eaccc6f-fa1d-490a-95f6-9793f2ecf603] - authentication successful using: SNOWFLAKE"}
{"level":"INFO","message":"[6:38:39.145 PM]: Connection[id: 8eaccc6f-fa1d-490a-95f6-9793f2ecf603] - connection established successfully after 556.79 milliseconds"}
{"level":"INFO","message":"[6:40:09.202 PM]: Creating new connection object"}
{"level":"INFO","message":"[6:40:09.281 PM]: Creating Connection[id: 3f3e7430-462d-4485-81d5-667d6b6d0362] with host: cixxjbf-wp67697.snowflakecomputing.com, account: cixxjbf-wp67697, accessUrl: https://cixxjbf-wp67697.snowflakecomputing.com, user: yoooni, role: undefined, database: FNF, schema: undefined, warehouse: DEV_WH, proxy was not configured, password is provided, region: undefined, authenticator: SNOWFLAKE, ocsp mode: FAIL_OPEN, os: win32, os version: 10.0.26200"}
{"level":"INFO","message":"[6:40:09.290 PM]: Connection[id: 3f3e7430-462d-4485-81d5-667d6b6d0362] additional details: passcode in password is provided, passcode is not provided, private key is not provided, application: undefined, client name: snowflake-sdk, client version: 2.3.3, retry timeout: 300, private key path: undefined, private key pass is not provided, client store temporary credential: false, browser response timeout: 120000"}
{"level":"INFO","message":"[6:40:09.297 PM]: Connection[id: 3f3e7430-462d-4485-81d5-667d6b6d0362] - connection object created successfully."}
{"level":"INFO","message":"[6:40:09.306 PM]: Connection[id: 3f3e7430-462d-4485-81d5-667d6b6d0362] - connecting. Associated Snowflake domain: GLOBAL"}
{"level":"INFO","message":"[6:40:09.312 PM]: Connection[id: 3f3e7430-462d-4485-81d5-667d6b6d0362] - authentication successful using: SNOWFLAKE"}
{"level":"INFO","message":"[6:40:09.332 PM]: Trying to initialize Easy Logging"}
{"level":"INFO","message":"[6:40:09.369 PM]: No client config detected."}
{"level":"INFO","message":"[6:40:09.385 PM]: No config file path found. Client config will not be used."}
{"level":"INFO","message":"[6:40:09.408 PM]: Easy Logging is disabled as no config has been found"}
{"level":"INFO","message":"[6:40:14.179 PM]: Connection[id: 3f3e7430-462d-4485-81d5-667d6b6d0362] - connection established successfully after 4872.52 milliseconds"}
{"level":"INFO","message":"[6:40:15.486 PM]: Creating new connection object"}
{"level":"INFO","message":"[6:40:15.492 PM]: Creating Connection[id: 4d05e891-c516-4943-bf33-0cf983513336] with host: cixxjbf-wp67697.snowflakecomputing.com, account: cixxjbf-wp67697, accessUrl: https://cixxjbf-wp67697.snowflakecomputing.com, user: yoooni, role: undefined, database: FNF, schema: undefined, warehouse: DEV_WH, proxy was not configured, password is provided, region: undefined, authenticator: SNOWFLAKE, ocsp mode: FAIL_OPEN, os: win32, os version: 10.0.26200"}
{"level":"INFO","message":"[6:40:15.494 PM]: Connection[id: 4d05e891-c516-4943-bf33-0cf983513336] additional details: passcode in password is provided, passcode is not provided, private key is not provided, application: undefined, client name: snowflake-sdk, client version: 2.3.3, retry timeout: 300, private key path: undefined, private key pass is not provided, client store temporary credential: false, browser response timeout: 120000"}
{"level":"INFO","message":"[6:40:15.496 PM]: Connection[id: 4d05e891-c516-4943-bf33-0cf983513336] - connection object created successfully."}
{"level":"INFO","message":"[6:40:15.497 PM]: Connection[id: 4d05e891-c516-4943-bf33-0cf983513336] - connecting. Associated Snowflake domain: GLOBAL"}
{"level":"INFO","message":"[6:40:15.497 PM]: Connection[id: 4d05e891-c516-4943-bf33-0cf983513336] - authentication successful using: SNOWFLAKE"}
{"level":"INFO","message":"[6:40:15.523 PM]: Creating new connection object"}
{"level":"INFO","message":"[6:40:15.527 PM]: Creating Connection[id: d060fdc8-7501-4122-96c2-10d243376d1b] with host: cixxjbf-wp67697.snowflakecomputing.com, account: cixxjbf-wp67697, accessUrl: https://cixxjbf-wp67697.snowflakecomputing.com, user: yoooni, role: undefined, database: FNF, schema: undefined, warehouse: DEV_WH, proxy was not configured, password is provided, region: undefined, authenticator: SNOWFLAKE, ocsp mode: FAIL_OPEN, os: win32, os version: 10.0.26200"}
{"level":"INFO","message":"[6:40:15.528 PM]: Connection[id: d060fdc8-7501-4122-96c2-10d243376d1b] additional details: passcode in password is provided, passcode is not provided, private key is not provided, application: undefined, client name: snowflake-sdk, client version: 2.3.3, retry timeout: 300, private key path: undefined, private key pass is not provided, client store temporary credential: false, browser response timeout: 120000"}
{"level":"INFO","message":"[6:40:15.529 PM]: Connection[id: d060fdc8-7501-4122-96c2-10d243376d1b] - connection object created successfully."}
{"level":"INFO","message":"[6:40:15.529 PM]: Connection[id: d060fdc8-7501-4122-96c2-10d243376d1b] - connecting. Associated Snowflake domain: GLOBAL"}
{"level":"INFO","message":"[6:40:15.530 PM]: Connection[id: d060fdc8-7501-4122-96c2-10d243376d1b] - authentication successful using: SNOWFLAKE"}
{"level":"INFO","message":"[6:40:16.249 PM]: Connection[id: 4d05e891-c516-4943-bf33-0cf983513336] - connection established successfully after 752.12 milliseconds"}
{"level":"INFO","message":"[6:40:16.468 PM]: Connection[id: d060fdc8-7501-4122-96c2-10d243376d1b] - connection established successfully after 938.62 milliseconds"}
{"level":"INFO","message":"[8:30:09.163 PM]: Creating new connection object"}
{"level":"INFO","message":"[8:30:09.379 PM]: Creating Connection[id: 7d9f3526-fe3b-4c6f-b786-baddbfe94dea] with host: cixxjbf-wp67697.snowflakecomputing.com, account: cixxjbf-wp67697, accessUrl: https://cixxjbf-wp67697.snowflakecomputing.com, user: yoooni, role: undefined, database: FNF, schema: undefined, warehouse: DEV_WH, proxy was not configured, password is provided, region: undefined, authenticator: SNOWFLAKE, ocsp mode: FAIL_OPEN, os: win32, os version: 10.0.26200"}
{"level":"INFO","message":"[8:30:09.385 PM]: Connection[id: 7d9f3526-fe3b-4c6f-b786-baddbfe94dea] additional details: passcode in password is provided, passcode is not provided, private key is not provided, application: undefined, client name: snowflake-sdk, client version: 2.3.3, retry timeout: 300, private key path: undefined, private key pass is not provided, client store temporary credential: false, browser response timeout: 120000"}
{"level":"INFO","message":"[8:30:09.387 PM]: Connection[id: 7d9f3526-fe3b-4c6f-b786-baddbfe94dea] - connection object created successfully."}
{"level":"INFO","message":"[8:30:09.394 PM]: Connection[id: 7d9f3526-fe3b-4c6f-b786-baddbfe94dea] - connecting. Associated Snowflake domain: GLOBAL"}
{"level":"INFO","message":"[8:30:09.422 PM]: Connection[id: 7d9f3526-fe3b-4c6f-b786-baddbfe94dea] - authentication successful using: SNOWFLAKE"}
{"level":"INFO","message":"[8:30:17.082 PM]: Connection[id: 7d9f3526-fe3b-4c6f-b786-baddbfe94dea] - connection established successfully after 7688.29 milliseconds"}
{"level":"INFO","message":"[9:19:08.961 AM]: Creating new connection object"}
{"level":"INFO","message":"[9:19:09.172 AM]: Creating Connection[id: bd2a06ef-47fa-433b-ad87-bb36b846017c] with host: cixxjbf-wp67697.snowflakecomputing.com, account: cixxjbf-wp67697, accessUrl: https://cixxjbf-wp67697.snowflakecomputing.com, user: yoooni, role: undefined, database: FNF, schema: undefined, warehouse: DEV_WH, proxy was not configured, password is provided, region: undefined, authenticator: SNOWFLAKE, ocsp mode: FAIL_OPEN, os: win32, os version: 10.0.26200"}
{"level":"INFO","message":"[9:19:09.206 AM]: Connection[id: bd2a06ef-47fa-433b-ad87-bb36b846017c] additional details: passcode in password is provided, passcode is not provided, private key is not provided, application: undefined, client name: snowflake-sdk, client version: 2.3.3, retry timeout: 300, private key path: undefined, private key pass is not provided, client store temporary credential: false, browser response timeout: 120000"}
{"level":"INFO","message":"[9:19:09.225 AM]: Connection[id: bd2a06ef-47fa-433b-ad87-bb36b846017c] - connection object created successfully."}
{"level":"INFO","message":"[9:19:09.271 AM]: Connection[id: bd2a06ef-47fa-433b-ad87-bb36b846017c] - connecting. Associated Snowflake domain: GLOBAL"}
{"level":"INFO","message":"[9:19:09.305 AM]: Connection[id: bd2a06ef-47fa-433b-ad87-bb36b846017c] - authentication successful using: SNOWFLAKE"}
{"level":"INFO","message":"[9:19:09.335 AM]: Trying to initialize Easy Logging"}
{"level":"INFO","message":"[9:19:09.478 AM]: Creating new connection object"}
{"level":"INFO","message":"[9:19:09.504 AM]: Creating Connection[id: 79dff467-7143-4abe-b1df-a1d912dbba3d] with host: cixxjbf-wp67697.snowflakecomputing.com, account: cixxjbf-wp67697, accessUrl: https://cixxjbf-wp67697.snowflakecomputing.com, user: yoooni, role: undefined, database: FNF, schema: undefined, warehouse: DEV_WH, proxy was not configured, password is provided, region: undefined, authenticator: SNOWFLAKE, ocsp mode: FAIL_OPEN, os: win32, os version: 10.0.26200"}
{"level":"INFO","message":"[9:19:09.523 AM]: Connection[id: 79dff467-7143-4abe-b1df-a1d912dbba3d] additional details: passcode in password is provided, passcode is not provided, private key is not provided, application: undefined, client name: snowflake-sdk, client version: 2.3.3, retry timeout: 300, private key path: undefined, private key pass is not provided, client store temporary credential: false, browser response timeout: 120000"}
{"level":"INFO","message":"[9:19:09.531 AM]: Connection[id: 79dff467-7143-4abe-b1df-a1d912dbba3d] - connection object created successfully."}
{"level":"INFO","message":"[9:19:09.545 AM]: Connection[id: 79dff467-7143-4abe-b1df-a1d912dbba3d] - connecting. Associated Snowflake domain: GLOBAL"}
{"level":"INFO","message":"[9:19:09.550 AM]: Connection[id: 79dff467-7143-4abe-b1df-a1d912dbba3d] - authentication successful using: SNOWFLAKE"}
{"level":"INFO","message":"[9:19:09.593 AM]: Trying to initialize Easy Logging"}
{"level":"INFO","message":"[9:19:10.023 AM]: No client config detected."}
{"level":"INFO","message":"[9:19:10.033 AM]: No config file path found. Client config will not be used."}
{"level":"INFO","message":"[9:19:10.037 AM]: Easy Logging is disabled as no config has been found"}
{"level":"INFO","message":"[9:19:10.136 AM]: No client config detected."}
{"level":"INFO","message":"[9:19:10.140 AM]: No config file path found. Client config will not be used."}
{"level":"INFO","message":"[9:19:10.142 AM]: Easy Logging is disabled as no config has been found"}
{"level":"INFO","message":"[9:19:17.148 AM]: Creating new connection object"}
{"level":"INFO","message":"[9:19:17.177 AM]: Creating Connection[id: d6bb13c4-6ef9-4438-a555-8e65b0d93bae] with host: cixxjbf-wp67697.snowflakecomputing.com, account: cixxjbf-wp67697, accessUrl: https://cixxjbf-wp67697.snowflakecomputing.com, user: yoooni, role: undefined, database: FNF, schema: undefined, warehouse: DEV_WH, proxy was not configured, password is provided, region: undefined, authenticator: SNOWFLAKE, ocsp mode: FAIL_OPEN, os: win32, os version: 10.0.26200"}
{"level":"INFO","message":"[9:19:17.212 AM]: Connection[id: d6bb13c4-6ef9-4438-a555-8e65b0d93bae] additional details: passcode in password is provided, passcode is not provided, private key is not provided, application: undefined, client name: snowflake-sdk, client version: 2.3.3, retry timeout: 300, private key path: undefined, private key pass is not provided, client store temporary credential: false, browser response timeout: 120000"}
{"level":"INFO","message":"[9:19:17.258 AM]: Connection[id: d6bb13c4-6ef9-4438-a555-8e65b0d93bae] - connection object created successfully."}
{"level":"INFO","message":"[9:19:17.285 AM]: Connection[id: d6bb13c4-6ef9-4438-a555-8e65b0d93bae] - connecting. Associated Snowflake domain: GLOBAL"}
{"level":"INFO","message":"[9:19:17.299 AM]: Connection[id: d6bb13c4-6ef9-4438-a555-8e65b0d93bae] - authentication successful using: SNOWFLAKE"}
{"level":"INFO","message":"[9:19:20.796 AM]: Connection[id: 79dff467-7143-4abe-b1df-a1d912dbba3d] - connection established successfully after 11250.6 milliseconds"}
{"level":"INFO","message":"[9:19:24.188 AM]: Connection[id: bd2a06ef-47fa-433b-ad87-bb36b846017c] - connection established successfully after 14917.27 milliseconds"}
{"level":"INFO","message":"[9:19:26.124 AM]: Connection[id: d6bb13c4-6ef9-4438-a555-8e65b0d93bae] - connection established successfully after 8839.36 milliseconds"}
{"level":"INFO","message":"[9:19:26.542 AM]: Creating new connection object"}
{"level":"INFO","message":"[9:19:26.610 AM]: Creating Connection[id: ab0ef0eb-58e3-4d7e-a2cb-d292e4101d8a] with host: cixxjbf-wp67697.snowflakecomputing.com, account: cixxjbf-wp67697, accessUrl: https://cixxjbf-wp67697.snowflakecomputing.com, user: yoooni, role: undefined, database: FNF, schema: undefined, warehouse: DEV_WH, proxy was not configured, password is provided, region: undefined, authenticator: SNOWFLAKE, ocsp mode: FAIL_OPEN, os: win32, os version: 10.0.26200"}
{"level":"INFO","message":"[9:19:26.645 AM]: Connection[id: ab0ef0eb-58e3-4d7e-a2cb-d292e4101d8a] additional details: passcode in password is provided, passcode is not provided, private key is not provided, application: undefined, client name: snowflake-sdk, client version: 2.3.3, retry timeout: 300, private key path: undefined, private key pass is not provided, client store temporary credential: false, browser response timeout: 120000"}
{"level":"INFO","message":"[9:19:26.820 AM]: Connection[id: ab0ef0eb-58e3-4d7e-a2cb-d292e4101d8a] - connection object created successfully."}
{"level":"INFO","message":"[9:19:26.903 AM]: Connection[id: ab0ef0eb-58e3-4d7e-a2cb-d292e4101d8a] - connecting. Associated Snowflake domain: GLOBAL"}
{"level":"INFO","message":"[9:19:26.966 AM]: Connection[id: ab0ef0eb-58e3-4d7e-a2cb-d292e4101d8a] - authentication successful using: SNOWFLAKE"}
{"level":"INFO","message":"[9:19:28.336 AM]: Connection[id: ab0ef0eb-58e3-4d7e-a2cb-d292e4101d8a] - connection established successfully after 1433.49 milliseconds"}
{"level":"INFO","message":"[9:23:42.478 AM]: Creating new connection object"}
{"level":"INFO","message":"[9:23:42.499 AM]: Creating Connection[id: a4822f3a-8e2f-4e19-8c42-8fb250c86217] with host: cixxjbf-wp67697.snowflakecomputing.com, account: cixxjbf-wp67697, accessUrl: https://cixxjbf-wp67697.snowflakecomputing.com, user: yoooni, role: undefined, database: FNF, schema: undefined, warehouse: DEV_WH, proxy was not configured, password is provided, region: undefined, authenticator: SNOWFLAKE, ocsp mode: FAIL_OPEN, os: win32, os version: 10.0.26200"}
{"level":"INFO","message":"[9:23:42.506 AM]: Connection[id: a4822f3a-8e2f-4e19-8c42-8fb250c86217] additional details: passcode in password is provided, passcode is not provided, private key is not provided, application: undefined, client name: snowflake-sdk, client version: 2.3.3, retry timeout: 300, private key path: undefined, private key pass is not provided, client store temporary credential: false, browser response timeout: 120000"}
{"level":"INFO","message":"[9:23:42.509 AM]: Connection[id: a4822f3a-8e2f-4e19-8c42-8fb250c86217] - connection object created successfully."}
{"level":"INFO","message":"[9:23:42.514 AM]: Connection[id: a4822f3a-8e2f-4e19-8c42-8fb250c86217] - connecting. Associated Snowflake domain: GLOBAL"}
{"level":"INFO","message":"[9:23:42.519 AM]: Connection[id: a4822f3a-8e2f-4e19-8c42-8fb250c86217] - authentication successful using: SNOWFLAKE"}
{"level":"INFO","message":"[9:23:47.880 AM]: Connection[id: a4822f3a-8e2f-4e19-8c42-8fb250c86217] - connection established successfully after 5365.94 milliseconds"}
{"level":"INFO","message":"[10:13:09.066 AM]: Creating new connection object"}
{"level":"INFO","message":"[10:13:09.145 AM]: Creating Connection[id: 39d4fd6e-63c3-488a-b297-7abbad5f032f] with host: cixxjbf-wp67697.snowflakecomputing.com, account: cixxjbf-wp67697, accessUrl: https://cixxjbf-wp67697.snowflakecomputing.com, user: yoooni, role: undefined, database: FNF, schema: undefined, warehouse: DEV_WH, proxy was not configured, password is provided, region: undefined, authenticator: SNOWFLAKE, ocsp mode: FAIL_OPEN, os: win32, os version: 10.0.26200"}
{"level":"INFO","message":"[10:13:09.152 AM]: Connection[id: 39d4fd6e-63c3-488a-b297-7abbad5f032f] additional details: passcode in password is provided, passcode is not provided, private key is not provided, application: undefined, client name: snowflake-sdk, client version: 2.3.3, retry timeout: 300, private key path: undefined, private key pass is not provided, client store temporary credential: false, browser response timeout: 120000"}
{"level":"INFO","message":"[10:13:09.154 AM]: Connection[id: 39d4fd6e-63c3-488a-b297-7abbad5f032f] - connection object created successfully."}
{"level":"INFO","message":"[10:13:09.158 AM]: Connection[id: 39d4fd6e-63c3-488a-b297-7abbad5f032f] - connecting. Associated Snowflake domain: GLOBAL"}
{"level":"INFO","message":"[10:13:09.166 AM]: Connection[id: 39d4fd6e-63c3-488a-b297-7abbad5f032f] - authentication successful using: SNOWFLAKE"}
{"level":"INFO","message":"[10:13:09.170 AM]: Trying to initialize Easy Logging"}
{"level":"INFO","message":"[10:13:09.204 AM]: Creating new connection object"}
{"level":"INFO","message":"[10:13:09.206 AM]: Creating Connection[id: ea707fcd-4f41-4ef2-9381-1b7db28cd124] with host: cixxjbf-wp67697.snowflakecomputing.com, account: cixxjbf-wp67697, accessUrl: https://cixxjbf-wp67697.snowflakecomputing.com, user: yoooni, role: undefined, database: FNF, schema: undefined, warehouse: DEV_WH, proxy was not configured, password is provided, region: undefined, authenticator: SNOWFLAKE, ocsp mode: FAIL_OPEN, os: win32, os version: 10.0.26200"}
{"level":"INFO","message":"[10:13:09.208 AM]: Connection[id: ea707fcd-4f41-4ef2-9381-1b7db28cd124] additional details: passcode in password is provided, passcode is not provided, private key is not provided, application: undefined, client name: snowflake-sdk, client version: 2.3.3, retry timeout: 300, private key path: undefined, private key pass is not provided, client store temporary credential: false, browser response timeout: 120000"}
{"level":"INFO","message":"[10:13:09.209 AM]: Connection[id: ea707fcd-4f41-4ef2-9381-1b7db28cd124] - connection object created successfully."}
{"level":"INFO","message":"[10:13:09.210 AM]: Connection[id: ea707fcd-4f41-4ef2-9381-1b7db28cd124] - connecting. Associated Snowflake domain: GLOBAL"}
{"level":"INFO","message":"[10:13:09.211 AM]: Connection[id: ea707fcd-4f41-4ef2-9381-1b7db28cd124] - authentication successful using: SNOWFLAKE"}
{"level":"INFO","message":"[10:13:09.213 AM]: Trying to initialize Easy Logging"}
{"level":"INFO","message":"[10:13:09.247 AM]: No client config detected."}
{"level":"INFO","message":"[10:13:09.248 AM]: No config file path found. Client config will not be used."}
{"level":"INFO","message":"[10:13:09.248 AM]: Easy Logging is disabled as no config has been found"}
{"level":"INFO","message":"[10:13:09.307 AM]: No client config detected."}
{"level":"INFO","message":"[10:13:09.308 AM]: No config file path found. Client config will not be used."}
{"level":"INFO","message":"[10:13:09.309 AM]: Easy Logging is disabled as no config has been found"}
{"level":"INFO","message":"[10:13:17.488 AM]: Connection[id: ea707fcd-4f41-4ef2-9381-1b7db28cd124] - connection established successfully after 8277.64 milliseconds"}
{"level":"INFO","message":"[10:13:17.755 AM]: Connection[id: 39d4fd6e-63c3-488a-b297-7abbad5f032f] - connection established successfully after 8597.36 milliseconds"}
{"level":"INFO","message":"[10:13:23.152 AM]: Creating new connection object"}
{"level":"INFO","message":"[10:13:23.154 AM]: Creating Connection[id: 8c40dd86-25fb-4c59-bdc4-8e9b95f257a5] with host: cixxjbf-wp67697.snowflakecomputing.com, account: cixxjbf-wp67697, accessUrl: https://cixxjbf-wp67697.snowflakecomputing.com, user: yoooni, role: undefined, database: FNF, schema: undefined, warehouse: DEV_WH, proxy was not configured, password is provided, region: undefined, authenticator: SNOWFLAKE, ocsp mode: FAIL_OPEN, os: win32, os version: 10.0.26200"}
{"level":"INFO","message":"[10:13:23.154 AM]: Connection[id: 8c40dd86-25fb-4c59-bdc4-8e9b95f257a5] additional details: passcode in password is provided, passcode is not provided, private key is not provided, application: undefined, client name: snowflake-sdk, client version: 2.3.3, retry timeout: 300, private key path: undefined, private key pass is not provided, client store temporary credential: false, browser response timeout: 120000"}
{"level":"INFO","message":"[10:13:23.154 AM]: Connection[id: 8c40dd86-25fb-4c59-bdc4-8e9b95f257a5] - connection object created successfully."}
{"level":"INFO","message":"[10:13:23.155 AM]: Connection[id: 8c40dd86-25fb-4c59-bdc4-8e9b95f257a5] - connecting. Associated Snowflake domain: GLOBAL"}
{"level":"INFO","message":"[10:13:23.155 AM]: Connection[id: 8c40dd86-25fb-4c59-bdc4-8e9b95f257a5] - authentication successful using: SNOWFLAKE"}
{"level":"INFO","message":"[10:13:23.402 AM]: Connection[id: 8c40dd86-25fb-4c59-bdc4-8e9b95f257a5] - connection established successfully after 247 milliseconds"}
{"level":"INFO","message":"[10:13:24.787 AM]: Creating new connection object"}
{"level":"INFO","message":"[10:13:24.789 AM]: Creating Connection[id: def56317-d00f-4827-9215-a2707144df4c] with host: cixxjbf-wp67697.snowflakecomputing.com, account: cixxjbf-wp67697, accessUrl: https://cixxjbf-wp67697.snowflakecomputing.com, user: yoooni, role: undefined, database: FNF, schema: undefined, warehouse: DEV_WH, proxy was not configured, password is provided, region: undefined, authenticator: SNOWFLAKE, ocsp mode: FAIL_OPEN, os: win32, os version: 10.0.26200"}
{"level":"INFO","message":"[10:13:24.790 AM]: Connection[id: def56317-d00f-4827-9215-a2707144df4c] additional details: passcode in password is provided, passcode is not provided, private key is not provided, application: undefined, client name: snowflake-sdk, client version: 2.3.3, retry timeout: 300, private key path: undefined, private key pass is not provided, client store temporary credential: false, browser response timeout: 120000"}
{"level":"INFO","message":"[10:13:24.791 AM]: Connection[id: def56317-d00f-4827-9215-a2707144df4c] - connection object created successfully."}
{"level":"INFO","message":"[10:13:24.793 AM]: Connection[id: def56317-d00f-4827-9215-a2707144df4c] - connecting. Associated Snowflake domain: GLOBAL"}
{"level":"INFO","message":"[10:13:24.794 AM]: Connection[id: def56317-d00f-4827-9215-a2707144df4c] - authentication successful using: SNOWFLAKE"}
{"level":"INFO","message":"[10:13:25.217 AM]: Creating new connection object"}
{"level":"INFO","message":"[10:13:25.222 AM]: Creating Connection[id: 0986c197-87d9-456d-85af-75f21324fc16] with host: cixxjbf-wp67697.snowflakecomputing.com, account: cixxjbf-wp67697, accessUrl: https://cixxjbf-wp67697.snowflakecomputing.com, user: yoooni, role: undefined, database: FNF, schema: undefined, warehouse: DEV_WH, proxy was not configured, password is provided, region: undefined, authenticator: SNOWFLAKE, ocsp mode: FAIL_OPEN, os: win32, os version: 10.0.26200"}
{"level":"INFO","message":"[10:13:25.223 AM]: Connection[id: 0986c197-87d9-456d-85af-75f21324fc16] additional details: passcode in password is provided, passcode is not provided, private key is not provided, application: undefined, client name: snowflake-sdk, client version: 2.3.3, retry timeout: 300, private key path: undefined, private key pass is not provided, client store temporary credential: false, browser response timeout: 120000"}
{"level":"INFO","message":"[10:13:25.224 AM]: Connection[id: 0986c197-87d9-456d-85af-75f21324fc16] - connection object created successfully."}
{"level":"INFO","message":"[10:13:25.224 AM]: Connection[id: 0986c197-87d9-456d-85af-75f21324fc16] - connecting. Associated Snowflake domain: GLOBAL"}
{"level":"INFO","message":"[10:13:25.225 AM]: Connection[id: 0986c197-87d9-456d-85af-75f21324fc16] - authentication successful using: SNOWFLAKE"}
{"level":"INFO","message":"[10:13:25.290 AM]: Connection[id: def56317-d00f-4827-9215-a2707144df4c] - connection established successfully after 497.34 milliseconds"}
{"level":"INFO","message":"[10:13:25.576 AM]: Connection[id: 0986c197-87d9-456d-85af-75f21324fc16] - connection established successfully after 351.94 milliseconds"}
{"level":"INFO","message":"[11:31:48.810 AM]: Creating new connection object"}
{"level":"INFO","message":"[11:31:49.100 AM]: Creating new connection object"}
{"level":"INFO","message":"[11:31:49.262 AM]: Creating new connection object"}
{"level":"INFO","message":"[11:31:48.950 AM]: Creating Connection[id: 3dc32ccd-5400-4f69-adcf-7c0fde343785] with host: cixxjbf-wp67697.snowflakecomputing.com, account: cixxjbf-wp67697, accessUrl: https://cixxjbf-wp67697.snowflakecomputing.com, user: yoooni, role: undefined, database: FNF, schema: undefined, warehouse: DEV_WH, proxy was not configured, password is provided, region: undefined, authenticator: SNOWFLAKE, ocsp mode: FAIL_OPEN, os: win32, os version: 10.0.26200"}
{"level":"INFO","message":"[11:31:48.953 AM]: Connection[id: 3dc32ccd-5400-4f69-adcf-7c0fde343785] additional details: passcode in password is provided, passcode is not provided, private key is not provided, application: undefined, client name: snowflake-sdk, client version: 2.3.3, retry timeout: 300, private key path: undefined, private key pass is not provided, client store temporary credential: false, browser response timeout: 120000"}
{"level":"INFO","message":"[11:31:48.955 AM]: Connection[id: 3dc32ccd-5400-4f69-adcf-7c0fde343785] - connection object created successfully."}
{"level":"INFO","message":"[11:31:48.957 AM]: Connection[id: 3dc32ccd-5400-4f69-adcf-7c0fde343785] - connecting. Associated Snowflake domain: GLOBAL"}
{"level":"INFO","message":"[11:31:48.959 AM]: Connection[id: 3dc32ccd-5400-4f69-adcf-7c0fde343785] - authentication successful using: SNOWFLAKE"}
{"level":"INFO","message":"[11:31:48.962 AM]: Trying to initialize Easy Logging"}
{"level":"INFO","message":"[11:31:49.519 AM]: No client config detected."}
{"level":"INFO","message":"[11:31:49.523 AM]: No config file path found. Client config will not be used."}
{"level":"INFO","message":"[11:31:49.527 AM]: Easy Logging is disabled as no config has been found"}
{"level":"INFO","message":"[11:31:49.178 AM]: Creating Connection[id: d762b83c-94cd-4813-b7fe-06180f07ae98] with host: cixxjbf-wp67697.snowflakecomputing.com, account: cixxjbf-wp67697, accessUrl: https://cixxjbf-wp67697.snowflakecomputing.com, user: yoooni, role: undefined, database: FNF, schema: undefined, warehouse: DEV_WH, proxy was not configured, password is provided, region: undefined, authenticator: SNOWFLAKE, ocsp mode: FAIL_OPEN, os: win32, os version: 10.0.26200"}
{"level":"INFO","message":"[11:31:49.181 AM]: Connection[id: d762b83c-94cd-4813-b7fe-06180f07ae98] additional details: passcode in password is provided, passcode is not provided, private key is not provided, application: undefined, client name: snowflake-sdk, client version: 2.3.3, retry timeout: 300, private key path: undefined, private key pass is not provided, client store temporary credential: false, browser response timeout: 120000"}
{"level":"INFO","message":"[11:31:49.182 AM]: Connection[id: d762b83c-94cd-4813-b7fe-06180f07ae98] - connection object created successfully."}
{"level":"INFO","message":"[11:31:49.184 AM]: Connection[id: d762b83c-94cd-4813-b7fe-06180f07ae98] - connecting. Associated Snowflake domain: GLOBAL"}
{"level":"INFO","message":"[11:31:49.187 AM]: Connection[id: d762b83c-94cd-4813-b7fe-06180f07ae98] - authentication successful using: SNOWFLAKE"}
{"level":"INFO","message":"[11:31:49.190 AM]: Trying to initialize Easy Logging"}
{"level":"INFO","message":"[11:31:49.662 AM]: No client config detected."}
{"level":"INFO","message":"[11:31:49.703 AM]: No config file path found. Client config will not be used."}
{"level":"INFO","message":"[11:31:49.772 AM]: Easy Logging is disabled as no config has been found"}
{"level":"INFO","message":"[11:31:49.351 AM]: Creating Connection[id: 9651a5d4-a89e-4a28-8aac-03f0cbe1080d] with host: cixxjbf-wp67697.snowflakecomputing.com, account: cixxjbf-wp67697, accessUrl: https://cixxjbf-wp67697.snowflakecomputing.com, user: yoooni, role: undefined, database: FNF, schema: undefined, warehouse: DEV_WH, proxy was not configured, password is provided, region: undefined, authenticator: SNOWFLAKE, ocsp mode: FAIL_OPEN, os: win32, os version: 10.0.26200"}
{"level":"INFO","message":"[11:31:49.353 AM]: Connection[id: 9651a5d4-a89e-4a28-8aac-03f0cbe1080d] additional details: passcode in password is provided, passcode is not provided, private key is not provided, application: undefined, client name: snowflake-sdk, client version: 2.3.3, retry timeout: 300, private key path: undefined, private key pass is not provided, client store temporary credential: false, browser response timeout: 120000"}
{"level":"INFO","message":"[11:31:49.355 AM]: Connection[id: 9651a5d4-a89e-4a28-8aac-03f0cbe1080d] - connection object created successfully."}
{"level":"INFO","message":"[11:31:49.357 AM]: Connection[id: 9651a5d4-a89e-4a28-8aac-03f0cbe1080d] - connecting. Associated Snowflake domain: GLOBAL"}
{"level":"INFO","message":"[11:31:49.360 AM]: Connection[id: 9651a5d4-a89e-4a28-8aac-03f0cbe1080d] - authentication successful using: SNOWFLAKE"}
{"level":"INFO","message":"[11:31:49.361 AM]: Trying to initialize Easy Logging"}
{"level":"INFO","message":"[11:31:49.900 AM]: No client config detected."}
{"level":"INFO","message":"[11:31:49.903 AM]: No config file path found. Client config will not be used."}
{"level":"INFO","message":"[11:31:49.906 AM]: Easy Logging is disabled as no config has been found"}
{"level":"INFO","message":"[11:31:58.800 AM]: Connection[id: 3dc32ccd-5400-4f69-adcf-7c0fde343785] - connection established successfully after 9843.01 milliseconds"}
{"level":"INFO","message":"[11:31:58.832 AM]: Connection[id: d762b83c-94cd-4813-b7fe-06180f07ae98] - connection established successfully after 9648.01 milliseconds"}
{"level":"INFO","message":"[11:31:59.128 AM]: Connection[id: 9651a5d4-a89e-4a28-8aac-03f0cbe1080d] - connection established successfully after 9771 milliseconds"}
{"level":"INFO","message":"[11:32:02.824 AM]: Creating new connection object"}
{"level":"INFO","message":"[11:32:02.826 AM]: Creating Connection[id: fee82273-22b1-4ae3-b25f-dba779f04b01] with host: cixxjbf-wp67697.snowflakecomputing.com, account: cixxjbf-wp67697, accessUrl: https://cixxjbf-wp67697.snowflakecomputing.com, user: yoooni, role: undefined, database: FNF, schema: undefined, warehouse: DEV_WH, proxy was not configured, password is provided, region: undefined, authenticator: SNOWFLAKE, ocsp mode: FAIL_OPEN, os: win32, os version: 10.0.26200"}
{"level":"INFO","message":"[11:32:02.828 AM]: Connection[id: fee82273-22b1-4ae3-b25f-dba779f04b01] additional details: passcode in password is provided, passcode is not provided, private key is not provided, application: undefined, client name: snowflake-sdk, client version: 2.3.3, retry timeout: 300, private key path: undefined, private key pass is not provided, client store temporary credential: false, browser response timeout: 120000"}
{"level":"INFO","message":"[11:32:02.829 AM]: Connection[id: fee82273-22b1-4ae3-b25f-dba779f04b01] - connection object created successfully."}
{"level":"INFO","message":"[11:32:02.830 AM]: Connection[id: fee82273-22b1-4ae3-b25f-dba779f04b01] - connecting. Associated Snowflake domain: GLOBAL"}
{"level":"INFO","message":"[11:32:02.831 AM]: Connection[id: fee82273-22b1-4ae3-b25f-dba779f04b01] - authentication successful using: SNOWFLAKE"}
{"level":"INFO","message":"[11:32:03.273 AM]: Connection[id: fee82273-22b1-4ae3-b25f-dba779f04b01] - connection established successfully after 442.86 milliseconds"}
{"level":"INFO","message":"[12:40:23.585 PM]: Creating new connection object"}
{"level":"INFO","message":"[12:40:23.695 PM]: Creating Connection[id: 276616be-a2e3-4e2d-9cad-c801d733e506] with host: cixxjbf-wp67697.snowflakecomputing.com, account: cixxjbf-wp67697, accessUrl: https://cixxjbf-wp67697.snowflakecomputing.com, user: yoooni, role: undefined, database: FNF, schema: undefined, warehouse: DEV_WH, proxy was not configured, password is provided, region: undefined, authenticator: SNOWFLAKE, ocsp mode: FAIL_OPEN, os: win32, os version: 10.0.26200"}
{"level":"INFO","message":"[12:40:23.713 PM]: Connection[id: 276616be-a2e3-4e2d-9cad-c801d733e506] additional details: passcode in password is provided, passcode is not provided, private key is not provided, application: undefined, client name: snowflake-sdk, client version: 2.3.3, retry timeout: 300, private key path: undefined, private key pass is not provided, client store temporary credential: false, browser response timeout: 120000"}
{"level":"INFO","message":"[12:40:23.726 PM]: Connection[id: 276616be-a2e3-4e2d-9cad-c801d733e506] - connection object created successfully."}
{"level":"INFO","message":"[12:40:23.735 PM]: Connection[id: 276616be-a2e3-4e2d-9cad-c801d733e506] - connecting. Associated Snowflake domain: GLOBAL"}
{"level":"INFO","message":"[12:40:23.746 PM]: Connection[id: 276616be-a2e3-4e2d-9cad-c801d733e506] - authentication successful using: SNOWFLAKE"}
{"level":"INFO","message":"[12:40:23.754 PM]: Trying to initialize Easy Logging"}
{"level":"INFO","message":"[12:40:23.781 PM]: No client config detected."}
{"level":"INFO","message":"[12:40:23.787 PM]: No config file path found. Client config will not be used."}
{"level":"INFO","message":"[12:40:23.790 PM]: Easy Logging is disabled as no config has been found"}
{"level":"INFO","message":"[12:40:27.381 PM]: Connection[id: 276616be-a2e3-4e2d-9cad-c801d733e506] - connection established successfully after 3645.8 milliseconds"}
{"level":"INFO","message":"[1:22:29.149 PM]: Creating new connection object"}
{"level":"INFO","message":"[1:22:29.399 PM]: Creating Connection[id: 79b94813-64f5-4325-b93d-204373140c6f] with host: cixxjbf-wp67697.snowflakecomputing.com, account: cixxjbf-wp67697, accessUrl: https://cixxjbf-wp67697.snowflakecomputing.com, user: yoooni, role: undefined, database: FNF, schema: undefined, warehouse: DEV_WH, proxy was not configured, password is provided, region: undefined, authenticator: SNOWFLAKE, ocsp mode: FAIL_OPEN, os: win32, os version: 10.0.26200"}
{"level":"INFO","message":"[1:22:29.433 PM]: Connection[id: 79b94813-64f5-4325-b93d-204373140c6f] additional details: passcode in password is provided, passcode is not provided, private key is not provided, application: undefined, client name: snowflake-sdk, client version: 2.3.3, retry timeout: 300, private key path: undefined, private key pass is not provided, client store temporary credential: false, browser response timeout: 120000"}
{"level":"INFO","message":"[1:22:29.450 PM]: Connection[id: 79b94813-64f5-4325-b93d-204373140c6f] - connection object created successfully."}
{"level":"INFO","message":"[1:22:29.519 PM]: Connection[id: 79b94813-64f5-4325-b93d-204373140c6f] - connecting. Associated Snowflake domain: GLOBAL"}
{"level":"INFO","message":"[1:22:29.546 PM]: Connection[id: 79b94813-64f5-4325-b93d-204373140c6f] - authentication successful using: SNOWFLAKE"}
{"level":"INFO","message":"[1:23:07.171 PM]: Connection[id: 79b94813-64f5-4325-b93d-204373140c6f] - connection established successfully after 37651.86 milliseconds"}
{"level":"INFO","message":"[1:30:19.392 PM]: Creating new connection object"}
{"level":"INFO","message":"[1:30:19.777 PM]: Creating Connection[id: 953799d4-da73-412e-b26d-19ccd7420cdc] with host: cixxjbf-wp67697.snowflakecomputing.com, account: cixxjbf-wp67697, accessUrl: https://cixxjbf-wp67697.snowflakecomputing.com, user: yoooni, role: undefined, database: FNF, schema: undefined, warehouse: DEV_WH, proxy was not configured, password is provided, region: undefined, authenticator: SNOWFLAKE, ocsp mode: FAIL_OPEN, os: win32, os version: 10.0.26200"}
{"level":"INFO","message":"[1:30:19.809 PM]: Connection[id: 953799d4-da73-412e-b26d-19ccd7420cdc] additional details: passcode in password is provided, passcode is not provided, private key is not provided, application: undefined, client name: snowflake-sdk, client version: 2.3.3, retry timeout: 300, private key path: undefined, private key pass is not provided, client store temporary credential: false, browser response timeout: 120000"}
{"level":"INFO","message":"[1:30:19.819 PM]: Connection[id: 953799d4-da73-412e-b26d-19ccd7420cdc] - connection object created successfully."}
{"level":"INFO","message":"[1:30:19.827 PM]: Connection[id: 953799d4-da73-412e-b26d-19ccd7420cdc] - connecting. Associated Snowflake domain: GLOBAL"}
{"level":"INFO","message":"[1:30:19.843 PM]: Connection[id: 953799d4-da73-412e-b26d-19ccd7420cdc] - authentication successful using: SNOWFLAKE"}
{"level":"INFO","message":"[1:30:20.591 PM]: Creating new connection object"}
{"level":"INFO","message":"[1:30:20.606 PM]: Creating Connection[id: 1bc455ef-5b9f-42bd-b1fa-6e6b2d2bca70] with host: cixxjbf-wp67697.snowflakecomputing.com, account: cixxjbf-wp67697, accessUrl: https://cixxjbf-wp67697.snowflakecomputing.com, user: yoooni, role: undefined, database: FNF, schema: undefined, warehouse: DEV_WH, proxy was not configured, password is provided, region: undefined, authenticator: SNOWFLAKE, ocsp mode: FAIL_OPEN, os: win32, os version: 10.0.26200"}
{"level":"INFO","message":"[1:30:20.625 PM]: Connection[id: 1bc455ef-5b9f-42bd-b1fa-6e6b2d2bca70] additional details: passcode in password is provided, passcode is not provided, private key is not provided, application: undefined, client name: snowflake-sdk, client version: 2.3.3, retry timeout: 300, private key path: undefined, private key pass is not provided, client store temporary credential: false, browser response timeout: 120000"}
{"level":"INFO","message":"[1:30:20.639 PM]: Connection[id: 1bc455ef-5b9f-42bd-b1fa-6e6b2d2bca70] - connection object created successfully."}
{"level":"INFO","message":"[1:30:20.640 PM]: Connection[id: 1bc455ef-5b9f-42bd-b1fa-6e6b2d2bca70] - connecting. Associated Snowflake domain: GLOBAL"}
{"level":"INFO","message":"[1:30:20.641 PM]: Connection[id: 1bc455ef-5b9f-42bd-b1fa-6e6b2d2bca70] - authentication successful using: SNOWFLAKE"}
{"level":"INFO","message":"[1:30:33.761 PM]: Connection[id: 953799d4-da73-412e-b26d-19ccd7420cdc] - connection established successfully after 13933.6 milliseconds"}
{"level":"INFO","message":"[1:30:33.791 PM]: Connection[id: 1bc455ef-5b9f-42bd-b1fa-6e6b2d2bca70] - connection established successfully after 13150.06 milliseconds"}
{"level":"INFO","message":"[1:30:34.365 PM]: Creating new connection object"}
{"level":"INFO","message":"[1:30:34.368 PM]: Creating Connection[id: 9f9b4e8e-8d7a-4b65-8165-435b8b3e22e4] with host: cixxjbf-wp67697.snowflakecomputing.com, account: cixxjbf-wp67697, accessUrl: https://cixxjbf-wp67697.snowflakecomputing.com, user: yoooni, role: undefined, database: FNF, schema: undefined, warehouse: DEV_WH, proxy was not configured, password is provided, region: undefined, authenticator: SNOWFLAKE, ocsp mode: FAIL_OPEN, os: win32, os version: 10.0.26200"}
{"level":"INFO","message":"[1:30:34.377 PM]: Connection[id: 9f9b4e8e-8d7a-4b65-8165-435b8b3e22e4] additional details: passcode in password is provided, passcode is not provided, private key is not provided, application: undefined, client name: snowflake-sdk, client version: 2.3.3, retry timeout: 300, private key path: undefined, private key pass is not provided, client store temporary credential: false, browser response timeout: 120000"}
{"level":"INFO","message":"[1:30:34.381 PM]: Connection[id: 9f9b4e8e-8d7a-4b65-8165-435b8b3e22e4] - connection object created successfully."}
{"level":"INFO","message":"[1:30:34.382 PM]: Connection[id: 9f9b4e8e-8d7a-4b65-8165-435b8b3e22e4] - connecting. Associated Snowflake domain: GLOBAL"}
{"level":"INFO","message":"[1:30:34.383 PM]: Connection[id: 9f9b4e8e-8d7a-4b65-8165-435b8b3e22e4] - authentication successful using: SNOWFLAKE"}
{"level":"INFO","message":"[1:30:35.447 PM]: Connection[id: 9f9b4e8e-8d7a-4b65-8165-435b8b3e22e4] - connection established successfully after 1064.73 milliseconds"}
{"level":"INFO","message":"[4:07:00.466 PM]: Creating new connection object"}
{"level":"INFO","message":"[4:07:00.912 PM]: Creating Connection[id: 38011328-c25e-41f7-964c-73c06d406957] with host: cixxjbf-wp67697.snowflakecomputing.com, account: cixxjbf-wp67697, accessUrl: https://cixxjbf-wp67697.snowflakecomputing.com, user: yoooni, role: undefined, database: FNF, schema: undefined, warehouse: DEV_WH, proxy was not configured, password is provided, region: undefined, authenticator: SNOWFLAKE, ocsp mode: FAIL_OPEN, os: win32, os version: 10.0.26200"}
{"level":"INFO","message":"[4:07:00.925 PM]: Connection[id: 38011328-c25e-41f7-964c-73c06d406957] additional details: passcode in password is provided, passcode is not provided, private key is not provided, application: undefined, client name: snowflake-sdk, client version: 2.3.3, retry timeout: 300, private key path: undefined, private key pass is not provided, client store temporary credential: false, browser response timeout: 120000"}
{"level":"INFO","message":"[4:07:00.938 PM]: Connection[id: 38011328-c25e-41f7-964c-73c06d406957] - connection object created successfully."}
{"level":"INFO","message":"[4:07:00.990 PM]: Connection[id: 38011328-c25e-41f7-964c-73c06d406957] - connecting. Associated Snowflake domain: GLOBAL"}
{"level":"INFO","message":"[4:07:01.027 PM]: Connection[id: 38011328-c25e-41f7-964c-73c06d406957] - authentication successful using: SNOWFLAKE"}
{"level":"INFO","message":"[4:07:01.052 PM]: Trying to initialize Easy Logging"}
{"level":"INFO","message":"[4:07:01.428 PM]: Creating new connection object"}
{"level":"INFO","message":"[4:07:01.460 PM]: Creating Connection[id: 095bb73f-f218-42ca-b854-8e0a57ccfcf1] with host: cixxjbf-wp67697.snowflakecomputing.com, account: cixxjbf-wp67697, accessUrl: https://cixxjbf-wp67697.snowflakecomputing.com, user: yoooni, role: undefined, database: FNF, schema: undefined, warehouse: DEV_WH, proxy was not configured, password is provided, region: undefined, authenticator: SNOWFLAKE, ocsp mode: FAIL_OPEN, os: win32, os version: 10.0.26200"}
{"level":"INFO","message":"[4:07:01.492 PM]: Connection[id: 095bb73f-f218-42ca-b854-8e0a57ccfcf1] additional details: passcode in password is provided, passcode is not provided, private key is not provided, application: undefined, client name: snowflake-sdk, client version: 2.3.3, retry timeout: 300, private key path: undefined, private key pass is not provided, client store temporary credential: false, browser response timeout: 120000"}
{"level":"INFO","message":"[4:07:01.537 PM]: Connection[id: 095bb73f-f218-42ca-b854-8e0a57ccfcf1] - connection object created successfully."}
{"level":"INFO","message":"[4:07:01.572 PM]: Connection[id: 095bb73f-f218-42ca-b854-8e0a57ccfcf1] - connecting. Associated Snowflake domain: GLOBAL"}
{"level":"INFO","message":"[4:07:01.583 PM]: Connection[id: 095bb73f-f218-42ca-b854-8e0a57ccfcf1] - authentication successful using: SNOWFLAKE"}
{"level":"INFO","message":"[4:07:01.633 PM]: Trying to initialize Easy Logging"}
{"level":"INFO","message":"[4:07:02.393 PM]: Creating new connection object"}
{"level":"INFO","message":"[4:07:02.414 PM]: Creating Connection[id: 84aebb6d-13f5-4f34-bf96-68a06b0969bf] with host: cixxjbf-wp67697.snowflakecomputing.com, account: cixxjbf-wp67697, accessUrl: https://cixxjbf-wp67697.snowflakecomputing.com, user: yoooni, role: undefined, database: FNF, schema: undefined, warehouse: DEV_WH, proxy was not configured, password is provided, region: undefined, authenticator: SNOWFLAKE, ocsp mode: FAIL_OPEN, os: win32, os version: 10.0.26200"}
{"level":"INFO","message":"[4:07:02.439 PM]: Connection[id: 84aebb6d-13f5-4f34-bf96-68a06b0969bf] additional details: passcode in password is provided, passcode is not provided, private key is not provided, application: undefined, client name: snowflake-sdk, client version: 2.3.3, retry timeout: 300, private key path: undefined, private key pass is not provided, client store temporary credential: false, browser response timeout: 120000"}
{"level":"INFO","message":"[4:07:02.488 PM]: Connection[id: 84aebb6d-13f5-4f34-bf96-68a06b0969bf] - connection object created successfully."}
{"level":"INFO","message":"[4:07:02.496 PM]: Connection[id: 84aebb6d-13f5-4f34-bf96-68a06b0969bf] - connecting. Associated Snowflake domain: GLOBAL"}
{"level":"INFO","message":"[4:07:02.512 PM]: Connection[id: 84aebb6d-13f5-4f34-bf96-68a06b0969bf] - authentication successful using: SNOWFLAKE"}
{"level":"INFO","message":"[4:07:02.536 PM]: Trying to initialize Easy Logging"}
{"level":"INFO","message":"[4:07:02.563 PM]: No client config detected."}
{"level":"INFO","message":"[4:07:02.573 PM]: No config file path found. Client config will not be used."}
{"level":"INFO","message":"[4:07:02.589 PM]: Easy Logging is disabled as no config has been found"}
{"level":"INFO","message":"[4:07:02.735 PM]: No client config detected."}
{"level":"INFO","message":"[4:07:02.761 PM]: No config file path found. Client config will not be used."}
{"level":"INFO","message":"[4:07:02.778 PM]: Easy Logging is disabled as no config has been found"}
{"level":"INFO","message":"[4:07:02.901 PM]: No client config detected."}
{"level":"INFO","message":"[4:07:02.955 PM]: No config file path found. Client config will not be used."}
{"level":"INFO","message":"[4:07:02.960 PM]: Easy Logging is disabled as no config has been found"}
{"level":"INFO","message":"[4:07:07.844 PM]: Connection[id: 095bb73f-f218-42ca-b854-8e0a57ccfcf1] - connection established successfully after 6271.8 milliseconds"}
{"level":"INFO","message":"[4:07:08.106 PM]: Connection[id: 84aebb6d-13f5-4f34-bf96-68a06b0969bf] - connection established successfully after 5609.97 milliseconds"}
{"level":"INFO","message":"[4:07:09.095 PM]: Connection[id: 38011328-c25e-41f7-964c-73c06d406957] - connection established successfully after 8107.59 milliseconds"}
{"level":"INFO","message":"[5:43:09.973 PM]: Creating new connection object"}
{"level":"INFO","message":"[5:43:10.756 PM]: Creating Connection[id: b6deff21-ae66-4c74-a6e6-e1af2dfae1f4] with host: cixxjbf-wp67697.snowflakecomputing.com, account: cixxjbf-wp67697, accessUrl: https://cixxjbf-wp67697.snowflakecomputing.com, user: yoooni, role: undefined, database: FNF, schema: undefined, warehouse: DEV_WH, proxy was not configured, password is provided, region: undefined, authenticator: SNOWFLAKE, ocsp mode: FAIL_OPEN, os: win32, os version: 10.0.26200"}
{"level":"INFO","message":"[5:43:10.784 PM]: Connection[id: b6deff21-ae66-4c74-a6e6-e1af2dfae1f4] additional details: passcode in password is provided, passcode is not provided, private key is not provided, application: undefined, client name: snowflake-sdk, client version: 2.3.3, retry timeout: 300, private key path: undefined, private key pass is not provided, client store temporary credential: false, browser response timeout: 120000"}
{"level":"INFO","message":"[5:43:10.803 PM]: Connection[id: b6deff21-ae66-4c74-a6e6-e1af2dfae1f4] - connection object created successfully."}
{"level":"INFO","message":"[5:43:10.822 PM]: Connection[id: b6deff21-ae66-4c74-a6e6-e1af2dfae1f4] - connecting. Associated Snowflake domain: GLOBAL"}
{"level":"INFO","message":"[5:43:10.842 PM]: Connection[id: b6deff21-ae66-4c74-a6e6-e1af2dfae1f4] - authentication successful using: SNOWFLAKE"}
{"level":"INFO","message":"[5:43:10.870 PM]: Trying to initialize Easy Logging"}
{"level":"INFO","message":"[5:43:11.502 PM]: Creating new connection object"}
{"level":"INFO","message":"[5:43:11.572 PM]: Creating Connection[id: bb465554-a9dd-4af3-82ba-18d17261285c] with host: cixxjbf-wp67697.snowflakecomputing.com, account: cixxjbf-wp67697, accessUrl: https://cixxjbf-wp67697.snowflakecomputing.com, user: yoooni, role: undefined, database: FNF, schema: undefined, warehouse: DEV_WH, proxy was not configured, password is provided, region: undefined, authenticator: SNOWFLAKE, ocsp mode: FAIL_OPEN, os: win32, os version: 10.0.26200"}
{"level":"INFO","message":"[5:43:11.760 PM]: Connection[id: bb465554-a9dd-4af3-82ba-18d17261285c] additional details: passcode in password is provided, passcode is not provided, private key is not provided, application: undefined, client name: snowflake-sdk, client version: 2.3.3, retry timeout: 300, private key path: undefined, private key pass is not provided, client store temporary credential: false, browser response timeout: 120000"}
{"level":"INFO","message":"[5:43:11.820 PM]: Connection[id: bb465554-a9dd-4af3-82ba-18d17261285c] - connection object created successfully."}
{"level":"INFO","message":"[5:43:11.881 PM]: Connection[id: bb465554-a9dd-4af3-82ba-18d17261285c] - connecting. Associated Snowflake domain: GLOBAL"}
{"level":"INFO","message":"[5:43:11.889 PM]: Connection[id: bb465554-a9dd-4af3-82ba-18d17261285c] - authentication successful using: SNOWFLAKE"}
{"level":"INFO","message":"[5:43:11.921 PM]: Trying to initialize Easy Logging"}
{"level":"INFO","message":"[5:43:13.021 PM]: Creating new connection object"}
{"level":"INFO","message":"[5:43:13.280 PM]: Creating Connection[id: 4efe1b38-9717-49e1-9876-d3c87617d2bb] with host: cixxjbf-wp67697.snowflakecomputing.com, account: cixxjbf-wp67697, accessUrl: https://cixxjbf-wp67697.snowflakecomputing.com, user: yoooni, role: undefined, database: FNF, schema: undefined, warehouse: DEV_WH, proxy was not configured, password is provided, region: undefined, authenticator: SNOWFLAKE, ocsp mode: FAIL_OPEN, os: win32, os version: 10.0.26200"}
{"level":"INFO","message":"[5:43:13.371 PM]: Connection[id: 4efe1b38-9717-49e1-9876-d3c87617d2bb] additional details: passcode in password is provided, passcode is not provided, private key is not provided, application: undefined, client name: snowflake-sdk, client version: 2.3.3, retry timeout: 300, private key path: undefined, private key pass is not provided, client store temporary credential: false, browser response timeout: 120000"}
{"level":"INFO","message":"[5:43:13.442 PM]: Connection[id: 4efe1b38-9717-49e1-9876-d3c87617d2bb] - connection object created successfully."}
{"level":"INFO","message":"[5:43:13.486 PM]: Connection[id: 4efe1b38-9717-49e1-9876-d3c87617d2bb] - connecting. Associated Snowflake domain: GLOBAL"}
{"level":"INFO","message":"[5:43:13.517 PM]: Connection[id: 4efe1b38-9717-49e1-9876-d3c87617d2bb] - authentication successful using: SNOWFLAKE"}
{"level":"INFO","message":"[5:43:13.569 PM]: Trying to initialize Easy Logging"}
{"level":"INFO","message":"[5:43:14.310 PM]: No client config detected."}
{"level":"INFO","message":"[5:43:14.316 PM]: No config file path found. Client config will not be used."}
{"level":"INFO","message":"[5:43:14.321 PM]: Easy Logging is disabled as no config has been found"}
{"level":"INFO","message":"[5:43:14.655 PM]: No client config detected."}
{"level":"INFO","message":"[5:43:14.656 PM]: No config file path found. Client config will not be used."}
{"level":"INFO","message":"[5:43:14.657 PM]: Easy Logging is disabled as no config has been found"}
{"level":"INFO","message":"[5:43:14.675 PM]: No client config detected."}
{"level":"INFO","message":"[5:43:14.678 PM]: No config file path found. Client config will not be used."}
{"level":"INFO","message":"[5:43:14.680 PM]: Easy Logging is disabled as no config has been found"}
{"level":"INFO","message":"[5:43:21.239 PM]: Connection[id: 4efe1b38-9717-49e1-9876-d3c87617d2bb] - connection established successfully after 7752.99 milliseconds"}
{"level":"INFO","message":"[5:43:22.283 PM]: Connection[id: b6deff21-ae66-4c74-a6e6-e1af2dfae1f4] - connection established successfully after 11460.93 milliseconds"}
{"level":"INFO","message":"[5:43:22.356 PM]: Connection[id: bb465554-a9dd-4af3-82ba-18d17261285c] - connection established successfully after 10480.17 milliseconds"}
{"level":"INFO","message":"[5:44:18.920 PM]: Creating new connection object"}
{"level":"INFO","message":"[5:44:18.923 PM]: Creating Connection[id: 1751a9ab-f1ec-4886-90eb-b4a02e28abde] with host: cixxjbf-wp67697.snowflakecomputing.com, account: cixxjbf-wp67697, accessUrl: https://cixxjbf-wp67697.snowflakecomputing.com, user: yoooni, role: undefined, database: FNF, schema: undefined, warehouse: DEV_WH, proxy was not configured, password is provided, region: undefined, authenticator: SNOWFLAKE, ocsp mode: FAIL_OPEN, os: win32, os version: 10.0.26200"}
{"level":"INFO","message":"[5:44:18.924 PM]: Connection[id: 1751a9ab-f1ec-4886-90eb-b4a02e28abde] additional details: passcode in password is provided, passcode is not provided, private key is not provided, application: undefined, client name: snowflake-sdk, client version: 2.3.3, retry timeout: 300, private key path: undefined, private key pass is not provided, client store temporary credential: false, browser response timeout: 120000"}
{"level":"INFO","message":"[5:44:18.924 PM]: Connection[id: 1751a9ab-f1ec-4886-90eb-b4a02e28abde] - connection object created successfully."}
{"level":"INFO","message":"[5:44:18.925 PM]: Connection[id: 1751a9ab-f1ec-4886-90eb-b4a02e28abde] - connecting. Associated Snowflake domain: GLOBAL"}
{"level":"INFO","message":"[5:44:18.929 PM]: Connection[id: 1751a9ab-f1ec-4886-90eb-b4a02e28abde] - authentication successful using: SNOWFLAKE"}
{"level":"INFO","message":"[5:44:19.083 PM]: Creating new connection object"}
{"level":"INFO","message":"[5:44:19.084 PM]: Creating Connection[id: b5431975-2730-4c11-8d50-b19a6643d662] with host: cixxjbf-wp67697.snowflakecomputing.com, account: cixxjbf-wp67697, accessUrl: https://cixxjbf-wp67697.snowflakecomputing.com, user: yoooni, role: undefined, database: FNF, schema: undefined, warehouse: DEV_WH, proxy was not configured, password is provided, region: undefined, authenticator: SNOWFLAKE, ocsp mode: FAIL_OPEN, os: win32, os version: 10.0.26200"}
{"level":"INFO","message":"[5:44:19.086 PM]: Connection[id: b5431975-2730-4c11-8d50-b19a6643d662] additional details: passcode in password is provided, passcode is not provided, private key is not provided, application: undefined, client name: snowflake-sdk, client version: 2.3.3, retry timeout: 300, private key path: undefined, private key pass is not provided, client store temporary credential: false, browser response timeout: 120000"}
{"level":"INFO","message":"[5:44:19.087 PM]: Connection[id: b5431975-2730-4c11-8d50-b19a6643d662] - connection object created successfully."}
{"level":"INFO","message":"[5:44:19.088 PM]: Connection[id: b5431975-2730-4c11-8d50-b19a6643d662] - connecting. Associated Snowflake domain: GLOBAL"}
{"level":"INFO","message":"[5:44:19.088 PM]: Connection[id: b5431975-2730-4c11-8d50-b19a6643d662] - authentication successful using: SNOWFLAKE"}
{"level":"INFO","message":"[5:44:19.208 PM]: Creating new connection object"}
{"level":"INFO","message":"[5:44:19.211 PM]: Creating Connection[id: 6fedd06e-2d78-4353-9263-e757238f0254] with host: cixxjbf-wp67697.snowflakecomputing.com, account: cixxjbf-wp67697, accessUrl: https://cixxjbf-wp67697.snowflakecomputing.com, user: yoooni, role: undefined, database: FNF, schema: undefined, warehouse: DEV_WH, proxy was not configured, password is provided, region: undefined, authenticator: SNOWFLAKE, ocsp mode: FAIL_OPEN, os: win32, os version: 10.0.26200"}
{"level":"INFO","message":"[5:44:19.211 PM]: Connection[id: 6fedd06e-2d78-4353-9263-e757238f0254] additional details: passcode in password is provided, passcode is not provided, private key is not provided, application: undefined, client name: snowflake-sdk, client version: 2.3.3, retry timeout: 300, private key path: undefined, private key pass is not provided, client store temporary credential: false, browser response timeout: 120000"}
{"level":"INFO","message":"[5:44:19.212 PM]: Connection[id: 6fedd06e-2d78-4353-9263-e757238f0254] - connection object created successfully."}
{"level":"INFO","message":"[5:44:19.212 PM]: Connection[id: 6fedd06e-2d78-4353-9263-e757238f0254] - connecting. Associated Snowflake domain: GLOBAL"}
{"level":"INFO","message":"[5:44:19.213 PM]: Connection[id: 6fedd06e-2d78-4353-9263-e757238f0254] - authentication successful using: SNOWFLAKE"}
{"level":"INFO","message":"[5:44:19.226 PM]: Connection[id: 1751a9ab-f1ec-4886-90eb-b4a02e28abde] - connection established successfully after 301.32 milliseconds"}
{"level":"INFO","message":"[5:44:19.292 PM]: Connection[id: 6fedd06e-2d78-4353-9263-e757238f0254] - connection established successfully after 79.25 milliseconds"}
{"level":"INFO","message":"[5:44:19.375 PM]: Connection[id: b5431975-2730-4c11-8d50-b19a6643d662] - connection established successfully after 287.92 milliseconds"}
{"level":"INFO","message":"[5:46:19.273 PM]: Creating new connection object"}
{"level":"INFO","message":"[5:46:19.447 PM]: Creating Connection[id: 880c394e-0169-42d4-b5d4-db9a9b7eb316] with host: cixxjbf-wp67697.snowflakecomputing.com, account: cixxjbf-wp67697, accessUrl: https://cixxjbf-wp67697.snowflakecomputing.com, user: yoooni, role: undefined, database: FNF, schema: undefined, warehouse: DEV_WH, proxy was not configured, password is provided, region: undefined, authenticator: SNOWFLAKE, ocsp mode: FAIL_OPEN, os: win32, os version: 10.0.26200"}
{"level":"INFO","message":"[5:46:19.462 PM]: Connection[id: 880c394e-0169-42d4-b5d4-db9a9b7eb316] additional details: passcode in password is provided, passcode is not provided, private key is not provided, application: undefined, client name: snowflake-sdk, client version: 2.3.3, retry timeout: 300, private key path: undefined, private key pass is not provided, client store temporary credential: false, browser response timeout: 120000"}
{"level":"INFO","message":"[5:46:19.468 PM]: Connection[id: 880c394e-0169-42d4-b5d4-db9a9b7eb316] - connection object created successfully."}
{"level":"INFO","message":"[5:46:19.474 PM]: Connection[id: 880c394e-0169-42d4-b5d4-db9a9b7eb316] - connecting. Associated Snowflake domain: GLOBAL"}
{"level":"INFO","message":"[5:46:19.477 PM]: Connection[id: 880c394e-0169-42d4-b5d4-db9a9b7eb316] - authentication successful using: SNOWFLAKE"}
{"level":"INFO","message":"[5:46:22.875 PM]: Creating new connection object"}
{"level":"INFO","message":"[5:46:23.126 PM]: Creating Connection[id: 172b6214-7767-4930-b5a7-9e1abefae6a5] with host: cixxjbf-wp67697.snowflakecomputing.com, account: cixxjbf-wp67697, accessUrl: https://cixxjbf-wp67697.snowflakecomputing.com, user: yoooni, role: undefined, database: FNF, schema: undefined, warehouse: DEV_WH, proxy was not configured, password is provided, region: undefined, authenticator: SNOWFLAKE, ocsp mode: FAIL_OPEN, os: win32, os version: 10.0.26200"}
{"level":"INFO","message":"[5:46:23.215 PM]: Connection[id: 172b6214-7767-4930-b5a7-9e1abefae6a5] additional details: passcode in password is provided, passcode is not provided, private key is not provided, application: undefined, client name: snowflake-sdk, client version: 2.3.3, retry timeout: 300, private key path: undefined, private key pass is not provided, client store temporary credential: false, browser response timeout: 120000"}
{"level":"INFO","message":"[5:46:24.318 PM]: Connection[id: 172b6214-7767-4930-b5a7-9e1abefae6a5] - connection object created successfully."}
{"level":"INFO","message":"[5:46:24.494 PM]: Connection[id: 172b6214-7767-4930-b5a7-9e1abefae6a5] - connecting. Associated Snowflake domain: GLOBAL"}
{"level":"INFO","message":"[5:46:24.612 PM]: Connection[id: 172b6214-7767-4930-b5a7-9e1abefae6a5] - authentication successful using: SNOWFLAKE"}
{"level":"INFO","message":"[5:46:29.044 PM]: Creating new connection object"}
{"level":"INFO","message":"[5:46:29.283 PM]: Creating Connection[id: 51925a1c-4fe1-4fdf-90b7-aeec5d638ccd] with host: cixxjbf-wp67697.snowflakecomputing.com, account: cixxjbf-wp67697, accessUrl: https://cixxjbf-wp67697.snowflakecomputing.com, user: yoooni, role: undefined, database: FNF, schema: undefined, warehouse: DEV_WH, proxy was not configured, password is provided, region: undefined, authenticator: SNOWFLAKE, ocsp mode: FAIL_OPEN, os: win32, os version: 10.0.26200"}
{"level":"INFO","message":"[5:46:29.330 PM]: Connection[id: 51925a1c-4fe1-4fdf-90b7-aeec5d638ccd] additional details: passcode in password is provided, passcode is not provided, private key is not provided, application: undefined, client name: snowflake-sdk, client version: 2.3.3, retry timeout: 300, private key path: undefined, private key pass is not provided, client store temporary credential: false, browser response timeout: 120000"}
{"level":"INFO","message":"[5:46:29.370 PM]: Connection[id: 51925a1c-4fe1-4fdf-90b7-aeec5d638ccd] - connection object created successfully."}
{"level":"INFO","message":"[5:46:29.488 PM]: Connection[id: 51925a1c-4fe1-4fdf-90b7-aeec5d638ccd] - connecting. Associated Snowflake domain: GLOBAL"}
{"level":"INFO","message":"[5:46:29.566 PM]: Connection[id: 51925a1c-4fe1-4fdf-90b7-aeec5d638ccd] - authentication successful using: SNOWFLAKE"}
{"level":"INFO","message":"[5:46:30.347 PM]: Connection[id: 880c394e-0169-42d4-b5d4-db9a9b7eb316] - connection established successfully after 10873.48 milliseconds"}
{"level":"INFO","message":"[5:46:30.548 PM]: Connection[id: 172b6214-7767-4930-b5a7-9e1abefae6a5] - connection established successfully after 6047.71 milliseconds"}
{"level":"INFO","message":"[5:46:30.657 PM]: Connection[id: 51925a1c-4fe1-4fdf-90b7-aeec5d638ccd] - connection established successfully after 1170.78 milliseconds"}
{"level":"INFO","message":"[5:49:09.630 PM]: Creating new connection object"}
{"level":"INFO","message":"[5:49:10.521 PM]: Creating Connection[id: 94b57638-7291-4b74-b34b-10dbeb37d719] with host: cixxjbf-wp67697.snowflakecomputing.com, account: cixxjbf-wp67697, accessUrl: https://cixxjbf-wp67697.snowflakecomputing.com, user: yoooni, role: undefined, database: FNF, schema: undefined, warehouse: DEV_WH, proxy was not configured, password is provided, region: undefined, authenticator: SNOWFLAKE, ocsp mode: FAIL_OPEN, os: win32, os version: 10.0.26200"}
{"level":"INFO","message":"[5:49:10.695 PM]: Connection[id: 94b57638-7291-4b74-b34b-10dbeb37d719] additional details: passcode in password is provided, passcode is not provided, private key is not provided, application: undefined, client name: snowflake-sdk, client version: 2.3.3, retry timeout: 300, private key path: undefined, private key pass is not provided, client store temporary credential: false, browser response timeout: 120000"}
{"level":"INFO","message":"[5:49:10.810 PM]: Connection[id: 94b57638-7291-4b74-b34b-10dbeb37d719] - connection object created successfully."}
{"level":"INFO","message":"[5:49:10.938 PM]: Connection[id: 94b57638-7291-4b74-b34b-10dbeb37d719] - connecting. Associated Snowflake domain: GLOBAL"}
{"level":"INFO","message":"[5:49:11.008 PM]: Connection[id: 94b57638-7291-4b74-b34b-10dbeb37d719] - authentication successful using: SNOWFLAKE"}
{"level":"INFO","message":"[5:49:14.011 PM]: Creating new connection object"}
{"level":"INFO","message":"[5:49:14.186 PM]: Creating Connection[id: 95c4a2b2-ed54-45d5-9a96-ab4f6212c4eb] with host: cixxjbf-wp67697.snowflakecomputing.com, account: cixxjbf-wp67697, accessUrl: https://cixxjbf-wp67697.snowflakecomputing.com, user: yoooni, role: undefined, database: FNF, schema: undefined, warehouse: DEV_WH, proxy was not configured, password is provided, region: undefined, authenticator: SNOWFLAKE, ocsp mode: FAIL_OPEN, os: win32, os version: 10.0.26200"}
{"level":"INFO","message":"[5:49:14.606 PM]: Connection[id: 95c4a2b2-ed54-45d5-9a96-ab4f6212c4eb] additional details: passcode in password is provided, passcode is not provided, private key is not provided, application: undefined, client name: snowflake-sdk, client version: 2.3.3, retry timeout: 300, private key path: undefined, private key pass is not provided, client store temporary credential: false, browser response timeout: 120000"}
{"level":"INFO","message":"[5:49:14.612 PM]: Connection[id: 95c4a2b2-ed54-45d5-9a96-ab4f6212c4eb] - connection object created successfully."}
{"level":"INFO","message":"[5:49:14.632 PM]: Connection[id: 95c4a2b2-ed54-45d5-9a96-ab4f6212c4eb] - connecting. Associated Snowflake domain: GLOBAL"}
{"level":"INFO","message":"[5:49:14.643 PM]: Connection[id: 95c4a2b2-ed54-45d5-9a96-ab4f6212c4eb] - authentication successful using: SNOWFLAKE"}
{"level":"INFO","message":"[5:49:16.822 PM]: Creating new connection object"}
{"level":"INFO","message":"[5:49:17.036 PM]: Creating Connection[id: a0566843-6995-4b17-87b6-a938f0f7d8db] with host: cixxjbf-wp67697.snowflakecomputing.com, account: cixxjbf-wp67697, accessUrl: https://cixxjbf-wp67697.snowflakecomputing.com, user: yoooni, role: undefined, database: FNF, schema: undefined, warehouse: DEV_WH, proxy was not configured, password is provided, region: undefined, authenticator: SNOWFLAKE, ocsp mode: FAIL_OPEN, os: win32, os version: 10.0.26200"}
{"level":"INFO","message":"[5:49:17.149 PM]: Connection[id: a0566843-6995-4b17-87b6-a938f0f7d8db] additional details: passcode in password is provided, passcode is not provided, private key is not provided, application: undefined, client name: snowflake-sdk, client version: 2.3.3, retry timeout: 300, private key path: undefined, private key pass is not provided, client store temporary credential: false, browser response timeout: 120000"}
{"level":"INFO","message":"[5:49:17.358 PM]: Connection[id: a0566843-6995-4b17-87b6-a938f0f7d8db] - connection object created successfully."}
{"level":"INFO","message":"[5:49:17.528 PM]: Connection[id: a0566843-6995-4b17-87b6-a938f0f7d8db] - connecting. Associated Snowflake domain: GLOBAL"}
{"level":"INFO","message":"[5:49:17.621 PM]: Connection[id: a0566843-6995-4b17-87b6-a938f0f7d8db] - authentication successful using: SNOWFLAKE"}
{"level":"INFO","message":"[5:49:18.682 PM]: Connection[id: 94b57638-7291-4b74-b34b-10dbeb37d719] - connection established successfully after 7743.88 milliseconds"}
{"level":"INFO","message":"[5:49:18.763 PM]: Connection[id: 95c4a2b2-ed54-45d5-9a96-ab4f6212c4eb] - connection established successfully after 4131.26 milliseconds"}
{"level":"INFO","message":"[5:49:19.160 PM]: Connection[id: a0566843-6995-4b17-87b6-a938f0f7d8db] - connection established successfully after 1632.03 milliseconds"}
{"level":"INFO","message":"[5:56:26.346 PM]: Creating new connection object"}
{"level":"INFO","message":"[5:56:31.211 PM]: Creating Connection[id: 5a238c28-b817-4fdd-b034-cd3f394665a6] with host: cixxjbf-wp67697.snowflakecomputing.com, account: cixxjbf-wp67697, accessUrl: https://cixxjbf-wp67697.snowflakecomputing.com, user: yoooni, role: undefined, database: FNF, schema: undefined, warehouse: DEV_WH, proxy was not configured, password is provided, region: undefined, authenticator: SNOWFLAKE, ocsp mode: FAIL_OPEN, os: win32, os version: 10.0.26200"}
{"level":"INFO","message":"[5:56:31.372 PM]: Connection[id: 5a238c28-b817-4fdd-b034-cd3f394665a6] additional details: passcode in password is provided, passcode is not provided, private key is not provided, application: undefined, client name: snowflake-sdk, client version: 2.3.3, retry timeout: 300, private key path: undefined, private key pass is not provided, client store temporary credential: false, browser response timeout: 120000"}
{"level":"INFO","message":"[5:56:31.727 PM]: Connection[id: 5a238c28-b817-4fdd-b034-cd3f394665a6] - connection object created successfully."}
{"level":"INFO","message":"[5:56:32.013 PM]: Connection[id: 5a238c28-b817-4fdd-b034-cd3f394665a6] - connecting. Associated Snowflake domain: GLOBAL"}
{"level":"INFO","message":"[5:56:32.135 PM]: Connection[id: 5a238c28-b817-4fdd-b034-cd3f394665a6] - authentication successful using: SNOWFLAKE"}
{"level":"INFO","message":"[5:56:42.767 PM]: Creating new connection object"}
{"level":"INFO","message":"[5:56:42.970 PM]: Creating Connection[id: a00dae40-c38d-4b03-a094-ef3fa05935cb] with host: cixxjbf-wp67697.snowflakecomputing.com, account: cixxjbf-wp67697, accessUrl: https://cixxjbf-wp67697.snowflakecomputing.com, user: yoooni, role: undefined, database: FNF, schema: undefined, warehouse: DEV_WH, proxy was not configured, password is provided, region: undefined, authenticator: SNOWFLAKE, ocsp mode: FAIL_OPEN, os: win32, os version: 10.0.26200"}
{"level":"INFO","message":"[5:56:43.096 PM]: Connection[id: a00dae40-c38d-4b03-a094-ef3fa05935cb] additional details: passcode in password is provided, passcode is not provided, private key is not provided, application: undefined, client name: snowflake-sdk, client version: 2.3.3, retry timeout: 300, private key path: undefined, private key pass is not provided, client store temporary credential: false, browser response timeout: 120000"}
{"level":"INFO","message":"[5:56:43.262 PM]: Connection[id: a00dae40-c38d-4b03-a094-ef3fa05935cb] - connection object created successfully."}
{"level":"INFO","message":"[5:56:43.350 PM]: Connection[id: a00dae40-c38d-4b03-a094-ef3fa05935cb] - connecting. Associated Snowflake domain: GLOBAL"}
{"level":"INFO","message":"[5:56:43.433 PM]: Connection[id: a00dae40-c38d-4b03-a094-ef3fa05935cb] - authentication successful using: SNOWFLAKE"}
{"level":"INFO","message":"[5:56:47.796 PM]: Creating new connection object"}
{"level":"INFO","message":"[5:56:47.991 PM]: Creating Connection[id: b03e4efe-22ab-41c1-b241-c29db5d9a126] with host: cixxjbf-wp67697.snowflakecomputing.com, account: cixxjbf-wp67697, accessUrl: https://cixxjbf-wp67697.snowflakecomputing.com, user: yoooni, role: undefined, database: FNF, schema: undefined, warehouse: DEV_WH, proxy was not configured, password is provided, region: undefined, authenticator: SNOWFLAKE, ocsp mode: FAIL_OPEN, os: win32, os version: 10.0.26200"}
{"level":"INFO","message":"[5:56:48.029 PM]: Connection[id: b03e4efe-22ab-41c1-b241-c29db5d9a126] additional details: passcode in password is provided, passcode is not provided, private key is not provided, application: undefined, client name: snowflake-sdk, client version: 2.3.3, retry timeout: 300, private key path: undefined, private key pass is not provided, client store temporary credential: false, browser response timeout: 120000"}
{"level":"INFO","message":"[5:56:48.108 PM]: Connection[id: b03e4efe-22ab-41c1-b241-c29db5d9a126] - connection object created successfully."}
{"level":"INFO","message":"[5:56:48.197 PM]: Connection[id: b03e4efe-22ab-41c1-b241-c29db5d9a126] - connecting. Associated Snowflake domain: GLOBAL"}
{"level":"INFO","message":"[5:56:48.250 PM]: Connection[id: b03e4efe-22ab-41c1-b241-c29db5d9a126] - authentication successful using: SNOWFLAKE"}
{"level":"INFO","message":"[5:56:51.225 PM]: Connection[id: 5a238c28-b817-4fdd-b034-cd3f394665a6] - connection established successfully after 19212.46 milliseconds"}
{"level":"INFO","message":"[5:56:51.859 PM]: Connection[id: a00dae40-c38d-4b03-a094-ef3fa05935cb] - connection established successfully after 8509.01 milliseconds"}
{"level":"INFO","message":"[5:56:52.295 PM]: Connection[id: b03e4efe-22ab-41c1-b241-c29db5d9a126] - connection established successfully after 4098.58 milliseconds"}
{"level":"INFO","message":"[6:18:41.791 PM]: Creating new connection object"}
{"level":"INFO","message":"[6:18:41.920 PM]: Creating Connection[id: 6d2160d4-1e8d-45f5-bfa4-41d5ee84348d] with host: cixxjbf-wp67697.snowflakecomputing.com, account: cixxjbf-wp67697, accessUrl: https://cixxjbf-wp67697.snowflakecomputing.com, user: yoooni, role: undefined, database: FNF, schema: undefined, warehouse: DEV_WH, proxy was not configured, password is provided, region: undefined, authenticator: SNOWFLAKE, ocsp mode: FAIL_OPEN, os: win32, os version: 10.0.26200"}
{"level":"INFO","message":"[6:18:41.925 PM]: Connection[id: 6d2160d4-1e8d-45f5-bfa4-41d5ee84348d] additional details: passcode in password is provided, passcode is not provided, private key is not provided, application: undefined, client name: snowflake-sdk, client version: 2.3.3, retry timeout: 300, private key path: undefined, private key pass is not provided, client store temporary credential: false, browser response timeout: 120000"}
{"level":"INFO","message":"[6:18:41.927 PM]: Connection[id: 6d2160d4-1e8d-45f5-bfa4-41d5ee84348d] - connection object created successfully."}
{"level":"INFO","message":"[6:18:41.929 PM]: Connection[id: 6d2160d4-1e8d-45f5-bfa4-41d5ee84348d] - connecting. Associated Snowflake domain: GLOBAL"}
{"level":"INFO","message":"[6:18:41.933 PM]: Connection[id: 6d2160d4-1e8d-45f5-bfa4-41d5ee84348d] - authentication successful using: SNOWFLAKE"}
{"level":"INFO","message":"[6:18:41.938 PM]: Trying to initialize Easy Logging"}
{"level":"INFO","message":"[6:18:42.499 PM]: Creating new connection object"}
{"level":"INFO","message":"[6:18:42.601 PM]: Creating Connection[id: 13cf6fca-9e02-427c-8b61-ccb0c9dc3bfb] with host: cixxjbf-wp67697.snowflakecomputing.com, account: cixxjbf-wp67697, accessUrl: https://cixxjbf-wp67697.snowflakecomputing.com, user: yoooni, role: undefined, database: FNF, schema: undefined, warehouse: DEV_WH, proxy was not configured, password is provided, region: undefined, authenticator: SNOWFLAKE, ocsp mode: FAIL_OPEN, os: win32, os version: 10.0.26200"}
{"level":"INFO","message":"[6:18:42.773 PM]: Connection[id: 13cf6fca-9e02-427c-8b61-ccb0c9dc3bfb] additional details: passcode in password is provided, passcode is not provided, private key is not provided, application: undefined, client name: snowflake-sdk, client version: 2.3.3, retry timeout: 300, private key path: undefined, private key pass is not provided, client store temporary credential: false, browser response timeout: 120000"}
{"level":"INFO","message":"[6:18:42.822 PM]: Connection[id: 13cf6fca-9e02-427c-8b61-ccb0c9dc3bfb] - connection object created successfully."}
{"level":"INFO","message":"[6:18:42.942 PM]: Connection[id: 13cf6fca-9e02-427c-8b61-ccb0c9dc3bfb] - connecting. Associated Snowflake domain: GLOBAL"}
{"level":"INFO","message":"[6:18:43.132 PM]: Connection[id: 13cf6fca-9e02-427c-8b61-ccb0c9dc3bfb] - authentication successful using: SNOWFLAKE"}
{"level":"INFO","message":"[6:18:43.174 PM]: Trying to initialize Easy Logging"}
{"level":"INFO","message":"[6:18:43.890 PM]: Creating new connection object"}
{"level":"INFO","message":"[6:18:43.917 PM]: Creating Connection[id: 81d13c2c-e4bf-4382-ba2f-7788be68c5a4] with host: cixxjbf-wp67697.snowflakecomputing.com, account: cixxjbf-wp67697, accessUrl: https://cixxjbf-wp67697.snowflakecomputing.com, user: yoooni, role: undefined, database: FNF, schema: undefined, warehouse: DEV_WH, proxy was not configured, password is provided, region: undefined, authenticator: SNOWFLAKE, ocsp mode: FAIL_OPEN, os: win32, os version: 10.0.26200"}
{"level":"INFO","message":"[6:18:43.937 PM]: Connection[id: 81d13c2c-e4bf-4382-ba2f-7788be68c5a4] additional details: passcode in password is provided, passcode is not provided, private key is not provided, application: undefined, client name: snowflake-sdk, client version: 2.3.3, retry timeout: 300, private key path: undefined, private key pass is not provided, client store temporary credential: false, browser response timeout: 120000"}
{"level":"INFO","message":"[6:18:43.942 PM]: Connection[id: 81d13c2c-e4bf-4382-ba2f-7788be68c5a4] - connection object created successfully."}
{"level":"INFO","message":"[6:18:43.949 PM]: Connection[id: 81d13c2c-e4bf-4382-ba2f-7788be68c5a4] - connecting. Associated Snowflake domain: GLOBAL"}
{"level":"INFO","message":"[6:18:43.957 PM]: Connection[id: 81d13c2c-e4bf-4382-ba2f-7788be68c5a4] - authentication successful using: SNOWFLAKE"}
{"level":"INFO","message":"[6:18:43.966 PM]: Trying to initialize Easy Logging"}
{"level":"INFO","message":"[6:18:44.091 PM]: No client config detected."}
{"level":"INFO","message":"[6:18:44.315 PM]: No config file path found. Client config will not be used."}
{"level":"INFO","message":"[6:18:44.422 PM]: Easy Logging is disabled as no config has been found"}
{"level":"INFO","message":"[6:18:44.569 PM]: No client config detected."}
{"level":"INFO","message":"[6:18:44.570 PM]: No config file path found. Client config will not be used."}
{"level":"INFO","message":"[6:18:44.571 PM]: Easy Logging is disabled as no config has been found"}
{"level":"INFO","message":"[6:18:44.632 PM]: No client config detected."}
{"level":"INFO","message":"[6:18:44.635 PM]: No config file path found. Client config will not be used."}
{"level":"INFO","message":"[6:18:44.636 PM]: Easy Logging is disabled as no config has been found"}
{"level":"INFO","message":"[6:18:47.002 PM]: Connection[id: 6d2160d4-1e8d-45f5-bfa4-41d5ee84348d] - connection established successfully after 5073.07 milliseconds"}
{"level":"INFO","message":"[6:18:47.450 PM]: Connection[id: 81d13c2c-e4bf-4382-ba2f-7788be68c5a4] - connection established successfully after 3501.34 milliseconds"}
{"level":"INFO","message":"[6:18:47.769 PM]: Connection[id: 13cf6fca-9e02-427c-8b61-ccb0c9dc3bfb] - connection established successfully after 4828.06 milliseconds"}
{"level":"INFO","message":"[7:37:27.300 PM]: Creating new connection object"}
{"level":"INFO","message":"[7:37:29.140 PM]: Creating Connection[id: fc2fc61e-0e5b-41ec-885a-877d85da1323] with host: cixxjbf-wp67697.snowflakecomputing.com, account: cixxjbf-wp67697, accessUrl: https://cixxjbf-wp67697.snowflakecomputing.com, user: yoooni, role: undefined, database: FNF, schema: undefined, warehouse: DEV_WH, proxy was not configured, password is provided, region: undefined, authenticator: SNOWFLAKE, ocsp mode: FAIL_OPEN, os: win32, os version: 10.0.26200"}
{"level":"INFO","message":"[7:37:29.204 PM]: Connection[id: fc2fc61e-0e5b-41ec-885a-877d85da1323] additional details: passcode in password is provided, passcode is not provided, private key is not provided, application: undefined, client name: snowflake-sdk, client version: 2.3.3, retry timeout: 300, private key path: undefined, private key pass is not provided, client store temporary credential: false, browser response timeout: 120000"}
{"level":"INFO","message":"[7:37:29.284 PM]: Connection[id: fc2fc61e-0e5b-41ec-885a-877d85da1323] - connection object created successfully."}
{"level":"INFO","message":"[7:37:29.411 PM]: Connection[id: fc2fc61e-0e5b-41ec-885a-877d85da1323] - connecting. Associated Snowflake domain: GLOBAL"}
{"level":"INFO","message":"[7:37:29.555 PM]: Connection[id: fc2fc61e-0e5b-41ec-885a-877d85da1323] - authentication successful using: SNOWFLAKE"}
{"level":"INFO","message":"[7:37:29.635 PM]: Trying to initialize Easy Logging"}
{"level":"INFO","message":"[7:37:30.834 PM]: Creating new connection object"}
{"level":"INFO","message":"[7:37:30.884 PM]: Creating Connection[id: 82f72e83-e6d7-4701-bca4-21f17394f4ab] with host: cixxjbf-wp67697.snowflakecomputing.com, account: cixxjbf-wp67697, accessUrl: https://cixxjbf-wp67697.snowflakecomputing.com, user: yoooni, role: undefined, database: FNF, schema: undefined, warehouse: DEV_WH, proxy was not configured, password is provided, region: undefined, authenticator: SNOWFLAKE, ocsp mode: FAIL_OPEN, os: win32, os version: 10.0.26200"}
{"level":"INFO","message":"[7:37:30.918 PM]: Connection[id: 82f72e83-e6d7-4701-bca4-21f17394f4ab] additional details: passcode in password is provided, passcode is not provided, private key is not provided, application: undefined, client name: snowflake-sdk, client version: 2.3.3, retry timeout: 300, private key path: undefined, private key pass is not provided, client store temporary credential: false, browser response timeout: 120000"}
{"level":"INFO","message":"[7:37:30.941 PM]: Connection[id: 82f72e83-e6d7-4701-bca4-21f17394f4ab] - connection object created successfully."}
{"level":"INFO","message":"[7:37:30.959 PM]: Connection[id: 82f72e83-e6d7-4701-bca4-21f17394f4ab] - connecting. Associated Snowflake domain: GLOBAL"}
{"level":"INFO","message":"[7:37:30.985 PM]: Connection[id: 82f72e83-e6d7-4701-bca4-21f17394f4ab] - authentication successful using: SNOWFLAKE"}
{"level":"INFO","message":"[7:37:31.172 PM]: Trying to initialize Easy Logging"}
{"level":"INFO","message":"[7:37:32.031 PM]: Creating new connection object"}
{"level":"INFO","message":"[7:37:32.219 PM]: Creating Connection[id: 4258b30d-c942-40cc-a949-bbfa199bf5c4] with host: cixxjbf-wp67697.snowflakecomputing.com, account: cixxjbf-wp67697, accessUrl: https://cixxjbf-wp67697.snowflakecomputing.com, user: yoooni, role: undefined, database: FNF, schema: undefined, warehouse: DEV_WH, proxy was not configured, password is provided, region: undefined, authenticator: SNOWFLAKE, ocsp mode: FAIL_OPEN, os: win32, os version: 10.0.26200"}
{"level":"INFO","message":"[7:37:32.278 PM]: Connection[id: 4258b30d-c942-40cc-a949-bbfa199bf5c4] additional details: passcode in password is provided, passcode is not provided, private key is not provided, application: undefined, client name: snowflake-sdk, client version: 2.3.3, retry timeout: 300, private key path: undefined, private key pass is not provided, client store temporary credential: false, browser response timeout: 120000"}
{"level":"INFO","message":"[7:37:32.298 PM]: Connection[id: 4258b30d-c942-40cc-a949-bbfa199bf5c4] - connection object created successfully."}
{"level":"INFO","message":"[7:37:32.373 PM]: Connection[id: 4258b30d-c942-40cc-a949-bbfa199bf5c4] - connecting. Associated Snowflake domain: GLOBAL"}
{"level":"INFO","message":"[7:37:32.408 PM]: Connection[id: 4258b30d-c942-40cc-a949-bbfa199bf5c4] - authentication successful using: SNOWFLAKE"}
{"level":"INFO","message":"[7:37:32.452 PM]: Trying to initialize Easy Logging"}
{"level":"INFO","message":"[7:37:32.769 PM]: Creating new connection object"}
{"level":"INFO","message":"[7:37:32.827 PM]: Creating Connection[id: 2569a16a-1be4-434d-a8f4-9e7894796119] with host: cixxjbf-wp67697.snowflakecomputing.com, account: cixxjbf-wp67697, accessUrl: https://cixxjbf-wp67697.snowflakecomputing.com, user: yoooni, role: undefined, database: FNF, schema: undefined, warehouse: DEV_WH, proxy was not configured, password is provided, region: undefined, authenticator: SNOWFLAKE, ocsp mode: FAIL_OPEN, os: win32, os version: 10.0.26200"}
{"level":"INFO","message":"[7:37:32.886 PM]: Connection[id: 2569a16a-1be4-434d-a8f4-9e7894796119] additional details: passcode in password is provided, passcode is not provided, private key is not provided, application: undefined, client name: snowflake-sdk, client version: 2.3.3, retry timeout: 300, private key path: undefined, private key pass is not provided, client store temporary credential: false, browser response timeout: 120000"}
{"level":"INFO","message":"[7:37:32.906 PM]: Connection[id: 2569a16a-1be4-434d-a8f4-9e7894796119] - connection object created successfully."}
{"level":"INFO","message":"[7:37:32.955 PM]: Connection[id: 2569a16a-1be4-434d-a8f4-9e7894796119] - connecting. Associated Snowflake domain: GLOBAL"}
{"level":"INFO","message":"[7:37:33.007 PM]: Connection[id: 2569a16a-1be4-434d-a8f4-9e7894796119] - authentication successful using: SNOWFLAKE"}
{"level":"INFO","message":"[7:37:33.085 PM]: Trying to initialize Easy Logging"}
{"level":"INFO","message":"[7:37:33.260 PM]: Creating new connection object"}
{"level":"INFO","message":"[7:37:33.295 PM]: Creating Connection[id: 4dab9b90-c63d-476e-9965-06805d16268e] with host: cixxjbf-wp67697.snowflakecomputing.com, account: cixxjbf-wp67697, accessUrl: https://cixxjbf-wp67697.snowflakecomputing.com, user: yoooni, role: undefined, database: FNF, schema: undefined, warehouse: DEV_WH, proxy was not configured, password is provided, region: undefined, authenticator: SNOWFLAKE, ocsp mode: FAIL_OPEN, os: win32, os version: 10.0.26200"}
{"level":"INFO","message":"[7:37:33.310 PM]: Connection[id: 4dab9b90-c63d-476e-9965-06805d16268e] additional details: passcode in password is provided, passcode is not provided, private key is not provided, application: undefined, client name: snowflake-sdk, client version: 2.3.3, retry timeout: 300, private key path: undefined, private key pass is not provided, client store temporary credential: false, browser response timeout: 120000"}
{"level":"INFO","message":"[7:37:33.349 PM]: Connection[id: 4dab9b90-c63d-476e-9965-06805d16268e] - connection object created successfully."}
{"level":"INFO","message":"[7:37:33.373 PM]: Connection[id: 4dab9b90-c63d-476e-9965-06805d16268e] - connecting. Associated Snowflake domain: GLOBAL"}
{"level":"INFO","message":"[7:37:33.428 PM]: Connection[id: 4dab9b90-c63d-476e-9965-06805d16268e] - authentication successful using: SNOWFLAKE"}
{"level":"INFO","message":"[7:37:33.452 PM]: Trying to initialize Easy Logging"}
{"level":"INFO","message":"[7:37:33.602 PM]: Creating new connection object"}
{"level":"INFO","message":"[7:37:33.684 PM]: Creating Connection[id: bd1ab82a-1996-4f0f-8cf2-65904b89d3d7] with host: cixxjbf-wp67697.snowflakecomputing.com, account: cixxjbf-wp67697, accessUrl: https://cixxjbf-wp67697.snowflakecomputing.com, user: yoooni, role: undefined, database: FNF, schema: undefined, warehouse: DEV_WH, proxy was not configured, password is provided, region: undefined, authenticator: SNOWFLAKE, ocsp mode: FAIL_OPEN, os: win32, os version: 10.0.26200"}
{"level":"INFO","message":"[7:37:33.716 PM]: Connection[id: bd1ab82a-1996-4f0f-8cf2-65904b89d3d7] additional details: passcode in password is provided, passcode is not provided, private key is not provided, application: undefined, client name: snowflake-sdk, client version: 2.3.3, retry timeout: 300, private key path: undefined, private key pass is not provided, client store temporary credential: false, browser response timeout: 120000"}
{"level":"INFO","message":"[7:37:33.752 PM]: Connection[id: bd1ab82a-1996-4f0f-8cf2-65904b89d3d7] - connection object created successfully."}
{"level":"INFO","message":"[7:37:33.801 PM]: Connection[id: bd1ab82a-1996-4f0f-8cf2-65904b89d3d7] - connecting. Associated Snowflake domain: GLOBAL"}
{"level":"INFO","message":"[7:37:33.815 PM]: Connection[id: bd1ab82a-1996-4f0f-8cf2-65904b89d3d7] - authentication successful using: SNOWFLAKE"}
{"level":"INFO","message":"[7:37:33.841 PM]: Trying to initialize Easy Logging"}
{"level":"INFO","message":"[7:37:33.876 PM]: No client config detected."}
{"level":"INFO","message":"[7:37:33.900 PM]: No config file path found. Client config will not be used."}
{"level":"INFO","message":"[7:37:33.955 PM]: Easy Logging is disabled as no config has been found"}
{"level":"INFO","message":"[7:37:34.368 PM]: No client config detected."}
{"level":"INFO","message":"[7:37:34.375 PM]: No config file path found. Client config will not be used."}
{"level":"INFO","message":"[7:37:34.378 PM]: Easy Logging is disabled as no config has been found"}
{"level":"INFO","message":"[7:37:34.513 PM]: No client config detected."}
{"level":"INFO","message":"[7:37:34.520 PM]: No config file path found. Client config will not be used."}
{"level":"INFO","message":"[7:37:34.530 PM]: Easy Logging is disabled as no config has been found"}
{"level":"INFO","message":"[7:37:34.712 PM]: No client config detected."}
{"level":"INFO","message":"[7:37:34.717 PM]: No config file path found. Client config will not be used."}
{"level":"INFO","message":"[7:37:34.728 PM]: Easy Logging is disabled as no config has been found"}
{"level":"INFO","message":"[7:37:34.878 PM]: No client config detected."}
{"level":"INFO","message":"[7:37:34.881 PM]: No config file path found. Client config will not be used."}
{"level":"INFO","message":"[7:37:34.883 PM]: Easy Logging is disabled as no config has been found"}
{"level":"INFO","message":"[7:37:34.984 PM]: No client config detected."}
{"level":"INFO","message":"[7:37:34.997 PM]: No config file path found. Client config will not be used."}
{"level":"INFO","message":"[7:37:35.010 PM]: Easy Logging is disabled as no config has been found"}
{"level":"INFO","message":"[7:37:53.190 PM]: Connection[id: 2569a16a-1be4-434d-a8f4-9e7894796119] - connection established successfully after 20211.48 milliseconds"}
{"level":"INFO","message":"[7:37:58.453 PM]: Connection[id: 4258b30d-c942-40cc-a949-bbfa199bf5c4] - connection established successfully after 26079.55 milliseconds"}
{"level":"INFO","message":"[7:37:59.035 PM]: Connection[id: bd1ab82a-1996-4f0f-8cf2-65904b89d3d7] - connection established successfully after 25235.84 milliseconds"}
{"level":"INFO","message":"[7:38:00.050 PM]: Connection[id: 82f72e83-e6d7-4701-bca4-21f17394f4ab] - connection established successfully after 29090.61 milliseconds"}
{"level":"INFO","message":"[7:38:01.578 PM]: Connection[id: fc2fc61e-0e5b-41ec-885a-877d85da1323] - connection established successfully after 32167.34 milliseconds"}
{"level":"INFO","message":"[7:38:03.215 PM]: Connection[id: 4dab9b90-c63d-476e-9965-06805d16268e] - connection established successfully after 29841.94 milliseconds"}
{"level":"INFO","message":"[10:07:57.842 AM]: Creating new connection object"}
{"level":"INFO","message":"[10:07:57.964 AM]: Creating Connection[id: 457c8820-d0be-4275-82b4-6eb2e629e4bd] with host: cixxjbf-wp67697.snowflakecomputing.com, account: cixxjbf-wp67697, accessUrl: https://cixxjbf-wp67697.snowflakecomputing.com, user: yoooni, role: undefined, database: FNF, schema: undefined, warehouse: DEV_WH, proxy was not configured, password is provided, region: undefined, authenticator: SNOWFLAKE, ocsp mode: FAIL_OPEN, os: win32, os version: 10.0.26200"}
{"level":"INFO","message":"[10:07:57.966 AM]: Connection[id: 457c8820-d0be-4275-82b4-6eb2e629e4bd] additional details: passcode in password is provided, passcode is not provided, private key is not provided, application: undefined, client name: snowflake-sdk, client version: 2.3.3, retry timeout: 300, private key path: undefined, private key pass is not provided, client store temporary credential: false, browser response timeout: 120000"}
{"level":"INFO","message":"[10:07:57.969 AM]: Connection[id: 457c8820-d0be-4275-82b4-6eb2e629e4bd] - connection object created successfully."}
{"level":"INFO","message":"[10:07:57.970 AM]: Connection[id: 457c8820-d0be-4275-82b4-6eb2e629e4bd] - connecting. Associated Snowflake domain: GLOBAL"}
{"level":"INFO","message":"[10:07:57.973 AM]: Connection[id: 457c8820-d0be-4275-82b4-6eb2e629e4bd] - authentication successful using: SNOWFLAKE"}
{"level":"INFO","message":"[10:07:57.978 AM]: Trying to initialize Easy Logging"}
{"level":"INFO","message":"[10:07:58.382 AM]: Creating new connection object"}
{"level":"INFO","message":"[10:07:58.387 AM]: Creating Connection[id: 15e78328-b6cb-4f3a-9c71-79298fd596ba] with host: cixxjbf-wp67697.snowflakecomputing.com, account: cixxjbf-wp67697, accessUrl: https://cixxjbf-wp67697.snowflakecomputing.com, user: yoooni, role: undefined, database: FNF, schema: undefined, warehouse: DEV_WH, proxy was not configured, password is provided, region: undefined, authenticator: SNOWFLAKE, ocsp mode: FAIL_OPEN, os: win32, os version: 10.0.26200"}
{"level":"INFO","message":"[10:07:58.393 AM]: Connection[id: 15e78328-b6cb-4f3a-9c71-79298fd596ba] additional details: passcode in password is provided, passcode is not provided, private key is not provided, application: undefined, client name: snowflake-sdk, client version: 2.3.3, retry timeout: 300, private key path: undefined, private key pass is not provided, client store temporary credential: false, browser response timeout: 120000"}
{"level":"INFO","message":"[10:07:58.398 AM]: Connection[id: 15e78328-b6cb-4f3a-9c71-79298fd596ba] - connection object created successfully."}
{"level":"INFO","message":"[10:07:58.402 AM]: Connection[id: 15e78328-b6cb-4f3a-9c71-79298fd596ba] - connecting. Associated Snowflake domain: GLOBAL"}
{"level":"INFO","message":"[10:07:58.414 AM]: Connection[id: 15e78328-b6cb-4f3a-9c71-79298fd596ba] - authentication successful using: SNOWFLAKE"}
{"level":"INFO","message":"[10:07:58.418 AM]: Trying to initialize Easy Logging"}
{"level":"INFO","message":"[10:07:58.447 AM]: Creating new connection object"}
{"level":"INFO","message":"[10:07:58.456 AM]: Creating Connection[id: aef6c2bb-497e-404e-b8da-c843a6ea6b04] with host: cixxjbf-wp67697.snowflakecomputing.com, account: cixxjbf-wp67697, accessUrl: https://cixxjbf-wp67697.snowflakecomputing.com, user: yoooni, role: undefined, database: FNF, schema: undefined, warehouse: DEV_WH, proxy was not configured, password is provided, region: undefined, authenticator: SNOWFLAKE, ocsp mode: FAIL_OPEN, os: win32, os version: 10.0.26200"}
{"level":"INFO","message":"[10:07:58.461 AM]: Connection[id: aef6c2bb-497e-404e-b8da-c843a6ea6b04] additional details: passcode in password is provided, passcode is not provided, private key is not provided, application: undefined, client name: snowflake-sdk, client version: 2.3.3, retry timeout: 300, private key path: undefined, private key pass is not provided, client store temporary credential: false, browser response timeout: 120000"}
{"level":"INFO","message":"[10:07:58.465 AM]: Connection[id: aef6c2bb-497e-404e-b8da-c843a6ea6b04] - connection object created successfully."}
{"level":"INFO","message":"[10:07:58.468 AM]: Connection[id: aef6c2bb-497e-404e-b8da-c843a6ea6b04] - connecting. Associated Snowflake domain: GLOBAL"}
{"level":"INFO","message":"[10:07:58.473 AM]: Connection[id: aef6c2bb-497e-404e-b8da-c843a6ea6b04] - authentication successful using: SNOWFLAKE"}
{"level":"INFO","message":"[10:07:58.476 AM]: Trying to initialize Easy Logging"}
{"level":"INFO","message":"[10:07:58.482 AM]: No client config detected."}
{"level":"INFO","message":"[10:07:58.483 AM]: No config file path found. Client config will not be used."}
{"level":"INFO","message":"[10:07:58.484 AM]: Easy Logging is disabled as no config has been found"}
{"level":"INFO","message":"[10:07:58.603 AM]: No client config detected."}
{"level":"INFO","message":"[10:07:58.619 AM]: No config file path found. Client config will not be used."}
{"level":"INFO","message":"[10:07:58.631 AM]: Easy Logging is disabled as no config has been found"}
{"level":"INFO","message":"[10:07:58.673 AM]: No client config detected."}
{"level":"INFO","message":"[10:07:58.684 AM]: No config file path found. Client config will not be used."}
{"level":"INFO","message":"[10:07:58.684 AM]: Easy Logging is disabled as no config has been found"}
{"level":"INFO","message":"[10:08:03.268 AM]: Creating new connection object"}
{"level":"INFO","message":"[10:08:03.271 AM]: Creating Connection[id: fc7c092f-d08b-4b38-92cd-7169ca85a994] with host: cixxjbf-wp67697.snowflakecomputing.com, account: cixxjbf-wp67697, accessUrl: https://cixxjbf-wp67697.snowflakecomputing.com, user: yoooni, role: undefined, database: FNF, schema: undefined, warehouse: DEV_WH, proxy was not configured, password is provided, region: undefined, authenticator: SNOWFLAKE, ocsp mode: FAIL_OPEN, os: win32, os version: 10.0.26200"}
{"level":"INFO","message":"[10:08:03.272 AM]: Connection[id: fc7c092f-d08b-4b38-92cd-7169ca85a994] additional details: passcode in password is provided, passcode is not provided, private key is not provided, application: undefined, client name: snowflake-sdk, client version: 2.3.3, retry timeout: 300, private key path: undefined, private key pass is not provided, client store temporary credential: false, browser response timeout: 120000"}
{"level":"INFO","message":"[10:08:03.272 AM]: Connection[id: fc7c092f-d08b-4b38-92cd-7169ca85a994] - connection object created successfully."}
{"level":"INFO","message":"[10:08:03.273 AM]: Connection[id: fc7c092f-d08b-4b38-92cd-7169ca85a994] - connecting. Associated Snowflake domain: GLOBAL"}
{"level":"INFO","message":"[10:08:03.273 AM]: Connection[id: fc7c092f-d08b-4b38-92cd-7169ca85a994] - authentication successful using: SNOWFLAKE"}
{"level":"INFO","message":"[10:08:03.306 AM]: Creating new connection object"}
{"level":"INFO","message":"[10:08:03.308 AM]: Creating Connection[id: 6318ebe3-4db9-42b4-ac86-4fbdb21a25c3] with host: cixxjbf-wp67697.snowflakecomputing.com, account: cixxjbf-wp67697, accessUrl: https://cixxjbf-wp67697.snowflakecomputing.com, user: yoooni, role: undefined, database: FNF, schema: undefined, warehouse: DEV_WH, proxy was not configured, password is provided, region: undefined, authenticator: SNOWFLAKE, ocsp mode: FAIL_OPEN, os: win32, os version: 10.0.26200"}
{"level":"INFO","message":"[10:08:03.308 AM]: Connection[id: 6318ebe3-4db9-42b4-ac86-4fbdb21a25c3] additional details: passcode in password is provided, passcode is not provided, private key is not provided, application: undefined, client name: snowflake-sdk, client version: 2.3.3, retry timeout: 300, private key path: undefined, private key pass is not provided, client store temporary credential: false, browser response timeout: 120000"}
{"level":"INFO","message":"[10:08:03.309 AM]: Connection[id: 6318ebe3-4db9-42b4-ac86-4fbdb21a25c3] - connection object created successfully."}
{"level":"INFO","message":"[10:08:03.310 AM]: Connection[id: 6318ebe3-4db9-42b4-ac86-4fbdb21a25c3] - connecting. Associated Snowflake domain: GLOBAL"}
{"level":"INFO","message":"[10:08:03.310 AM]: Connection[id: 6318ebe3-4db9-42b4-ac86-4fbdb21a25c3] - authentication successful using: SNOWFLAKE"}
{"level":"INFO","message":"[10:08:03.334 AM]: Connection[id: 457c8820-d0be-4275-82b4-6eb2e629e4bd] - connection established successfully after 5363.71 milliseconds"}
{"level":"INFO","message":"[10:08:03.353 AM]: Connection[id: aef6c2bb-497e-404e-b8da-c843a6ea6b04] - connection established successfully after 4885.25 milliseconds"}
{"level":"INFO","message":"[10:08:03.360 AM]: Connection[id: 15e78328-b6cb-4f3a-9c71-79298fd596ba] - connection established successfully after 4958.55 milliseconds"}
{"level":"INFO","message":"[10:08:03.877 AM]: Creating new connection object"}
{"level":"INFO","message":"[10:08:03.889 AM]: Creating Connection[id: 10549f5f-c849-44b8-9b9f-861bddff08a3] with host: cixxjbf-wp67697.snowflakecomputing.com, account: cixxjbf-wp67697, accessUrl: https://cixxjbf-wp67697.snowflakecomputing.com, user: yoooni, role: undefined, database: FNF, schema: undefined, warehouse: DEV_WH, proxy was not configured, password is provided, region: undefined, authenticator: SNOWFLAKE, ocsp mode: FAIL_OPEN, os: win32, os version: 10.0.26200"}
{"level":"INFO","message":"[10:08:03.891 AM]: Connection[id: 10549f5f-c849-44b8-9b9f-861bddff08a3] additional details: passcode in password is provided, passcode is not provided, private key is not provided, application: undefined, client name: snowflake-sdk, client version: 2.3.3, retry timeout: 300, private key path: undefined, private key pass is not provided, client store temporary credential: false, browser response timeout: 120000"}
{"level":"INFO","message":"[10:08:03.895 AM]: Connection[id: 10549f5f-c849-44b8-9b9f-861bddff08a3] - connection object created successfully."}
{"level":"INFO","message":"[10:08:03.898 AM]: Connection[id: 10549f5f-c849-44b8-9b9f-861bddff08a3] - connecting. Associated Snowflake domain: GLOBAL"}
{"level":"INFO","message":"[10:08:03.903 AM]: Connection[id: 10549f5f-c849-44b8-9b9f-861bddff08a3] - authentication successful using: SNOWFLAKE"}
{"level":"INFO","message":"[10:08:03.990 AM]: Connection[id: 6318ebe3-4db9-42b4-ac86-4fbdb21a25c3] - connection established successfully after 680.12 milliseconds"}
{"level":"INFO","message":"[10:08:04.115 AM]: Connection[id: fc7c092f-d08b-4b38-92cd-7169ca85a994] - connection established successfully after 842.09 milliseconds"}
{"level":"INFO","message":"[10:08:04.492 AM]: Connection[id: 10549f5f-c849-44b8-9b9f-861bddff08a3] - connection established successfully after 595.4 milliseconds"}
{"level":"INFO","message":"[10:08:06.970 AM]: Creating new connection object"}
{"level":"INFO","message":"[10:08:06.972 AM]: Creating Connection[id: c81ca190-b716-4787-82b9-5a573660719f] with host: cixxjbf-wp67697.snowflakecomputing.com, account: cixxjbf-wp67697, accessUrl: https://cixxjbf-wp67697.snowflakecomputing.com, user: yoooni, role: undefined, database: FNF, schema: undefined, warehouse: DEV_WH, proxy was not configured, password is provided, region: undefined, authenticator: SNOWFLAKE, ocsp mode: FAIL_OPEN, os: win32, os version: 10.0.26200"}
{"level":"INFO","message":"[10:08:06.973 AM]: Connection[id: c81ca190-b716-4787-82b9-5a573660719f] additional details: passcode in password is provided, passcode is not provided, private key is not provided, application: undefined, client name: snowflake-sdk, client version: 2.3.3, retry timeout: 300, private key path: undefined, private key pass is not provided, client store temporary credential: false, browser response timeout: 120000"}
{"level":"INFO","message":"[10:08:06.974 AM]: Connection[id: c81ca190-b716-4787-82b9-5a573660719f] - connection object created successfully."}
{"level":"INFO","message":"[10:08:06.974 AM]: Connection[id: c81ca190-b716-4787-82b9-5a573660719f] - connecting. Associated Snowflake domain: GLOBAL"}
{"level":"INFO","message":"[10:08:06.974 AM]: Connection[id: c81ca190-b716-4787-82b9-5a573660719f] - authentication successful using: SNOWFLAKE"}
{"level":"INFO","message":"[10:08:07.086 AM]: Connection[id: c81ca190-b716-4787-82b9-5a573660719f] - connection established successfully after 112.22 milliseconds"}
{"level":"INFO","message":"[10:14:33.242 AM]: Creating new connection object"}
{"level":"INFO","message":"[10:14:33.301 AM]: Creating Connection[id: 3e3a45ce-38b2-4809-98c8-cf6056135fc8] with host: cixxjbf-wp67697.snowflakecomputing.com, account: cixxjbf-wp67697, accessUrl: https://cixxjbf-wp67697.snowflakecomputing.com, user: yoooni, role: undefined, database: FNF, schema: undefined, warehouse: DEV_WH, proxy was not configured, password is provided, region: undefined, authenticator: SNOWFLAKE, ocsp mode: FAIL_OPEN, os: win32, os version: 10.0.26200"}
{"level":"INFO","message":"[10:14:33.310 AM]: Connection[id: 3e3a45ce-38b2-4809-98c8-cf6056135fc8] additional details: passcode in password is provided, passcode is not provided, private key is not provided, application: undefined, client name: snowflake-sdk, client version: 2.3.3, retry timeout: 300, private key path: undefined, private key pass is not provided, client store temporary credential: false, browser response timeout: 120000"}
{"level":"INFO","message":"[10:14:33.318 AM]: Connection[id: 3e3a45ce-38b2-4809-98c8-cf6056135fc8] - connection object created successfully."}
{"level":"INFO","message":"[10:14:33.331 AM]: Connection[id: 3e3a45ce-38b2-4809-98c8-cf6056135fc8] - connecting. Associated Snowflake domain: GLOBAL"}
{"level":"INFO","message":"[10:14:33.339 AM]: Connection[id: 3e3a45ce-38b2-4809-98c8-cf6056135fc8] - authentication successful using: SNOWFLAKE"}
{"level":"INFO","message":"[10:14:33.967 AM]: Creating new connection object"}
{"level":"INFO","message":"[10:14:34.059 AM]: Creating Connection[id: 7b78287e-d5c4-47c9-af2d-17015bfb1380] with host: cixxjbf-wp67697.snowflakecomputing.com, account: cixxjbf-wp67697, accessUrl: https://cixxjbf-wp67697.snowflakecomputing.com, user: yoooni, role: undefined, database: FNF, schema: undefined, warehouse: DEV_WH, proxy was not configured, password is provided, region: undefined, authenticator: SNOWFLAKE, ocsp mode: FAIL_OPEN, os: win32, os version: 10.0.26200"}
{"level":"INFO","message":"[10:14:34.121 AM]: Connection[id: 7b78287e-d5c4-47c9-af2d-17015bfb1380] additional details: passcode in password is provided, passcode is not provided, private key is not provided, application: undefined, client name: snowflake-sdk, client version: 2.3.3, retry timeout: 300, private key path: undefined, private key pass is not provided, client store temporary credential: false, browser response timeout: 120000"}
{"level":"INFO","message":"[10:14:34.151 AM]: Connection[id: 7b78287e-d5c4-47c9-af2d-17015bfb1380] - connection object created successfully."}
{"level":"INFO","message":"[10:14:34.188 AM]: Connection[id: 7b78287e-d5c4-47c9-af2d-17015bfb1380] - connecting. Associated Snowflake domain: GLOBAL"}
{"level":"INFO","message":"[10:14:34.221 AM]: Connection[id: 7b78287e-d5c4-47c9-af2d-17015bfb1380] - authentication successful using: SNOWFLAKE"}
{"level":"INFO","message":"[10:14:34.453 AM]: Creating new connection object"}
{"level":"INFO","message":"[10:14:34.463 AM]: Creating Connection[id: 66b6e6a2-1cd7-4c23-a1bb-f8439b9709c9] with host: cixxjbf-wp67697.snowflakecomputing.com, account: cixxjbf-wp67697, accessUrl: https://cixxjbf-wp67697.snowflakecomputing.com, user: yoooni, role: undefined, database: FNF, schema: undefined, warehouse: DEV_WH, proxy was not configured, password is provided, region: undefined, authenticator: SNOWFLAKE, ocsp mode: FAIL_OPEN, os: win32, os version: 10.0.26200"}
{"level":"INFO","message":"[10:14:34.467 AM]: Connection[id: 66b6e6a2-1cd7-4c23-a1bb-f8439b9709c9] additional details: passcode in password is provided, passcode is not provided, private key is not provided, application: undefined, client name: snowflake-sdk, client version: 2.3.3, retry timeout: 300, private key path: undefined, private key pass is not provided, client store temporary credential: false, browser response timeout: 120000"}
{"level":"INFO","message":"[10:14:34.478 AM]: Connection[id: 66b6e6a2-1cd7-4c23-a1bb-f8439b9709c9] - connection object created successfully."}
{"level":"INFO","message":"[10:14:34.484 AM]: Connection[id: 66b6e6a2-1cd7-4c23-a1bb-f8439b9709c9] - connecting. Associated Snowflake domain: GLOBAL"}
{"level":"INFO","message":"[10:14:34.489 AM]: Connection[id: 66b6e6a2-1cd7-4c23-a1bb-f8439b9709c9] - authentication successful using: SNOWFLAKE"}
{"level":"INFO","message":"[10:14:36.511 AM]: Connection[id: 7b78287e-d5c4-47c9-af2d-17015bfb1380] - connection established successfully after 2324.17 milliseconds"}
{"level":"INFO","message":"[10:14:36.536 AM]: Connection[id: 66b6e6a2-1cd7-4c23-a1bb-f8439b9709c9] - connection established successfully after 2053.1 milliseconds"}
{"level":"INFO","message":"[10:14:36.576 AM]: Connection[id: 3e3a45ce-38b2-4809-98c8-cf6056135fc8] - connection established successfully after 3244.92 milliseconds"}
{"level":"INFO","message":"[1:05:22.081 PM]: Creating new connection object"}
{"level":"INFO","message":"[1:05:22.173 PM]: Creating Connection[id: 3d6adfea-5990-41fe-98f2-a359e57b519a] with host: cixxjbf-wp67697.snowflakecomputing.com, account: cixxjbf-wp67697, accessUrl: https://cixxjbf-wp67697.snowflakecomputing.com, user: yoooni, role: undefined, database: FNF, schema: undefined, warehouse: DEV_WH, proxy was not configured, password is provided, region: undefined, authenticator: SNOWFLAKE, ocsp mode: FAIL_OPEN, os: win32, os version: 10.0.26200"}
{"level":"INFO","message":"[1:05:22.177 PM]: Connection[id: 3d6adfea-5990-41fe-98f2-a359e57b519a] additional details: passcode in password is provided, passcode is not provided, private key is not provided, application: undefined, client name: snowflake-sdk, client version: 2.3.3, retry timeout: 300, private key path: undefined, private key pass is not provided, client store temporary credential: false, browser response timeout: 120000"}
{"level":"INFO","message":"[1:05:22.181 PM]: Connection[id: 3d6adfea-5990-41fe-98f2-a359e57b519a] - connection object created successfully."}
{"level":"INFO","message":"[1:05:22.187 PM]: Connection[id: 3d6adfea-5990-41fe-98f2-a359e57b519a] - connecting. Associated Snowflake domain: GLOBAL"}
{"level":"INFO","message":"[1:05:22.191 PM]: Connection[id: 3d6adfea-5990-41fe-98f2-a359e57b519a] - authentication successful using: SNOWFLAKE"}
{"level":"INFO","message":"[1:05:22.498 PM]: Creating new connection object"}
{"level":"INFO","message":"[1:05:22.504 PM]: Creating Connection[id: baa3ddcc-54b5-4e7f-a991-fed44d19298e] with host: cixxjbf-wp67697.snowflakecomputing.com, account: cixxjbf-wp67697, accessUrl: https://cixxjbf-wp67697.snowflakecomputing.com, user: yoooni, role: undefined, database: FNF, schema: undefined, warehouse: DEV_WH, proxy was not configured, password is provided, region: undefined, authenticator: SNOWFLAKE, ocsp mode: FAIL_OPEN, os: win32, os version: 10.0.26200"}
{"level":"INFO","message":"[1:05:22.506 PM]: Connection[id: baa3ddcc-54b5-4e7f-a991-fed44d19298e] additional details: passcode in password is provided, passcode is not provided, private key is not provided, application: undefined, client name: snowflake-sdk, client version: 2.3.3, retry timeout: 300, private key path: undefined, private key pass is not provided, client store temporary credential: false, browser response timeout: 120000"}
{"level":"INFO","message":"[1:05:22.507 PM]: Connection[id: baa3ddcc-54b5-4e7f-a991-fed44d19298e] - connection object created successfully."}
{"level":"INFO","message":"[1:05:22.512 PM]: Connection[id: baa3ddcc-54b5-4e7f-a991-fed44d19298e] - connecting. Associated Snowflake domain: GLOBAL"}
{"level":"INFO","message":"[1:05:22.515 PM]: Connection[id: baa3ddcc-54b5-4e7f-a991-fed44d19298e] - authentication successful using: SNOWFLAKE"}
{"level":"INFO","message":"[1:05:22.680 PM]: Creating new connection object"}
{"level":"INFO","message":"[1:05:22.704 PM]: Creating Connection[id: ea22736a-4db7-486c-9a02-026fdf135abd] with host: cixxjbf-wp67697.snowflakecomputing.com, account: cixxjbf-wp67697, accessUrl: https://cixxjbf-wp67697.snowflakecomputing.com, user: yoooni, role: undefined, database: FNF, schema: undefined, warehouse: DEV_WH, proxy was not configured, password is provided, region: undefined, authenticator: SNOWFLAKE, ocsp mode: FAIL_OPEN, os: win32, os version: 10.0.26200"}
{"level":"INFO","message":"[1:05:22.707 PM]: Connection[id: ea22736a-4db7-486c-9a02-026fdf135abd] additional details: passcode in password is provided, passcode is not provided, private key is not provided, application: undefined, client name: snowflake-sdk, client version: 2.3.3, retry timeout: 300, private key path: undefined, private key pass is not provided, client store temporary credential: false, browser response timeout: 120000"}
{"level":"INFO","message":"[1:05:22.719 PM]: Connection[id: ea22736a-4db7-486c-9a02-026fdf135abd] - connection object created successfully."}
{"level":"INFO","message":"[1:05:22.752 PM]: Connection[id: ea22736a-4db7-486c-9a02-026fdf135abd] - connecting. Associated Snowflake domain: GLOBAL"}
{"level":"INFO","message":"[1:05:22.790 PM]: Connection[id: ea22736a-4db7-486c-9a02-026fdf135abd] - authentication successful using: SNOWFLAKE"}
{"level":"INFO","message":"[1:05:22.941 PM]: Creating new connection object"}
{"level":"INFO","message":"[1:05:22.947 PM]: Creating Connection[id: 49d7f31d-f778-418f-a316-e9f7d2d2b60f] with host: cixxjbf-wp67697.snowflakecomputing.com, account: cixxjbf-wp67697, accessUrl: https://cixxjbf-wp67697.snowflakecomputing.com, user: yoooni, role: undefined, database: FNF, schema: undefined, warehouse: DEV_WH, proxy was not configured, password is provided, region: undefined, authenticator: SNOWFLAKE, ocsp mode: FAIL_OPEN, os: win32, os version: 10.0.26200"}
{"level":"INFO","message":"[1:05:22.948 PM]: Connection[id: 49d7f31d-f778-418f-a316-e9f7d2d2b60f] additional details: passcode in password is provided, passcode is not provided, private key is not provided, application: undefined, client name: snowflake-sdk, client version: 2.3.3, retry timeout: 300, private key path: undefined, private key pass is not provided, client store temporary credential: false, browser response timeout: 120000"}
{"level":"INFO","message":"[1:05:22.950 PM]: Connection[id: 49d7f31d-f778-418f-a316-e9f7d2d2b60f] - connection object created successfully."}
{"level":"INFO","message":"[1:05:22.952 PM]: Connection[id: 49d7f31d-f778-418f-a316-e9f7d2d2b60f] - connecting. Associated Snowflake domain: GLOBAL"}
{"level":"INFO","message":"[1:05:22.956 PM]: Connection[id: 49d7f31d-f778-418f-a316-e9f7d2d2b60f] - authentication successful using: SNOWFLAKE"}
{"level":"INFO","message":"[1:05:25.828 PM]: Connection[id: baa3ddcc-54b5-4e7f-a991-fed44d19298e] - connection established successfully after 3315.59 milliseconds"}
{"level":"INFO","message":"[1:05:25.859 PM]: Connection[id: 3d6adfea-5990-41fe-98f2-a359e57b519a] - connection established successfully after 3673.68 milliseconds"}
{"level":"INFO","message":"[1:05:25.883 PM]: Connection[id: ea22736a-4db7-486c-9a02-026fdf135abd] - connection established successfully after 3131.09 milliseconds"}
{"level":"INFO","message":"[1:05:25.924 PM]: Connection[id: 49d7f31d-f778-418f-a316-e9f7d2d2b60f] - connection established successfully after 2972.56 milliseconds"}
{"level":"INFO","message":"[9:05:50.900 AM]: Creating new connection object"}
{"level":"INFO","message":"[9:05:51.678 AM]: Creating Connection[id: 4da050c1-b374-4c10-a285-99629116b074] with host: cixxjbf-wp67697.snowflakecomputing.com, account: cixxjbf-wp67697, accessUrl: https://cixxjbf-wp67697.snowflakecomputing.com, user: yoooni, role: undefined, database: FNF, schema: undefined, warehouse: DEV_WH, proxy was not configured, password is provided, region: undefined, authenticator: SNOWFLAKE, ocsp mode: FAIL_OPEN, os: win32, os version: 10.0.26200"}
{"level":"INFO","message":"[9:05:51.747 AM]: Connection[id: 4da050c1-b374-4c10-a285-99629116b074] additional details: passcode in password is provided, passcode is not provided, private key is not provided, application: undefined, client name: snowflake-sdk, client version: 2.3.3, retry timeout: 300, private key path: undefined, private key pass is not provided, client store temporary credential: false, browser response timeout: 120000"}
{"level":"INFO","message":"[9:05:51.788 AM]: Connection[id: 4da050c1-b374-4c10-a285-99629116b074] - connection object created successfully."}
{"level":"INFO","message":"[9:05:51.962 AM]: Connection[id: 4da050c1-b374-4c10-a285-99629116b074] - connecting. Associated Snowflake domain: GLOBAL"}
{"level":"INFO","message":"[9:05:52.022 AM]: Connection[id: 4da050c1-b374-4c10-a285-99629116b074] - authentication successful using: SNOWFLAKE"}
{"level":"INFO","message":"[9:05:52.167 AM]: Trying to initialize Easy Logging"}
{"level":"INFO","message":"[9:05:52.754 AM]: Creating new connection object"}
{"level":"INFO","message":"[9:05:52.824 AM]: Creating Connection[id: 1a8ab46f-830d-4beb-a6ab-30fe735f0fef] with host: cixxjbf-wp67697.snowflakecomputing.com, account: cixxjbf-wp67697, accessUrl: https://cixxjbf-wp67697.snowflakecomputing.com, user: yoooni, role: undefined, database: FNF, schema: undefined, warehouse: DEV_WH, proxy was not configured, password is provided, region: undefined, authenticator: SNOWFLAKE, ocsp mode: FAIL_OPEN, os: win32, os version: 10.0.26200"}
{"level":"INFO","message":"[9:05:52.892 AM]: Connection[id: 1a8ab46f-830d-4beb-a6ab-30fe735f0fef] additional details: passcode in password is provided, passcode is not provided, private key is not provided, application: undefined, client name: snowflake-sdk, client version: 2.3.3, retry timeout: 300, private key path: undefined, private key pass is not provided, client store temporary credential: false, browser response timeout: 120000"}
{"level":"INFO","message":"[9:05:53.010 AM]: Connection[id: 1a8ab46f-830d-4beb-a6ab-30fe735f0fef] - connection object created successfully."}
{"level":"INFO","message":"[9:05:53.064 AM]: Connection[id: 1a8ab46f-830d-4beb-a6ab-30fe735f0fef] - connecting. Associated Snowflake domain: GLOBAL"}
{"level":"INFO","message":"[9:05:53.186 AM]: Connection[id: 1a8ab46f-830d-4beb-a6ab-30fe735f0fef] - authentication successful using: SNOWFLAKE"}
{"level":"INFO","message":"[9:05:53.230 AM]: Trying to initialize Easy Logging"}
{"level":"INFO","message":"[9:05:58.100 AM]: No client config detected."}
{"level":"INFO","message":"[9:05:58.137 AM]: No config file path found. Client config will not be used."}
{"level":"INFO","message":"[9:05:58.163 AM]: Easy Logging is disabled as no config has been found"}
{"level":"INFO","message":"[9:05:59.119 AM]: No client config detected."}
{"level":"INFO","message":"[9:05:59.132 AM]: No config file path found. Client config will not be used."}
{"level":"INFO","message":"[9:05:59.225 AM]: Easy Logging is disabled as no config has been found"}
{"level":"INFO","message":"[9:05:59.797 AM]: Creating new connection object"}
{"level":"INFO","message":"[9:06:00.012 AM]: Creating Connection[id: d48577fa-28af-446c-98d1-2b8db13cd283] with host: cixxjbf-wp67697.snowflakecomputing.com, account: cixxjbf-wp67697, accessUrl: https://cixxjbf-wp67697.snowflakecomputing.com, user: yoooni, role: undefined, database: FNF, schema: undefined, warehouse: DEV_WH, proxy was not configured, password is provided, region: undefined, authenticator: SNOWFLAKE, ocsp mode: FAIL_OPEN, os: win32, os version: 10.0.26200"}
{"level":"INFO","message":"[9:06:00.019 AM]: Connection[id: d48577fa-28af-446c-98d1-2b8db13cd283] additional details: passcode in password is provided, passcode is not provided, private key is not provided, application: undefined, client name: snowflake-sdk, client version: 2.3.3, retry timeout: 300, private key path: undefined, private key pass is not provided, client store temporary credential: false, browser response timeout: 120000"}
{"level":"INFO","message":"[9:06:00.050 AM]: Connection[id: d48577fa-28af-446c-98d1-2b8db13cd283] - connection object created successfully."}
{"level":"INFO","message":"[9:06:00.122 AM]: Connection[id: d48577fa-28af-446c-98d1-2b8db13cd283] - connecting. Associated Snowflake domain: GLOBAL"}
{"level":"INFO","message":"[9:06:00.219 AM]: Connection[id: d48577fa-28af-446c-98d1-2b8db13cd283] - authentication successful using: SNOWFLAKE"}
{"level":"INFO","message":"[9:06:14.693 AM]: Creating new connection object"}
{"level":"INFO","message":"[9:06:14.759 AM]: Creating Connection[id: e9f10b55-1b4b-4f78-9fc7-182cb40da164] with host: cixxjbf-wp67697.snowflakecomputing.com, account: cixxjbf-wp67697, accessUrl: https://cixxjbf-wp67697.snowflakecomputing.com, user: yoooni, role: undefined, database: FNF, schema: undefined, warehouse: DEV_WH, proxy was not configured, password is provided, region: undefined, authenticator: SNOWFLAKE, ocsp mode: FAIL_OPEN, os: win32, os version: 10.0.26200"}
{"level":"INFO","message":"[9:06:14.804 AM]: Connection[id: e9f10b55-1b4b-4f78-9fc7-182cb40da164] additional details: passcode in password is provided, passcode is not provided, private key is not provided, application: undefined, client name: snowflake-sdk, client version: 2.3.3, retry timeout: 300, private key path: undefined, private key pass is not provided, client store temporary credential: false, browser response timeout: 120000"}
{"level":"INFO","message":"[9:06:14.837 AM]: Connection[id: e9f10b55-1b4b-4f78-9fc7-182cb40da164] - connection object created successfully."}
{"level":"INFO","message":"[9:06:14.872 AM]: Connection[id: e9f10b55-1b4b-4f78-9fc7-182cb40da164] - connecting. Associated Snowflake domain: GLOBAL"}
{"level":"INFO","message":"[9:06:14.884 AM]: Connection[id: e9f10b55-1b4b-4f78-9fc7-182cb40da164] - authentication successful using: SNOWFLAKE"}
{"level":"INFO","message":"[9:06:33.836 AM]: Connection[id: 4da050c1-b374-4c10-a285-99629116b074] - connection established successfully after 41909.19 milliseconds"}
{"level":"INFO","message":"[9:06:42.316 AM]: Connection[id: e9f10b55-1b4b-4f78-9fc7-182cb40da164] - connection established successfully after 27422.7 milliseconds"}
{"level":"INFO","message":"[9:06:43.525 AM]: Connection[id: d48577fa-28af-446c-98d1-2b8db13cd283] - connection established successfully after 43403.27 milliseconds"}
{"level":"INFO","message":"[9:06:44.704 AM]: Creating new connection object"}
{"level":"INFO","message":"[9:06:44.807 AM]: Creating Connection[id: f160e00b-25fe-4d1b-b235-25bbfde9d737] with host: cixxjbf-wp67697.snowflakecomputing.com, account: cixxjbf-wp67697, accessUrl: https://cixxjbf-wp67697.snowflakecomputing.com, user: yoooni, role: undefined, database: FNF, schema: undefined, warehouse: DEV_WH, proxy was not configured, password is provided, region: undefined, authenticator: SNOWFLAKE, ocsp mode: FAIL_OPEN, os: win32, os version: 10.0.26200"}
{"level":"INFO","message":"[9:06:44.841 AM]: Connection[id: f160e00b-25fe-4d1b-b235-25bbfde9d737] additional details: passcode in password is provided, passcode is not provided, private key is not provided, application: undefined, client name: snowflake-sdk, client version: 2.3.3, retry timeout: 300, private key path: undefined, private key pass is not provided, client store temporary credential: false, browser response timeout: 120000"}
{"level":"INFO","message":"[9:06:44.931 AM]: Connection[id: f160e00b-25fe-4d1b-b235-25bbfde9d737] - connection object created successfully."}
{"level":"INFO","message":"[9:06:44.956 AM]: Connection[id: f160e00b-25fe-4d1b-b235-25bbfde9d737] - connecting. Associated Snowflake domain: GLOBAL"}
{"level":"INFO","message":"[9:06:45.001 AM]: Connection[id: f160e00b-25fe-4d1b-b235-25bbfde9d737] - authentication successful using: SNOWFLAKE"}
{"level":"INFO","message":"[9:06:45.749 AM]: Connection[id: f160e00b-25fe-4d1b-b235-25bbfde9d737] - connection established successfully after 792.73 milliseconds"}
{"level":"INFO","message":"[9:06:54.444 AM]: Connection[id: 1a8ab46f-830d-4beb-a6ab-30fe735f0fef] - connection established successfully after 61379.49 milliseconds"}
{"level":"INFO","message":"[9:07:56.239 AM]: Creating new connection object"}
{"level":"INFO","message":"[9:07:56.326 AM]: Creating Connection[id: db9d82c5-a90d-4b8f-b1eb-0e8b08100d58] with host: cixxjbf-wp67697.snowflakecomputing.com, account: cixxjbf-wp67697, accessUrl: https://cixxjbf-wp67697.snowflakecomputing.com, user: yoooni, role: undefined, database: FNF, schema: undefined, warehouse: DEV_WH, proxy was not configured, password is provided, region: undefined, authenticator: SNOWFLAKE, ocsp mode: FAIL_OPEN, os: win32, os version: 10.0.26200"}
{"level":"INFO","message":"[9:07:56.339 AM]: Connection[id: db9d82c5-a90d-4b8f-b1eb-0e8b08100d58] additional details: passcode in password is provided, passcode is not provided, private key is not provided, application: undefined, client name: snowflake-sdk, client version: 2.3.3, retry timeout: 300, private key path: undefined, private key pass is not provided, client store temporary credential: false, browser response timeout: 120000"}
{"level":"INFO","message":"[9:07:56.365 AM]: Connection[id: db9d82c5-a90d-4b8f-b1eb-0e8b08100d58] - connection object created successfully."}
{"level":"INFO","message":"[9:07:56.404 AM]: Connection[id: db9d82c5-a90d-4b8f-b1eb-0e8b08100d58] - connecting. Associated Snowflake domain: GLOBAL"}
{"level":"INFO","message":"[9:07:56.434 AM]: Connection[id: db9d82c5-a90d-4b8f-b1eb-0e8b08100d58] - authentication successful using: SNOWFLAKE"}
{"level":"INFO","message":"[9:07:57.986 AM]: Connection[id: db9d82c5-a90d-4b8f-b1eb-0e8b08100d58] - connection established successfully after 1581.85 milliseconds"}
{"level":"INFO","message":"[9:08:05.542 AM]: Creating new connection object"}
{"level":"INFO","message":"[9:08:05.704 AM]: Creating Connection[id: fe3ba07d-476d-4e08-a7ba-0dd5e2b06b6b] with host: cixxjbf-wp67697.snowflakecomputing.com, account: cixxjbf-wp67697, accessUrl: https://cixxjbf-wp67697.snowflakecomputing.com, user: yoooni, role: undefined, database: FNF, schema: undefined, warehouse: DEV_WH, proxy was not configured, password is provided, region: undefined, authenticator: SNOWFLAKE, ocsp mode: FAIL_OPEN, os: win32, os version: 10.0.26200"}
{"level":"INFO","message":"[9:08:05.742 AM]: Connection[id: fe3ba07d-476d-4e08-a7ba-0dd5e2b06b6b] additional details: passcode in password is provided, passcode is not provided, private key is not provided, application: undefined, client name: snowflake-sdk, client version: 2.3.3, retry timeout: 300, private key path: undefined, private key pass is not provided, client store temporary credential: false, browser response timeout: 120000"}
{"level":"INFO","message":"[9:08:05.858 AM]: Connection[id: fe3ba07d-476d-4e08-a7ba-0dd5e2b06b6b] - connection object created successfully."}
{"level":"INFO","message":"[9:08:05.888 AM]: Connection[id: fe3ba07d-476d-4e08-a7ba-0dd5e2b06b6b] - connecting. Associated Snowflake domain: GLOBAL"}
{"level":"INFO","message":"[9:08:05.930 AM]: Connection[id: fe3ba07d-476d-4e08-a7ba-0dd5e2b06b6b] - authentication successful using: SNOWFLAKE"}
{"level":"INFO","message":"[9:08:07.034 AM]: Connection[id: fe3ba07d-476d-4e08-a7ba-0dd5e2b06b6b] - connection established successfully after 1145.87 milliseconds"}
{"level":"INFO","message":"[9:08:24.860 AM]: Creating new connection object"}
{"level":"INFO","message":"[9:08:25.205 AM]: Creating Connection[id: d5ccbb9f-0775-4807-bd7e-46a42fed954b] with host: cixxjbf-wp67697.snowflakecomputing.com, account: cixxjbf-wp67697, accessUrl: https://cixxjbf-wp67697.snowflakecomputing.com, user: yoooni, role: undefined, database: FNF, schema: undefined, warehouse: DEV_WH, proxy was not configured, password is provided, region: undefined, authenticator: SNOWFLAKE, ocsp mode: FAIL_OPEN, os: win32, os version: 10.0.26200"}
{"level":"INFO","message":"[9:08:25.269 AM]: Connection[id: d5ccbb9f-0775-4807-bd7e-46a42fed954b] additional details: passcode in password is provided, passcode is not provided, private key is not provided, application: undefined, client name: snowflake-sdk, client version: 2.3.3, retry timeout: 300, private key path: undefined, private key pass is not provided, client store temporary credential: false, browser response timeout: 120000"}
{"level":"INFO","message":"[9:08:25.365 AM]: Connection[id: d5ccbb9f-0775-4807-bd7e-46a42fed954b] - connection object created successfully."}
{"level":"INFO","message":"[9:08:25.463 AM]: Connection[id: d5ccbb9f-0775-4807-bd7e-46a42fed954b] - connecting. Associated Snowflake domain: GLOBAL"}
{"level":"INFO","message":"[9:08:25.584 AM]: Connection[id: d5ccbb9f-0775-4807-bd7e-46a42fed954b] - authentication successful using: SNOWFLAKE"}
{"level":"INFO","message":"[9:08:33.150 AM]: Connection[id: d5ccbb9f-0775-4807-bd7e-46a42fed954b] - connection established successfully after 7686.76 milliseconds"}
{"level":"INFO","message":"[9:08:52.266 AM]: Creating new connection object"}
{"level":"INFO","message":"[9:08:52.297 AM]: Creating Connection[id: 37f62e72-f5e2-457f-a0d5-8b4e912d00ca] with host: cixxjbf-wp67697.snowflakecomputing.com, account: cixxjbf-wp67697, accessUrl: https://cixxjbf-wp67697.snowflakecomputing.com, user: yoooni, role: undefined, database: FNF, schema: undefined, warehouse: DEV_WH, proxy was not configured, password is provided, region: undefined, authenticator: SNOWFLAKE, ocsp mode: FAIL_OPEN, os: win32, os version: 10.0.26200"}
{"level":"INFO","message":"[9:08:52.299 AM]: Connection[id: 37f62e72-f5e2-457f-a0d5-8b4e912d00ca] additional details: passcode in password is provided, passcode is not provided, private key is not provided, application: undefined, client name: snowflake-sdk, client version: 2.3.3, retry timeout: 300, private key path: undefined, private key pass is not provided, client store temporary credential: false, browser response timeout: 120000"}
{"level":"INFO","message":"[9:08:52.317 AM]: Connection[id: 37f62e72-f5e2-457f-a0d5-8b4e912d00ca] - connection object created successfully."}
{"level":"INFO","message":"[9:08:52.341 AM]: Connection[id: 37f62e72-f5e2-457f-a0d5-8b4e912d00ca] - connecting. Associated Snowflake domain: GLOBAL"}
{"level":"INFO","message":"[9:08:52.357 AM]: Connection[id: 37f62e72-f5e2-457f-a0d5-8b4e912d00ca] - authentication successful using: SNOWFLAKE"}
{"level":"INFO","message":"[9:08:52.676 AM]: Connection[id: 37f62e72-f5e2-457f-a0d5-8b4e912d00ca] - connection established successfully after 335.19 milliseconds"}
{"level":"INFO","message":"[9:55:57.907 AM]: Creating new connection object"}
{"level":"INFO","message":"[9:55:58.422 AM]: Creating Connection[id: fd201ad2-bb93-4c7f-84f1-40dde3064de6] with host: cixxjbf-wp67697.snowflakecomputing.com, account: cixxjbf-wp67697, accessUrl: https://cixxjbf-wp67697.snowflakecomputing.com, user: yoooni, role: undefined, database: FNF, schema: undefined, warehouse: DEV_WH, proxy was not configured, password is provided, region: undefined, authenticator: SNOWFLAKE, ocsp mode: FAIL_OPEN, os: win32, os version: 10.0.26200"}
{"level":"INFO","message":"[9:55:58.428 AM]: Connection[id: fd201ad2-bb93-4c7f-84f1-40dde3064de6] additional details: passcode in password is provided, passcode is not provided, private key is not provided, application: undefined, client name: snowflake-sdk, client version: 2.3.3, retry timeout: 300, private key path: undefined, private key pass is not provided, client store temporary credential: false, browser response timeout: 120000"}
{"level":"INFO","message":"[9:55:58.431 AM]: Connection[id: fd201ad2-bb93-4c7f-84f1-40dde3064de6] - connection object created successfully."}
{"level":"INFO","message":"[9:55:58.449 AM]: Connection[id: fd201ad2-bb93-4c7f-84f1-40dde3064de6] - connecting. Associated Snowflake domain: GLOBAL"}
{"level":"INFO","message":"[9:55:58.453 AM]: Connection[id: fd201ad2-bb93-4c7f-84f1-40dde3064de6] - authentication successful using: SNOWFLAKE"}
{"level":"INFO","message":"[9:55:59.542 AM]: Creating new connection object"}
{"level":"INFO","message":"[9:55:59.546 AM]: Creating Connection[id: dfbeb48b-e992-4d03-a175-034cf49bf9da] with host: cixxjbf-wp67697.snowflakecomputing.com, account: cixxjbf-wp67697, accessUrl: https://cixxjbf-wp67697.snowflakecomputing.com, user: yoooni, role: undefined, database: FNF, schema: undefined, warehouse: DEV_WH, proxy was not configured, password is provided, region: undefined, authenticator: SNOWFLAKE, ocsp mode: FAIL_OPEN, os: win32, os version: 10.0.26200"}
{"level":"INFO","message":"[9:55:59.549 AM]: Connection[id: dfbeb48b-e992-4d03-a175-034cf49bf9da] additional details: passcode in password is provided, passcode is not provided, private key is not provided, application: undefined, client name: snowflake-sdk, client version: 2.3.3, retry timeout: 300, private key path: undefined, private key pass is not provided, client store temporary credential: false, browser response timeout: 120000"}
{"level":"INFO","message":"[9:55:59.565 AM]: Connection[id: dfbeb48b-e992-4d03-a175-034cf49bf9da] - connection object created successfully."}
{"level":"INFO","message":"[9:55:59.578 AM]: Connection[id: dfbeb48b-e992-4d03-a175-034cf49bf9da] - connecting. Associated Snowflake domain: GLOBAL"}
{"level":"INFO","message":"[9:55:59.649 AM]: Connection[id: dfbeb48b-e992-4d03-a175-034cf49bf9da] - authentication successful using: SNOWFLAKE"}
{"level":"INFO","message":"[9:56:01.443 AM]: Creating new connection object"}
{"level":"INFO","message":"[9:56:01.461 AM]: Creating Connection[id: b26cdce2-6d5e-43d7-baa5-a1b0df5733cc] with host: cixxjbf-wp67697.snowflakecomputing.com, account: cixxjbf-wp67697, accessUrl: https://cixxjbf-wp67697.snowflakecomputing.com, user: yoooni, role: undefined, database: FNF, schema: undefined, warehouse: DEV_WH, proxy was not configured, password is provided, region: undefined, authenticator: SNOWFLAKE, ocsp mode: FAIL_OPEN, os: win32, os version: 10.0.26200"}
{"level":"INFO","message":"[9:56:01.473 AM]: Connection[id: b26cdce2-6d5e-43d7-baa5-a1b0df5733cc] additional details: passcode in password is provided, passcode is not provided, private key is not provided, application: undefined, client name: snowflake-sdk, client version: 2.3.3, retry timeout: 300, private key path: undefined, private key pass is not provided, client store temporary credential: false, browser response timeout: 120000"}
{"level":"INFO","message":"[9:56:01.476 AM]: Connection[id: b26cdce2-6d5e-43d7-baa5-a1b0df5733cc] - connection object created successfully."}
{"level":"INFO","message":"[9:56:01.485 AM]: Connection[id: b26cdce2-6d5e-43d7-baa5-a1b0df5733cc] - connecting. Associated Snowflake domain: GLOBAL"}
{"level":"INFO","message":"[9:56:01.496 AM]: Connection[id: b26cdce2-6d5e-43d7-baa5-a1b0df5733cc] - authentication successful using: SNOWFLAKE"}
{"level":"INFO","message":"[9:56:02.609 AM]: Creating new connection object"}
{"level":"INFO","message":"[9:56:02.614 AM]: Creating Connection[id: c6110032-28a0-4df9-8b64-076215cb3ca4] with host: cixxjbf-wp67697.snowflakecomputing.com, account: cixxjbf-wp67697, accessUrl: https://cixxjbf-wp67697.snowflakecomputing.com, user: yoooni, role: undefined, database: FNF, schema: undefined, warehouse: DEV_WH, proxy was not configured, password is provided, region: undefined, authenticator: SNOWFLAKE, ocsp mode: FAIL_OPEN, os: win32, os version: 10.0.26200"}
{"level":"INFO","message":"[9:56:02.618 AM]: Connection[id: c6110032-28a0-4df9-8b64-076215cb3ca4] additional details: passcode in password is provided, passcode is not provided, private key is not provided, application: undefined, client name: snowflake-sdk, client version: 2.3.3, retry timeout: 300, private key path: undefined, private key pass is not provided, client store temporary credential: false, browser response timeout: 120000"}
{"level":"INFO","message":"[9:56:02.620 AM]: Connection[id: c6110032-28a0-4df9-8b64-076215cb3ca4] - connection object created successfully."}
{"level":"INFO","message":"[9:56:02.622 AM]: Connection[id: c6110032-28a0-4df9-8b64-076215cb3ca4] - connecting. Associated Snowflake domain: GLOBAL"}
{"level":"INFO","message":"[9:56:02.625 AM]: Connection[id: c6110032-28a0-4df9-8b64-076215cb3ca4] - authentication successful using: SNOWFLAKE"}
{"level":"INFO","message":"[9:56:07.550 AM]: Connection[id: fd201ad2-bb93-4c7f-84f1-40dde3064de6] - connection established successfully after 9100.31 milliseconds"}
{"level":"INFO","message":"[9:56:07.619 AM]: Connection[id: c6110032-28a0-4df9-8b64-076215cb3ca4] - connection established successfully after 4996.94 milliseconds"}
{"level":"INFO","message":"[9:56:07.682 AM]: Connection[id: b26cdce2-6d5e-43d7-baa5-a1b0df5733cc] - connection established successfully after 6194.4 milliseconds"}
{"level":"INFO","message":"[9:56:07.802 AM]: Connection[id: dfbeb48b-e992-4d03-a175-034cf49bf9da] - connection established successfully after 8224.19 milliseconds"}
{"level":"INFO","message":"[10:09:53.433 AM]: Creating new connection object"}
{"level":"INFO","message":"[10:09:53.706 AM]: Creating Connection[id: 9e5e231f-6944-42c9-983b-91fb7c5198ed] with host: cixxjbf-wp67697.snowflakecomputing.com, account: cixxjbf-wp67697, accessUrl: https://cixxjbf-wp67697.snowflakecomputing.com, user: yoooni, role: undefined, database: FNF, schema: undefined, warehouse: DEV_WH, proxy was not configured, password is provided, region: undefined, authenticator: SNOWFLAKE, ocsp mode: FAIL_OPEN, os: win32, os version: 10.0.26200"}
{"level":"INFO","message":"[10:09:53.719 AM]: Connection[id: 9e5e231f-6944-42c9-983b-91fb7c5198ed] additional details: passcode in password is provided, passcode is not provided, private key is not provided, application: undefined, client name: snowflake-sdk, client version: 2.3.3, retry timeout: 300, private key path: undefined, private key pass is not provided, client store temporary credential: false, browser response timeout: 120000"}
{"level":"INFO","message":"[10:09:53.730 AM]: Connection[id: 9e5e231f-6944-42c9-983b-91fb7c5198ed] - connection object created successfully."}
{"level":"INFO","message":"[10:09:53.748 AM]: Connection[id: 9e5e231f-6944-42c9-983b-91fb7c5198ed] - connecting. Associated Snowflake domain: GLOBAL"}
{"level":"INFO","message":"[10:09:53.757 AM]: Connection[id: 9e5e231f-6944-42c9-983b-91fb7c5198ed] - authentication successful using: SNOWFLAKE"}
{"level":"INFO","message":"[10:09:56.794 AM]: Connection[id: 9e5e231f-6944-42c9-983b-91fb7c5198ed] - connection established successfully after 3045.93 milliseconds"}
{"level":"INFO","message":"[10:09:56.987 AM]: Creating new connection object"}
{"level":"INFO","message":"[10:09:56.991 AM]: Creating Connection[id: 707aa0e6-c3cb-40bd-9a5a-78f4b694e4e0] with host: cixxjbf-wp67697.snowflakecomputing.com, account: cixxjbf-wp67697, accessUrl: https://cixxjbf-wp67697.snowflakecomputing.com, user: yoooni, role: undefined, database: FNF, schema: undefined, warehouse: DEV_WH, proxy was not configured, password is provided, region: undefined, authenticator: SNOWFLAKE, ocsp mode: FAIL_OPEN, os: win32, os version: 10.0.26200"}
{"level":"INFO","message":"[10:09:56.992 AM]: Connection[id: 707aa0e6-c3cb-40bd-9a5a-78f4b694e4e0] additional details: passcode in password is provided, passcode is not provided, private key is not provided, application: undefined, client name: snowflake-sdk, client version: 2.3.3, retry timeout: 300, private key path: undefined, private key pass is not provided, client store temporary credential: false, browser response timeout: 120000"}
{"level":"INFO","message":"[10:09:56.993 AM]: Connection[id: 707aa0e6-c3cb-40bd-9a5a-78f4b694e4e0] - connection object created successfully."}
{"level":"INFO","message":"[10:09:56.994 AM]: Connection[id: 707aa0e6-c3cb-40bd-9a5a-78f4b694e4e0] - connecting. Associated Snowflake domain: GLOBAL"}
{"level":"INFO","message":"[10:09:56.994 AM]: Connection[id: 707aa0e6-c3cb-40bd-9a5a-78f4b694e4e0] - authentication successful using: SNOWFLAKE"}
{"level":"INFO","message":"[10:09:57.700 AM]: Connection[id: 707aa0e6-c3cb-40bd-9a5a-78f4b694e4e0] - connection established successfully after 706.28 milliseconds"}
