{
  "MLB": 314.79096,
  "MLB_KIDS": 83.85,
  "DISCOVERY": 764.99997,
  "DUVETICA": 68.0,
  "SERGIO": 8.0,
  "SUPRA": 3.0
}