브랜드코드,채널명,아이템_중분류,제품계층3(소분류),아이템코드,TAG매출액,실매출액,부가세제외 실판매액,매출원가 ( 환입후매출원가+평가감(추가) ),매출총이익,지급수수료_중간관리수수료,지급수수료_판매사원도급비(직영),지급수수료_판매사원도급비(면세),지급수수료_물류용역비,지급수수료_이천보관료,지급수수료_카드수수료,지급수수료_온라인위탁판매수수료,지급수수료_로열티,지급임차료_매장(고정),감가상각비_임차시설물,직접비 합계,직접이익
I,공통,Acc_etc,PET,PE,0,0,0,252572,-252572,0,0,0,0,0,0,0,0,0,0,0,-252572
I,공통,Acc_etc,고글,GG,0,0,0,203850,-203850,0,0,0,0,0,0,0,0,0,0,0,-203850
I,공통,Acc_etc,기타,ET,0,0,0,2561510,-2561510,0,0,0,0,0,0,0,0,0,0,0,-2561510
I,공통,Acc_etc,머플러(스카프),MF,0,0,0,1615719,-1615719,0,0,0,0,0,0,0,0,0,0,0,-1615719
I,공통,Acc_etc,장갑,GL,0,0,0,3204855,-3204855,0,0,0,0,0,0,0,0,0,0,0,-3204855
I,공통,Bag,크로스백,CR,0,0,0,98280,-98280,0,0,0,0,0,0,0,0,0,0,0,-98280
I,공통,Headwear,방한모,WM,0,0,0,3945872,-3945872,0,0,0,0,0,0,0,0,0,0,0,-3945872
I,공통,Headwear,비니,BN,0,0,0,4154742,-4154742,0,0,0,0,0,0,0,0,0,0,0,-4154742
I,공통,Headwear,운동모,CP,0,0,0,54617,-54617,0,0,0,0,0,0,0,0,0,0,0,-54617
I,공통,Headwear,햇,HT,0,0,0,700438,-700438,0,0,0,0,0,0,0,0,0,0,0,-700438
I,공통,Shoes,방한화,WB,0,0,0,5866244,-5866244,0,0,0,0,0,0,0,0,0,0,0,-5866244
I,공통,Shoes,스니커즈,SX,0,0,0,589680,-589680,0,0,0,0,0,0,0,0,0,0,0,-589680
I,공통,Shoes,신발,SH,0,0,0,14808,-14808,0,0,0,0,0,0,0,0,0,0,0,-14808
I,공통,과시즌의류,니트가디건,KC,0,0,0,13695301,-13695301,0,0,0,0,0,0,0,0,0,0,0,-13695301
I,공통,과시즌의류,니트풀오버,KP,0,0,0,6963807,-6963807,0,0,0,0,0,0,0,0,0,0,0,-6963807
I,공통,과시즌의류,다운베스트,DV,0,0,0,408361,-408361,0,0,0,0,0,0,0,0,0,0,0,-408361
I,공통,과시즌의류,다운점퍼,DJ,0,0,0,25048746,-25048746,0,0,0,0,0,0,0,0,0,0,0,-25048746
I,공통,과시즌의류,레깅스,LG,0,0,0,1339208,-1339208,0,0,0,0,0,0,0,0,0,0,0,-1339208
I,공통,과시즌의류,맨투맨,MT,0,0,0,10379028,-10379028,0,0,0,0,0,0,0,0,0,0,0,-10379028
I,공통,과시즌의류,맨투맨셋트,S2,0,0,0,3128579,-3128579,0,0,0,0,0,0,0,0,0,0,0,-3128579
I,공통,과시즌의류,반팔카라티셔츠,TS,0,0,0,1606454,-1606454,0,0,0,0,0,0,0,0,0,0,0,-1606454
I,공통,과시즌의류,반팔티 & 스웨트팬츠,S1,0,0,0,1403367,-1403367,0,0,0,0,0,0,0,0,0,0,0,-1403367
I,공통,과시즌의류,방풍자켓,WJ,0,0,0,3327641,-3327641,0,0,0,0,0,0,0,0,0,0,0,-3327641
I,공통,과시즌의류,보드바지,BP,0,0,0,358284,-358284,0,0,0,0,0,0,0,0,0,0,0,-358284
I,공통,과시즌의류,스커트,SK,0,0,0,10845298,-10845298,0,0,0,0,0,0,0,0,0,0,0,-10845298
I,공통,과시즌의류,우븐셔츠,WS,0,0,0,2149802,-2149802,0,0,0,0,0,0,0,0,0,0,0,-2149802
I,공통,과시즌의류,우븐팬츠,WP,0,0,0,13438079,-13438079,0,0,0,0,0,0,0,0,0,0,0,-13438079
I,공통,과시즌의류,원피스,OP,0,0,0,9067238,-9067238,0,0,0,0,0,0,0,0,0,0,0,-9067238
I,공통,과시즌의류,점퍼,JP,0,0,0,23658182,-23658182,0,0,0,0,0,0,0,0,0,0,0,-23658182
I,공통,과시즌의류,진바지,DP,0,0,0,240799,-240799,0,0,0,0,0,0,0,0,0,0,0,-240799
I,공통,과시즌의류,진자켓,DK,0,0,0,1447040,-1447040,0,0,0,0,0,0,0,0,0,0,0,-1447040
I,공통,과시즌의류,트레이닝 세트,S5,0,0,0,1198228,-1198228,0,0,0,0,0,0,0,0,0,0,0,-1198228
I,공통,과시즌의류,트레이닝(상의),TR,0,0,0,1320168,-1320168,0,0,0,0,0,0,0,0,0,0,0,-1320168
I,공통,과시즌의류,트레이닝(하의),TP,0,0,0,980280,-980280,0,0,0,0,0,0,0,0,0,0,0,-980280
I,공통,과시즌의류,팬츠,PT,0,0,0,9955561,-9955561,0,0,0,0,0,0,0,0,0,0,0,-9955561
I,공통,과시즌의류,폴라폴리스점퍼,FD,0,0,0,2143601,-2143601,0,0,0,0,0,0,0,0,0,0,0,-2143601
I,공통,과시즌의류,폴로 티셔츠,PQ,0,0,0,1693440,-1693440,0,0,0,0,0,0,0,0,0,0,0,-1693440
I,공통,과시즌의류,후드티,HD,0,0,0,1693562,-1693562,0,0,0,0,0,0,0,0,0,0,0,-1693562
I,공통,차시즌의류,반바지,SP,0,0,0,0,0,0,0,0,0,0,0,0,0,0,0,0,0
I,공통,차시즌의류,반팔카라티셔츠,TS,0,0,0,0,0,0,0,0,0,0,0,0,0,0,0,0,0
I,공통,차시즌의류,반팔티 & 스웨트팬츠,S1,0,0,0,0,0,0,0,0,0,0,0,0,0,0,0,0,0
I,공통,차시즌의류,폴로 티셔츠,PQ,0,0,0,0,0,0,0,0,0,0,0,0,0,0,0,0,0
I,기타,Acc_etc,PET,PE,69000,69000,62727,622,62105,0,0,0,0,1327,0,0,3764,0,0,5091,57014
I,기타,Acc_etc,양말,SO,186200,97340,88489,41921,46568,0,0,0,0,338,0,0,5311,0,0,5649,40919
I,기타,Acc_etc,장갑,GL,148000,77280,70254,24840,45414,0,0,0,0,1135,0,0,4215,0,0,5350,40064
I,기타,Bag,백팩,BK,0,0,0,0,0,0,0,0,0,0,0,0,0,0,0,0,0
I,기타,Bag,보조가방,UB,235000,142980,129982,61611,68371,0,0,0,0,0,0,0,7799,0,0,7799,60572
I,기타,Bag,크로스백,CR,59000,59000,53636,13264,40372,0,0,0,0,1135,0,0,3218,0,0,4353,36019
I,기타,Headwear,방한모,WM,69000,13000,11818,11381,437,0,0,0,0,0,0,0,709,0,0,709,-272
I,기타,Headwear,비니,BN,35000,22050,20045,4391,15654,0,0,0,0,0,0,0,1203,0,0,1203,14451
I,기타,Headwear,운동모,CP,-10000,-6300,-5727,-450,-5277,0,0,0,0,337,0,0,-344,0,0,-7,-5270
I,기타,Shoes,런닝화,RN,99000,35330,32118,21843,10275,0,0,0,0,3547,0,0,1927,0,0,5474,4801
I,기타,Shoes,방한화,WB,0,0,0,-15513,15513,0,0,0,0,0,0,0,0,0,0,0,15513
I,기타,Shoes,스니커즈,SX,119000,59500,54091,24053,30038,0,0,0,0,1392,0,0,3245,0,0,4637,25401
I,기타,Shoes,신발,SH,247000,164570,149609,46517,103092,0,0,0,0,2293,0,0,8976,0,0,11269,91823
I,기타,과시즌의류,니트가디건,KC,199000,31450,28591,9549,19042,0,0,0,0,1349,0,0,1715,0,0,3064,15978
I,기타,과시즌의류,다운점퍼,DJ,518000,114990,104536,-464604,569140,0,0,0,0,2407,0,0,6272,0,0,8679,560461
I,기타,과시즌의류,맨투맨셋트,S2,159000,24120,21927,11183,10744,0,0,0,0,0,0,0,1316,0,0,1316,9428
I,기타,과시즌의류,점퍼,JP,219000,46270,42064,-13404,55468,0,0,0,0,1035,0,0,2524,0,0,3559,51909
I,기타,당시즌의류,다운점퍼,DJ,4501000,1828490,1662265,1203275,458990,0,0,0,0,36235,0,0,99735,0,0,135970,323020
I,기타,당시즌의류,맨투맨,MT,59000,16950,15409,14289,1120,0,0,0,0,379,0,0,924,0,0,1303,-183
I,기타,당시즌의류,맨투맨셋트,S2,546000,152770,138881,131741,7140,0,0,0,0,2860,0,0,8332,0,0,11192,-4052
I,기타,당시즌의류,반팔카라티셔츠,TS,108000,42820,38928,25991,12937,0,0,0,0,343,0,0,2335,0,0,2678,10259
I,기타,당시즌의류,스커트,SK,0,0,0,0,0,0,0,0,0,0,0,0,0,0,0,0,0
I,기타,당시즌의류,우븐팬츠,WP,0,0,0,0,0,0,0,0,0,0,0,0,0,0,0,0,0
I,기타,당시즌의류,점퍼,JP,0,0,0,0,0,0,0,0,0,0,0,0,0,0,0,0,0
I,기타,당시즌의류,진바지,DP,0,0,0,0,0,0,0,0,0,0,0,0,0,0,0,0,0
I,기타,당시즌의류,팬츠,PT,138000,138000,125454,33964,91490,0,0,0,0,2654,0,0,7528,0,0,10182,81308
I,기타,당시즌의류,폴로 티셔츠,PQ,0,0,0,0,0,0,0,0,0,0,0,0,0,0,0,0,0
I,기타,차시즌의류,맨투맨,MT,266000,126630,115118,65615,49503,0,0,0,0,3857,0,0,6907,0,0,10764,38739
I,기타,차시즌의류,맨투맨셋트,S2,139000,45030,40936,37463,3473,0,0,0,0,843,0,0,2456,0,0,3299,174
I,기타,차시즌의류,반팔카라티셔츠,TS,49000,24500,22273,12448,9825,0,0,0,0,0,0,0,1336,0,0,1336,8489
I,기타,차시즌의류,반팔티 & 스웨트팬츠,S1,0,0,0,0,0,0,0,0,0,0,0,0,0,0,0,0,0
I,기타,차시즌의류,점퍼,JP,219000,57410,52191,47291,4900,0,0,0,0,1284,0,0,3131,0,0,4415,485
I,대리점,Acc_etc,PET,PE,29000,29000,26364,-6739,21767,0,0,0,746,569,0,0,902,0,0,2217,19550
I,대리점,Acc_etc,기타,ET,64000,57720,52472,15424,18161,0,0,0,1485,1129,0,0,2015,0,0,4629,13532
I,대리점,Acc_etc,양말,SO,1487300,1468130,1334669,336271,527239,0,0,0,37786,28714,0,0,51815,0,0,118315,408924
I,대리점,Acc_etc,장갑,GL,295000,295000,268180,44195,129050,0,0,0,7585,5756,0,0,10395,0,0,23736,105314
I,대리점,Bag,백팩,BK,152859000,128795570,117086874,40298113,38264830,0,0,0,3314562,2518059,0,0,4713792,0,0,10546413,27718417
I,대리점,Bag,보조가방,UB,1730000,1679220,1526565,459971,518952,0,0,0,43182,32824,0,0,58733,0,0,134739,384213
I,대리점,Bag,슬링백,SG,2844000,2790810,2537095,637798,1000616,0,0,0,71762,54548,0,0,98310,0,0,224620,775996
I,대리점,Bag,크로스백,CR,30814000,29668550,26971373,7700437,9544369,0,0,0,774218,580226,0,0,1034690,0,0,2389134,7155235
I,대리점,Headwear,방한모,WM,518000,505000,459091,115054,183019,0,0,0,20166,9870,0,0,17886,0,0,47922,135097
I,대리점,Headwear,비니,BN,2508000,2442920,2220833,557910,866871,0,0,0,67973,47791,0,0,85487,0,0,201251,665620
I,대리점,Headwear,선캡,SC,66000,66000,60000,15074,23926,0,0,0,1698,1293,0,0,2340,0,0,5331,18595
I,대리점,Headwear,와이어캡,WR,2041000,1986190,1805621,416079,752298,0,0,0,52335,38836,0,0,70104,0,0,161275,591023
I,대리점,Headwear,운동모,CP,30872000,30286320,27533052,6569196,11025591,0,0,0,783193,592490,0,0,1055681,0,0,2431364,8594227
I,대리점,Shoes,런닝화,RN,26356000,25736590,23396895,6931095,8156228,0,0,0,668952,503331,0,0,905233,0,0,2077516,6078712
I,대리점,Shoes,방한화,WB,-2552000,-2569800,-2336180,-904692,-617004,0,0,0,33128,-50185,0,0,-91302,0,0,-108359,-508645
I,대리점,Shoes,스니커즈,SX,11409000,11077870,10070782,2805410,3653066,0,0,0,288623,216496,0,0,387511,0,0,892630,2760436
I,대리점,Shoes,신발,SH,54239000,53065230,48241123,13358138,17685228,0,0,0,1371198,1037254,0,0,1862601,0,0,4271053,13414175
I,대리점,과시즌의류,맨투맨셋트,S2,99000,69300,63000,2430,42930,0,0,0,1782,1355,0,0,2722,0,0,5859,37071
I,대리점,당시즌의류,니트풀오버,KP,417000,403100,366455,85527,152795,0,0,0,13939,7873,0,0,14299,0,0,36111,116684
I,대리점,당시즌의류,다운베스트,DV,3175000,3124380,2840349,870806,966917,0,0,0,83915,61078,0,0,110261,0,0,255254,711663
I,대리점,당시즌의류,다운점퍼,DJ,9419000,8770180,7972887,2526124,2582852,0,0,0,511980,171415,0,0,306542,0,0,989937,1592915
I,대리점,당시즌의류,레깅스,LG,345000,335000,304545,86355,108372,0,0,0,8616,6552,0,0,11683,0,0,26851,81521
I,대리점,당시즌의류,맨투맨,MT,1965000,1941280,1764794,466118,681310,0,0,0,56512,37946,0,0,68846,0,0,163304,518006
I,대리점,당시즌의류,맨투맨셋트,S2,11868000,11588020,10534571,3017014,3791652,0,0,0,338911,226259,0,0,408518,0,0,973688,2817964
I,대리점,당시즌의류,반팔카라티셔츠,TS,69000,69000,62728,13363,26964,0,0,0,4295,1346,0,0,2420,0,0,8061,18903
I,대리점,당시즌의류,반팔티 & 스웨트팬츠,S1,1272000,1229610,1117826,301476,415093,0,0,0,35709,24048,0,0,42994,0,0,102751,312342
I,대리점,당시즌의류,우븐팬츠,WP,1773000,1750360,1591236,412423,613926,0,0,0,47815,34219,0,0,61581,0,0,143615,470311
I,대리점,당시즌의류,점퍼,JP,219000,219000,199091,50022,77396,0,0,0,5632,4270,0,0,7645,0,0,17547,59849
I,대리점,당시즌의류,팬츠,PT,633000,575980,523617,135405,207635,0,0,0,29035,11254,0,0,20582,0,0,60871,146764
I,대리점,당시즌의류,폴라폴리스점퍼,FD,298000,284100,258272,57370,109369,0,0,0,7306,5557,0,0,10004,0,0,22867,86502
I,대리점,당시즌의류,후드티,HD,1207000,1148810,1044371,316085,353154,0,0,0,39470,22525,0,0,40153,0,0,102148,251006
I,대리점,차시즌의류,맨투맨,MT,23974000,23418460,21289490,5710052,7996645,0,0,0,608231,457757,0,0,822401,0,0,1888389,6108256
I,대리점,차시즌의류,맨투맨셋트,S2,43520000,42196460,38360436,10967786,13859291,0,0,0,1092095,824966,0,0,1489627,0,0,3406688,10452603
I,대리점,차시즌의류,반팔카라티셔츠,TS,6721000,6453410,5866725,1585280,2182709,0,0,0,166864,126191,0,0,226076,0,0,519131,1663578
I,대리점,차시즌의류,반팔티 & 스웨트팬츠,S1,26022000,25498340,23180319,6659825,8211783,0,0,0,659021,498456,0,0,892295,0,0,2049772,6162011
I,대리점,차시즌의류,방풍자켓,WJ,7708000,7501040,6819121,1704279,2716381,0,0,0,201068,146573,0,0,265241,0,0,612882,2103499
I,대리점,차시즌의류,스커트,SK,1173000,1129190,1026535,337920,326934,0,0,0,29041,22091,0,0,39893,0,0,91025,235909
I,대리점,차시즌의류,우븐반바지,SM,659000,641220,582926,146227,226482,0,0,0,16491,12526,0,0,22363,0,0,51380,175102
I,대리점,차시즌의류,우븐셔츠,WS,139000,139000,126364,32200,51200,0,0,0,3574,2714,0,0,5004,0,0,11292,39908
I,대리점,차시즌의류,우븐팬츠,WP,3863000,3762650,3420587,833497,1355219,0,0,0,96760,73568,0,0,131325,0,0,301653,1053566
I,대리점,차시즌의류,원피스,OP,387000,387000,351819,94768,129224,0,0,0,9954,7569,0,0,13439,0,0,30962,98262
I,대리점,차시즌의류,점퍼,JP,45662000,44352910,40320827,10269732,15750860,0,0,0,1161013,866992,0,0,1561247,0,0,3589252,12161608
I,대리점,차시즌의류,진바지,DP,4772000,4601070,4182790,1290954,1408400,0,0,0,120865,89936,0,0,161962,0,0,372763,1035637
I,대리점,차시즌의류,진자켓,DK,3753000,3565510,3241374,892016,1201218,0,0,0,91685,69688,0,0,125593,0,0,286966,914252
I,대리점,차시즌의류,팬츠,PT,6761000,6581210,5982908,1612860,2241069,0,0,0,175830,128555,0,0,231239,0,0,535624,1705445
I,대리점,차시즌의류,폴로 티셔츠,PQ,178000,178000,161818,36740,69251,0,0,0,4578,3489,0,0,6359,0,0,14426,54825
I,대리점,차시즌의류,후드티,HD,3946000,3770960,3428143,1018647,1195271,0,0,0,104357,73694,0,0,132835,0,0,310886,884385
I,면세점,Acc_etc,머플러(스카프),MF,59000,59000,53636,12997,19184,0,0,0,1517,1157,0,0,1931,0,0,4605,14579
I,면세점,Acc_etc,양말,SO,424100,424100,385547,103487,127838,0,0,43051,10906,8291,0,0,13880,0,2226,78354,49484
I,면세점,Bag,백팩,BK,58736000,52135190,47395629,16013496,12423885,0,0,5054164,1340665,1018862,0,0,1706235,0,337683,9457609,2966276
I,면세점,Bag,보조가방,UB,735000,735000,668182,191490,209422,0,0,72511,18901,14374,0,0,24054,0,3768,133608,75814
I,면세점,Bag,크로스백,CR,180029000,180028880,163662609,41110158,57086903,0,0,17883703,4629491,3518292,0,0,5891825,0,1186274,33109585,23977318
I,면세점,Headwear,방한모,WM,1324000,1324000,1203635,268230,453949,0,0,90574,34053,25907,0,0,43330,0,12180,206044,247905
I,면세점,Headwear,비니,BN,5503000,5503000,5002723,1244103,1757535,0,0,306262,141515,107581,0,0,180100,0,39851,775309,982226
I,면세점,Headwear,선캡,SC,132000,132000,120000,30144,41856,0,0,13023,3394,2602,0,0,4320,0,677,24016,17840
I,면세점,Headwear,운동모,CP,112676000,112675970,102432701,23408559,38051101,0,0,8941507,2897483,2202225,0,0,3685014,0,797097,18523326,19527775
I,면세점,Headwear,햇,HT,621000,621000,564545,113021,225705,0,0,25894,15971,12163,0,0,20323,0,1358,75709,149996
I,면세점,Shoes,런닝화,RN,17947000,17947000,16315455,4666537,5122730,0,0,2023061,461510,350782,0,0,587354,0,138150,3560857,1561873
I,면세점,Shoes,스니커즈,SX,35173000,35173000,31975456,7718947,11466332,0,0,3603275,904483,687326,0,0,1151113,0,233810,6580007,4886325
I,면세점,Shoes,신발,SH,30237000,30237000,27488187,7242139,9250751,0,0,3226203,777551,590970,0,0,989572,0,225561,5809857,3440894
I,면세점,당시즌의류,다운베스트,DV,1052000,1052000,956365,290405,283416,0,0,67990,27051,20581,0,0,34429,0,4623,154674,128742
I,면세점,당시즌의류,다운점퍼,DJ,39489000,39489000,35899090,10358400,11181060,0,0,4130018,1015469,771703,0,0,1292367,0,311859,7521416,3659644
I,면세점,당시즌의류,맨투맨,MT,3456000,3456000,3141818,817154,1067932,0,0,211247,88874,67474,0,0,113103,0,25797,506495,561437
I,면세점,당시즌의류,맨투맨셋트,S2,6476000,6476000,5887273,1656530,1875827,0,0,264957,166534,126560,0,0,211944,0,51694,821689,1054138
I,면세점,당시즌의류,팬츠,PT,1096000,1096000,996363,280482,317338,0,0,72596,28186,21449,0,0,35867,0,7274,165372,151966
I,면세점,차시즌의류,맨투맨,MT,22425000,22425010,20386374,5310838,6920954,0,0,2440362,576668,438322,0,0,733907,0,163540,4352799,2568155
I,면세점,차시즌의류,맨투맨셋트,S2,10355000,10354970,9413609,2531402,3116787,0,0,973591,266279,202386,0,0,338888,0,78221,1859365,1257422
I,면세점,차시즌의류,반바지,SP,833000,833000,757273,188670,265697,0,0,102141,21421,16293,0,0,27261,0,8337,175453,90244
I,면세점,차시즌의류,반팔카라티셔츠,TS,67307000,67306950,61188132,14818654,21894198,0,0,7406551,1730812,1315331,0,0,2202772,0,549548,13205014,8689184
I,면세점,차시즌의류,반팔티 & 스웨트팬츠,S1,13914000,13914000,12649092,3231347,4358128,0,0,1696900,357803,271924,0,0,455366,0,113428,2895421,1462707
I,면세점,차시즌의류,방풍자켓,WJ,12560000,12560000,11418180,2721771,4129151,0,0,1399634,322980,245464,0,0,411053,0,83260,2462391,1666760
I,면세점,차시즌의류,우븐반바지,SM,7846000,7845960,7132690,1722118,2557495,0,0,893532,201764,153352,0,0,256776,0,69871,1575295,982200
I,면세점,차시즌의류,우븐셔츠,WS,159000,159000,144545,46190,40537,0,0,15686,4089,3098,0,0,5204,0,815,28892,11645
I,면세점,차시즌의류,우븐팬츠,WP,1461000,1461000,1328182,322417,474496,0,0,190787,37572,28541,0,0,47813,0,13704,318417,156079
I,면세점,차시즌의류,점퍼,JP,13764000,13764000,12512727,3110487,4397140,0,0,1641427,353943,268979,0,0,450454,0,122182,2836985,1560155
I,면세점,차시즌의류,진바지,DP,1188000,1188000,1080000,325444,322556,0,0,153093,30550,23245,0,0,38880,0,12120,257888,64668
I,면세점,차시즌의류,진자켓,DK,1112000,1112000,1010910,264300,342250,0,0,121221,28596,21736,0,0,36392,0,8647,216592,125658
I,면세점,차시즌의류,팬츠,PT,4661000,4661000,4237272,992359,1550020,0,0,569421,119858,91075,0,0,152541,0,32547,965442,584578
I,면세점,차시즌의류,후드티,HD,1316000,1316000,1196363,325881,391934,0,0,153721,33842,25716,0,0,43070,0,7326,263675,128259
I,백화점,Acc_etc,PET,PE,2947000,2937030,2670028,-71382,1824822,345187,0,0,78051,56651,0,0,105206,0,15324,600419,1224403
I,백화점,Acc_etc,기타,ET,499000,467370,424881,140214,130932,84925,0,0,15492,9124,0,0,16271,0,11794,137606,-6674
I,백화점,Acc_etc,머플러(스카프),MF,531000,424800,386182,116974,126324,40196,0,0,10923,8315,0,0,14598,0,279,74311,52013
I,백화점,Acc_etc,양말,SO,12328100,12085560,10986896,2833204,4159540,1739097,0,0,318120,236496,0,0,419554,0,198690,2911957,1247583
I,백화점,Acc_etc,장갑,GL,722000,682400,620363,136178,257270,163182,0,0,29737,13342,0,0,23607,0,19416,249284,7986
I,백화점,Bag,가방,BG,6567000,6500900,5909910,2034788,1700459,831950,0,0,168028,127104,0,0,224115,0,91588,1442785,257674
I,백화점,Bag,백팩,BK,746344000,624730320,567936648,196404675,166710036,83978697,0,0,16079388,12209112,0,0,21775599,0,11978469,146021265,20688771
I,백화점,Bag,보조가방,UB,14057000,13928260,12662054,3753199,4352699,1946681,0,0,358175,272278,0,0,486348,0,266463,3329945,1022754
I,백화점,Bag,슬링백,SG,3318000,3197560,2906869,747811,1110154,461246,0,0,84247,62570,0,0,111482,0,49869,769414,340740
I,백화점,Bag,크로스백,CR,109385000,101358340,92143902,25341548,33481830,12916550,0,0,2622723,1980969,0,0,3529385,0,1852577,22902204,10579626
I,백화점,Bag,힙색,HS,767000,712970,648152,178803,234874,96871,0,0,18332,13953,0,0,24821,0,7384,161361,73513
I,백화점,Headwear,방한모,WM,3504000,3363500,3057726,732652,1233348,547879,0,0,106776,65788,0,0,117963,0,51289,889695,343653
I,백화점,Headwear,비니,BN,14319000,13906660,12642404,3237019,4843428,1851518,0,0,380625,271856,0,0,484835,0,253226,3242060,1601368
I,백화점,Headwear,선캡,SC,66000,66000,60000,15070,22730,11069,0,0,1698,1285,0,0,2268,0,2866,19186,3544
I,백화점,Headwear,와이어캡,WR,4193000,4117730,3743379,849162,1532347,553405,0,0,105891,80471,0,0,142897,0,80530,963194,569153
I,백화점,Headwear,운동모,CP,147541000,144967250,131788501,31059992,53101981,19853791,0,0,3735996,2833963,0,0,5047865,0,2689885,34161500,18940481
I,백화점,Headwear,햇,HT,4414000,4292360,3902145,827604,1646915,625150,0,0,111906,83892,0,0,148463,0,66247,1035658,611257
I,백화점,Shoes,런닝화,RN,85736000,83758770,76144324,22433010,26279819,11821427,0,0,2176796,1637080,0,0,2922774,0,1782385,20340462,5939357
I,백화점,Shoes,방한화,WB,4827000,4524260,4112962,1122565,1505085,1032775,0,0,204533,88487,0,0,157658,0,162956,1646409,-141324
I,백화점,Shoes,스니커즈,SX,97243000,94492480,85902269,21987978,32751022,12681082,0,0,2451050,1846714,0,0,3284333,0,1875552,22138731,10612291
I,백화점,Shoes,신발,SH,288018000,281962010,256329103,71306060,92627787,38520580,0,0,7281930,5510502,0,0,9833970,0,5666928,66813910,25813877
I,백화점,과시즌의류,다운점퍼,DJ,10854000,5427000,4933636,1075312,2050017,454411,0,0,139556,106045,0,0,187520,0,124157,1011689,1038328
I,백화점,과시즌의류,맨투맨셋트,S2,308861000,181157110,164688282,73869898,29885177,15886650,0,0,4658498,3540434,0,0,6225310,0,1979765,32290657,-2405480
I,백화점,과시즌의류,반팔티 & 스웨트팬츠,S1,1071000,749700,681545,218764,219698,73947,0,0,19278,14643,0,0,26307,0,28474,162649,57049
I,백화점,과시즌의류,방풍자켓,WJ,13066000,6532800,5938910,2365447,1402562,502072,0,0,167995,127657,0,0,226087,0,98470,1122281,280281
I,백화점,과시즌의류,보드바지,BP,477000,238490,216809,59841,81083,35154,0,0,6133,4655,0,0,8456,0,10543,64941,16142
I,백화점,과시즌의류,우븐팬츠,WP,0,0,0,-10033,10033,0,0,0,0,0,0,0,0,0,0,0,10033
I,백화점,당시즌의류,니트가디건,KC,169000,169000,153636,33379,64948,17045,0,0,4346,3307,0,0,5900,0,0,30598,34350
I,백화점,당시즌의류,니트풀오버,KP,1251000,1181500,1074091,256581,421358,136169,0,0,30382,23097,0,0,40676,0,23575,253899,167459
I,백화점,당시즌의류,다운베스트,DV,10798000,10502370,9547613,2985184,3065377,1377216,0,0,280277,205297,0,0,363029,0,150722,2376541,688836
I,백화점,당시즌의류,다운점퍼,DJ,249824000,242239210,220217452,66420555,73004267,29808335,0,0,6718619,4734105,0,0,8365486,0,3856129,53482674,19521593
I,백화점,당시즌의류,레깅스,LG,345000,310520,282292,86355,95003,66743,0,0,13311,6073,0,0,10882,0,3677,100686,-5683
I,백화점,당시즌의류,맨투맨,MT,17626000,17010470,15464056,4171465,5645623,2144853,0,0,469932,332499,0,0,589023,0,308130,3844437,1801186
I,백화점,당시즌의류,맨투맨셋트,S2,44171000,42769400,38881278,11234019,13713766,5551432,0,0,1168902,836082,0,0,1501986,0,758542,9816944,3896822
I,백화점,당시즌의류,반팔카라티셔츠,TS,588000,578200,525634,126072,207749,78016,0,0,16128,11332,0,0,20031,0,8842,134349,73400
I,백화점,당시즌의류,반팔티 & 스웨트팬츠,S1,7145000,6948110,6316460,1692414,2324536,1016191,0,0,178678,135831,0,0,241020,0,135306,1707026,617510
I,백화점,당시즌의류,방풍자켓,WJ,119000,119000,108182,23960,44195,17216,0,0,3060,2326,0,0,4089,0,3643,30334,13861
I,백화점,당시즌의류,스커트,SK,-99000,-99000,-90000,-21566,-35134,0,0,0,0,-1928,0,0,-3402,0,0,-5330,-29804
I,백화점,당시즌의류,우븐셔츠,WS,159000,159000,144545,36928,54135,23003,0,0,4089,3104,0,0,5464,0,4867,40527,13608
I,백화점,당시즌의류,우븐팬츠,WP,3863000,3683750,3348865,934287,1196355,631528,0,0,121704,71999,0,0,127837,0,99867,1052935,143420
I,백화점,당시즌의류,점퍼,JP,1294000,1228290,1116627,365921,335379,214425,0,0,37731,24000,0,0,42078,0,53690,371924,-36545
I,백화점,당시즌의류,진바지,DP,2476000,2316730,2106118,760304,579244,302582,0,0,65180,45292,0,0,80372,0,32713,526139,53105
I,백화점,당시즌의류,팬츠,PT,5687000,5452200,4956542,1382253,1768874,823477,0,0,154919,106560,0,0,189067,0,111437,1385460,383414
I,백화점,당시즌의류,폴라폴리스점퍼,FD,2473000,2338210,2125649,471847,873628,479811,0,0,88489,45693,0,0,80730,0,38673,733396,140232
I,백화점,당시즌의류,폴로 티셔츠,PQ,158000,158000,143636,45797,44693,25134,0,0,4063,3085,0,0,5429,0,0,37711,6982
I,백화점,당시즌의류,후드티,HD,2810000,2708100,2461908,723883,845205,404776,0,0,84657,52975,0,0,94147,0,53573,690128,155077
I,백화점,차시즌의류,맨투맨,MT,130566000,126708970,115189946,30255837,43324210,17655457,0,0,3274050,2476746,0,0,4414789,0,2323175,30144217,13179993
I,백화점,차시즌의류,맨투맨셋트,S2,350634000,342363310,311239389,87032239,111543933,48417379,0,0,8813459,6690804,0,0,11909792,0,5894909,81726343,29817590
I,백화점,차시즌의류,반바지,SP,735000,725330,659387,167640,250401,86453,0,0,18653,14192,0,0,25085,0,7466,151849,98552
I,백화점,차시즌의류,반팔카라티셔츠,TS,34910000,32861330,29873909,7993793,11021129,4063101,0,0,845059,642394,0,0,1140919,0,446233,7137706,3883423
I,백화점,차시즌의류,반팔티 & 스웨트팬츠,S1,79032000,76446380,69496724,19253539,25051908,10171606,0,0,1984732,1494091,0,0,2658324,0,1298498,17607251,7444657
I,백화점,차시즌의류,방풍자켓,WJ,35078000,33934180,30849249,7906900,11778068,4699621,0,0,875939,663274,0,0,1181110,0,567154,7987098,3790970
I,백화점,차시즌의류,스윔웨어,SW,0,0,0,0,0,0,0,0,0,0,0,0,0,0,0,0,0
I,백화점,차시즌의류,스커트,SK,12851000,12569320,11426651,3478411,3814690,1711594,0,0,328327,245664,0,0,437582,0,231369,2954536,860154
I,백화점,차시즌의류,우븐반바지,SM,4603000,4517580,4106884,1029914,1582632,571335,0,0,116184,88276,0,0,156752,0,68680,1001227,581405
I,백화점,차시즌의류,우븐셔츠,WS,11679000,11088090,10080087,2902010,3513384,1478460,0,0,285127,216681,0,0,384925,0,154218,2519411,993973
I,백화점,차시즌의류,우븐팬츠,WP,19477000,18586160,16896493,4279472,6459170,2515768,0,0,479738,363338,0,0,644315,0,281864,4285023,2174147
I,백화점,차시즌의류,원피스,OP,2362000,2299970,2090885,592493,745338,326784,0,0,62723,44935,0,0,80270,0,51253,565965,179373
I,백화점,차시즌의류,점퍼,JP,329298000,320975620,291796008,72162374,113927332,44687301,0,0,8269659,6272493,0,0,11153084,0,5832852,76215389,37711943
I,백화점,차시즌의류,진바지,DP,43269000,42124640,38295127,11735871,12779920,5548102,0,0,1083516,823179,0,0,1467545,0,799517,9721859,3058061
I,백화점,차시즌의류,진자켓,DK,30295000,29165310,26513922,7158884,9746002,3912805,0,0,755101,570072,0,0,1014298,0,565602,6817878,2928124
I,백화점,차시즌의류,팬츠,PT,52860000,51310940,46646306,12078256,17746975,7269990,0,0,1323234,1002839,0,0,1789513,0,954288,12339864,5407111
I,백화점,차시즌의류,폴로 티셔츠,PQ,6645000,6489290,5899349,1373379,2394333,838205,0,0,166878,126847,0,0,226060,0,117299,1475289,919044
I,백화점,차시즌의류,후드티,HD,31237000,30104890,27368076,8037181,9426679,4158059,0,0,776452,588482,0,0,1047831,0,543958,7114782,2311897
I,사입,Acc_etc,기타,ET,4332000,476520,433200,854624,-421424,0,0,0,12254,9319,0,0,25992,0,0,47565,-468989
I,사입,Acc_etc,양말,SO,61242700,6736720,6124293,11606491,-5482198,0,0,0,173236,131702,0,0,367457,0,0,672395,-6154593
I,사입,Acc_etc,토시,ML,9476000,1042360,947600,947439,161,0,0,0,26805,20390,0,0,56856,0,0,104051,-103890
I,사입,Bag,백팩,BK,-785000,-204700,-186091,-199485,13394,0,0,0,0,-4676,0,0,-11164,0,0,-15840,29234
I,사입,Headwear,방한모,WM,2336000,256960,233600,-388399,621999,0,0,0,6608,5035,0,0,14016,0,0,25659,596340
I,사입,Headwear,비니,BN,17324000,1905640,1732400,-2393040,4125440,0,0,0,49005,37328,0,0,103944,0,0,190277,3935163
I,사입,Headwear,선캡,SC,49328000,5426080,4932800,4932762,38,0,0,0,139532,106068,0,0,295968,0,0,541568,-541530
I,사입,Headwear,와이어캡,WR,32327000,3555970,3232700,4250540,-1017840,0,0,0,91441,69563,0,0,193962,0,0,354966,-1372806
I,사입,Headwear,운동모,CP,343787000,59783040,54348215,53818050,530165,0,0,0,1542918,1168520,0,0,3260892,0,0,5972330,-5442165
I,사입,Headwear,햇,HT,432180000,74249670,67499704,71304816,-3805112,0,0,0,1926242,1451127,0,0,4049981,0,0,7427350,-11232462
I,사입,Shoes,런닝화,RN,63000000,16536900,15033544,15048370,-14826,0,0,0,425249,323185,0,0,902012,0,0,1650446,-1665272
I,사입,Shoes,뮬,MU,4972000,546920,497200,669506,-172306,0,0,0,14064,10714,0,0,29832,0,0,54610,-226916
I,사입,Shoes,방한화,WB,4474000,492140,447400,109852,337548,0,0,0,12654,9636,0,0,26844,0,0,49134,288414
I,사입,Shoes,샌들,SD,105482000,11603020,10548200,10548173,27,0,0,0,298374,226842,0,0,632892,0,0,1158108,-1158081
I,사입,Shoes,스니커즈,SX,354044000,79884180,72621980,74428480,-1806500,0,0,0,2054241,1561206,0,0,4357328,0,0,7972775,-9779275
I,사입,Shoes,슬리퍼,LP,35763000,3933930,3576300,3575985,315,0,0,0,101163,76889,0,0,214578,0,0,392630,-392315
I,사입,Shoes,신발,SH,874966000,177636260,161487517,181304216,-19816699,0,0,0,4567932,3471678,0,0,9689250,0,0,17728860,-37545559
I,사입,Shoes,캔버스화,CV,1106000,121660,110600,218920,-108320,0,0,0,3129,2385,0,0,6636,0,0,12150,-120470
I,사입,과시즌의류,니트가디건,KC,122014000,14797020,13451837,12691991,759846,0,0,0,382810,289141,0,0,807110,0,0,1479061,-719215
I,사입,과시즌의류,다운점퍼,DJ,-1406000,-351500,-319546,-345814,26268,0,0,0,2461,-6866,0,0,-19172,0,0,-23577,49845
I,사입,과시즌의류,레깅스,LG,70422000,10951300,9955727,10094020,-138293,0,0,0,281615,214028,0,0,597339,0,0,1092982,-1231275
I,사입,과시즌의류,맨투맨,MT,787115000,177603940,161458121,152919861,8538260,0,0,0,4568864,3471315,0,0,9687499,0,0,17727678,-9189418
I,사입,과시즌의류,맨투맨셋트,S2,181469000,46586390,42351267,37926405,4424862,0,0,0,1199887,909898,0,0,2541072,0,0,4650857,-225995
I,사입,과시즌의류,반바지,SP,118000,12980,11800,11800,0,0,0,0,334,256,0,0,708,0,0,1298,-1298
I,사입,과시즌의류,반팔카라티셔츠,TS,174614000,37348570,33953244,30302469,3650775,0,0,0,960423,729924,0,0,2037198,0,0,3727545,-76770
I,사입,과시즌의류,반팔티 & 스웨트팬츠,S1,81784000,20740620,18855106,18254329,600777,0,0,0,533346,405424,0,0,1131308,0,0,2070078,-1469301
I,사입,과시즌의류,방풍자켓,WJ,47931000,13701080,12455525,10454888,2000637,0,0,0,352328,267822,0,0,747336,0,0,1367486,633151
I,사입,과시즌의류,베이비,BV,65366000,7190260,6536600,18996019,-12459419,0,0,0,184897,140592,0,0,392196,0,0,717685,-13177104
I,사입,과시즌의류,스윔웨어,SW,1059000,116490,105900,105899,1,0,0,0,2995,2350,0,0,6354,0,0,11699,-11698
I,사입,과시즌의류,스커트,SK,201225000,45552130,41411023,42990178,-1579155,0,0,0,1173660,890334,0,0,2484656,0,0,4548650,-6127805
I,사입,과시즌의류,우븐반바지,SM,98000,10780,9800,9800,0,0,0,0,278,256,0,0,588,0,0,1122,-1122
I,사입,과시즌의류,우븐셔츠,WS,81871000,21336510,19396830,18811578,585252,0,0,0,548675,417032,0,0,1163812,0,0,2129519,-1544267
I,사입,과시즌의류,우븐팬츠,WP,161840000,35809160,32553783,28510650,4043133,0,0,0,920836,699877,0,0,1953229,0,0,3573942,469191
I,사입,과시즌의류,원피스,OP,355911000,73992420,67265828,70312784,-3046956,0,0,0,1902737,1446207,0,0,4035951,0,0,7384895,-10431851
I,사입,과시즌의류,점퍼,JP,457184000,95559950,86872684,75277152,11595532,0,0,0,2459070,1867651,0,0,5212362,0,0,9539083,2056449
I,사입,과시즌의류,진바지,DP,84640000,21171010,19246372,18831065,415307,0,0,0,546837,413801,0,0,1154785,0,0,2115423,-1700116
I,사입,과시즌의류,진자켓,DK,61319000,15554800,14140729,13225703,915026,0,0,0,399987,304078,0,0,848444,0,0,1552509,-637483
I,사입,과시즌의류,트레이닝(상의),TR,47718000,11929500,10845000,11156179,-311179,0,0,0,306768,233148,0,0,650700,0,0,1190616,-1501795
I,사입,과시즌의류,트레이닝(하의),TP,37367000,9342010,8492739,7969238,523501,0,0,0,240230,182586,0,0,509565,0,0,932381,-408880
I,사입,과시즌의류,팬츠,PT,243734000,50104460,45549510,39144580,6404930,0,0,0,1288444,979228,0,0,2732966,0,0,5000638,1404292
I,사입,과시즌의류,폴로 티셔츠,PQ,101685000,24934910,22668102,18494632,4173470,0,0,0,641205,487372,0,0,1360084,0,0,2488661,1684809
I,사입,과시즌의류,후드티,HD,55945000,9355350,8504864,8239681,265183,0,0,0,240573,182787,0,0,510293,0,0,933653,-668470
I,자사몰,Acc_etc,PET,PE,551000,471660,428783,-26881,455664,0,0,0,24421,9289,0,0,16723,0,0,50433,405231
I,자사몰,Acc_etc,기타,ET,66000,35000,31818,20793,11025,0,0,0,1812,690,0,0,1241,0,0,3743,7282
I,자사몰,Acc_etc,양말,SO,1286000,1037910,943554,306680,636874,0,0,0,53735,20382,0,0,36798,0,0,110915,525959
I,자사몰,Acc_etc,장갑,GL,40000,12950,11772,10996,776,0,0,0,3368,265,0,0,459,0,0,4092,-3316
I,자사몰,Bag,가방,BG,198000,134750,122500,60247,62253,0,0,0,6977,2654,0,0,4778,0,0,14409,47844
I,자사몰,Bag,백팩,BK,93707000,72874907,66249916,25131602,41118314,0,0,0,3774830,1424116,0,0,2584981,0,0,7783927,33334387
I,자사몰,Bag,보조가방,UB,1437000,1253530,1139572,381624,757948,0,0,0,64900,24470,0,0,44444,0,0,133814,624134
I,자사몰,Bag,슬링백,SG,237000,205170,186518,53150,133368,0,0,0,10622,4034,0,0,7274,0,0,21930,111438
I,자사몰,Bag,크로스백,CR,8049000,7105530,6459571,1885144,4574427,0,0,0,367881,138855,0,0,251923,0,0,758659,3815768
I,자사몰,Bag,힙색,HS,177000,148770,135245,37457,97788,0,0,0,7703,2919,0,0,5274,0,0,15896,81892
I,자사몰,Headwear,방한모,WM,504000,464100,421908,116901,305007,0,0,0,24029,9077,0,0,16455,0,0,49561,255446
I,자사몰,Headwear,비니,BN,1594000,1340020,1218199,372372,845827,0,0,0,69380,26221,0,0,47508,0,0,143109,702718
I,자사몰,Headwear,와이어캡,WR,294000,269860,245327,59260,186067,0,0,0,13972,5254,0,0,9567,0,0,28793,157274
I,자사몰,Headwear,운동모,CP,8212000,6745590,6132359,1774534,4357825,0,0,0,349647,131902,0,0,239165,0,0,720714,3637111
I,자사몰,Headwear,햇,HT,501000,454890,413537,105105,308432,0,0,0,23550,8971,0,0,16128,0,0,48649,259783
I,자사몰,Shoes,런닝화,RN,6340000,5526370,5023974,1727907,3296067,0,0,0,286123,108016,0,0,195935,0,0,590074,2705993
I,자사몰,Shoes,방한화,WB,386000,368050,334591,77448,257143,0,0,0,19054,7165,0,0,13048,0,0,39267,217876
I,자사몰,Shoes,스니커즈,SX,8233000,7453400,6775819,1973607,4802212,0,0,0,385891,145597,0,0,264257,0,0,795745,4006467
I,자사몰,Shoes,신발,SH,39868000,35503060,32275508,10126375,22149133,0,0,0,1838132,693852,0,0,1258747,0,0,3790731,18358402
I,자사몰,당시즌의류,니트가디건,KC,328000,323410,294009,67705,226304,0,0,0,16744,6370,0,0,11466,0,0,34580,191724
I,자사몰,당시즌의류,니트풀오버,KP,278000,267000,242727,57018,185709,0,0,0,13823,5202,0,0,9466,0,0,28491,157218
I,자사몰,당시즌의류,다운베스트,DV,784000,701020,637291,217991,419300,0,0,0,36294,13748,0,0,24855,0,0,74897,344403
I,자사몰,당시즌의류,다운점퍼,DJ,18657000,15774970,14340882,5106867,9234015,0,0,0,816733,308285,0,0,559294,0,0,1684312,7549703
I,자사몰,당시즌의류,맨투맨,MT,2735000,2446580,2224163,647126,1577037,0,0,0,126671,47983,0,0,86741,0,0,261395,1315642
I,자사몰,당시즌의류,맨투맨셋트,S2,16824000,14148570,12862335,4099855,8762480,0,0,0,732530,276650,0,0,501630,0,0,1510810,7251670
I,자사몰,당시즌의류,반팔카라티셔츠,TS,393000,359100,326454,84247,242207,0,0,0,18592,7060,0,0,12732,0,0,38384,203823
I,자사몰,당시즌의류,반팔티 & 스웨트팬츠,S1,2255000,1878920,1708110,529729,1178381,0,0,0,97278,36731,0,0,66616,0,0,200625,977756
I,자사몰,당시즌의류,방풍자켓,WJ,715000,685190,622900,148933,473967,0,0,0,35475,13375,0,0,24293,0,0,73143,400824
I,자사몰,당시즌의류,스커트,SK,99000,89120,81018,21566,59452,0,0,0,4614,1752,0,0,3160,0,0,9526,49926
I,자사몰,당시즌의류,우븐셔츠,WS,159000,143120,130109,36928,93181,0,0,0,7410,2813,0,0,5074,0,0,15297,77884
I,자사몰,당시즌의류,우븐팬츠,WP,1236000,1165470,1059518,304875,754643,0,0,0,60339,22718,0,0,41322,0,0,124379,630264
I,자사몰,당시즌의류,원피스,OP,317000,262250,238409,89682,148727,0,0,0,13577,5095,0,0,9298,0,0,27970,120757
I,자사몰,당시즌의류,점퍼,JP,2031000,1935200,1759272,402973,1356299,0,0,0,100193,37792,0,0,68611,0,0,206596,1149703
I,자사몰,당시즌의류,진바지,DP,932000,859410,781281,227455,553826,0,0,0,44496,16773,0,0,30469,0,0,91738,462088
I,자사몰,당시즌의류,팬츠,PT,1894000,1749460,1590417,448574,1141843,0,0,0,90576,34184,0,0,62027,0,0,186787,955056
I,자사몰,당시즌의류,폴라폴리스점퍼,FD,1391000,1268400,1153091,272121,880970,0,0,0,65670,24788,0,0,44971,0,0,135429,745541
I,자사몰,당시즌의류,폴로 티셔츠,PQ,79000,79000,71818,22898,48920,0,0,0,4090,1539,0,0,2801,0,0,8430,40490
I,자사몰,당시즌의류,후드티,HD,1029000,907200,824727,281105,543622,0,0,0,46969,17729,0,0,32165,0,0,96863,446759
I,자사몰,차시즌의류,맨투맨,MT,7698000,6702000,6092726,1849015,4243711,0,0,0,346990,131000,0,0,237616,0,0,715606,3528105
I,자사몰,차시즌의류,맨투맨셋트,S2,39975000,36559390,33235808,9784445,23451363,0,0,0,1892827,714498,0,0,1296197,0,0,3903522,19547841
I,자사몰,차시즌의류,반바지,SP,49000,46550,42318,11279,31039,0,0,0,2410,902,0,0,1650,0,0,4962,26077
I,자사몰,차시즌의류,반팔카라티셔츠,TS,2795000,2365650,2150591,656106,1494485,0,0,0,122479,46286,0,0,83872,0,0,252637,1241848
I,자사몰,차시즌의류,반팔티 & 스웨트팬츠,S1,13291000,12121910,11019920,3200449,7819471,0,0,0,627599,236946,0,0,429777,0,0,1294322,6525149
I,자사몰,차시즌의류,방풍자켓,WJ,1400000,1304910,1186282,365887,820395,0,0,0,67562,25478,0,0,46265,0,0,139305,681090
I,자사몰,차시즌의류,스커트,SK,207000,171080,155527,50147,105380,0,0,0,8857,3344,0,0,6066,0,0,18267,87113
I,자사몰,차시즌의류,우븐반바지,SM,216000,204010,185463,47346,138117,0,0,0,10561,3981,0,0,7233,0,0,21775,116342
I,자사몰,차시즌의류,우븐셔츠,WS,735000,626100,569181,188981,380200,0,0,0,32416,12262,0,0,22198,0,0,66876,313324
I,자사몰,차시즌의류,우븐팬츠,WP,968000,883140,802855,210852,592003,0,0,0,45722,17251,0,0,31311,0,0,94284,497719
I,자사몰,차시즌의류,원피스,OP,774000,674900,613545,189530,424015,0,0,0,34942,13217,0,0,23928,0,0,72087,351928
I,자사몰,차시즌의류,점퍼,JP,16515000,14943750,13585227,3616614,9968613,0,0,0,773699,292042,0,0,524505,0,0,1590246,8378367
I,자사몰,차시즌의류,진바지,DP,1624000,1425350,1295773,443563,852210,0,0,0,73797,27814,0,0,50535,0,0,152146,700064
I,자사몰,차시즌의류,진자켓,DK,1589000,1466930,1333573,376285,957288,0,0,0,75949,28716,0,0,52010,0,0,156675,800613
I,자사몰,차시즌의류,팬츠,PT,2984000,2701250,2455682,699632,1756050,0,0,0,139856,52814,0,0,95771,0,0,288441,1467609
I,자사몰,차시즌의류,폴로 티셔츠,PQ,801000,705580,641436,165337,476099,0,0,0,36531,13801,0,0,25016,0,0,75348,400751
I,자사몰,차시즌의류,후드티,HD,3046000,2616180,2378346,795241,1583105,0,0,0,135451,51115,0,0,92756,0,0,279322,1303783
I,제휴몰,Acc_etc,PET,PE,2351000,2351000,2137273,-64016,2201289,0,0,0,121723,45863,0,0,83356,0,0,250942,1950347
I,제휴몰,Acc_etc,기타,ET,32000,32000,29090,7712,21378,0,0,0,1656,635,0,7876,1134,0,0,11301,10077
I,제휴몰,Acc_etc,양말,SO,2369900,2369900,2154456,596043,1558413,0,0,0,122697,46770,0,636794,84029,0,0,890290,668123
I,제휴몰,Acc_etc,장갑,GL,405000,405000,368181,73347,294834,0,0,0,20969,7893,0,110063,14359,0,0,153284,141550
I,제휴몰,Bag,가방,BG,561000,561000,510000,172723,337277,0,0,0,29047,10956,0,157691,19890,0,0,217584,119693
I,제휴몰,Bag,백팩,BK,265981000,252718980,229744522,70642281,159102241,0,0,0,13084266,4938515,0,67964900,8960038,0,0,94947719,64154522
I,제휴몰,Bag,보조가방,UB,2489000,2489000,2262728,668576,1594152,0,0,0,128868,48637,0,681292,88249,0,0,947046,647106
I,제휴몰,Bag,슬링백,SG,948000,948000,861817,212600,649217,0,0,0,49081,18544,0,256863,33611,0,0,358099,291118
I,제휴몰,Bag,크로스백,CR,8959000,8959000,8144539,2285317,5859222,0,0,0,463840,175008,0,2356490,317634,0,0,3312972,2546250
I,제휴몰,Bag,힙색,HS,590000,590000,536364,120416,415948,0,0,0,30546,11484,0,148059,20919,0,0,211008,204940
I,제휴몰,Headwear,방한모,WM,1426000,1426000,1296363,332597,963766,0,0,0,73831,27889,0,377236,50559,0,0,529515,434251
I,제휴몰,Headwear,비니,BN,12828000,12828000,11661815,2958185,8703630,0,0,0,664163,250558,0,3125348,454812,0,0,4494881,4208749
I,제휴몰,Headwear,와이어캡,WR,343000,343000,311817,69008,242809,0,0,0,17759,6698,0,88410,12160,0,0,125027,117782
I,제휴몰,Headwear,운동모,CP,20947000,20669800,18790732,4575827,14214905,0,0,0,1070178,403955,0,5458697,732844,0,0,7665674,6549231
I,제휴몰,Headwear,햇,HT,767000,767000,697272,143248,554024,0,0,0,39712,14960,0,210827,27194,0,0,292693,261331
I,제휴몰,Shoes,런닝화,RN,10261000,10261000,9328179,2703620,6624559,0,0,0,531246,200529,0,2808795,363795,0,0,3904365,2720194
I,제휴몰,Shoes,방한화,WB,4106000,4045950,3678135,1202738,2475397,0,0,0,209473,79115,0,1091262,143447,0,0,1523297,952100
I,제휴몰,Shoes,스니커즈,SX,29469000,28908290,26280266,7680116,18600150,0,0,0,1496692,565042,0,7202986,1024936,0,0,10289656,8310494
I,제휴몰,Shoes,신발,SH,72780000,72779920,66163563,19675424,46488139,0,0,0,3768091,1422190,0,18497479,2580372,0,0,26268132,20220007
I,제휴몰,과시즌의류,다운점퍼,DJ,36286000,18860100,17145542,2558362,14587180,0,0,0,976466,368596,0,5055875,668677,0,0,7069614,7517566
I,제휴몰,과시즌의류,맨투맨,MT,69599000,36734950,33395410,14712192,18683218,0,0,0,1901914,717829,0,10432786,1302420,0,0,14354949,4328269
I,제휴몰,과시즌의류,맨투맨셋트,S2,0,0,0,2430,-2430,0,0,0,0,0,0,0,0,0,0,0,-2430
I,제휴몰,과시즌의류,반팔카라티셔츠,TS,954000,842700,766091,197327,568764,0,0,0,43630,16503,0,224144,29878,0,0,314155,254609
I,제휴몰,과시즌의류,베이비,BV,44000,0,0,14690,-14690,0,0,0,2278,12,0,9939,1,0,0,12230,-26920
I,제휴몰,과시즌의류,점퍼,JP,21243000,10730990,9755445,2419827,7335618,0,0,0,555582,209755,0,2865769,380462,0,0,4011568,3324050
I,제휴몰,과시즌의류,팬츠,PT,28361000,14496480,13178617,4804505,8374112,0,0,0,750540,283283,0,4132493,513966,0,0,5680282,2693830
I,제휴몰,당시즌의류,니트가디건,KC,1143000,1143000,1039090,237443,801647,0,0,0,59177,22379,0,326014,40525,0,0,448095,353552
I,제휴몰,당시즌의류,니트풀오버,KP,139000,139000,126364,28509,97855,0,0,0,7196,2716,0,33769,4928,0,0,48609,49246
I,제휴몰,당시즌의류,다운베스트,DV,1032000,1032000,938183,283878,654305,0,0,0,53432,20147,0,274274,36589,0,0,384442,269863
I,제휴몰,당시즌의류,다운점퍼,DJ,73789000,73780010,67072736,19864513,47208223,0,0,0,3870320,1442014,0,20338431,2615839,0,0,28266604,18941619
I,제휴몰,당시즌의류,레깅스,LG,1055000,1055000,959090,263428,695662,0,0,0,54621,20630,0,297010,37404,0,0,409665,285997
I,제휴몰,당시즌의류,맨투맨,MT,9997000,9997000,9088178,2456154,6632024,0,0,0,517578,195427,0,2811771,354438,0,0,3879214,2752810
I,제휴몰,당시즌의류,맨투맨셋트,S2,35228000,35228000,32025455,8512521,23512934,0,0,0,1823905,688584,0,9482538,1249001,0,0,13244028,10268906
I,제휴몰,당시즌의류,반팔카라티셔츠,TS,245000,245000,222726,52530,170196,0,0,0,12685,4781,0,70466,8686,0,0,96618,73578
I,제휴몰,당시즌의류,반팔티 & 스웨트팬츠,S1,3267000,3267000,2970000,764979,2205021,0,0,0,169147,63910,0,859914,115832,0,0,1208803,996218
I,제휴몰,당시즌의류,방풍자켓,WJ,834000,834000,758182,172893,585289,0,0,0,43180,16330,0,255883,29569,0,0,344962,240327
I,제휴몰,당시즌의류,스커트,SK,534000,534000,485454,128280,357174,0,0,0,27646,10443,0,164458,18932,0,0,221479,135695
I,제휴몰,당시즌의류,우븐셔츠,WS,298000,298000,270909,70079,200830,0,0,0,15428,5824,0,82942,10565,0,0,114759,86071
I,제휴몰,당시즌의류,우븐팬츠,WP,999000,999000,908181,238000,670181,0,0,0,51720,19445,0,292120,35417,0,0,398702,271479
I,제휴몰,당시즌의류,원피스,OP,901000,901000,819091,256437,562654,0,0,0,46647,17641,0,249821,31944,0,0,346053,216601
I,제휴몰,당시즌의류,점퍼,JP,4996000,4996000,4541820,1107864,3433956,0,0,0,258666,97699,0,1406316,177134,0,0,1939815,1494141
I,제휴몰,당시즌의류,진바지,DP,1764000,1764000,1603637,460664,1142973,0,0,0,91328,34478,0,523553,62542,0,0,711901,431072
I,제휴몰,당시즌의류,팬츠,PT,6010000,6010000,5463635,1463714,3999921,0,0,0,311157,117442,0,1648934,213079,0,0,2290612,1709309
I,제휴몰,당시즌의류,폴라폴리스점퍼,FD,2434000,2434000,2212728,472253,1740475,0,0,0,126015,47655,0,680856,86296,0,0,940822,799653
I,제휴몰,당시즌의류,후드티,HD,4007000,4007000,3642726,1042130,2600596,0,0,0,207459,78385,0,1097976,142065,0,0,1525885,1074711
I,제휴몰,차시즌의류,맨투맨,MT,12485000,12485000,11349997,3009494,8340503,0,0,0,646386,244144,0,3442780,442647,0,0,4775957,3564546
I,제휴몰,차시즌의류,맨투맨셋트,S2,57525000,57525050,52295506,14198397,38097109,0,0,0,2978322,1124106,0,15793005,2039533,0,0,21934966,16162143
I,제휴몰,차시즌의류,반바지,SP,147000,147000,133636,33224,100412,0,0,0,7611,2905,0,38078,5212,0,0,53806,46606
I,제휴몰,차시즌의류,반팔카라티셔츠,TS,1037000,1037000,942725,241844,700881,0,0,0,53691,20265,0,269518,36766,0,0,380240,320641
I,제휴몰,차시즌의류,반팔티 & 스웨트팬츠,S1,11742000,11742010,10674557,2744788,7929769,0,0,0,607930,229431,0,3162410,416309,0,0,4416080,3513689
I,제휴몰,차시즌의류,방풍자켓,WJ,4104000,4103990,3730898,1075549,2655349,0,0,0,212480,80270,0,1095393,145505,0,0,1533648,1121701
I,제휴몰,차시즌의류,스윔웨어,SW,278000,278000,252727,80372,172355,0,0,0,14394,5433,0,67539,9856,0,0,97222,75133
I,제휴몰,차시즌의류,스커트,SK,1087000,1087000,988183,294611,693572,0,0,0,56277,21240,0,293855,38539,0,0,409911,283661
I,제휴몰,차시즌의류,우븐반바지,SM,452000,452000,410908,99092,311816,0,0,0,23403,8817,0,120683,16026,0,0,168929,142887
I,제휴몰,차시즌의류,우븐셔츠,WS,914000,914000,830909,249158,581751,0,0,0,47320,17910,0,255559,32405,0,0,353194,228557
I,제휴몰,차시즌의류,우븐팬츠,WP,1077000,1077000,979091,230198,748893,0,0,0,55759,21113,0,285014,38184,0,0,400070,348823
I,제휴몰,차시즌의류,원피스,OP,1042000,1042000,947273,258682,688591,0,0,0,53949,20342,0,286964,36944,0,0,398199,290392
I,제휴몰,차시즌의류,점퍼,JP,70860000,70493780,64085253,15508484,48576769,0,0,0,3649744,1377662,0,19367779,2499323,0,0,26894508,21682261
I,제휴몰,차시즌의류,진바지,DP,1317000,1317000,1197273,360445,836828,0,0,0,68183,25682,0,353351,46694,0,0,493910,342918
I,제휴몰,차시즌의류,진자켓,DK,1390000,1390000,1263636,330376,933260,0,0,0,71966,27181,0,378781,49281,0,0,527209,406051
I,제휴몰,차시즌의류,팬츠,PT,2284000,2284000,2076362,543861,1532501,0,0,0,118250,44648,0,646354,80979,0,0,890231,642270
I,제휴몰,차시즌의류,폴로 티셔츠,PQ,1068000,1068000,970909,220451,750458,0,0,0,55293,20865,0,289231,37866,0,0,403255,347203
I,제휴몰,차시즌의류,후드티,HD,2789000,2789000,2535455,722612,1812843,0,0,0,144397,54546,0,753032,98883,0,0,1050858,761985
I,직영몰,Acc_etc,PET,PE,3390000,3186000,2896365,40991,2855374,0,453889,0,81927,61181,0,0,112962,1598711,0,2308670,546704
I,직영몰,Acc_etc,양말,SO,1079900,1072680,975165,239363,735802,0,143472,0,27593,20936,9564,0,38035,311051,31548,582199,153603
I,직영몰,Bag,가방,BG,495000,495000,450000,153380,296620,0,64435,0,12730,9664,5606,0,17550,136286,12358,258629,37991
I,직영몰,Bag,백팩,BK,97104000,80509480,73190437,25204035,47986402,0,10131884,0,2070317,1572902,948032,0,2848780,22744028,2926925,43242868,4743534
I,직영몰,Bag,보조가방,UB,1708000,1686060,1532780,459067,1073713,0,202657,0,43357,32953,20285,0,59778,454172,49839,863041,210672
I,직영몰,Bag,슬링백,SG,553000,553000,502727,124263,378464,0,62985,0,14220,10808,8298,0,19607,141135,12640,269693,108771
I,직영몰,Bag,크로스백,CR,5285000,5230700,4755177,1344843,3410334,0,678484,0,134511,102221,53547,0,185454,1528915,193599,2876731,533603
I,직영몰,Bag,힙색,HS,0,0,0,4,-4,0,0,0,0,0,0,0,0,0,0,0,-4
I,직영몰,Headwear,방한모,WM,412000,412000,374545,86807,287738,0,57135,0,10598,8064,3894,0,14607,121552,16877,232727,55011
I,직영몰,Headwear,비니,BN,2279000,2202520,2002290,495435,1506855,0,302687,0,56637,43045,18076,0,78090,668414,88146,1255095,251760
I,직영몰,Headwear,선캡,SC,33000,33000,30000,7535,22465,0,3534,0,849,643,491,0,1170,8303,842,15832,6633
I,직영몰,Headwear,와이어캡,WR,943000,943000,857272,191985,665287,0,124154,0,24250,18433,8211,0,33433,263392,20947,492820,172467
I,직영몰,Headwear,운동모,CP,24078000,23833080,21666444,5075939,16590505,0,3144621,0,613651,465659,228077,0,845005,6992871,820785,13110669,3479836
I,직영몰,Headwear,햇,HT,411000,399800,363454,72945,290509,0,68095,0,10282,7823,5400,0,14175,160650,40759,307184,-16675
I,직영몰,Shoes,런닝화,RN,14033000,13899950,12636318,3657501,8978817,0,1759337,0,357435,271519,132592,0,492816,3931237,433739,7378675,1600142
I,직영몰,Shoes,방한화,WB,267000,267000,242727,64991,177736,0,35583,0,6866,5203,3017,0,9466,78631,13810,152576,25160
I,직영몰,Shoes,스니커즈,SX,17538000,17226080,15660077,3929931,11730146,0,2302629,0,444495,336525,179699,0,610741,5027886,609644,9511619,2218527
I,직영몰,Shoes,신발,SH,29874000,29429740,26754310,7478624,19275686,0,3865883,0,761117,574984,292181,0,1043418,8539528,1033942,16111053,3164633
I,직영몰,당시즌의류,니트풀오버,KP,-139000,-139000,-126364,-28509,-97855,0,0,0,0,-2717,0,0,-4928,0,0,-7645,-90210
I,직영몰,당시즌의류,다운베스트,DV,258000,244160,221964,70970,150994,0,42511,0,6279,4762,2484,0,8656,116333,35393,216418,-65424
I,직영몰,당시즌의류,다운점퍼,DJ,5495000,5213940,4739943,1476888,3263055,0,622955,0,134076,101831,60225,0,184859,1460103,171434,2735483,527572
I,직영몰,당시즌의류,레깅스,LG,69000,69000,62727,17271,45456,0,18233,0,1775,1344,1370,0,2446,48341,19512,93021,-47565
I,직영몰,당시즌의류,맨투맨,MT,405000,388100,352818,95526,257292,0,64242,0,9981,7573,3000,0,13759,167529,43488,309572,-52280
I,직영몰,당시즌의류,맨투맨셋트,S2,2989000,2924180,2658347,755724,1902623,0,434089,0,75198,57135,15893,0,103677,1002361,154859,1843212,59411
I,직영몰,당시즌의류,반팔카라티셔츠,TS,69000,69000,62727,13366,49361,0,10990,0,1775,1347,0,0,2446,21227,759,38544,10817
I,직영몰,당시즌의류,반팔티 & 스웨트팬츠,S1,636000,636000,578182,150739,427443,0,78202,0,16354,12433,9651,0,22549,165381,12295,316865,110578
I,직영몰,당시즌의류,방풍자켓,WJ,159000,137700,125182,33671,91511,0,21932,0,3541,2693,0,0,4882,42362,1514,76924,14587
I,직영몰,당시즌의류,우븐팬츠,WP,1396000,1321250,1201137,339118,862019,0,208970,0,33976,25798,7552,0,46845,438381,59480,821002,41017
I,직영몰,당시즌의류,진바지,DP,99000,50250,45682,23780,21902,0,3985,0,1293,980,0,0,1782,12096,0,20136,1766
I,직영몰,당시즌의류,팬츠,PT,395000,395000,359090,92267,266823,0,62022,0,10158,7726,656,0,14004,122092,8057,224715,42108
I,직영몰,당시즌의류,후드티,HD,99000,99030,90027,27304,62723,0,15776,0,2547,1934,1,0,3511,30478,1096,55343,7380
I,직영몰,차시즌의류,맨투맨,MT,10412000,10240280,9309339,2390686,6918653,0,1399702,0,263340,200136,94939,0,363059,3048656,369511,5739343,1179310
I,직영몰,차시즌의류,맨투맨셋트,S2,30290000,29428890,26753538,7555917,19197621,0,3891335,0,756045,574956,324430,0,1043392,8680624,1137397,16408179,2789442
I,직영몰,차시즌의류,반팔카라티셔츠,TS,2758000,2691180,2446525,652958,1793567,0,397793,0,69206,52599,16762,0,95416,856529,107748,1596053,197514
I,직영몰,차시즌의류,반팔티 & 스웨트팬츠,S1,8456000,8323440,7566766,2083664,5483102,0,1089788,0,214041,162607,82323,0,295104,2359997,239212,4443072,1040030
I,직영몰,차시즌의류,방풍자켓,WJ,4161000,4049700,3681545,986991,2694554,0,538626,0,104139,79130,42915,0,143581,1178257,140315,2226963,467591
I,직영몰,차시즌의류,스윔웨어,SW,169000,118300,107545,43486,64059,0,12670,0,3042,2310,1760,0,4194,29765,3017,56758,7301
I,직영몰,차시즌의류,스커트,SK,1620000,1566600,1424182,441071,983111,0,203932,0,40287,30593,17538,0,55543,429164,35116,812173,170938
I,직영몰,차시즌의류,우븐반바지,SM,630000,619470,563154,142275,420879,0,78872,0,15932,12131,5603,0,21963,170042,12990,317533,103346
I,직영몰,차시즌의류,우븐셔츠,WS,616000,616040,560036,170769,389267,0,65983,0,15841,12043,9167,0,21841,155017,15723,295615,93652
I,직영몰,차시즌의류,우븐팬츠,WP,1423000,1406200,1278361,304749,973612,0,215451,0,36163,27468,13254,0,49853,497835,97539,937563,36049
I,직영몰,차시즌의류,원피스,OP,397000,397000,360910,100741,260169,0,51832,0,10210,7765,5293,0,14076,110448,13544,213168,47001
I,직영몰,차시즌의류,점퍼,JP,31994000,30729410,27935827,7026404,20909423,0,4114042,0,790212,600332,332311,0,1089495,9118459,1228775,17273626,3635797
I,직영몰,차시즌의류,진바지,DP,2802000,2791100,2537364,760729,1776635,0,346471,0,71774,54545,26621,0,98958,768958,77743,1445070,331565
I,직영몰,차시즌의류,진자켓,DK,2644000,2522700,2293364,618713,1674651,0,345830,0,64873,49299,23110,0,89442,723888,73908,1370350,304301
I,직영몰,차시즌의류,팬츠,PT,4446000,4390480,3991344,1009663,2981681,0,607963,0,112903,85800,43687,0,155663,1295470,147755,2449241,532440
I,직영몰,차시즌의류,폴로 티셔츠,PQ,979000,970100,881908,202078,679830,0,119544,0,24947,18954,9427,0,34394,294321,49041,550628,129202
I,직영몰,차시즌의류,후드티,HD,2730000,2692240,2447490,697426,1750064,0,356966,0,69229,52593,28448,0,95451,834019,131550,1568256,181808
I,직영점(가두),Acc_etc,PET,PE,631000,631000,573637,12807,560830,0,0,0,16227,12345,0,0,22371,0,0,50943,509887
I,직영점(가두),Acc_etc,양말,SO,211000,211000,191818,46319,145499,0,0,0,5428,4105,0,0,7480,0,0,17013,128486
I,직영점(가두),Acc_etc,장갑,GL,108000,108000,98181,18140,80041,0,0,0,2777,2113,0,0,3829,0,0,8719,71322
I,직영점(가두),Bag,가방,BG,132000,132000,120000,40900,79100,0,0,0,3394,2581,0,0,4680,0,0,10655,68445
I,직영점(가두),Bag,백팩,BK,13382000,11507000,10460908,3562600,6898308,0,0,0,295906,225083,0,0,407975,0,0,928964,5969344
I,직영점(가두),Bag,보조가방,UB,333000,333000,302727,87159,215568,0,0,0,8565,6506,0,0,11807,0,0,26878,188690
I,직영점(가두),Bag,슬링백,SG,395000,395000,359091,88830,270261,0,0,0,10157,7731,0,0,14005,0,0,31893,238368
I,직영점(가두),Bag,크로스백,CR,3096000,3086000,2805453,736073,2069380,0,0,0,79360,60373,0,0,109413,0,0,249146,1820234
I,직영점(가두),Bag,힙색,HS,59000,59000,53636,13754,39882,0,0,0,1517,1155,0,0,2092,0,0,4764,35118
I,직영점(가두),Headwear,방한모,WM,392000,402000,365456,56046,309410,0,0,0,11857,7861,0,0,14253,0,0,33971,275439
I,직영점(가두),Headwear,비니,BN,1277000,1267000,1151817,292898,858919,0,0,0,32582,24784,0,0,44921,0,0,102287,756632
I,직영점(가두),Headwear,와이어캡,WR,249000,249000,226363,72102,154261,0,0,0,6404,4865,0,0,8828,0,0,20097,134164
I,직영점(가두),Headwear,운동모,CP,10749000,10554750,9595233,2252653,7342580,0,0,0,271416,206492,0,0,374219,0,0,852127,6490453
I,직영점(가두),Headwear,햇,HT,385000,385000,349999,75513,274486,0,0,0,9900,7537,0,0,13650,0,0,31087,243399
I,직영점(가두),Shoes,런닝화,RN,2484000,2484000,2258181,654808,1603373,0,0,0,63877,48584,0,0,88068,0,0,200529,1402844
I,직영점(가두),Shoes,방한화,WB,168000,168000,152727,52571,100156,0,0,0,4320,3288,0,0,5956,0,0,13564,86592
I,직영점(가두),Shoes,스니커즈,SX,4587000,4574880,4158981,1052346,3106635,0,0,0,117646,89501,0,0,162202,0,0,369349,2737286
I,직영점(가두),Shoes,신발,SH,10257000,10222000,9292728,2641059,6651669,0,0,0,262863,199945,0,0,362418,0,0,825226,5826443
I,직영점(가두),당시즌의류,니트풀오버,KP,139000,139000,126364,28509,97855,0,0,0,3574,2715,0,0,4928,0,0,11217,86638
I,직영점(가두),당시즌의류,다운베스트,DV,794000,794000,721819,219436,502383,0,0,0,20418,15530,0,0,28151,0,0,64099,438284
I,직영점(가두),당시즌의류,다운점퍼,DJ,7799000,7799000,7089999,2029736,5060263,0,0,0,200553,152526,0,0,276510,0,0,629589,4430674
I,직영점(가두),당시즌의류,레깅스,LG,138000,138000,125455,34542,90913,0,0,0,3549,2696,0,0,4893,0,0,11138,79775
I,직영점(가두),당시즌의류,맨투맨,MT,840000,840000,763636,225426,538210,0,0,0,21601,16430,0,0,29782,0,0,67813,470397
I,직영점(가두),당시즌의류,맨투맨셋트,S2,655000,655000,595455,165234,430221,0,0,0,16844,12818,0,0,23223,0,0,52885,377336
I,직영점(가두),당시즌의류,반팔카라티셔츠,TS,49000,49000,44545,10506,34039,0,0,0,1260,958,0,0,1737,0,0,3955,30084
I,직영점(가두),당시즌의류,반팔티 & 스웨트팬츠,S1,318000,318000,289091,75370,213721,0,0,0,8177,6221,0,0,11275,0,0,25673,188048
I,직영점(가두),당시즌의류,우븐팬츠,WP,208000,208000,189091,47991,141100,0,0,0,5349,4068,0,0,7375,0,0,16792,124308
I,직영점(가두),당시즌의류,진바지,DP,99000,99000,90000,32843,57157,0,0,0,2546,1935,0,0,3510,0,0,7991,49166
I,직영점(가두),당시즌의류,팬츠,PT,257000,257000,233636,66127,167509,0,0,0,6609,5026,0,0,9112,0,0,20747,146762
I,직영점(가두),당시즌의류,폴라폴리스점퍼,FD,298000,298000,270909,57370,213539,0,0,0,7663,5823,0,0,10565,0,0,24051,189488
I,직영점(가두),당시즌의류,후드티,HD,267000,267000,242727,67335,175392,0,0,0,6866,5225,0,0,9466,0,0,21557,153835
I,직영점(가두),차시즌의류,맨투맨,MT,3879000,3869000,3517274,922937,2594337,0,0,0,99494,75686,0,0,137173,0,0,312353,2281984
I,직영점(가두),차시즌의류,맨투맨셋트,S2,10735000,10725000,9749999,2665443,7084556,0,0,0,275799,209750,0,0,380251,0,0,865800,6218756
I,직영점(가두),차시즌의류,반바지,SP,49000,49000,44545,11279,33266,0,0,0,1260,958,0,0,1737,0,0,3955,29311
I,직영점(가두),차시즌의류,반팔카라티셔츠,TS,5237000,5237000,4760908,1142718,3618190,0,0,0,134674,102446,0,0,185671,0,0,422791,3195399
I,직영점(가두),차시즌의류,반팔티 & 스웨트팬츠,S1,5360000,5350000,4863638,1316107,3547531,0,0,0,137578,104650,0,0,189681,0,0,431909,3115622
I,직영점(가두),차시즌의류,방풍자켓,WJ,1490000,1490000,1354544,342266,1012278,0,0,0,38316,29150,0,0,52827,0,0,120293,891985
I,직영점(가두),차시즌의류,스커트,SK,395000,395000,359091,106708,252383,0,0,0,10159,7724,0,0,14004,0,0,31887,220496
I,직영점(가두),차시즌의류,우븐반바지,SM,393000,393000,357272,86306,270966,0,0,0,10107,7691,0,0,13933,0,0,31731,239235
I,직영점(가두),차시즌의류,우븐셔츠,WS,139000,139000,126364,32200,94164,0,0,0,3574,2715,0,0,4928,0,0,11217,82947
I,직영점(가두),차시즌의류,우븐팬츠,WP,1462000,1461240,1328399,325466,1002933,0,0,0,37576,28593,0,0,51808,0,0,117977,884956
I,직영점(가두),차시즌의류,원피스,OP,129000,129000,117273,31588,85685,0,0,0,3318,2528,0,0,4574,0,0,10420,75265
I,직영점(가두),차시즌의류,점퍼,JP,7162000,7143560,6494145,1624135,4870010,0,0,0,183697,139726,0,0,253271,0,0,576694,4293316
I,직영점(가두),차시즌의류,진바지,DP,703000,703000,639091,221782,417309,0,0,0,18078,13745,0,0,24925,0,0,56748,360561
I,직영점(가두),차시즌의류,팬츠,PT,1565000,1561010,1419098,372451,1046647,0,0,0,40141,30551,0,0,55344,0,0,126036,920611
I,직영점(가두),차시즌의류,폴로 티셔츠,PQ,890000,890000,809091,202079,607012,0,0,0,22886,17404,0,0,31555,0,0,71845,535167
I,직영점(가두),차시즌의류,후드티,HD,1167000,1150990,1046353,295503,750850,0,0,0,29598,22526,0,0,40807,0,0,92931,657919
M,RF,Acc_etc,기타,ET,270600,267420,243110,35028,198542,0,23430,0,5905,6654,3436,0,11031,64884,6982,122322,76220
M,RF,Acc_etc,머플러(스카프),MF,1168000,1132300,1029363,162418,706195,3052,60085,0,24997,27950,8374,0,47053,179261,18647,369419,336776
M,RF,Acc_etc,양말,SO,3349000,2710040,2463671,567301,1593838,7880,174549,0,59822,67098,23990,0,111259,530582,54725,1029905,563933
M,RF,Acc_etc,파우치,PO,965000,935200,850182,156423,500883,2566,36838,0,20645,23125,5626,0,37704,95511,10614,232629,268254
M,RF,Bag,가방,BG,199000,139300,126636,1808,89370,0,0,0,3075,3438,0,0,6382,0,0,12895,76475
M,RF,Bag,백팩,BK,3009000,2671680,2428799,484332,1391559,10975,60659,0,75313,65996,19411,0,109011,121448,17047,479860,911699
M,RF,Bag,버킷백,BM,27339000,23530430,21391299,4266239,9216029,551115,55649,0,519445,581186,10075,0,931600,98254,20016,2767340,6448689
M,RF,Bag,보스톤백,BW,0,0,0,0,-11563,0,0,0,0,0,0,0,-810,0,0,-810,-10753
M,RF,Bag,쇼퍼백,OR,138312000,121867050,110788228,26867743,45293535,4860436,230321,0,2844275,3009468,116609,0,4914574,674597,95002,16745282,28548253
M,RF,Bag,숄더백,BQ,91445000,75098630,68271484,15252386,30529324,1384577,180600,0,1966669,1854976,195243,0,2995061,496006,68380,9141512,21387812
M,RF,Bag,크로스백,CR,13379000,10780080,9800072,2262068,6191917,90630,585748,0,274099,266286,106388,0,439261,1600416,185801,3548629,2643288
M,RF,Bag,힙색,HS,19770000,13140660,11946055,3789585,7935172,9201,280849,0,683011,324611,254050,0,541949,826347,86484,3006502,4928670
M,RF,Headwear,메시캡,MC,126000,126000,114545,15267,49319,5574,0,0,2781,3074,0,0,4521,0,21,15971,33348
M,RF,Headwear,방한모,WM,1195000,1135490,1032262,230724,648398,6552,66063,0,25067,27994,9904,0,46593,176753,19357,378283,270115
M,RF,Headwear,비니,BN,15063000,13961510,12692282,2226701,7491936,197465,428716,0,331322,344831,81541,0,571840,1011074,140480,3107269,4384667
M,RF,Headwear,여성 베레모,CB,1369000,1347410,1224919,187890,927162,2354,99785,0,29745,33317,14914,0,55469,268288,29283,533155,394007
M,RF,Headwear,운동모,CP,625994000,449460090,408600088,102648607,281319934,1622796,22232085,0,16161408,11102783,6989770,0,18502356,52156193,6226993,134994384,146325550
M,RF,Headwear,햇,HT,9803000,9102550,8275041,1346241,5089238,96775,359497,0,200947,225056,53873,0,369154,962384,116069,2383755,2705483
M,RF,Shoes,런닝화,RN,124261000,107422050,97656407,29513242,38805482,3046329,1728694,0,2457091,2653299,300524,0,4343095,4782974,579852,19891858,18913624
M,RF,Shoes,뮬,MU,1240000,933400,848545,198167,470234,4822,32655,0,20603,23022,5912,0,39652,57657,7882,192205,278029
M,RF,Shoes,방한화,WB,2386000,2124800,1931636,510880,1052963,8759,99491,0,49295,52574,15160,0,87023,259015,28738,600055,452908
M,RF,Shoes,샌들,SD,0,-140,-127,-14109,-235540,0,0,0,0,0,0,0,-17476,0,0,-17476,-218064
M,RF,Shoes,스니커즈,SX,356167000,294444210,267676559,65079870,127613017,5854788,5071033,0,7346288,7272799,1180282,0,11868717,14792444,1729987,55116338,72496679
M,RF,Shoes,슬리퍼,LP,147000,127390,115809,34848,-51663,0,4994,0,2812,3130,904,0,-2267,8818,1203,19594,-71257
M,RF,Shoes,신발,SH,280127000,239131030,217391851,59542002,85968281,5623831,2258634,0,5421917,5906184,407349,0,9594362,6314601,789317,36316195,49652086
M,RF,Shoes,아쿠아 슈즈,SQ,2183000,1840780,1673437,431201,716054,12495,37410,0,40636,45461,5822,0,71898,93836,11686,319244,396810
M,RF,과시즌의류,니트가디건,KC,796000,756200,687454,89010,479044,0,38432,0,16693,18690,5071,0,30898,122981,12394,245159,233885
M,RF,과시즌의류,니트풀오버,KP,0,0,0,0,-2604,0,0,0,0,0,0,0,-182,0,0,-182,-2422
M,RF,과시즌의류,데님셔츠,DR,0,0,0,0,-3476,0,0,0,0,0,0,0,-243,0,0,-243,-3233
M,RF,과시즌의류,맨투맨,MT,0,0,0,-9356,-18322,0,0,0,0,0,0,0,-1937,0,0,-1937,-16385
M,RF,과시즌의류,반바지,SP,0,0,0,-10082,-22801,0,0,0,0,0,0,0,-2303,0,0,-2303,-20498
M,RF,과시즌의류,반팔카라티셔츠,TS,0,20,18,0,-215892,0,0,0,0,0,0,0,-15111,0,0,-15111,-200781
M,RF,과시즌의류,반팔티셔츠,RS,0,0,0,0,-20268,0,0,0,0,0,0,0,-1417,0,0,-1417,-18851
M,RF,과시즌의류,방풍자켓,WJ,189000,189000,171818,21133,17887,0,0,0,4172,4663,0,0,2733,0,0,11568,6319
M,RF,과시즌의류,스커트,SK,0,0,0,0,-16901,0,0,0,0,0,0,0,-1183,0,0,-1183,-15718
M,RF,과시즌의류,우븐반바지,SM,0,0,0,0,-22403,0,0,0,0,0,0,0,-1568,0,0,-1568,-20835
M,RF,과시즌의류,우븐팬츠,WP,0,0,0,0,-13566,0,0,0,0,0,0,0,-949,0,0,-949,-12617
M,RF,과시즌의류,원피스,OP,0,0,0,0,-27725,0,0,0,0,0,0,0,-1943,0,0,-1943,-25782
M,RF,과시즌의류,점퍼,JP,678000,542400,493091,75811,114973,0,0,0,11974,13414,0,0,13355,0,0,38743,76230
M,RF,과시즌의류,진바지,DP,0,0,0,0,-7082,0,0,0,0,0,0,0,-495,0,0,-495,-6587
M,RF,과시즌의류,진스커트,DS,0,0,0,0,-3461,0,0,0,0,0,0,0,-242,0,0,-242,-3219
M,RF,과시즌의류,진자켓,DK,0,0,0,0,-21748,0,0,0,0,0,0,0,-1521,0,0,-1521,-20227
M,RF,과시즌의류,탱크탑,TK,0,0,0,0,-1004,0,0,0,0,0,0,0,-70,0,0,-70,-934
M,RF,과시즌의류,트레이닝(상의),TR,0,0,0,0,-15041,0,0,0,0,0,0,0,-1053,0,0,-1053,-13988
M,RF,과시즌의류,팬츠,PT,377000,351200,319273,42149,132977,0,0,0,7753,8661,0,0,12258,0,0,28672,104305
M,RF,과시즌의류,폴로 티셔츠,PQ,0,0,0,0,-39463,0,0,0,0,0,0,0,-2765,0,0,-2765,-36698
M,RF,과시즌의류,후드티,HD,0,0,0,0,-35907,0,0,0,0,0,0,0,-2515,0,0,-2515,-33392
M,RF,당시즌의류,니트가디건,KC,1364000,1132100,1029183,202041,593880,0,42542,0,25774,28031,6809,0,46197,101194,11731,262278,331602
M,RF,당시즌의류,니트풀오버,KP,627000,459800,418000,100177,257023,0,28254,0,10152,11346,3728,0,18488,90412,9112,171492,85531
M,RF,당시즌의류,다운베스트,DV,2031000,1855800,1687091,384655,715797,34048,0,0,40969,45884,0,0,77030,0,4014,201945,513852
M,RF,당시즌의류,다운점퍼,DJ,41294000,36244200,32949273,7742598,16414350,795820,960202,0,819730,895305,150886,0,1475482,2366066,363054,7826545,8587805
M,RF,당시즌의류,데님셔츠,DR,686000,686000,623636,140044,243355,0,0,0,15144,16962,0,0,26838,0,0,58944,184411
M,RF,당시즌의류,레깅스,LG,89000,89000,80909,17040,33933,0,0,0,1965,2210,0,0,3568,0,0,7743,26190
M,RF,당시즌의류,맨투맨,MT,7513000,6676220,6069294,1347282,2970909,67028,139554,0,152355,164778,22114,0,270997,338490,39098,1194414,1776495
M,RF,당시즌의류,반팔카라티셔츠,TS,691000,528110,480099,131256,299734,6547,38482,0,11657,13004,6738,0,21703,74634,9673,182438,117296
M,RF,당시즌의류,우븐팬츠,WP,834000,764500,695001,151645,378071,13712,23563,0,16876,18870,3805,0,31818,55079,8467,172190,205881
M,RF,당시즌의류,진바지,DP,1014000,860900,782636,209170,338700,5981,11344,0,19005,21277,2054,0,35871,20029,2754,118315,220385
M,RF,당시즌의류,진스커트,DS,149000,104300,94818,28908,65910,0,10071,0,2302,2579,1329,0,4314,32229,3248,56072,9838
M,RF,당시즌의류,트레이닝(상의),TR,1211000,1124600,1022365,227185,525077,9484,28776,0,28083,27661,3798,0,46022,92082,9315,245221,279856
M,RF,당시즌의류,패딩,PD,1095000,1051200,955637,227686,381532,0,0,0,23207,25970,0,0,42645,0,0,91822,289710
M,RF,당시즌의류,팬츠,PT,3934000,3469000,3153636,766527,1652945,31285,120233,0,76577,85641,17968,0,142149,323295,35392,832540,820405
M,RF,당시즌의류,폴라폴리스점퍼,FD,478000,478000,434546,88402,272271,0,23078,0,10552,11827,3045,0,19924,73851,7442,149719,122552
M,RF,당시즌의류,후드티,HD,2719000,2309010,2099102,544109,961006,11856,57178,0,50968,57134,9882,0,92747,114665,14596,409026,551980
M,RF,차시즌의류,니트가디건,KC,7502000,6526900,5933547,1393241,4315731,18645,569953,0,144083,161200,81333,0,269678,1644898,176369,3066159,1249572
M,RF,차시즌의류,니트풀오버,KP,1940000,1500300,1363909,360380,954322,0,131687,0,33121,37020,19419,0,62159,361746,39070,684222,270100
M,RF,차시즌의류,데님셔츠,DR,4458000,3759300,3417544,887165,1993472,0,205843,0,82989,92897,30587,0,155012,558604,60685,1186617,806855
M,RF,차시즌의류,레깅스,LG,366000,312600,284181,65192,218989,0,30663,0,6902,7791,4491,0,12930,85107,9148,157032,61957
M,RF,차시즌의류,맨투맨,MT,37581000,31019940,28199944,6992928,15013823,1277723,1207536,0,684788,766416,182721,0,1267726,3180938,529248,9097096,5916727
M,RF,차시즌의류,반바지,SP,554000,534200,485636,110852,225079,28353,9071,0,11794,13199,1642,0,21532,16016,5805,107412,117667
M,RF,차시즌의류,반팔카라티셔츠,TS,85374000,71488780,64989791,15325667,30188417,2851995,1267013,0,1578155,1766092,201270,0,2902154,3058661,543662,14169002,16019415
M,RF,차시즌의류,반팔티셔츠,RS,158000,158010,143645,35276,56300,13237,0,0,3487,3882,0,0,6409,0,1452,28467,27833
M,RF,차시즌의류,방풍자켓,WJ,95816000,74974310,68158462,19575727,33834274,2996910,2962585,0,1655088,1851514,426323,0,3064104,8446097,1218244,22620865,11213409
M,RF,차시즌의류,스커트,SK,2549000,2140510,1945921,492266,1119851,6149,109016,0,47249,52841,15525,0,87985,315515,33282,667562,452289
M,RF,차시즌의류,우븐반바지,SM,1727000,1423100,1293725,356335,678303,27227,63327,0,31414,35170,8943,0,57963,185494,23465,433003,245300
M,RF,차시즌의류,우븐셔츠,WS,507000,405600,368726,101598,211819,20840,22846,0,8953,10011,3014,0,16669,73108,10446,165887,45932
M,RF,차시즌의류,우븐팬츠,WP,17403000,14385800,13078008,3500171,7135499,283108,678227,0,317568,355425,103993,0,591644,1746762,232090,4308817,2826682
M,RF,차시즌의류,점퍼,JP,66813000,53349230,48499299,13067438,28070466,799503,3025488,0,1177711,1317751,430105,0,2189431,8779328,1027919,18747236,9323230
M,RF,차시즌의류,진바지,DP,3807000,3016800,2742544,724500,1678798,41679,195901,0,66598,74573,27287,0,123400,584874,66939,1181251,497547
M,RF,차시즌의류,진스커트,DS,417000,417000,379091,83680,209483,0,14167,0,9204,10316,2565,0,17426,25014,3412,82104,127379
M,RF,차시즌의류,진자켓,DK,847000,772300,702091,150662,361156,36870,16831,0,17050,19041,2221,0,31945,53858,10872,188688,172468
M,RF,차시즌의류,탱크탑,TK,453000,383100,348272,101510,182467,3052,25370,0,9967,9510,3692,0,15649,71095,7618,145953,36514
M,RF,차시즌의류,트레이닝(상의),TR,5132000,4350800,3955275,994999,2375356,60965,248938,0,96047,107540,38546,0,179912,630126,79806,1441880,933476
M,RF,차시즌의류,팬츠,PT,16229000,13601770,12365245,3125077,6518242,479561,514778,0,300260,336049,80121,0,559308,1291011,213766,3774854,2743388
M,RF,차시즌의류,폴로 티셔츠,PQ,1409000,1254100,1140092,241683,674102,30922,56506,0,27686,30984,9736,0,51635,114216,18237,339922,334180
M,RF,차시즌의류,후드티,HD,12550000,10404000,9458182,2478063,4921537,124283,422848,0,229667,257031,62233,0,422031,1165010,137858,2820961,2100576
M,공통,Acc_etc,기타,ET,0,0,0,3053720,-3053720,0,0,0,0,0,0,0,0,0,0,0,-3053720
M,공통,Acc_etc,머플러(스카프),MF,0,0,0,8705301,-8705301,0,0,0,0,0,0,0,0,0,0,0,-8705301
M,공통,Bag,가방,BG,0,0,0,162083,-162083,0,0,0,0,0,0,0,0,0,0,0,-162083
M,공통,Bag,버킷백,BM,0,0,0,93192,-93192,0,0,0,0,0,0,0,0,0,0,0,-93192
M,공통,Bag,쇼퍼백,OR,0,0,0,3433199,-3433199,0,0,0,0,0,0,0,0,0,0,0,-3433199
M,공통,Bag,숄더백,BQ,0,0,0,18101082,-18101082,0,0,0,0,0,0,0,0,0,0,0,-18101082
M,공통,Headwear,방한모,WM,0,0,0,1332903,-1332903,0,0,0,0,0,0,0,0,0,0,0,-1332903
M,공통,Headwear,비니,BN,0,0,0,11027280,-11027280,0,0,0,0,0,0,0,0,0,0,0,-11027280
M,공통,Headwear,선캡,SC,0,0,0,4044,-4044,0,0,0,0,0,0,0,0,0,0,0,-4044
M,공통,Headwear,여성 베레모,CB,0,0,0,1143598,-1143598,0,0,0,0,0,0,0,0,0,0,0,-1143598
M,공통,Headwear,운동모,CP,0,0,0,1122456,-1122456,0,0,0,0,0,0,0,0,0,0,0,-1122456
M,공통,Headwear,햇,HT,0,0,0,2611908,-2611908,0,0,0,0,0,0,0,0,0,0,0,-2611908
M,공통,Shoes,뮬,MU,0,0,0,2603883,-2603883,0,0,0,0,0,0,0,0,0,0,0,-2603883
M,공통,Shoes,방한화,WB,0,0,0,2117820,-2117820,0,0,0,0,0,0,0,0,0,0,0,-2117820
M,공통,Shoes,샌들,SD,0,0,0,3470298,-3470298,0,0,0,0,0,0,0,0,0,0,0,-3470298
M,공통,Shoes,스니커즈,SX,0,0,0,8012527,-8012527,0,0,0,0,0,0,0,0,0,0,0,-8012527
M,공통,Shoes,슬리퍼,LP,0,0,0,5536388,-5536388,0,0,0,0,0,0,0,0,0,0,0,-5536388
M,공통,Shoes,신발,SH,0,0,0,202391,-202391,0,0,0,0,0,0,0,0,0,0,0,-202391
M,공통,과시즌의류,니트,KT,0,0,0,637670,-637670,0,0,0,0,0,0,0,0,0,0,0,-637670
M,공통,과시즌의류,니트가디건,KC,0,0,0,17218982,-17218982,0,0,0,0,0,0,0,0,0,0,0,-17218982
M,공통,과시즌의류,니트풀오버,KP,0,0,0,8858585,-8858585,0,0,0,0,0,0,0,0,0,0,0,-8858585
M,공통,과시즌의류,다운베스트,DV,0,0,0,1956646,-1956646,0,0,0,0,0,0,0,0,0,0,0,-1956646
M,공통,과시즌의류,다운점퍼,DJ,0,0,0,44644334,-44644334,0,0,0,0,0,0,0,0,0,0,0,-44644334
M,공통,과시즌의류,데님셔츠,DR,0,0,0,627280,-627280,0,0,0,0,0,0,0,0,0,0,0,-627280
M,공통,과시즌의류,데님원피스,DD,0,0,0,1777572,-1777572,0,0,0,0,0,0,0,0,0,0,0,-1777572
M,공통,과시즌의류,레깅스,LG,0,0,0,5093969,-5093969,0,0,0,0,0,0,0,0,0,0,0,-5093969
M,공통,과시즌의류,맨투맨,MT,0,0,0,35652336,-35652336,0,0,0,0,0,0,0,0,0,0,0,-35652336
M,공통,과시즌의류,반바지,SP,0,0,0,10082,-10082,0,0,0,0,0,0,0,0,0,0,0,-10082
M,공통,과시즌의류,반팔카라티셔츠,TS,0,0,0,6152038,-6152038,0,0,0,0,0,0,0,0,0,0,0,-6152038
M,공통,과시즌의류,방풍자켓,WJ,0,0,0,11752927,-11752927,0,0,0,0,0,0,0,0,0,0,0,-11752927
M,공통,과시즌의류,스커트,SK,0,0,0,1736838,-1736838,0,0,0,0,0,0,0,0,0,0,0,-1736838
M,공통,과시즌의류,우븐셔츠,WS,0,0,0,7585457,-7585457,0,0,0,0,0,0,0,0,0,0,0,-7585457
M,공통,과시즌의류,우븐팬츠,WP,0,0,0,7792797,-7792797,0,0,0,0,0,0,0,0,0,0,0,-7792797
M,공통,과시즌의류,원피스,OP,0,0,0,8376886,-8376886,0,0,0,0,0,0,0,0,0,0,0,-8376886
M,공통,과시즌의류,자켓,JK,0,0,0,540632,-540632,0,0,0,0,0,0,0,0,0,0,0,-540632
M,공통,과시즌의류,점퍼,JP,0,0,0,73425322,-73425322,0,0,0,0,0,0,0,0,0,0,0,-73425322
M,공통,과시즌의류,진바지,DP,0,0,0,5846199,-5846199,0,0,0,0,0,0,0,0,0,0,0,-5846199
M,공통,과시즌의류,진스커트,DS,0,0,0,1499138,-1499138,0,0,0,0,0,0,0,0,0,0,0,-1499138
M,공통,과시즌의류,진자켓,DK,0,0,0,2366274,-2366274,0,0,0,0,0,0,0,0,0,0,0,-2366274
M,공통,과시즌의류,탱크탑,TK,0,0,0,2295233,-2295233,0,0,0,0,0,0,0,0,0,0,0,-2295233
M,공통,과시즌의류,트레이닝(상의),TR,0,0,0,17481608,-17481608,0,0,0,0,0,0,0,0,0,0,0,-17481608
M,공통,과시즌의류,트레이닝(하의),TP,0,0,0,247258,-247258,0,0,0,0,0,0,0,0,0,0,0,-247258
M,공통,과시즌의류,패딩,PD,0,0,0,136856,-136856,0,0,0,0,0,0,0,0,0,0,0,-136856
M,공통,과시즌의류,팬츠,PT,0,0,0,29605283,-29605283,0,0,0,0,0,0,0,0,0,0,0,-29605283
M,공통,과시즌의류,폴라폴리스점퍼,FD,0,0,0,46168101,-46168101,0,0,0,0,0,0,0,0,0,0,0,-46168101
M,공통,과시즌의류,후드티,HD,0,0,0,18562486,-18562486,0,0,0,0,0,0,0,0,0,0,0,-18562486
M,기타,Acc_etc,기타,ET,53700,26850,24409,10219,14190,0,0,0,0,0,0,0,1708,0,0,1708,12482
M,기타,Acc_etc,머플러(스카프),MF,178000,89000,80909,19886,61023,0,0,0,20,2232,0,0,5664,0,0,7916,53107
M,기타,Acc_etc,양말,SO,374400,191680,174255,62498,111757,0,0,0,32,3569,0,0,12198,0,0,15799,95958
M,기타,Acc_etc,파우치,PO,249000,124500,113182,46320,66862,0,0,0,35,3851,0,0,7922,0,0,11808,55054
M,기타,Bag,숄더백,BQ,427000,213500,194091,70165,123926,0,0,0,61,6653,0,0,13587,0,0,20301,103625
M,기타,Bag,힙색,HS,307000,196480,178618,58251,120367,0,0,0,43,4798,0,0,12503,0,0,17344,103023
M,기타,Headwear,방한모,WM,59000,29500,26818,11140,15678,0,0,0,0,0,0,0,1877,0,0,1877,13801
M,기타,Headwear,비니,BN,43000,21500,19545,7055,12490,0,0,0,0,0,0,0,1368,0,0,1368,11122
M,기타,Headwear,운동모,CP,3517000,1771260,1610240,562788,1047452,0,0,0,390,42804,0,0,112708,0,0,155902,891550
M,기타,Headwear,햇,HT,227000,113500,103182,28435,74747,0,0,0,0,0,0,0,7223,0,0,7223,67524
M,기타,Shoes,런닝화,RN,1172000,716760,651600,230533,421067,0,0,0,171,18739,0,0,45612,0,0,64522,356545
M,기타,Shoes,스니커즈,SX,1937000,1053900,958090,341617,616473,0,0,0,243,26757,0,0,67066,0,0,94066,522407
M,기타,Shoes,신발,SH,1320000,803080,730073,234852,495221,0,0,0,174,19223,0,0,51105,0,0,70502,424719
M,기타,과시즌의류,점퍼,JP,0,0,0,-18870,18870,0,0,0,0,0,0,0,0,0,0,0,18870
M,기타,과시즌의류,탱크탑,TK,79000,39500,35909,8834,27075,0,0,0,17,1908,0,0,2514,0,0,4439,22636
M,기타,과시즌의류,팬츠,PT,99000,18660,16964,2409,14555,0,0,0,0,0,0,0,1188,0,0,1188,13367
M,기타,과시즌의류,폴라폴리스점퍼,FD,776000,161610,146918,19101,127817,0,0,0,65,7196,0,0,10284,0,0,17545,110272
M,기타,당시즌의류,니트가디건,KC,179000,114560,104145,29027,75118,0,0,0,25,2797,0,0,7290,0,0,10112,65006
M,기타,당시즌의류,다운베스트,DV,438000,219000,199090,72969,126121,0,0,0,100,11041,0,0,13936,0,0,25077,101044
M,기타,당시즌의류,다운점퍼,DJ,2671000,1427760,1297964,544920,753044,0,0,0,432,47592,0,0,90856,0,0,138880,614164
M,기타,당시즌의류,맨투맨,MT,158000,79000,71818,28581,43237,0,0,0,34,3784,0,0,5028,0,0,8846,34391
M,기타,당시즌의류,우븐팬츠,WP,139000,69500,63182,23405,39777,0,0,0,27,2927,0,0,4423,0,0,7377,32400
M,기타,당시즌의류,원피스,OP,139000,88960,80873,24996,55877,0,0,0,20,2172,0,0,5661,0,0,7853,48024
M,기타,당시즌의류,점퍼,JP,319000,159500,145000,68351,76649,0,0,0,44,4803,0,0,10150,0,0,14997,61652
M,기타,당시즌의류,진자켓,DK,279000,139500,126818,51454,75364,0,0,0,65,7196,0,0,8877,0,0,16138,59226
M,기타,당시즌의류,트레이닝(상의),TR,517000,300220,272927,98176,174751,0,0,0,90,9947,0,0,19105,0,0,29142,145609
M,기타,당시즌의류,팬츠,PT,208000,104000,94545,38695,55850,0,0,0,40,4488,0,0,6618,0,0,11146,44704
M,기타,당시즌의류,후드티,HD,139000,88960,80873,28252,52621,0,0,0,20,2172,0,0,5661,0,0,7853,44768
M,기타,차시즌의류,맨투맨,MT,1159000,579500,526819,224606,302213,0,0,0,103,11512,0,0,36876,0,0,48491,253722
M,기타,차시즌의류,반팔카라티셔츠,TS,668000,334000,303636,129014,174622,0,0,0,66,7415,0,0,21253,0,0,28734,145888
M,기타,차시즌의류,방풍자켓,WJ,577000,288500,262273,113098,149175,0,0,0,37,4036,0,0,18359,0,0,22432,126743
M,기타,차시즌의류,스커트,SK,139000,69500,63182,26083,37099,0,0,0,0,0,0,0,4423,0,0,4423,32676
M,기타,차시즌의류,우븐팬츠,WP,139000,69500,63182,24594,38588,0,0,0,31,3368,0,0,4423,0,0,7822,30766
M,기타,차시즌의류,점퍼,JP,578000,289000,262727,118684,144043,0,0,0,121,13326,0,0,18391,0,0,31838,112205
M,기타,차시즌의류,트레이닝(상의),TR,119000,59500,54091,23776,30315,0,0,0,0,0,0,0,3786,0,0,3786,26529
M,기타,차시즌의류,팬츠,PT,327000,163500,148636,63744,84892,0,0,0,21,2328,0,0,10404,0,0,12753,72139
M,기타,차시즌의류,폴로 티셔츠,PQ,119000,59500,54091,22965,31126,0,0,0,22,2475,0,0,3786,0,0,6283,24843
M,기타,차시즌의류,후드티,HD,655000,327500,297727,120049,177678,0,0,0,61,6748,0,0,20842,0,0,27651,150027
M,대리점,Acc_etc,기타,ET,712200,673730,612482,97883,296537,0,0,0,15456,16657,0,0,27612,0,0,59725,236812
M,대리점,Acc_etc,머플러(스카프),MF,2942000,2902590,2638720,395189,1310128,0,0,0,64086,71730,0,0,119373,0,0,255189,1054939
M,대리점,Acc_etc,양말,SO,7131900,6974780,6340688,1161548,2920742,0,0,0,157337,172395,0,0,285758,0,0,615490,2305252
M,대리점,Acc_etc,캐리어(하드케이스),HH,249000,239000,217273,77551,63677,0,0,0,5276,5920,0,0,9886,0,0,21082,42595
M,대리점,Acc_etc,파우치,PO,4598000,4394440,3994946,791339,1786940,0,0,0,96996,108485,0,0,180482,0,0,385963,1400977
M,대리점,Bag,가방,BG,2507000,1790600,1627815,-14662,1141123,0,0,0,39530,44280,0,0,78852,0,0,162662,978461
M,대리점,Bag,백팩,BK,12158000,11817710,10743373,1964895,4690844,0,0,0,264354,291798,0,0,465898,0,0,1022050,3668794
M,대리점,Bag,버킷백,BM,126982000,118427720,107661559,19805993,47859920,0,0,0,2614333,2923574,0,0,4736613,0,0,10274520,37585400
M,대리점,Bag,보스톤백,BW,0,0,0,0,-2313,0,0,0,0,0,0,0,-162,0,0,-162,-2151
M,대리점,Bag,쇼퍼백,OR,103150000,96826700,88024271,16505625,37880909,0,0,0,2143346,2390651,0,0,3807058,0,0,8341055,29539854
M,대리점,Bag,숄더백,BQ,183544000,172349770,156681621,30498018,65342292,0,0,0,3824811,4256526,0,0,6708831,0,0,14790168,50552124
M,대리점,Bag,크로스백,CR,19812000,19218270,17471166,3286625,7802771,0,0,0,427722,474800,0,0,776260,0,0,1678782,6123989
M,대리점,Bag,힙색,HS,6909000,6557400,5961272,1201134,2639703,0,0,0,144744,161967,0,0,268857,0,0,575568,2064135
M,대리점,Headwear,메시캡,MC,504000,481400,437638,61065,215107,0,0,0,10627,11893,0,0,19333,0,0,41853,173254
M,대리점,Headwear,방한모,WM,2944000,2900410,2636734,571937,1107614,0,0,0,67648,71604,0,0,117567,0,0,256819,850795
M,대리점,Headwear,비니,BN,32194000,31242640,28402410,4707450,13513022,0,0,0,696242,771815,0,0,1275426,0,0,2743483,10769539
M,대리점,Headwear,선캡,SC,0,0,0,0,-624,0,0,0,0,0,0,0,-44,0,0,-44,-580
M,대리점,Headwear,여성 베레모,CB,1891000,1663930,1512663,294344,671936,0,0,0,36728,41101,0,0,67639,0,0,145468,526468
M,대리점,Headwear,운동모,CP,480973000,469324470,426658661,77837773,197281681,0,0,0,10369257,11615590,0,0,19249205,0,0,41234052,156047629
M,대리점,Headwear,햇,HT,23246000,22302390,20274874,3288855,9729480,0,0,0,493607,550714,0,0,911269,0,0,1955590,7773890
M,대리점,Shoes,런닝화,RN,166218000,160490680,145900616,38231245,55233793,0,0,0,3542894,3963831,0,0,6542555,0,0,14049280,41184513
M,대리점,Shoes,뮬,MU,2469000,2076060,1887332,337900,927017,0,0,0,45829,51315,0,0,88550,0,0,185694,741323
M,대리점,Shoes,방한화,WB,7201000,6828970,6208158,1493986,2447784,0,0,0,196742,168608,0,0,275923,0,0,641273,1806511
M,대리점,Shoes,샌들,SD,0,10,9,0,-232137,0,0,0,0,0,0,0,-16251,0,0,-16251,-215886
M,대리점,Shoes,스니커즈,SX,1118366000,1057605440,961459513,204973747,406401003,0,0,0,23435488,26115434,0,0,42796242,0,0,92347164,314053839
M,대리점,Shoes,슬리퍼,LP,2499000,2395000,2177266,592410,769062,0,0,0,52877,59139,0,0,95305,0,0,207321,561741
M,대리점,Shoes,신발,SH,847101000,798933660,726303361,181160474,276650233,0,0,0,17658074,19724821,0,0,32046734,0,0,69429629,207220604
M,대리점,Shoes,아쿠아 슈즈,SQ,1239000,1139650,1036042,244735,416994,0,0,0,25153,28161,0,0,46320,0,0,99634,317360
M,대리점,과시즌의류,니트가디건,KC,398000,398000,361818,23487,211695,0,0,0,8786,9815,0,0,16462,0,0,35063,176632
M,대리점,과시즌의류,니트풀오버,KP,0,0,0,0,-2168,0,0,0,0,0,0,0,-152,0,0,-152,-2016
M,대리점,과시즌의류,데님셔츠,DR,0,0,0,0,-2894,0,0,0,0,0,0,0,-203,0,0,-203,-2691
M,대리점,과시즌의류,레깅스,LG,0,0,0,0,-1003,0,0,0,0,0,0,0,-70,0,0,-70,-933
M,대리점,과시즌의류,맨투맨,MT,139000,139000,126364,7595,64638,0,0,0,3068,3421,0,0,5057,0,0,11546,53092
M,대리점,과시즌의류,반바지,SP,0,0,0,0,-29316,0,0,0,0,0,0,0,-2052,0,0,-2052,-27264
M,대리점,과시즌의류,반팔카라티셔츠,TS,769000,725430,659480,87306,218366,0,0,0,16011,17873,0,0,21397,0,0,55281,163085
M,대리점,과시즌의류,반팔티셔츠,RS,0,0,0,0,-1149,0,0,0,0,0,0,0,-80,0,0,-80,-1069
M,대리점,과시즌의류,방풍자켓,WJ,139000,170660,155145,-9119,102123,0,0,0,7925,1753,0,0,6510,0,0,16188,85935
M,대리점,과시즌의류,우븐반바지,SM,0,0,0,0,-2151,0,0,0,0,0,0,0,-150,0,0,-150,-2001
M,대리점,과시즌의류,우븐셔츠,WS,0,0,0,0,-3477,0,0,0,0,0,0,0,-243,0,0,-243,-3234
M,대리점,과시즌의류,우븐팬츠,WP,0,0,0,0,-1877,0,0,0,0,0,0,0,-131,0,0,-131,-1746
M,대리점,과시즌의류,원피스,OP,0,0,0,0,-4770,0,0,0,0,0,0,0,-334,0,0,-334,-4436
M,대리점,과시즌의류,점퍼,JP,638000,638000,580000,49652,301980,0,0,0,14084,15781,0,0,24614,0,0,54479,247501
M,대리점,과시즌의류,진바지,DP,0,0,0,0,-3462,0,0,0,0,0,0,0,-242,0,0,-242,-3220
M,대리점,과시즌의류,진스커트,DS,0,0,0,0,-3753,0,0,0,0,0,0,0,-263,0,0,-263,-3490
M,대리점,과시즌의류,탱크탑,TK,158000,148000,134545,17668,69786,0,0,0,3267,3636,0,0,6122,0,0,13025,56761
M,대리점,과시즌의류,트레이닝(상의),TR,795000,775000,704545,69824,372886,0,0,0,17109,19113,0,0,30989,0,0,67211,305675
M,대리점,과시즌의류,팬츠,PT,1468000,1442710,1311556,136549,695766,0,0,0,34669,35674,0,0,58262,0,0,128605,567161
M,대리점,과시즌의류,폴라폴리스점퍼,FD,418000,318510,289555,-34394,231653,0,0,0,7031,7856,0,0,13808,0,0,28695,202958
M,대리점,과시즌의류,폴로 티셔츠,PQ,0,10,9,0,-60375,0,0,0,0,0,0,0,-4227,0,0,-4227,-56148
M,대리점,과시즌의류,후드티,HD,238000,238000,216364,21119,110721,0,0,0,5256,5887,0,0,9228,0,0,20371,90350
M,대리점,당시즌의류,니트가디건,KC,7129000,6887720,6261562,1091215,2944550,0,0,0,181633,170021,0,0,282501,0,0,634155,2310395
M,대리점,당시즌의류,니트풀오버,KP,3155000,3009280,2735709,480272,1246015,0,0,0,100325,74322,0,0,120841,0,0,295488,950527
M,대리점,당시즌의류,다운베스트,DV,8823000,8317100,7561001,1627935,3200326,0,0,0,330617,205340,0,0,337978,0,0,873935,2326391
M,대리점,당시즌의류,다운점퍼,DJ,158561000,149287400,135715810,30187930,56658178,0,0,0,4232805,3685656,0,0,6079221,0,0,13997682,42660496
M,대리점,당시즌의류,데님셔츠,DR,1780000,1746200,1587453,358456,656204,0,0,0,49627,43134,0,0,71024,0,0,163785,492419
M,대리점,당시즌의류,데님원피스,DD,398000,398000,361818,79424,144903,0,0,0,8785,9805,0,0,15703,0,0,34293,110610
M,대리점,당시즌의류,레깅스,LG,346000,346000,314545,69482,137309,0,0,0,9584,8558,0,0,14475,0,0,32617,104692
M,대리점,당시즌의류,맨투맨,MT,28584000,27956890,25415361,5065894,11280620,0,0,0,676210,690467,0,0,1144262,0,0,2510939,8769681
M,대리점,당시즌의류,반팔카라티셔츠,TS,2507000,2455800,2232542,465452,967254,0,0,0,55721,60652,0,0,100290,0,0,216663,750591
M,대리점,당시즌의류,스커트,SK,427000,411100,373728,85137,155478,0,0,0,11892,10165,0,0,16843,0,0,38900,116578
M,대리점,당시즌의류,우븐셔츠,WS,1891000,1843140,1675582,400373,672691,0,0,0,40692,45503,0,0,75115,0,0,161310,511381
M,대리점,당시즌의류,우븐팬츠,WP,7152000,6802120,6183750,1403486,2548433,0,0,0,261228,167936,0,0,276634,0,0,705798,1842635
M,대리점,당시즌의류,원피스,OP,-129000,-129000,-117273,-17460,-59940,0,0,0,-29,-3211,0,0,-5418,0,0,-8658,-51282
M,대리점,당시즌의류,점퍼,JP,1276000,1251910,1138100,273406,466358,0,0,0,27637,30923,0,0,51784,0,0,110344,356014
M,대리점,당시즌의류,진바지,DP,5717000,5468440,4971303,1187237,2001973,0,0,0,134846,135077,0,0,223244,0,0,493167,1508806
M,대리점,당시즌의류,진스커트,DS,-695000,-695000,-631820,-148777,-250534,0,0,0,2882,-17138,0,0,-27952,0,0,-42208,-208326
M,대리점,당시즌의류,진자켓,DK,0,0,0,0,-2627,0,0,0,6315,10,0,0,-184,0,0,6141,-8768
M,대리점,당시즌의류,트레이닝(상의),TR,10183000,9853650,8957878,1895258,3911299,0,0,0,257530,243293,0,0,406465,0,0,907288,3004011
M,대리점,당시즌의류,패딩,PD,8541000,8293680,7539710,1774136,3054247,0,0,0,187875,204885,0,0,337988,0,0,730748,2323499
M,대리점,당시즌의류,팬츠,PT,29035000,28170820,25609837,5689675,10820927,0,0,0,664226,696133,0,0,1155745,0,0,2516104,8304823
M,대리점,당시즌의류,폴라폴리스점퍼,FD,2728000,2578400,2344000,461670,1049493,0,0,0,56917,63746,0,0,105780,0,0,226443,823050
M,대리점,당시즌의류,후드티,HD,10877000,10510850,9555326,2204532,3895318,0,0,0,278309,259557,0,0,426992,0,0,964858,2930460
M,대리점,차시즌의류,니트가디건,KC,16158000,15779870,14345336,3068068,6086914,0,0,0,348351,389647,0,0,640848,0,0,1378846,4708068
M,대리점,차시즌의류,니트풀오버,KP,8210000,7330060,6663693,1498133,2755875,0,0,0,161813,181066,0,0,297783,0,0,640662,2115213
M,대리점,차시즌의류,데님셔츠,DR,10689000,10564000,9603634,2126584,3866693,0,0,0,233200,261019,0,0,419530,0,0,913749,2952944
M,대리점,차시즌의류,레깅스,LG,1086000,1086000,987273,183775,448180,0,0,0,23973,26844,0,0,44237,0,0,95054,353126
M,대리점,차시즌의류,맨투맨,MT,101788000,98451360,89501259,18570696,39025261,0,0,0,2205047,2431871,0,0,4031733,0,0,8668651,30356610
M,대리점,차시즌의류,반바지,SP,1799000,1758210,1598372,361489,674292,0,0,0,38812,43395,0,0,72505,0,0,154712,519580
M,대리점,차시즌의류,반팔카라티셔츠,TS,136897000,131669290,119699309,24433539,51640694,0,0,0,2910575,3251812,0,0,5325176,0,0,11487563,40153131
M,대리점,차시즌의류,반팔티셔츠,RS,1641000,1604050,1458226,376937,545170,0,0,0,35409,39611,0,0,64548,0,0,139568,405602
M,대리점,차시즌의류,방풍자켓,WJ,167162000,160228450,145662213,33683546,58507934,0,0,0,3554732,3956131,0,0,6453396,0,0,13964259,44543675
M,대리점,차시즌의류,스커트,SK,11331000,10847860,9861698,2212082,4152769,0,0,0,239460,267760,0,0,445538,0,0,952758,3200011
M,대리점,차시즌의류,우븐반바지,SM,8197000,7778370,7071244,1688848,2823956,0,0,0,171706,192115,0,0,315896,0,0,679717,2144239
M,대리점,차시즌의류,우븐셔츠,WS,497000,484590,440536,97397,181471,0,0,0,10698,11949,0,0,19522,0,0,42169,139302
M,대리점,차시즌의류,우븐팬츠,WP,52912000,51089890,46445387,10860551,19009558,0,0,0,1131048,1261520,0,0,2090917,0,0,4483485,14526073
M,대리점,차시즌의류,점퍼,JP,140241000,136706770,124278881,28364244,51179198,0,0,0,3064465,3376368,0,0,5568050,0,0,12008883,39170315
M,대리점,차시즌의류,진바지,DP,10825000,10417100,9470082,2072016,4070693,0,0,0,242217,257341,0,0,429990,0,0,929548,3141145
M,대리점,차시즌의류,진스커트,DS,2939000,2868890,2608085,586199,1087196,0,0,0,66363,70864,0,0,117138,0,0,254365,832831
M,대리점,차시즌의류,진자켓,DK,2729000,2690970,2446337,479160,1097921,0,0,0,59403,66523,0,0,110396,0,0,236322,861599
M,대리점,차시즌의류,탱크탑,TK,1991000,1914070,1740061,448516,671358,0,0,0,42401,47231,0,0,78390,0,0,168022,503336
M,대리점,차시즌의류,트레이닝(상의),TR,27005000,26306850,23915334,5152729,10197957,0,0,0,580735,649559,0,0,1074552,0,0,2304846,7893111
M,대리점,차시즌의류,팬츠,PT,80975000,78266940,71151775,15404069,30234322,0,0,0,1740903,1932925,0,0,3194697,0,0,6868525,23365797
M,대리점,차시즌의류,폴로 티셔츠,PQ,5399000,5185220,4713840,938149,2065740,0,0,0,114472,128109,0,0,210272,0,0,452853,1612887
M,대리점,차시즌의류,후드티,HD,57761000,55922270,50838452,11521880,21179872,0,0,0,1264434,1381181,0,0,2289131,0,0,4934746,16245126
M,면세점,Acc_etc,기타,ET,207000,207000,188181,23145,93528,0,0,12111,4573,5316,0,0,8166,0,191,30357,63171
M,면세점,Acc_etc,머플러(스카프),MF,1327000,1327000,1206364,158126,589823,0,0,85197,29298,33080,0,0,52355,0,1392,201322,388501
M,면세점,Acc_etc,양말,SO,3160000,3160030,2872749,515951,1265174,0,0,189431,69768,79324,0,0,124672,0,3210,466405,798769
M,면세점,Acc_etc,파우치,PO,4296000,4296000,3905454,725934,1695462,0,0,244159,94832,106117,0,0,169494,0,5059,619661,1075801
M,면세점,Bag,가방,BG,94634000,67171820,61065291,860109,37000228,0,0,2452926,1482850,1659041,0,0,2650225,0,33614,8278656,28721572
M,면세점,Bag,백팩,BK,42568000,42567990,38698170,6962631,17030234,0,0,2157898,939707,1051581,0,0,1679499,0,43996,5872681,11157553
M,면세점,Bag,버킷백,BM,49558000,49558040,45052764,7590065,20342596,0,0,3246448,1094021,1224424,0,0,1955285,0,46276,7566454,12776142
M,면세점,Bag,쇼퍼백,OR,130970000,130969810,119063466,20426304,53393220,0,0,6352742,2891201,3233523,0,0,5167359,0,223131,17867956,35525264
M,면세점,Bag,숄더백,BQ,219015000,219015090,199104627,36000662,87443686,0,0,9596206,4834845,5408567,0,0,8641108,0,199145,28679871,58763815
M,면세점,Bag,크로스백,CR,234225000,234224440,212931312,41156396,90860949,0,0,9970241,5170598,5784149,0,0,9241202,0,289817,30456007,60404942
M,면세점,Bag,힙색,HS,689328000,689327990,626661809,133223896,255306415,0,0,26243253,15217166,17019467,0,0,27197124,0,767948,86444958,168861457
M,면세점,Headwear,메시캡,MC,1449000,1449000,1317273,175564,641137,0,0,91404,31988,35878,0,0,57169,0,1594,218033,423104
M,면세점,Headwear,방한모,WM,1457000,1457000,1324544,259331,561884,0,0,93971,32163,36046,0,0,57485,0,1735,221400,340484
M,면세점,Headwear,비니,BN,49819000,49819030,45290029,6794851,21284569,0,0,2979400,1099781,1230499,0,0,1965575,0,56763,7332018,13952551
M,면세점,Headwear,여성 베레모,CB,2860000,2860000,2600001,483089,1128904,0,0,170166,63136,70938,0,0,112838,0,3265,420343,708561
M,면세점,Headwear,운동모,CP,5563717000,5563667730,5057879753,886891754,2249017484,0,0,249803028,122821020,137371686,0,0,219499075,0,7015337,736510146,1512507338
M,면세점,Headwear,햇,HT,64782000,64781950,58892680,9357647,27155853,0,0,3716324,1430098,1601405,0,0,2550168,0,69175,9367170,17788683
M,면세점,Shoes,런닝화,RN,245130000,245129560,222845051,57096747,81067263,0,0,11797522,5411324,6052915,0,0,9671444,0,304528,33237733,47829530
M,면세점,Shoes,뮬,MU,10536000,7375150,6704682,1911414,2245490,0,0,294959,162810,182185,0,0,290981,0,6292,937227,1308263
M,면세점,Shoes,방한화,WB,1961000,1961000,1782728,408686,696607,0,0,118674,43289,48278,0,0,77369,0,2195,289805,406802
M,면세점,Shoes,스니커즈,SX,308660000,286255040,260231856,54868222,106475479,0,0,13610817,6319183,7068044,0,0,11294046,0,332037,38624127,67851352
M,면세점,Shoes,신발,SH,228772000,218014270,198194794,39258901,81919485,0,0,9775791,4812789,5385901,0,0,8482500,0,219574,28676555,53242930
M,면세점,과시즌의류,니트가디건,KC,796000,796000,723636,89010,359646,0,0,28676,17571,19430,0,0,31406,0,497,97580,262066
M,면세점,과시즌의류,다운점퍼,DJ,3670000,3670000,3336364,410374,1658173,0,0,158358,81016,90475,0,0,144798,0,2826,477473,1180700
M,면세점,과시즌의류,데님원피스,DD,249000,249000,226364,27843,112503,0,0,9439,5499,6369,0,0,9824,0,201,31332,81171
M,면세점,과시즌의류,맨투맨,MT,1797000,1732500,1574999,187690,788808,0,0,75011,38247,42892,0,0,68355,0,2730,227235,561573
M,면세점,과시즌의류,반팔카라티셔츠,TS,453000,453000,411818,62606,192720,0,0,19181,9998,11157,0,0,17873,0,344,58553,134167
M,면세점,과시즌의류,방풍자켓,WJ,577000,577000,524545,64518,260700,0,0,40109,12737,14272,0,0,22765,0,750,90633,170067
M,면세점,과시즌의류,우븐팬츠,WP,139000,139000,126364,15543,62803,0,0,8874,3068,3430,0,0,5484,0,204,21060,41743
M,면세점,과시즌의류,점퍼,JP,3707000,3567500,3243181,333550,1677220,0,0,145479,78755,88121,0,0,140754,0,3053,456162,1221058
M,면세점,과시즌의류,진바지,DP,169000,169000,153636,18897,76357,0,0,10789,3731,4221,0,0,6668,0,249,25658,50699
M,면세점,과시즌의류,진스커트,DS,149000,149000,135455,16661,67321,0,0,9513,3290,3693,0,0,5879,0,218,22593,44728
M,면세점,과시즌의류,진자켓,DK,957000,957000,870000,107009,432391,0,0,51270,21127,23608,0,0,37758,0,1005,134768,297623
M,면세점,과시즌의류,팬츠,PT,1469000,1469000,1335455,164261,663721,0,0,72464,32433,36849,0,0,57958,0,1446,201150,462571
M,면세점,당시즌의류,니트가디건,KC,1593000,1593000,1448181,241005,656867,0,0,105792,35164,39202,0,0,62852,0,1936,244946,411921
M,면세점,당시즌의류,다운베스트,DV,597000,597000,542727,102128,234364,0,0,50690,13179,14712,0,0,23554,0,920,103055,131309
M,면세점,당시즌의류,다운점퍼,DJ,49380000,42779400,38890360,8966562,15130738,0,0,2709696,944375,1056751,0,0,1686808,0,51396,6449026,8681712
M,면세점,당시즌의류,데님셔츠,DR,1949000,1949000,1771819,404293,694238,0,0,97650,43026,48358,0,0,76897,0,1903,267834,426404
M,면세점,당시즌의류,맨투맨,MT,7381000,7381000,6710002,1310787,2849409,0,0,442687,162939,183242,0,0,291216,0,13349,1093433,1755976
M,면세점,당시즌의류,진바지,DP,1860000,1860000,1690908,382160,666205,0,0,78903,41064,46122,0,0,73386,0,1398,240873,425332
M,면세점,당시즌의류,진스커트,DS,139000,139000,126364,29755,48591,0,0,11802,3068,3407,0,0,5484,0,215,23976,24615
M,면세점,당시즌의류,트레이닝(상의),TR,943000,943000,857274,180525,350986,0,0,66185,20820,23535,0,0,37205,0,972,148717,202269
M,면세점,당시즌의류,팬츠,PT,2031000,2031000,1846364,400000,744746,0,0,120608,44844,51341,0,0,80132,0,4201,301126,443620
M,면세점,당시즌의류,후드티,HD,1530000,1530000,1390909,292100,565573,0,0,94080,33771,37620,0,0,60036,0,3275,228782,336791
M,면세점,차시즌의류,데님셔츠,DR,40125000,40125010,36477281,7927446,14539636,0,0,1850204,885774,990628,0,0,1572698,0,34242,5333546,9206090
M,면세점,차시즌의류,맨투맨,MT,34543000,34543000,31402726,6075154,13300902,0,0,1950492,762560,853853,0,0,1356326,0,41722,4964953,8335949
M,면세점,차시즌의류,반바지,SP,247000,247000,224545,48977,90241,0,0,11077,5453,6108,0,0,9745,0,201,32584,57657
M,면세점,차시즌의류,반팔카라티셔츠,TS,1376710000,1376714290,1251558449,244229082,524618335,0,0,59572829,30391503,33992915,0,0,53819300,0,1783290,179559837,345058498
M,면세점,차시즌의류,반팔티셔츠,RS,1659000,1659000,1508181,370400,564670,0,0,83422,36623,41061,0,0,65455,0,1388,227949,336721
M,면세점,차시즌의류,방풍자켓,WJ,207029000,207029030,188208208,42081227,73236632,0,0,9956136,4570256,5112985,0,0,8072247,0,215142,27926766,45309866
M,면세점,차시즌의류,스커트,SK,9848000,9848000,8952730,1842276,3708426,0,0,381926,217396,242975,0,0,388548,0,7127,1237972,2470454
M,면세점,차시즌의류,우븐반바지,SM,3713000,3713000,3375454,769675,1320610,0,0,165010,81967,92024,0,0,146319,0,4216,489536,831074
M,면세점,차시즌의류,우븐셔츠,WS,636000,636000,578181,125832,232641,0,0,29213,14038,15444,0,0,25093,0,407,84195,148446
M,면세점,차시즌의류,우븐팬츠,WP,17026000,17026000,15478184,3328515,6237648,0,0,939594,375841,420554,0,0,664139,0,19431,2419559,3818089
M,면세점,차시즌의류,점퍼,JP,75219000,75219020,68380924,14551315,27414702,0,0,3781677,1660496,1857424,0,0,2937618,0,86609,10323824,17090878
M,면세점,차시즌의류,진바지,DP,5835000,5835000,5304544,1089514,2199306,0,0,244540,128815,144409,0,0,230217,0,3679,751660,1447646
M,면세점,차시즌의류,진스커트,DS,834000,834000,758182,167360,297659,0,0,37638,18408,20509,0,0,32550,0,711,109816,187843
M,면세점,차시즌의류,진자켓,DK,26298000,26297990,23907264,4669101,9909128,0,0,1104892,580540,649330,0,0,1020475,0,35435,3390672,6518456
M,면세점,차시즌의류,트레이닝(상의),TR,4228000,4228000,3843637,824064,1540232,0,0,237263,93336,104462,0,0,165499,0,3513,604073,936159
M,면세점,차시즌의류,팬츠,PT,14702000,14702020,13365473,2786401,5489363,0,0,655810,324556,363503,0,0,579306,0,11305,1934480,3554883
M,면세점,차시즌의류,폴로 티셔츠,PQ,32849000,32849030,29862756,5249268,13216842,0,0,1384133,725156,811003,0,0,1292631,0,31280,4244203,8972639
M,면세점,차시즌의류,후드티,HD,28324000,28323990,25749084,5568937,10303487,0,0,1608486,625247,699315,0,0,1111066,0,36295,4080409,6223078
M,백화점,Acc_etc,기타,ET,1941900,1702690,1547904,239773,765540,210826,0,0,39098,41996,0,0,70375,0,21316,383611,381929
M,백화점,Acc_etc,머플러(스카프),MF,2715000,2760240,2509312,378695,1252223,320920,0,0,60945,68196,0,0,114169,0,60806,625036,627187
M,백화점,Acc_etc,양말,SO,9037500,8869000,8062689,1481297,3828428,1022543,0,0,198449,219053,0,0,371693,0,232462,2044200,1784228
M,백화점,Acc_etc,캐리어(하드케이스),HH,498000,498000,452727,155101,157280,73576,0,0,10994,12285,0,0,21867,0,24483,143205,14075
M,백화점,Acc_etc,파우치,PO,7986000,7826260,7114784,1380787,3300653,882689,0,0,172757,193503,0,0,327695,0,170709,1747353,1553300
M,백화점,Bag,가방,BG,2189000,1532310,1393007,19892,905828,202144,0,0,33825,37816,0,0,64800,0,45462,384047,521781
M,백화점,Bag,백팩,BK,17361000,16803730,15276118,2865933,7222828,2083429,0,0,374183,415253,0,0,706215,0,499192,4078272,3144556
M,백화점,Bag,버킷백,BM,89929000,86237130,78397385,14015421,37039190,9681503,0,0,1907194,2128768,0,0,3573827,0,1818966,19110258,17928932
M,백화점,Bag,쇼퍼백,OR,245627000,237646450,216042226,45095903,92977118,20013796,0,0,5246120,5866497,0,0,9665108,0,4077525,44869046,48108072
M,백화점,Bag,숄더백,BQ,575436000,563545620,512314220,92596006,242893779,36030922,0,0,12459598,13914170,0,0,23484261,0,4397530,90286481,152607298
M,백화점,Bag,크로스백,CR,31300000,30718310,27925745,5199184,13364151,3629998,0,0,680068,759065,0,0,1299430,0,797799,7166360,6197791
M,백화점,Bag,힙색,HS,11184000,10937230,9942931,1950726,4583666,1330927,0,0,241429,270200,0,0,457399,0,272787,2572742,2010924
M,백화점,Headwear,메시캡,MC,882000,844190,767446,106865,388988,90661,0,0,18636,20891,0,0,34711,0,22999,187898,201090
M,백화점,Headwear,방한모,WM,2347000,2331800,2119811,433050,952562,319746,0,0,57154,57578,0,0,96993,0,80345,611816,340746
M,백화점,Headwear,비니,BN,67203000,65921640,59928752,9777502,29659928,7653791,0,0,1461956,1628093,0,0,2760624,0,1535997,15040461,14619467
M,백화점,Headwear,여성 베레모,CB,3716000,3647430,3315842,518669,1668861,394533,0,0,81585,90093,0,0,153125,0,67613,786949,881912
M,백화점,Headwear,운동모,CP,810784000,796955340,724504895,132561158,342091730,91499718,0,0,17599925,19680534,0,0,33222701,0,16525635,178528513,163563217
M,백화점,Headwear,햇,HT,44348000,43212220,39283805,6192884,19662074,4844396,0,0,965821,1067921,0,0,1809867,0,932122,9620127,10041947
M,백화점,Shoes,런닝화,RN,316575000,301697390,274270349,74073190,105420151,33330702,0,0,6660077,7449524,0,0,12564498,0,6666811,66671612,38748539
M,백화점,Shoes,뮬,MU,7913000,6095060,5540964,1268506,2444305,808319,0,0,139074,150590,0,0,259893,0,216399,1574275,870030
M,백화점,Shoes,방한화,WB,10874000,10527560,9570509,2286787,4052622,1270994,0,0,246734,260217,0,0,443764,0,265369,2487078,1565544
M,백화점,Shoes,스니커즈,SX,1532350000,1444167730,1312879767,280702743,571456666,147428965,0,0,32094841,35655906,0,0,59644639,0,27759792,302584143,268872523
M,백화점,Shoes,슬리퍼,LP,1127000,1095690,996081,267168,449416,194142,0,0,26333,27094,0,0,50161,0,61705,359435,89981
M,백화점,Shoes,신발,SH,1074192000,1014617360,922379443,225984352,368776823,92793789,0,0,22406320,25053813,0,0,41633216,0,17034126,198921264,169855559
M,백화점,Shoes,아쿠아 슈즈,SQ,6372000,6103580,5548709,1258640,2305667,614355,0,0,134736,150773,0,0,249506,0,67058,1216428,1089239
M,백화점,과시즌의류,니트가디건,KC,1393000,1383000,1257272,145262,684720,202417,0,0,30529,34150,0,0,58098,0,29371,354565,330155
M,백화점,과시즌의류,다운점퍼,DJ,756000,680470,618609,54376,341534,51285,0,0,15022,16801,0,0,27714,0,16801,127623,213911
M,백화점,과시즌의류,맨투맨,MT,198000,99000,90000,-10103,67703,12984,0,0,2186,2441,0,0,4032,0,2686,24329,43374
M,백화점,과시즌의류,반팔카라티셔츠,TS,749000,749010,680916,97694,345642,98585,0,0,17820,18465,0,0,31034,0,16594,182498,163144
M,백화점,과시즌의류,방풍자켓,WJ,567000,567000,515454,42763,304308,86079,0,0,12516,13976,0,0,24295,0,31094,167960,136348
M,백화점,과시즌의류,우븐셔츠,WS,2086000,1043000,948182,-53157,694874,150154,0,0,23026,25763,0,0,44920,0,52713,296576,398298
M,백화점,과시즌의류,점퍼,JP,57376000,29860570,27145973,731020,17170741,3580077,0,0,665711,737479,0,0,1253128,0,844586,7080981,10089760
M,백화점,과시즌의류,진바지,DP,169000,168990,153627,18897,78653,18340,0,0,3731,4171,0,0,6829,0,4308,37379,41274
M,백화점,과시즌의류,진자켓,DK,319000,309000,280909,35669,144113,50649,0,0,6821,7617,0,0,12585,0,18356,96028,48085
M,백화점,과시즌의류,탱크탑,TK,316000,316000,287272,35338,156416,34315,0,0,6976,7817,0,0,13423,0,8109,70640,85776
M,백화점,과시즌의류,트레이닝(상의),TR,11925000,6047990,5498174,79301,3502421,751911,0,0,133513,149427,0,0,250720,0,180614,1466185,2036236
M,백화점,과시즌의류,팬츠,PT,6894000,4296260,3905692,168557,2501203,628012,0,0,94840,106070,0,0,186881,0,160519,1176322,1324881
M,백화점,과시즌의류,폴라폴리스점퍼,FD,16736000,8477460,7706786,-48351,5234398,1180791,0,0,187144,209316,0,0,363028,0,291071,2231350,3003048
M,백화점,과시즌의류,폴로 티셔츠,PQ,0,0,0,0,0,0,0,0,0,0,0,0,0,0,0,0,0
M,백화점,과시즌의류,후드티,HD,7048000,3580420,3254926,64727,2061825,440669,0,0,79044,88421,0,0,148859,0,117709,874702,1187123
M,백화점,당시즌의류,니트가디건,KC,9247000,9001160,8182869,1426181,3984143,1246617,0,0,224352,222213,0,0,378717,0,285378,2357277,1626866
M,백화점,당시즌의류,니트풀오버,KP,7086000,6882140,6256490,1123555,2935940,856996,0,0,169320,169946,0,0,284163,0,187402,1667827,1268113
M,백화점,당시즌의류,다운베스트,DV,28256000,27521970,25019975,5374438,11039524,3487773,0,0,645196,679498,0,0,1148972,0,753699,6715138,4324386
M,백화점,당시즌의류,다운점퍼,DJ,229005000,212243490,192948615,42402163,85640785,28403002,0,0,5563754,5240243,0,0,8963014,0,5664259,53834272,31806513
M,백화점,당시즌의류,데님셔츠,DR,2855000,2764490,2513172,572467,1094759,341752,0,0,64722,68330,0,0,116706,0,81425,672935,421824
M,백화점,당시즌의류,데님원피스,DD,229000,229000,208182,49082,84155,18568,0,0,5055,5652,0,0,9327,0,37,38639,45516
M,백화점,당시즌의류,레깅스,LG,445000,445000,404545,83339,182447,62286,0,0,9825,10976,0,0,18606,0,20448,122141,60306
M,백화점,당시즌의류,맨투맨,MT,34284000,32798540,29816864,6166769,13475579,4235747,0,0,760586,810215,0,0,1374962,0,784249,7965759,5509820
M,백화점,당시즌의류,반팔카라티셔츠,TS,4247000,4148430,3771299,858228,1599839,425131,0,0,94811,102347,0,0,172060,0,76710,871059,728780
M,백화점,당시즌의류,방풍자켓,WJ,189000,189000,171818,38083,75317,28203,0,0,4172,4669,0,0,7938,0,31,45013,30304
M,백화점,당시즌의류,스커트,SK,1846000,1823730,1657935,356162,724226,290975,0,0,55732,45027,0,0,75629,0,52819,520182,204044
M,백화점,당시즌의류,우븐셔츠,WS,1811000,1724910,1568101,390670,633824,169776,0,0,38080,42641,0,0,71715,0,44888,367100,266724
M,백화점,당시즌의류,우븐팬츠,WP,11929000,11632710,10575200,2245250,4741860,1556234,0,0,296603,287252,0,0,489097,0,305753,2934939,1806921
M,백화점,당시즌의류,원피스,OP,665000,629210,572010,102378,277902,98914,0,0,13887,15548,0,0,26619,0,25253,180221,97681
M,백화점,당시즌의류,점퍼,JP,-339000,-475010,-431827,-84149,-184919,88792,0,0,12963,-11710,0,0,-18834,0,14749,85960,-270879
M,백화점,당시즌의류,진바지,DP,5607000,5349820,4863468,1152608,2039469,749114,0,0,145702,132010,0,0,223448,0,158009,1408283,631186
M,백화점,당시즌의류,진스커트,DS,-695000,-708930,-644481,-153942,-258711,67912,0,0,12208,-17474,0,0,-28884,0,17951,51713,-310424
M,백화점,당시즌의류,진자켓,DK,1913000,1903000,1729998,341770,775348,236833,0,0,42007,46973,0,0,78199,0,55342,459354,315994
M,백화점,당시즌의류,트레이닝(상의),TR,11525000,11314340,10285779,2123609,4626864,1501950,0,0,268003,279517,0,0,472536,0,322297,2844303,1782561
M,백화점,당시즌의류,패딩,PD,8541000,7977600,7252366,1797418,2947333,986471,0,0,180905,196905,0,0,332132,0,188830,1885243,1062090
M,백화점,당시즌의류,팬츠,PT,35543000,34957340,31779405,6998199,14046041,4607562,0,0,816718,863386,0,0,1473092,0,970521,8731279,5314762
M,백화점,당시즌의류,폴라폴리스점퍼,FD,2270000,2248110,2043738,383086,925009,336614,0,0,54414,55537,0,0,91566,0,61364,599495,325514
M,백화점,당시즌의류,후드티,HD,14833000,14444710,13131562,3014191,5741212,1778839,0,0,336847,356802,0,0,612875,0,359672,3445035,2296177
M,백화점,차시즌의류,니트가디건,KC,34919000,33958580,30871432,6461259,13765565,3784101,0,0,753777,838662,0,0,1415876,0,894824,7687240,6078325
M,백화점,차시즌의류,니트풀오버,KP,15982000,15014260,13649325,2903019,5967017,1577590,0,0,335140,370969,0,0,620906,0,279686,3184291,2782726
M,백화점,차시즌의류,데님셔츠,DR,14885000,14326840,13024398,2950452,5591109,1443490,0,0,316265,353771,0,0,597903,0,246799,2958228,2632881
M,백화점,차시즌의류,레깅스,LG,2501000,2353380,2139436,444437,925935,224522,0,0,51951,58141,0,0,95921,0,39128,469663,456272
M,백화점,차시즌의류,맨투맨,MT,147407000,143346490,130315009,27471064,58508749,17038190,0,0,3184789,3540389,0,0,6018614,0,3628060,33410042,25098707
M,백화점,차시즌의류,반바지,SP,2560000,2413730,2194297,511700,940623,308421,0,0,53283,59610,0,0,101661,0,72391,595366,345257
M,백화점,차시즌의류,반팔카라티셔츠,TS,209104000,203882270,185347454,37543608,85295696,23410002,0,0,4505042,5036034,0,0,8598737,0,4560894,46110709,39184987
M,백화점,차시즌의류,반팔티셔츠,RS,5384000,5252160,4774689,1248380,1822854,479500,0,0,115939,129631,0,0,214985,0,41487,981542,841312
M,백화점,차시즌의류,방풍자켓,WJ,251820000,245518560,223198676,51117260,94144649,25379452,0,0,5439929,6061822,0,0,10168339,0,4779764,51829306,42315343
M,백화점,차시즌의류,스커트,SK,19960000,19471000,17700918,3956296,7675758,2264282,0,0,432199,480914,0,0,814241,0,512270,4503906,3171852
M,백화점,차시즌의류,우븐반바지,SM,10406000,10013130,9102843,2144818,3894520,1236420,0,0,221038,247310,0,0,422749,0,279435,2406952,1487568
M,백화점,차시즌의류,우븐셔츠,WS,1799000,1720880,1564435,359415,651491,168787,0,0,37992,42617,0,0,70763,0,29713,349872,301619
M,백화점,차시즌의류,우븐팬츠,WP,97307000,94524710,85931601,19915104,36601604,10617155,0,0,2092956,2334305,0,0,3956140,0,2060711,21061267,15540337
M,백화점,차시즌의류,원피스,OP,327000,316100,287364,58065,132785,30208,0,0,6977,7809,0,0,13359,0,6315,64668,68117
M,백화점,차시즌의류,점퍼,JP,259917000,252656010,229687271,52631534,97253200,27978505,0,0,5619070,6237955,0,0,10491923,0,5584131,55911584,41341616
M,백화점,차시즌의류,진바지,DP,21660000,20905600,19005085,4115132,8223366,2168478,0,0,461525,516412,0,0,863704,0,443009,4453128,3770238
M,백화점,차시즌의류,진스커트,DS,2502000,2486760,2260694,502065,984020,271720,0,0,54889,61452,0,0,104024,0,63211,555296,428724
M,백화점,차시즌의류,진자켓,DK,5728000,5655330,5141209,1007309,2298214,508114,0,0,124844,139567,0,0,231385,0,114799,1118709,1179505
M,백화점,차시즌의류,탱크탑,TK,1577000,1543610,1403278,349591,553211,146515,0,0,34079,38044,0,0,63195,0,33025,314858,238353
M,백화점,차시즌의류,트레이닝(상의),TR,55868000,54357260,49415711,10820458,21856225,6254565,0,0,1205139,1342232,0,0,2287361,0,1470983,12560280,9295945
M,백화점,차시즌의류,팬츠,PT,126764000,123020930,111837220,24329722,49483920,14104882,0,0,2723478,3038380,0,0,5166915,0,3060936,28094591,21389329
M,백화점,차시즌의류,폴로 티셔츠,PQ,11343000,10837620,9852391,1930381,4594668,1344423,0,0,241864,267645,0,0,456755,0,321225,2631912,1962756
M,백화점,차시즌의류,후드티,HD,86430000,84198760,76544341,17245089,33111842,9899657,0,0,1869813,2079326,0,0,3524962,0,2265547,19639305,13472537
M,사입,Acc_etc,기타,ET,432000,126560,115052,43210,71842,0,0,0,2784,3093,0,0,8054,0,0,13931,57911
M,사입,Acc_etc,양말,SO,7958000,2347240,2133857,1103446,1030411,0,0,0,51815,58008,0,0,149371,0,0,259194,771217
M,사입,Acc_etc,토시,ML,34385000,8595820,7814384,2604899,5209485,0,0,0,189759,212316,0,0,547010,0,0,949085,4260400
M,사입,Acc_etc,파우치,PO,44472000,13341480,12128617,8056113,4072504,0,0,0,298414,329523,0,0,849002,0,0,1476939,2595565
M,사입,Bag,가방,BG,0,0,0,-87181,87181,0,0,0,2655,-1,0,0,0,0,0,2654,84527
M,사입,Bag,백팩,BK,193508000,50211590,45646898,35778654,9868244,0,0,0,1113714,1240165,0,0,3195280,0,0,5549159,4319085
M,사입,Bag,버킷백,BM,398596000,107541870,97765337,58243578,39521759,0,0,0,2387684,2656167,0,0,6843571,0,0,11887422,27634337
M,사입,Bag,보스톤백,BW,282897000,73729470,67026790,48760107,18266683,0,0,0,1646720,1821007,0,0,4691878,0,0,8159605,10107078
M,사입,Bag,쇼퍼백,OR,1152987000,206473410,187703102,165074142,22628960,0,0,0,4603726,5098783,0,0,13139215,0,0,22841724,-212764
M,사입,Bag,숄더백,BQ,613053000,175002400,159093094,95788236,63304858,0,0,0,3879351,4322364,0,0,11136512,0,0,19338227,43966631
M,사입,Bag,크로스백,CR,474498000,130408700,118553362,78655380,39897982,0,0,0,2909386,3221226,0,0,8298724,0,0,14429336,25468646
M,사입,Bag,힙색,HS,0,-10,-9,0,-9,0,0,0,11093,9,0,0,-2,0,0,11100,-11109
M,사입,Headwear,메시캡,MC,49000,5390,4900,4900,0,0,0,0,119,149,0,0,343,0,0,611,-611
M,사입,Headwear,방한모,WM,0,0,0,-9385,9385,0,0,0,387,-20,0,0,0,0,0,367,9018
M,사입,Headwear,선캡,SC,59000,6490,5900,1856,4044,0,0,0,786,135,0,0,413,0,0,1334,2710
M,사입,Headwear,운동모,CP,1501269000,331013480,300921354,243901597,57019757,0,0,0,7393838,8174082,0,0,21064494,0,0,36632414,20387343
M,사입,Headwear,햇,HT,997931000,247616840,225106222,137592323,87513899,0,0,0,5479008,6114496,0,0,15757441,0,0,27350945,60162954
M,사입,Shoes,런닝화,RN,253500000,63374830,57613480,40056705,17556775,0,0,0,1399028,1565162,0,0,4032947,0,0,6997137,10559638
M,사입,Shoes,뮬,MU,0,0,0,-27185,27185,0,0,0,1436,14,0,0,0,0,0,1450,25735
M,사입,Shoes,방한화,WB,0,0,0,-10898,10898,0,0,0,649,-4,0,0,0,0,0,645,10253
M,사입,Shoes,샌들,SD,27136000,2984960,2713600,2512310,201290,0,0,0,79117,73840,0,0,189952,0,0,342909,-141619
M,사입,Shoes,스니커즈,SX,1671927000,421468020,383152748,299132640,84020108,0,0,0,9308553,10410202,0,0,26820686,0,0,46539441,37480667
M,사입,Shoes,슬리퍼,LP,39257000,4318270,3925700,2853907,1071793,0,0,0,110219,106802,0,0,274799,0,0,491820,579973
M,사입,Shoes,신발,SH,984902000,222653630,202412393,168098155,34314238,0,0,0,4923082,5499728,0,0,14168864,0,0,24591674,9722564
M,사입,Shoes,캔버스화,CV,48235000,5305850,4823500,9084724,-4261224,0,0,0,123731,131207,0,0,337644,0,0,592582,-4853806
M,사입,과시즌의류,니트,KT,0,0,0,-637670,637670,0,0,0,18480,-21,0,0,0,0,0,18459,619211
M,사입,과시즌의류,니트가디건,KC,30228000,8441540,7674128,3150640,4523488,0,0,0,279394,208385,0,0,537187,0,0,1024966,3498522
M,사입,과시즌의류,니트풀오버,KP,17624000,4692380,4265800,2850171,1415629,0,0,0,110237,115917,0,0,298605,0,0,524759,890870
M,사입,과시즌의류,다운베스트,DV,-219000,-65670,-59700,-861301,801601,0,0,0,31112,-1634,0,0,-4179,0,0,25299,776302
M,사입,과시즌의류,다운점퍼,DJ,-289000,-72240,-65673,-5983982,5918309,0,0,0,208518,-1795,0,0,-4597,0,0,202126,5716183
M,사입,과시즌의류,맨투맨,MT,796970000,204478110,185889196,127602717,58286479,0,0,0,4941412,5049956,0,0,13012249,0,0,23003617,35282862
M,사입,과시즌의류,반팔카라티셔츠,TS,0,-350,-319,-3347773,3347454,0,0,0,188821,-39,0,0,-23,0,0,188759,3158695
M,사입,과시즌의류,방풍자켓,WJ,4725000,1417500,1288636,-2383428,3672064,0,0,0,167279,34940,0,0,90204,0,0,292423,3379641
M,사입,과시즌의류,우븐셔츠,WS,0,0,0,-18637,18637,0,0,0,650,1,0,0,0,0,0,651,17986
M,사입,과시즌의류,우븐팬츠,WP,0,10,9,-1599469,1599478,0,0,0,68424,-82,0,0,1,0,0,68343,1531135
M,사입,과시즌의류,원피스,OP,0,20,18,-425554,425572,0,0,0,24189,30,0,0,1,0,0,24220,401352
M,사입,과시즌의류,자켓,JK,4290000,1072500,975000,952062,22938,0,0,0,23676,26449,0,0,68250,0,0,118375,-95437
M,사입,과시즌의류,점퍼,JP,1017847000,275465370,250423066,172274771,78148295,0,0,0,6294196,6804624,0,0,17529616,0,0,30628436,47519859
M,사입,과시즌의류,진바지,DP,0,0,0,-24483,24483,0,0,0,1142,16,0,0,0,0,0,1158,23325
M,사입,과시즌의류,진자켓,DK,40740000,10966200,9969273,6834004,3135269,0,0,0,245355,271179,0,0,697848,0,0,1214382,1920887
M,사입,과시즌의류,트레이닝(상의),TR,638334000,160097310,145543008,105336822,40206186,0,0,0,3577648,3953849,0,0,10188008,0,0,17719505,22486681
M,사입,과시즌의류,트레이닝(하의),TP,0,-10,-9,-247258,247249,0,0,0,10160,-25,0,0,-1,0,0,10134,237115
M,사입,과시즌의류,패딩,PD,0,0,0,-123304,123304,0,0,0,5743,20,0,0,0,0,0,5763,117541
M,사입,과시즌의류,팬츠,PT,716247000,188241640,171128765,111605846,59522919,0,0,0,4261592,4649102,0,0,11979013,0,0,20889707,38633212
M,사입,과시즌의류,폴라폴리스점퍼,FD,0,0,0,-3049444,3049444,0,0,0,125321,29,0,0,0,0,0,125350,2924094
M,사입,과시즌의류,후드티,HD,1709981000,430512620,391375106,314191180,77183926,0,0,0,9537694,10632304,0,0,27396260,0,0,47566258,29617668
M,자사몰,Acc_etc,기타,ET,18900,13900,12636,3621,9015,0,0,0,876,410,499,0,575,0,0,2360,6655
M,자사몰,Acc_etc,머플러(스카프),MF,238000,218000,198182,32791,165391,0,0,0,13736,5460,7822,0,9018,0,0,36036,129355
M,자사몰,Acc_etc,양말,SO,1402300,1027910,934462,241373,693089,0,0,0,64763,25669,36885,0,42517,0,0,169834,523255
M,자사몰,Acc_etc,파우치,PO,875000,736520,669564,153596,515968,0,0,0,46406,18156,26428,0,30465,0,0,121455,394513
M,자사몰,Bag,가방,BG,398000,264710,240645,3618,237027,0,0,0,16677,6553,9499,0,10949,0,0,43678,193349
M,자사몰,Bag,백팩,BK,1188000,1049850,954408,193305,761103,0,0,0,66146,26075,37673,0,43426,0,0,173320,587783
M,자사몰,Bag,버킷백,BM,1221000,1013100,921000,187099,733901,0,0,0,63830,24982,36354,0,41906,0,0,167072,566829
M,자사몰,Bag,쇼퍼백,OR,13253000,12511820,11374382,2457280,8917102,0,0,0,788298,308931,448971,0,517534,0,0,2063734,6853368
M,자사몰,Bag,숄더백,BQ,10041000,9379062,8526422,1588381,6938041,0,0,0,594686,231833,345737,0,390499,0,0,1562755,5375286
M,자사몰,Bag,크로스백,CR,3143000,2791864,2538059,528218,2009841,0,0,0,176734,68987,102219,0,116045,0,0,463985,1545856
M,자사몰,Bag,힙색,HS,1366000,1292193,1174720,228117,946603,0,0,0,82107,32085,48060,0,53918,0,0,216170,730433
M,자사몰,Headwear,방한모,WM,959000,855100,777363,189383,587980,0,0,0,53875,21160,30684,0,35371,0,0,141090,446890
M,자사몰,Headwear,비니,BN,6652000,5630300,5118454,986431,4132023,0,0,0,354730,139110,202038,0,232891,0,0,928769,3203254
M,자사몰,Headwear,여성 베레모,CB,354000,329770,299791,60296,239495,0,0,0,20777,8191,11833,0,13640,0,0,54441,185054
M,자사몰,Headwear,운동모,CP,139053000,116624784,106022527,22370978,83651549,0,0,0,7348445,2879949,4186251,0,4824387,0,0,19239032,64412517
M,자사몰,Headwear,햇,HT,2895000,2624775,2386159,426878,1959281,0,0,0,166493,65126,96925,0,109328,0,0,437872,1521409
M,자사몰,Shoes,런닝화,RN,134200000,123587061,112351873,32418418,79933455,0,0,0,7787938,3051533,4437386,0,5112666,0,0,20389523,59543932
M,자사몰,Shoes,뮬,MU,975000,608880,553527,177602,375925,0,0,0,38362,15017,21849,0,25186,0,0,100414,275511
M,자사몰,Shoes,방한화,WB,3833000,3533194,3211994,798509,2413485,0,0,0,224064,87401,130338,0,147131,0,0,588934,1824551
M,자사몰,Shoes,스니커즈,SX,30310000,28014174,25467432,5569528,19897904,0,0,0,1768209,691997,1013055,0,1160932,0,0,4634193,15263711
M,자사몰,Shoes,슬리퍼,LP,392000,379315,344832,92928,251904,0,0,0,25277,9530,16971,0,16622,0,0,68400,183504
M,자사몰,Shoes,신발,SH,41451000,38427262,34933875,8133401,26800474,0,0,0,2427236,949282,1393924,0,1593653,0,0,6364095,20436379
M,자사몰,Shoes,아쿠아 슈즈,SQ,472000,422064,383695,93232,290463,0,0,0,27418,10526,17163,0,18017,0,0,73124,217339
M,자사몰,과시즌의류,니트가디건,KC,398000,392000,356364,44505,311859,0,0,0,24698,9692,14066,0,16215,0,0,64671,247188
M,자사몰,과시즌의류,다운점퍼,DJ,378000,334000,303636,42268,261368,0,0,0,21043,8191,11985,0,13815,0,0,55034,206334
M,자사몰,과시즌의류,레깅스,LG,89000,55000,50000,9952,40048,0,0,0,3465,1365,1974,0,2275,0,0,9079,30969
M,자사몰,과시즌의류,맨투맨,MT,436000,371450,337681,48754,288927,0,0,0,23402,9146,13329,0,15365,0,0,61242,227685
M,자사몰,과시즌의류,방풍자켓,WJ,189000,173460,157691,21133,136558,0,0,0,10927,4232,6224,0,7175,0,0,28558,108000
M,자사몰,과시즌의류,우븐셔츠,WS,1341000,602350,547591,32913,514678,0,0,0,37950,14880,21615,0,24915,0,0,99360,415318
M,자사몰,과시즌의류,점퍼,JP,7673000,3939510,3581374,-317015,3898389,0,0,0,248206,97334,141364,0,162952,0,0,649856,3248533
M,자사몰,과시즌의류,진바지,DP,0,0,0,-15742,15742,0,0,0,0,0,0,0,0,0,0,0,15742
M,자사몰,과시즌의류,진자켓,DK,638000,627960,570873,71340,499533,0,0,0,39564,15563,22534,0,25975,0,0,103636,395897
M,자사몰,과시즌의류,트레이닝(상의),TR,2067000,1076120,978290,14679,963611,0,0,0,67800,26620,38616,0,44513,0,0,177549,786062
M,자사몰,과시즌의류,팬츠,PT,714000,652870,593518,47380,546138,0,0,0,41133,16109,23427,0,27005,0,0,107674,438464
M,자사몰,과시즌의류,폴라폴리스점퍼,FD,995000,482500,438636,-71227,509863,0,0,0,30400,11877,17314,0,19958,0,0,79549,430314
M,자사몰,과시즌의류,후드티,HD,2197000,1008570,916882,-40554,957436,0,0,0,63544,24846,36191,0,41718,0,0,166299,791137
M,자사몰,당시즌의류,니트가디건,KC,657000,647000,588182,130230,457952,0,0,0,40763,15972,23217,0,26762,0,0,106714,351238
M,자사몰,당시즌의류,니트풀오버,KP,209000,190000,172727,32688,140039,0,0,0,11970,4641,6818,0,7859,0,0,31288,108751
M,자사몰,당시즌의류,다운베스트,DV,1095000,1030620,936928,215039,721889,0,0,0,64933,25391,36983,0,42630,0,0,169937,551952
M,자사몰,당시즌의류,다운점퍼,DJ,22887000,21146740,19224311,4332461,14891850,0,0,0,1352358,521891,770271,0,874705,0,0,3519225,11372625
M,자사몰,당시즌의류,데님원피스,DD,398000,352410,320373,79424,240949,0,0,0,22203,8737,12646,0,14577,0,0,58163,182786
M,자사몰,당시즌의류,레깅스,LG,89000,86000,78182,17035,61147,0,0,0,5419,2184,3086,0,3557,0,0,14246,46901
M,자사몰,당시즌의류,맨투맨,MT,6866000,6238480,5671345,1207255,4464090,0,0,0,393054,153990,223860,0,258046,0,0,1028950,3435140
M,자사몰,당시즌의류,반팔카라티셔츠,TS,1778000,1563600,1421455,366498,1054957,0,0,0,98514,38634,56108,0,64677,0,0,257933,797024
M,자사몰,당시즌의류,스커트,SK,804000,788050,716409,156506,559903,0,0,0,49651,19522,28278,0,32596,0,0,130047,429856
M,자사몰,당시즌의류,우븐셔츠,WS,438000,428000,389091,91124,297967,0,0,0,26964,10512,15358,0,17704,0,0,70538,227429
M,자사몰,당시즌의류,우븐팬츠,WP,1440000,1274620,1158746,277413,881333,0,0,0,80306,31399,45738,0,52724,0,0,210167,671166
M,자사몰,당시즌의류,진바지,DP,1483000,1459000,1326363,297923,1028440,0,0,0,91925,36039,52354,0,60350,0,0,240668,787772
M,자사몰,당시즌의류,진자켓,DK,0,0,0,0,0,0,0,0,0,0,0,0,0,0,0,0,0
M,자사몰,당시즌의류,트레이닝(상의),TR,1360000,1294840,1177127,268781,908346,0,0,0,98291,31944,56016,0,53559,0,0,239810,668536
M,자사몰,당시즌의류,패딩,PD,876000,824990,749991,189603,560388,0,0,0,51978,20341,29604,0,34125,0,0,136048,424340
M,자사몰,당시즌의류,팬츠,PT,7904000,7208190,6552902,1577906,4974996,0,0,0,460946,178013,262543,0,298157,0,0,1199659,3775337
M,자사몰,당시즌의류,폴라폴리스점퍼,FD,956000,954010,867282,176804,690478,0,0,0,60107,23617,34234,0,39461,0,0,157419,533059
M,자사몰,당시즌의류,후드티,HD,2649000,2450595,2227814,569331,1658483,0,0,0,170942,60568,99220,0,102028,0,0,432758,1225725
M,자사몰,차시즌의류,니트가디건,KC,3701000,3613240,3284763,670831,2613932,0,0,0,227650,89279,129657,0,149456,0,0,596042,2017890
M,자사몰,차시즌의류,니트풀오버,KP,885000,865000,786363,161253,625110,0,0,0,54501,21433,31039,0,35779,0,0,142752,482358
M,자사몰,차시즌의류,데님셔츠,DR,1751000,1654720,1504291,348371,1155920,0,0,0,104255,40817,59378,0,68445,0,0,272895,883025
M,자사몰,차시즌의류,레깅스,LG,316000,311000,282727,56593,226134,0,0,0,19595,7781,11160,0,12864,0,0,51400,174734
M,자사몰,차시즌의류,맨투맨,MT,19625000,18358769,16689788,3734612,12955176,0,0,0,1157517,453274,660818,0,759951,0,0,3031560,9923616
M,자사몰,차시즌의류,반바지,SP,405000,346230,314754,78790,235964,0,0,0,21815,8737,12424,0,14321,0,0,57297,178667
M,자사몰,차시즌의류,반팔카라티셔츠,TS,23753000,21944295,19949357,4377876,15571481,0,0,0,1388263,542701,801297,0,911538,0,0,3643799,11927682
M,자사몰,차시즌의류,반팔티셔츠,RS,79000,51000,46364,18339,28025,0,0,0,3214,1229,1830,0,2110,0,0,8383,19642
M,자사몰,차시즌의류,방풍자켓,WJ,31189000,29341064,26673693,6268330,20405363,0,0,0,1849994,724860,1056227,0,1214586,0,0,4845667,15559696
M,자사몰,차시즌의류,스커트,SK,2361000,2283440,2075855,450230,1625625,0,0,0,143869,56517,81938,0,94451,0,0,376775,1248850
M,자사몰,차시즌의류,우븐반바지,SM,641000,589240,535673,132315,403358,0,0,0,37123,14471,21144,0,24373,0,0,97111,306247
M,자사몰,차시즌의류,우븐셔츠,WS,338000,319170,290154,69150,221004,0,0,0,20110,7918,11453,0,13202,0,0,52683,168321
M,자사몰,차시즌의류,우븐팬츠,WP,7226000,6777860,6161693,1478588,4683105,0,0,0,427030,167230,243217,0,280359,0,0,1117836,3565269
M,자사몰,차시즌의류,원피스,OP,298000,219000,199091,48413,150678,0,0,0,13798,5461,7859,0,9059,0,0,36177,114501
M,자사몰,차시즌의류,점퍼,JP,26698000,25202702,22911548,5406023,17505525,0,0,0,1591281,622549,912671,0,1044776,0,0,4171277,13334248
M,자사몰,차시즌의류,진바지,DP,1402000,1302330,1183936,271443,912493,0,0,0,82053,32081,46732,0,53869,0,0,214735,697758
M,자사몰,차시즌의류,진스커트,DS,695000,653100,593727,139466,454261,0,0,0,41147,16109,23436,0,27015,0,0,107707,346554
M,자사몰,차시즌의류,진자켓,DK,299000,264400,240364,53224,187140,0,0,0,16658,6553,9488,0,10937,0,0,43636,143504
M,자사몰,차시즌의류,탱크탑,TK,197000,195813,178011,45070,132941,0,0,0,12821,4875,8208,0,8427,0,0,34331,98610
M,자사몰,차시즌의류,트레이닝(상의),TR,6746000,6281590,5710536,1284302,4426234,0,0,0,395768,155080,225407,0,259830,0,0,1036085,3390149
M,자사몰,차시즌의류,팬츠,PT,15675000,14837613,13488740,3001537,10487203,0,0,0,935881,366379,534991,0,614447,0,0,2451698,8035505
M,자사몰,차시즌의류,폴로 티셔츠,PQ,1041000,1007190,915627,199056,716571,0,0,0,63457,24845,36142,0,41661,0,0,166105,550466
M,자사몰,차시즌의류,후드티,HD,14220000,13202040,12001856,2897529,9104327,0,0,0,831787,325996,473740,0,546083,0,0,2177606,6926721
M,제휴몰,Acc_etc,기타,ET,862900,862900,784454,85503,698951,0,0,0,54232,21281,0,205192,35692,0,0,316397,382554
M,제휴몰,Acc_etc,머플러(스카프),MF,1223000,1223000,1111818,220663,891155,0,0,0,76869,30133,0,267182,50587,0,0,424771,466384
M,제휴몰,Acc_etc,양말,SO,1763600,1763600,1603267,303018,1300249,0,0,0,110847,43424,0,418153,72952,0,0,645376,654873
M,제휴몰,Acc_etc,파우치,PO,5090000,5090010,4627280,844236,3783044,0,0,0,319926,125856,0,1217297,210542,0,0,1873621,1909423
M,제휴몰,Bag,가방,BG,199000,139300,126636,-35643,162279,0,0,0,8755,3424,0,28901,5762,0,0,46842,115437
M,제휴몰,Bag,백팩,BK,1459000,1459000,1326364,237455,1088909,0,0,0,91698,36052,0,350541,60349,0,0,538640,550269
M,제휴몰,Bag,버킷백,BM,675000,675000,613637,103632,510005,0,0,0,42425,16711,0,154551,27921,0,0,241608,268397
M,제휴몰,Bag,쇼퍼백,OR,4238000,4238000,3852726,738194,3114532,0,0,0,266369,104715,0,1077051,175299,0,0,1623434,1491098
M,제휴몰,Bag,숄더백,BQ,63276000,62590660,56900600,10139865,46760735,0,0,0,3933979,1545449,0,15897638,2588984,0,0,23966050,22794685
M,제휴몰,Bag,크로스백,CR,3964000,3964000,3603637,651399,2952238,0,0,0,249142,97820,0,901698,163964,0,0,1412624,1539614
M,제휴몰,Bag,힙색,HS,2069000,2069000,1880909,373281,1507628,0,0,0,130041,51159,0,512354,85582,0,0,779136,728492
M,제휴몰,Headwear,메시캡,MC,252000,252000,229091,30533,198558,0,0,0,15839,6216,0,52283,10424,0,0,84762,113796
M,제휴몰,Headwear,방한모,WM,2173000,2272000,2065454,430939,1634515,0,0,0,142799,56027,0,526914,93978,0,0,819718,814797
M,제휴몰,Headwear,비니,BN,60884000,60828060,55298236,8794519,46503717,0,0,0,3826909,1501980,0,14734377,2516073,0,0,22579339,23924378
M,제휴몰,Headwear,여성 베레모,CB,1369000,1369000,1244544,211799,1032745,0,0,0,86043,33730,0,321582,56627,0,0,497982,534763
M,제휴몰,Headwear,운동모,CP,564458000,564418090,513107365,90778287,422329078,0,0,0,35477648,13936986,0,128376194,23346393,0,0,201137221,221191857
M,제휴몰,Headwear,햇,HT,5925000,5895600,5359636,787337,4572299,0,0,0,374246,145764,0,1341658,243859,0,0,2105527,2466772
M,제휴몰,Shoes,런닝화,RN,66384000,66384110,60349190,16018648,44330542,0,0,0,4172416,1639461,0,16895078,2745891,0,0,25452846,18877696
M,제휴몰,Shoes,뮬,MU,9422000,6680300,6072999,1690292,4382707,0,0,0,419870,164748,0,1580249,276322,0,0,2441189,1941518
M,제휴몰,Shoes,방한화,WB,9327000,9327000,8479094,1987238,6491856,0,0,0,593681,230310,0,2197162,385797,0,0,3406950,3084906
M,제휴몰,Shoes,샌들,SD,2850000,2023500,1839545,694083,1145462,0,0,0,127183,50007,0,454378,83700,0,0,715268,430194
M,제휴몰,Shoes,스니커즈,SX,197931000,193571860,175974422,36004430,139969992,0,0,0,12166498,4779267,0,49962434,8006851,0,0,74915050,65054942
M,제휴몰,Shoes,슬리퍼,LP,637000,637000,579091,151007,428084,0,0,0,40038,15697,0,159010,26348,0,0,241093,186991
M,제휴몰,Shoes,신발,SH,199680000,171259020,155690019,39232344,116457675,0,0,0,10764081,4229679,0,41386959,7083902,0,0,63464621,52993054
M,제휴몰,Shoes,아쿠아 슈즈,SQ,118000,118000,107273,23308,83965,0,0,0,7416,2897,0,24482,4881,0,0,39676,44289
M,제휴몰,과시즌의류,니트가디건,KC,1592000,1592000,1447273,167511,1279762,0,0,0,100061,39284,0,418239,65851,0,0,623435,656327
M,제휴몰,과시즌의류,다운점퍼,DJ,2189000,2189000,1990000,126843,1863157,0,0,0,137584,53990,0,518479,90545,0,0,800598,1062559
M,제휴몰,과시즌의류,레깅스,LG,0,0,0,0,0,0,0,0,0,0,0,0,0,0,0,0,0
M,제휴몰,과시즌의류,맨투맨,MT,1506000,1110000,1009091,-70773,1079864,0,0,0,69767,27361,0,287244,45916,0,0,430288,649576
M,제휴몰,과시즌의류,반팔카라티셔츠,TS,325000,325000,295454,31369,264085,0,0,0,20426,8006,0,79084,13442,0,0,120958,143127
M,제휴몰,과시즌의류,우븐셔츠,WS,6407000,3203500,2912272,-72329,2984601,0,0,0,201347,79082,0,815809,132508,0,0,1228746,1755855
M,제휴몰,과시즌의류,점퍼,JP,31489000,17120490,15564081,-826933,16391014,0,0,0,1076063,422500,0,4353893,708166,0,0,6560622,9830392
M,제휴몰,과시즌의류,진바지,DP,1144000,1144000,1039999,120049,919950,0,0,0,71904,28202,0,280850,47319,0,0,428275,491675
M,제휴몰,과시즌의류,진자켓,DK,638000,638000,580000,37736,542264,0,0,0,40100,15845,0,153986,26390,0,0,236321,305943
M,제휴몰,과시즌의류,탱크탑,TK,0,0,0,-3197,3197,0,0,0,4948,13,0,17380,0,0,0,22341,-19144
M,제휴몰,과시즌의류,트레이닝(상의),TR,14797000,8198500,7453181,93825,7359356,0,0,0,515299,202431,0,2059212,339121,0,0,3116063,4243293
M,제휴몰,과시즌의류,팬츠,PT,5974000,4192000,3810910,294331,3516579,0,0,0,263483,103643,0,1036651,173397,0,0,1577174,1939405
M,제휴몰,과시즌의류,폴라폴리스점퍼,FD,39203000,19701060,17910056,-1054007,18964063,0,0,0,1238262,486002,0,5307540,814909,0,0,7846713,11117350
M,제휴몰,과시즌의류,후드티,HD,13708000,7708500,7007727,-215154,7222881,0,0,0,484498,190061,0,1944551,318849,0,0,2937959,4284922
M,제휴몰,당시즌의류,니트가디건,KC,1931000,1931000,1755455,303979,1451476,0,0,0,121368,47710,0,507920,79873,0,0,756871,694605
M,제휴몰,당시즌의류,다운베스트,DV,8720000,8720000,7927274,1696211,6231063,0,0,0,561796,215539,0,2104460,360689,0,0,3242484,2988579
M,제휴몰,당시즌의류,다운점퍼,DJ,97506000,91426510,83115012,17510277,65604735,0,0,0,5825055,2257693,0,22816729,3781730,0,0,34681207,30923528
M,제휴몰,당시즌의류,데님셔츠,DR,736000,736000,669090,149757,519333,0,0,0,46262,18148,0,189917,30443,0,0,284770,234563
M,제휴몰,당시즌의류,데님원피스,DD,0,0,0,0,0,0,0,0,0,0,0,0,0,0,0,0,0
M,제휴몰,당시즌의류,레깅스,LG,89000,89000,80909,16117,64792,0,0,0,5594,2212,0,18465,3681,0,0,29952,34840
M,제휴몰,당시즌의류,맨투맨,MT,13962000,13802000,12547272,2470472,10076800,0,0,0,873694,341420,0,3210161,570900,0,0,4996175,5080625
M,제휴몰,당시즌의류,반팔카라티셔츠,TS,603000,603000,548181,130150,418031,0,0,0,37901,14897,0,144712,24943,0,0,222453,195578
M,제휴몰,당시즌의류,스커트,SK,1370000,1370000,1245455,267980,977475,0,0,0,86107,33875,0,316694,56670,0,0,493346,484129
M,제휴몰,당시즌의류,우븐팬츠,WP,3426000,3426000,3114550,656029,2458521,0,0,0,215325,84389,0,850322,141717,0,0,1291753,1166768
M,제휴몰,당시즌의류,원피스,OP,516000,516000,469091,69839,399252,0,0,0,32431,12680,0,135276,21344,0,0,201731,197521
M,제휴몰,당시즌의류,점퍼,JP,1196000,1196000,1087272,222686,864586,0,0,0,95150,29611,0,327241,49471,0,0,501473,363113
M,제휴몰,당시즌의류,진바지,DP,1491000,1491000,1355452,308709,1046743,0,0,0,106176,36732,0,404185,61673,0,0,608766,437977
M,제휴몰,당시즌의류,진스커트,DS,417000,417000,379092,84097,294995,0,0,0,26208,10280,0,99204,17250,0,0,152942,142053
M,제휴몰,당시즌의류,진자켓,DK,578000,578000,525454,104427,421027,0,0,0,36328,14294,0,144676,23908,0,0,219206,201821
M,제휴몰,당시즌의류,트레이닝(상의),TR,3631000,3631000,3300910,695219,2605691,0,0,0,228216,89706,0,832285,150193,0,0,1300400,1305291
M,제휴몰,당시즌의류,패딩,PD,2409000,2409000,2190001,498129,1691872,0,0,0,165131,59555,0,608531,99645,0,0,932862,759010
M,제휴몰,당시즌의류,팬츠,PT,7725000,7725000,7022727,1536449,5486278,0,0,0,510336,190734,0,1915004,319535,0,0,2935609,2550669
M,제휴몰,당시즌의류,폴라폴리스점퍼,FD,1653000,1653000,1502727,299586,1203141,0,0,0,103895,40825,0,342953,68375,0,0,556048,647093
M,제휴몰,당시즌의류,후드티,HD,7063000,7063000,6420914,1515461,4905453,0,0,0,443922,174518,0,1659634,292157,0,0,2570231,2335222
M,제휴몰,차시즌의류,니트가디건,KC,3064000,3064000,2785454,558008,2227446,0,0,0,192581,75717,0,732724,126738,0,0,1127760,1099686
M,제휴몰,차시즌의류,니트풀오버,KP,139000,139000,126363,20651,105712,0,0,0,21202,3516,0,86377,5749,0,0,116844,-11132
M,제휴몰,차시즌의류,데님셔츠,DR,786000,786000,714545,152699,561846,0,0,0,49403,19473,0,202526,32513,0,0,303915,257931
M,제휴몰,차시즌의류,레깅스,LG,89000,89000,80909,14973,65936,0,0,0,5594,2212,0,18465,3681,0,0,29952,35984
M,제휴몰,차시즌의류,맨투맨,MT,18712000,18702000,17001821,3436372,13565449,0,0,0,1175480,462213,0,4479530,773580,0,0,6890803,6674646
M,제휴몰,차시즌의류,반바지,SP,0,0,0,0,0,0,0,0,0,0,0,0,0,0,0,0,0
M,제휴몰,차시즌의류,반팔카라티셔츠,TS,8527000,8527000,7751815,1510273,6241542,0,0,0,535939,210619,0,2129271,352703,0,0,3228532,3013010
M,제휴몰,차시즌의류,방풍자켓,WJ,11776000,11776000,10705453,2384752,8320701,0,0,0,740158,290982,0,2845048,487098,0,0,4363286,3957415
M,제휴몰,차시즌의류,스커트,SK,843000,843000,766365,158331,608034,0,0,0,52983,20827,0,211739,34870,0,0,320419,287615
M,제휴몰,차시즌의류,우븐반바지,SM,69000,69000,62727,14240,48487,0,0,0,4336,1693,0,18127,2854,0,0,27010,21477
M,제휴몰,차시즌의류,우븐팬츠,WP,2849000,2849000,2590004,559977,2030027,0,0,0,187769,70123,0,701394,117848,0,0,1077134,952893
M,제휴몰,차시즌의류,점퍼,JP,33916000,33916000,30832729,7030753,23801976,0,0,0,2131711,837552,0,8131406,1402895,0,0,12503564,11298412
M,제휴몰,차시즌의류,진바지,DP,984000,984000,894543,184722,709821,0,0,0,72432,24330,0,272222,40701,0,0,409685,300136
M,제휴몰,차시즌의류,진스커트,DS,278000,278000,252728,55788,196940,0,0,0,17472,6816,0,72728,11500,0,0,108516,88424
M,제휴몰,차시즌의류,탱크탑,TK,483000,483000,439090,106043,333047,0,0,0,30356,11861,0,122091,19978,0,0,184286,148761
M,제휴몰,차시즌의류,트레이닝(상의),TR,4563000,4563000,4148184,899968,3248216,0,0,0,286798,112795,0,1149816,188741,0,0,1738150,1510066
M,제휴몰,차시즌의류,팬츠,PT,6510000,6510000,5918184,1240311,4677873,0,0,0,409163,160688,0,1577038,269280,0,0,2416169,2261704
M,제휴몰,차시즌의류,폴로 티셔츠,PQ,268000,268000,243637,47360,196277,0,0,0,16845,6675,0,63833,11085,0,0,98438,97839
M,제휴몰,차시즌의류,후드티,HD,10719000,10719000,9744553,2195135,7549418,0,0,0,673711,264889,0,2525685,443382,0,0,3907667,3641751
M,직영몰,Acc_etc,기타,ET,69000,69000,62727,7716,55011,0,10153,0,1524,1710,658,0,2854,27407,5720,50026,4985
M,직영몰,Acc_etc,머플러(스카프),MF,307000,307000,279091,45362,233729,0,48048,0,6780,7591,2471,0,12698,155044,35307,267939,-34210
M,직영몰,Acc_etc,양말,SO,1180700,1151660,1046960,191977,854983,0,170537,0,25422,28429,11872,0,47640,413761,96351,794012,60971
M,직영몰,Acc_etc,캐리어(하드케이스),HH,299000,299000,271818,91772,180046,0,58462,0,6601,7432,5791,0,12368,138172,55071,283897,-103851
M,직영몰,Acc_etc,파우치,PO,636000,606000,550910,111269,439641,0,89997,0,13464,14997,3864,0,25068,279578,54929,481897,-42256
M,직영몰,Bag,백팩,BK,1320000,1299600,1181455,219087,962368,0,209774,0,28687,32111,9353,0,53757,540428,116415,990525,-28157
M,직영몰,Bag,쇼퍼백,OR,1391000,1226140,1114672,215148,899524,0,180401,0,27067,30282,14138,0,50718,389683,93028,785317,114207
M,직영몰,Bag,숄더백,BQ,4524000,4396080,3996437,739607,3256830,0,683199,0,97042,108624,29543,0,181840,1992400,414048,3506696,-249866
M,직영몰,Bag,크로스백,CR,2477000,2456100,2232820,405288,1827532,0,412892,0,54220,60777,20263,0,101594,1142711,280149,2072606,-245074
M,직영몰,Bag,힙색,HS,1218000,1198100,1089182,216672,872510,0,181810,0,26445,29638,8030,0,49559,555041,110960,961483,-88973
M,직영몰,Headwear,메시캡,MC,63000,63000,57273,7633,49640,0,9966,0,1391,1558,0,0,2606,30351,5023,50895,-1255
M,직영몰,Headwear,방한모,WM,671000,671000,609999,128661,481338,0,118012,0,14811,16586,7107,0,27754,250687,67767,502724,-21386
M,직영몰,Headwear,비니,BN,7270000,7200260,6545690,1028846,5516844,0,1079534,0,158949,177927,50227,0,297829,3115420,650239,5530125,-13281
M,직영몰,Headwear,여성 베레모,CB,507000,499700,454271,69337,384934,0,64637,0,11030,12345,2624,0,20670,179202,32077,322585,62349
M,직영몰,Headwear,운동모,CP,92541000,91575520,83250475,14906468,68344007,0,13366131,0,2021596,2263219,637639,0,3787895,38587268,7843235,68506983,-162976
M,직영몰,Headwear,햇,HT,4287000,4243500,3857729,603697,3254032,0,591290,0,93673,104860,19109,0,175527,2038129,375728,3398316,-144284
M,직영몰,Shoes,런닝화,RN,17223000,16831140,15301036,3996382,11304654,0,2510901,0,371558,415956,124996,0,696198,7069232,1442104,12630945,-1326291
M,직영몰,Shoes,방한화,WB,1149000,957400,870363,237464,632899,0,150840,0,21136,23660,14339,0,39601,362545,99769,711890,-78991
M,직영몰,Shoes,스니커즈,SX,221834000,127731900,116119914,40839757,75280157,0,12640091,0,2824785,3156517,351195,0,5283463,37341384,6245047,67842482,7437675
M,직영몰,Shoes,슬리퍼,LP,286000,144500,131363,35315,96048,0,13512,0,3190,3588,0,0,5977,42310,6092,74669,21379
M,직영몰,Shoes,신발,SH,78784000,50170080,45609166,13044893,32564273,0,5426101,0,1107535,1239712,185222,0,2075222,15910274,2761250,28705316,3858957
M,직영몰,Shoes,아쿠아 슈즈,SQ,413000,407100,370091,81578,288513,0,67472,0,8985,10077,5461,0,16838,142502,45208,296543,-8030
M,직영몰,과시즌의류,반팔카라티셔츠,TS,472000,472000,429090,64730,364360,0,68864,0,10418,11723,5134,0,19522,176981,54362,347004,17356
M,직영몰,과시즌의류,우븐셔츠,WS,149000,74500,67727,3659,64068,0,10963,0,1645,1835,711,0,3082,29591,6175,54002,10066
M,직영몰,과시즌의류,트레이닝(상의),TR,795000,397500,361364,19514,341850,0,53099,0,8775,9809,3034,0,16442,146292,29058,266509,75341
M,직영몰,과시즌의류,폴라폴리스점퍼,FD,597000,298500,271364,14653,256711,0,31523,0,6589,7386,0,0,12347,97953,14685,170483,86228
M,직영몰,과시즌의류,후드티,HD,338000,169000,153636,8297,145339,0,24869,0,3731,4173,1612,0,6990,67126,14010,122511,22828
M,직영몰,당시즌의류,니트가디건,KC,1215000,1166200,1060181,186873,873308,0,171085,0,25741,28792,11878,0,48238,411653,78661,776048,97260
M,직영몰,당시즌의류,니트풀오버,KP,607000,586100,532818,107942,424876,0,96264,0,12940,14504,6772,0,24244,239314,62722,456760,-31884
M,직영몰,당시즌의류,다운베스트,DV,3544000,3387400,3079456,667484,2411972,0,536707,0,74778,83829,36301,0,140114,1433784,345048,2650561,-238589
M,직영몰,당시즌의류,다운점퍼,DJ,24762000,23050160,20954692,4520164,16434528,0,3297006,0,508845,569817,145464,0,953438,10145103,2081449,17701122,-1266594
M,직영몰,당시즌의류,데님셔츠,DR,169000,152100,138273,34244,104029,0,21223,0,3358,3752,2516,0,6291,41473,9093,87706,16323
M,직영몰,당시즌의류,레깅스,LG,79000,79000,71818,19293,52525,0,11625,0,1744,1945,754,0,3268,31378,6549,57263,-4738
M,직영몰,당시즌의류,맨투맨,MT,5433000,5207540,4734126,1008457,3725669,0,753189,0,114961,128821,40157,0,215405,1896292,433740,3582565,143104
M,직영몰,당시즌의류,반팔카라티셔츠,TS,277000,277000,251818,60504,191314,0,28686,0,6114,6842,945,0,11458,84064,14244,152353,38961
M,직영몰,당시즌의류,스커트,SK,159000,159000,144545,32968,111577,0,25153,0,3511,3926,0,0,6577,76598,12680,128445,-16868
M,직영몰,당시즌의류,우븐팬츠,WP,467000,467000,424547,95109,329438,0,117749,0,16385,11580,5730,0,19317,355586,80246,606593,-277155
M,직영몰,당시즌의류,원피스,OP,129000,129000,117273,17460,99813,0,25833,0,2847,3186,1896,0,5336,38515,14657,92270,7543
M,직영몰,당시즌의류,진바지,DP,527000,490200,445636,108684,336952,0,71367,0,10823,12090,5478,0,20276,166907,32480,319421,17531
M,직영몰,당시즌의류,진자켓,DK,269000,242100,220091,46849,173242,0,33782,0,5344,5977,4004,0,10014,66013,14473,139607,33635
M,직영몰,당시즌의류,트레이닝(상의),TR,1797000,1719890,1563540,337961,1225579,0,274381,0,37969,42486,15574,0,71140,690607,153563,1285720,-60141
M,직영몰,당시즌의류,패딩,PD,2409000,2409000,2190001,507442,1682559,0,366360,0,53183,59633,14752,0,99647,1114251,241829,1949655,-267096
M,직영몰,당시즌의류,팬츠,PT,4854000,4655140,4231945,949052,3282893,0,673419,0,105147,115175,30951,0,192554,1913082,388135,3418463,-135570
M,직영몰,당시즌의류,폴라폴리스점퍼,FD,219000,219000,199091,34377,164714,0,31369,0,4835,5416,0,0,9059,139666,23437,213782,-49068
M,직영몰,당시즌의류,후드티,HD,1627000,1585000,1440910,331635,1109275,0,219244,0,34988,39232,13158,0,65564,586585,158100,1116871,-7596
M,직영몰,차시즌의류,니트가디건,KC,3562000,3419700,3108817,656007,2452810,0,510827,0,75489,84501,37802,0,141452,1235360,292236,2377667,75143
M,직영몰,차시즌의류,니트풀오버,KP,1910000,1853000,1684545,366835,1317710,0,240402,0,40906,45834,3138,0,76646,852792,154849,1414567,-96857
M,직영몰,차시즌의류,데님셔츠,DR,945000,915100,831909,185440,646469,0,121451,0,20201,22606,2516,0,37852,426718,71996,703340,-56871
M,직영몰,차시즌의류,레깅스,LG,267000,258100,234636,44918,189718,0,37021,0,5698,6370,2174,0,10675,113952,21692,197582,-7864
M,직영몰,차시즌의류,맨투맨,MT,8699000,8494860,7722599,1614366,6108233,0,1235273,0,187539,209962,64244,0,351376,3645016,724540,6417950,-309717
M,직영몰,차시즌의류,반바지,SP,464000,456100,414635,92696,321939,0,54420,0,10068,11240,3624,0,18867,149837,26914,274970,46969
M,직영몰,차시즌의류,반팔카라티셔츠,TS,18217000,17767540,16152305,3303989,12848316,0,2574404,0,392232,439145,153574,0,734926,6911506,1458425,12664212,184104
M,직영몰,차시즌의류,반팔티셔츠,RS,158000,150100,136454,35276,101178,0,21546,0,3313,3698,1930,0,6209,50765,10800,98261,2917
M,직영몰,차시즌의류,방풍자켓,WJ,6589000,6420700,5836997,1312960,4524037,0,907970,0,141737,158555,52996,0,265584,2533216,489557,4549615,-25578
M,직영몰,차시즌의류,스커트,SK,1628000,1614100,1467364,306425,1160939,0,245631,0,35632,39907,8199,0,66766,788570,159419,1344124,-183185
M,직영몰,차시즌의류,우븐반바지,SM,445000,435100,395545,89727,305818,0,56964,0,9604,10760,4056,0,17998,154473,29515,283370,22448
M,직영몰,차시즌의류,우븐셔츠,WS,338000,264100,240091,64896,175195,0,43122,0,5830,6538,4685,0,10924,93230,29721,194050,-18855
M,직영몰,차시즌의류,우븐팬츠,WP,8121000,7836800,7124370,1683119,5441251,0,1135812,0,173168,193613,66415,0,324164,3149163,641928,5684263,-243012
M,직영몰,차시즌의류,점퍼,JP,20303000,19815350,18013955,4236501,13777454,0,2996923,0,437442,489788,179895,0,819637,8007190,1817173,14748048,-970594
M,직영몰,차시즌의류,진바지,DP,1153000,1137100,1033725,215837,817888,0,150997,0,25104,28097,0,0,47033,530917,86055,868203,-50315
M,직영몰,차시즌의류,진자켓,DK,249000,224100,203727,44214,159513,0,31270,0,4947,5524,3706,0,9270,61106,13397,129220,30293
M,직영몰,차시즌의류,탱크탑,TK,532000,511300,464818,118428,346390,0,73848,0,11289,12653,3739,0,21149,230703,42371,395752,-49362
M,직영몰,차시즌의류,트레이닝(상의),TR,7772000,7404040,6730947,1492445,5238502,0,1075385,0,163445,182971,55642,0,306259,3414490,671274,5869466,-630964
M,직영몰,차시즌의류,팬츠,PT,15283000,14824630,13476937,2914629,10562308,0,2129072,0,327266,366401,124260,0,613206,5961711,1229352,10751268,-188960
M,직영몰,차시즌의류,폴로 티셔츠,PQ,774000,747200,679274,138740,540534,0,98994,0,16498,18451,5124,0,30906,313861,56998,540832,-298
M,직영몰,차시즌의류,후드티,HD,8988000,8724840,7931677,1810896,6120781,0,1287199,0,192600,215570,63673,0,360894,3618315,724298,6462549,-341768
M,직영점(가두),Acc_etc,기타,ET,1595900,1594030,1449118,192827,1256291,0,114051,0,35188,39272,33031,0,65936,469148,40455,797081,459210
M,직영점(가두),Acc_etc,머플러(스카프),MF,4396000,4387870,3988973,615604,3373369,0,251076,0,96868,108699,90475,0,181500,1267373,106947,2102938,1270431
M,직영점(가두),Acc_etc,양말,SO,4329400,4308860,3917142,745531,3171611,0,375984,0,95117,106438,89154,0,178229,1391153,166493,2402568,769043
M,직영점(가두),Acc_etc,캐리어(하드케이스),HH,498000,498000,452727,155101,297626,0,28496,0,10993,12232,10268,0,20599,143840,12138,238566,59060
M,직영점(가두),Acc_etc,파우치,PO,4167000,4162840,3784399,698815,3085584,0,476916,0,91896,102776,93519,0,172190,1893236,268256,3098789,-13205
M,직영점(가두),Bag,가방,BG,995000,696500,633182,9044,624138,0,83272,0,15378,17393,11939,0,28810,622509,62743,842044,-217906
M,직영점(가두),Bag,백팩,BK,5141000,5118610,4653281,845307,3807974,0,463416,0,112997,126264,108911,0,211724,1698745,216569,2938626,869348
M,직영점(가두),Bag,버킷백,BM,4002000,3960200,3600181,601081,2999100,0,331580,0,87425,97799,82454,0,163809,1520503,158256,2441826,557274
M,직영점(가두),Bag,쇼퍼백,OR,4491000,4475100,4068272,708858,3359414,0,292475,0,98791,110649,91421,0,185106,1429965,139654,2348061,1011353
M,직영점(가두),Bag,숄더백,BQ,23080000,23019870,20927154,3795670,17131484,0,1883425,0,508178,568823,483976,0,952188,7635240,843719,12875549,4255935
M,직영점(가두),Bag,크로스백,CR,12187000,12136100,11032818,2068838,8963980,0,912294,0,267910,299737,252063,0,501995,3891283,363547,6488829,2475151
M,직영점(가두),Bag,힙색,HS,5237000,5227100,4751909,956445,3795464,0,360318,0,115392,129344,107416,0,216213,1598628,150672,2677983,1117481
M,직영점(가두),Headwear,메시캡,MC,252000,252000,229091,30534,198557,0,22769,0,5563,6177,5759,0,10424,119660,14240,184592,13965
M,직영점(가두),Headwear,방한모,WM,3981000,3961000,3600908,753535,2847373,0,407023,0,87440,97897,85147,0,163838,1390213,160934,2392492,454881
M,직영점(가두),Headwear,비니,BN,32649000,32416120,29469201,4617068,24852133,0,2601643,0,716541,801052,681108,0,1335969,11668679,1185304,18990296,5861837
M,직영점(가두),Headwear,여성 베레모,CB,1203000,1203000,1093636,191321,902315,0,105415,0,26556,29664,27270,0,49760,552819,64798,856282,46033
M,직영점(가두),Headwear,운동모,CP,444184000,385211460,350192249,70983479,279208770,0,30370091,0,8504925,9512037,8017580,0,15924512,131458371,13661153,217448669,61760101
M,직영점(가두),Headwear,햇,HT,19520000,19390880,17628070,2716720,14911350,0,1677808,0,428066,479767,408622,0,802072,7035341,792787,11624463,3286887
M,직영점(가두),Shoes,런닝화,RN,70483000,59382910,53984464,14508788,39475676,0,5016344,0,1310908,1466968,1233556,0,2456296,21786932,2436316,35707320,3768356
M,직영점(가두),Shoes,뮬,MU,1098000,866700,787910,166268,621642,0,57824,0,19133,21438,17776,0,35850,237193,23871,413085,208557
M,직영점(가두),Shoes,방한화,WB,5994000,5984000,5439999,1216498,4223501,0,557364,0,132103,147816,134905,0,247519,2663817,330389,4213913,9588
M,직영점(가두),Shoes,스니커즈,SX,137120000,114888150,104443773,24785013,79658760,0,8542924,0,2536211,2837381,2411187,0,4752198,40018312,4142473,65240686,14418074
M,직영점(가두),Shoes,슬리퍼,LP,196000,196000,178181,46464,131717,0,45444,0,4327,4859,3309,0,8107,88256,21702,176004,-44287
M,직영점(가두),Shoes,신발,SH,79795000,75017400,68197640,14490584,53707056,0,5861799,0,1656027,1852416,1551389,0,3083268,25354591,2761673,42121163,11585893
M,직영점(가두),Shoes,아쿠아 슈즈,SQ,531000,525540,477764,104887,372877,0,48075,0,11600,12931,11577,0,21738,214505,19122,339548,33329
M,직영점(가두),과시즌의류,반팔카라티셔츠,TS,354000,354000,321818,45558,276260,0,20256,0,7814,8770,7300,0,14642,102248,8628,169658,106602
M,직영점(가두),과시즌의류,방풍자켓,WJ,189000,189000,171818,21133,150685,0,10815,0,4172,4616,3897,0,7818,54590,4607,90515,60170
M,직영점(가두),과시즌의류,점퍼,JP,339000,339000,308182,37906,270276,0,19398,0,7482,8308,6990,0,14022,97915,8262,162377,107899
M,직영점(가두),과시즌의류,트레이닝(상의),TR,169000,169000,153636,18897,134739,0,9670,0,3731,4154,3485,0,6990,48813,4120,80963,53776
M,직영점(가두),과시즌의류,후드티,HD,119000,119000,108182,13306,94876,0,6809,0,2628,3000,2454,0,4922,34371,2900,57084,37792
M,직영점(가두),당시즌의류,니트가디건,KC,1145000,1145000,1040908,177144,863764,0,175759,0,25275,28188,25440,0,47361,456133,62433,820589,43175
M,직영점(가두),당시즌의류,니트풀오버,KP,1254000,1238320,1125745,206347,919398,0,70857,0,27339,30695,25534,0,51221,357671,30182,593499,325899
M,직영점(가두),당시즌의류,다운베스트,DV,4161000,4151000,3773636,804415,2969221,0,336675,0,91640,102840,85228,0,171701,1635620,177317,2601021,368200
M,직영점(가두),당시즌의류,다운점퍼,DJ,63848000,61326350,55751226,11868600,43882626,0,5501698,0,1394762,1513203,1341536,0,2536680,22047965,2415199,36751043,7131583
M,직영점(가두),당시즌의류,데님셔츠,DR,219000,219000,199091,43957,155134,0,12531,0,4834,5308,4516,0,9059,63255,5338,104841,50293
M,직영점(가두),당시즌의류,레깅스,LG,356000,356000,323636,68142,255494,0,52571,0,7858,8774,6969,0,14726,51413,19424,161735,93759
M,직영점(가두),당시즌의류,맨투맨,MT,8751000,8751000,7955455,1547509,6407946,0,649199,0,193190,216499,182624,0,361974,3068631,295480,4967597,1440349
M,직영점(가두),당시즌의류,반팔카라티셔츠,TS,2370000,2367960,2152690,517605,1635085,0,449329,0,52273,58498,69978,0,97947,2445773,362087,3535885,-1900800
M,직영점(가두),당시즌의류,스커트,SK,318000,313680,285164,65937,219227,0,17949,0,6925,7847,6468,0,12975,90601,7645,150410,68817
M,직영점(가두),당시즌의류,우븐셔츠,WS,1632000,1632000,1483637,349958,1133679,0,93383,0,36025,40157,33651,0,67505,471379,39778,781878,351801
M,직영점(가두),당시즌의류,우븐팬츠,WP,1013000,1011640,919674,201268,718406,0,136183,0,22332,25042,20815,0,41845,258253,38664,543134,175272
M,직영점(가두),당시즌의류,원피스,OP,417000,417000,379091,75000,304091,0,23861,0,9206,10385,8598,0,17249,120445,10164,199908,104183
M,직영점(가두),당시즌의류,진바지,DP,477000,477000,433635,100060,333575,0,56057,0,10533,11774,9503,0,19731,91850,21225,220673,112902
M,직영점(가두),당시즌의류,진자켓,DK,1136000,1136000,1032727,203497,829230,0,65002,0,25079,28156,23424,0,46989,328117,27688,544455,284775
M,직영점(가두),당시즌의류,트레이닝(상의),TR,1757000,1757000,1597273,327230,1270043,0,100537,0,38790,43618,36229,0,72675,507485,42825,842159,427884
M,직영점(가두),당시즌의류,패딩,PD,1314000,1314000,1194546,265781,928765,0,75188,0,29007,32541,27094,0,54352,379530,32026,629738,299027
M,직영점(가두),당시즌의류,팬츠,PT,3398000,3392330,3083936,666905,2417031,0,327491,0,74891,84255,69463,0,140320,1150308,113941,1960669,456362
M,직영점(가두),당시즌의류,폴라폴리스점퍼,FD,2529000,2529000,2299091,437106,1861985,0,144710,0,55828,62312,52146,0,104609,730465,61640,1211710,650275
M,직영점(가두),당시즌의류,후드티,HD,2441000,2435180,2213802,533314,1680488,0,308431,0,56796,60484,56615,0,100729,1644008,206676,2433739,-753251
M,직영점(가두),차시즌의류,니트가디건,KC,10975000,10953100,9957364,2306871,7650493,0,1173240,0,241794,270499,241801,0,453061,4616843,656004,7653242,-2749
M,직영점(가두),차시즌의류,니트풀오버,KP,4445000,4445000,4040908,801610,3239298,0,429673,0,98127,109763,97644,0,183860,1735955,231433,2886455,352843
M,직영점(가두),차시즌의류,데님셔츠,DR,8099000,8074670,7340607,1591338,5749269,0,744125,0,178249,199230,171998,0,333998,3266111,405592,5299303,449966
M,직영점(가두),차시즌의류,레깅스,LG,682000,682000,619999,120804,499195,0,73414,0,15055,16904,15109,0,28210,273955,39734,462381,36814
M,직영점(가두),차시즌의류,맨투맨,MT,25784000,24837130,22579210,4798994,17780216,0,2706628,0,548299,614105,515948,0,1027353,9846859,1241546,16500738,1279478
M,직영점(가두),차시즌의류,반바지,SP,860000,860000,781818,173804,608014,0,49209,0,18987,21464,17733,0,35573,248399,20962,412327,195687
M,직영점(가두),차시즌의류,반팔카라티셔츠,TS,62183000,61962050,56329135,11019830,45309305,0,5175858,0,1370850,1530132,1316101,0,2562971,22441945,2454921,36852778,8456527
M,직영점(가두),차시즌의류,반팔티셔츠,RS,1246000,1246000,1132727,285673,847054,0,71297,0,27507,30925,25691,0,51539,359889,30369,597217,249837
M,직영점(가두),차시즌의류,방풍자켓,WJ,54984000,45325100,41204636,11037782,30166854,0,3892211,0,1000574,1119502,938562,0,1874811,14023640,1690082,24539382,5627472
M,직영점(가두),차시즌의류,스커트,SK,1815000,1815000,1650000,340773,1309227,0,195645,0,40065,44865,38228,0,75076,547783,89879,1031541,277686
M,직영점(가두),차시즌의류,우븐반바지,SM,1689000,1689000,1535453,347513,1187940,0,164335,0,37287,42042,35681,0,69864,542664,56664,948537,239403
M,직영점(가두),차시즌의류,우븐셔츠,WS,825000,825000,750000,168768,581232,0,47206,0,18211,20309,17011,0,34125,238288,20109,395259,185973
M,직영점(가두),차시즌의류,우븐팬츠,WP,17553000,17432530,15847758,3629014,12218744,0,2213346,0,387875,431254,368121,0,721076,6478895,972054,11572621,646123
M,직영점(가두),차시즌의류,점퍼,JP,38648000,38301950,34819956,7909040,26910916,0,4721545,0,845540,946526,800213,0,1584310,16359305,2311602,27569041,-658125
M,직영점(가두),차시즌의류,진바지,DP,3916000,3877630,3525117,728146,2796971,0,562017,0,85603,95701,81945,0,160389,1369030,254597,2609282,187689
M,직영점(가두),차시즌의류,진스커트,DS,417000,417000,379091,83680,295411,0,50303,0,9205,10349,9151,0,17249,169291,6863,272411,23000
M,직영점(가두),차시즌의류,진자켓,DK,2281000,2221000,2019091,450106,1568985,0,227843,0,49031,54966,48957,0,91870,1327623,154337,1954627,-385642
M,직영점(가두),차시즌의류,탱크탑,TK,1656000,1656000,1505455,370829,1134626,0,169426,0,36557,41000,36597,0,68498,668050,82532,1102660,31966
M,직영점(가두),차시즌의류,트레이닝(상의),TR,13381000,13305980,12096348,2648214,9448134,0,1458033,0,293728,328510,288053,0,550386,5333638,769317,9021665,426469
M,직영점(가두),차시즌의류,팬츠,PT,20589000,20510800,18646180,3924047,14722133,0,2607103,0,455169,506866,449858,0,848404,9118698,1340941,15327039,-604906
M,직영점(가두),차시즌의류,폴로 티셔츠,PQ,3076000,3076000,2796365,516854,2279511,0,263109,0,71161,76189,68394,0,127235,1062151,127422,1795661,483850
M,직영점(가두),차시즌의류,후드티,HD,15913000,15796400,14360362,3292413,11067949,0,1883689,0,348708,390284,336663,0,653403,5981907,877751,10472405,595544
ST,공통,Acc_etc,보호대,PR,0,0,0,768839,-768839,0,0,0,0,0,0,0,0,0,0,0,-768839
ST,공통,Acc_etc,양말,SO,0,0,0,2371714,-2371714,0,0,0,0,0,0,0,0,0,0,0,-2371714
ST,공통,Acc_etc,헤드밴드,HB,0,0,0,1618030,-1618030,0,0,0,0,0,0,0,0,0,0,0,-1618030
ST,공통,Bag,라켓백,RB,0,0,0,12852510,-12852510,0,0,0,0,0,0,0,0,0,0,0,-12852510
ST,공통,Bag,백팩,BK,0,0,0,464416,-464416,0,0,0,0,0,0,0,0,0,0,0,-464416
ST,공통,Bag,보스톤백,BW,0,0,0,378488,-378488,0,0,0,0,0,0,0,0,0,0,0,-378488
ST,공통,Bag,토드백,TG,0,0,0,6061596,-6061596,0,0,0,0,0,0,0,0,0,0,0,-6061596
ST,공통,Headwear,비니,BN,0,0,0,57000,-57000,0,0,0,0,0,0,0,0,0,0,0,-57000
ST,공통,Headwear,선캡,SC,0,0,0,11545,-11545,0,0,0,0,0,0,0,0,0,0,0,-11545
ST,공통,Headwear,운동모,CP,0,0,0,212560,-212560,0,0,0,0,0,0,0,0,0,0,0,-212560
ST,공통,Headwear,햇,HT,0,0,0,4366618,-4366618,0,0,0,0,0,0,0,0,0,0,0,-4366618
ST,공통,Shoes,신발,SH,0,0,0,103238416,-103238416,0,0,0,0,0,0,0,0,0,0,0,-103238416
ST,공통,과시즌의류,긴팔티셔츠,RL,0,0,0,7361028,-7361028,0,0,0,0,0,0,0,0,0,0,0,-7361028
ST,공통,과시즌의류,니트가디건,KC,0,0,0,12699688,-12699688,0,0,0,0,0,0,0,0,0,0,0,-12699688
ST,공통,과시즌의류,니트반팔티셔츠,KU,0,0,0,27636232,-27636232,0,0,0,0,0,0,0,0,0,0,0,-27636232
ST,공통,과시즌의류,니트베스트,KV,0,0,0,5413649,-5413649,0,0,0,0,0,0,0,0,0,0,0,-5413649
ST,공통,과시즌의류,니트풀오버,KP,0,0,0,14936244,-14936244,0,0,0,0,0,0,0,0,0,0,0,-14936244
ST,공통,과시즌의류,다운베스트,DV,0,0,0,35616091,-35616091,0,0,0,0,0,0,0,0,0,0,0,-35616091
ST,공통,과시즌의류,다운점퍼,DJ,0,0,0,261238083,-261238083,0,0,0,0,0,0,0,0,0,0,0,-261238083
ST,공통,과시즌의류,레깅스,LG,0,0,0,21996464,-21996464,0,0,0,0,0,0,0,0,0,0,0,-21996464
ST,공통,과시즌의류,맨투맨,MT,0,0,0,70752297,-70752297,0,0,0,0,0,0,0,0,0,0,0,-70752297
ST,공통,과시즌의류,반바지,SP,0,0,0,32113232,-32113232,0,0,0,0,0,0,0,0,0,0,0,-32113232
ST,공통,과시즌의류,반팔카라티셔츠,TS,0,0,0,2237892,-2237892,0,0,0,0,0,0,0,0,0,0,0,-2237892
ST,공통,과시즌의류,반팔티셔츠,RS,0,0,0,88531659,-88531659,0,0,0,0,0,0,0,0,0,0,0,-88531659
ST,공통,과시즌의류,방풍자켓,WJ,0,0,0,55964728,-55964728,0,0,0,0,0,0,0,0,0,0,0,-55964728
ST,공통,과시즌의류,브라,BR,0,0,0,5573196,-5573196,0,0,0,0,0,0,0,0,0,0,0,-5573196
ST,공통,과시즌의류,스커트,SK,0,0,0,46266349,-46266349,0,0,0,0,0,0,0,0,0,0,0,-46266349
ST,공통,과시즌의류,슬리브리스,SL,0,0,0,1568661,-1568661,0,0,0,0,0,0,0,0,0,0,0,-1568661
ST,공통,과시즌의류,여성하의 스코트,SR,0,0,0,1174264,-1174264,0,0,0,0,0,0,0,0,0,0,0,-1174264
ST,공통,과시즌의류,원피스,OP,0,0,0,74272657,-74272657,0,0,0,0,0,0,0,0,0,0,0,-74272657
ST,공통,과시즌의류,점퍼,JP,0,0,0,68360034,-68360034,0,0,0,0,0,0,0,0,0,0,0,-68360034
ST,공통,과시즌의류,트레이닝 숏팬츠,TB,0,0,0,6957394,-6957394,0,0,0,0,0,0,0,0,0,0,0,-6957394
ST,공통,과시즌의류,트레이닝(상의),TR,0,0,0,41616690,-41616690,0,0,0,0,0,0,0,0,0,0,0,-41616690
ST,공통,과시즌의류,트레이닝(하의),TP,0,0,0,25309850,-25309850,0,0,0,0,0,0,0,0,0,0,0,-25309850
ST,공통,과시즌의류,팬츠,PT,0,0,0,54672601,-54672601,0,0,0,0,0,0,0,0,0,0,0,-54672601
ST,공통,과시즌의류,폴라폴리스점퍼,FD,0,0,0,12183730,-12183730,0,0,0,0,0,0,0,0,0,0,0,-12183730
ST,공통,과시즌의류,폴로 티셔츠,PQ,0,0,0,79117547,-79117547,0,0,0,0,0,0,0,0,0,0,0,-79117547
ST,공통,과시즌의류,후드티,HD,0,0,0,16605096,-16605096,0,0,0,0,0,0,0,0,0,0,0,-16605096
ST,기타,Acc_etc,양말,SO,85000,22980,20891,-104333,125224,0,0,0,0,808,0,0,752,0,0,1560,123664
ST,기타,Acc_etc,헤드밴드,HB,0,0,0,-12680,12680,0,0,0,0,0,0,0,0,0,0,0,12680
ST,기타,Bag,토드백,TG,259000,124320,113018,79606,33412,0,0,0,0,4319,0,0,4069,0,0,8388,25024
ST,기타,Headwear,햇,HT,89000,44500,40455,18500,21955,0,0,0,0,1502,0,0,1456,0,0,2958,18997
ST,기타,Shoes,신발,SH,199000,99500,90455,49900,40555,0,0,0,0,3384,0,0,3256,0,0,6640,33915
ST,기타,과시즌의류,긴팔티셔츠,RL,0,10,9,0,9,0,0,0,0,0,0,0,0,0,0,0,9
ST,기타,과시즌의류,니트가디건,KC,279000,93170,84700,70580,14120,0,0,0,0,3192,0,0,3049,0,0,6241,7879
ST,기타,과시즌의류,다운점퍼,DJ,1476000,616350,560319,378160,182159,0,0,0,0,21221,0,0,20172,0,0,41393,140766
ST,기타,과시즌의류,맨투맨,MT,0,0,0,0,0,0,0,0,0,0,0,0,0,0,0,0,0
ST,기타,과시즌의류,스커트,SK,298000,149000,135455,76490,58965,0,0,0,0,5066,0,0,4876,0,0,9942,49023
ST,기타,과시즌의류,원피스,OP,0,10,9,0,9,0,0,0,0,0,0,0,0,0,0,0,9
ST,기타,과시즌의류,트레이닝(상의),TR,149000,74500,67727,40580,27147,0,0,0,0,2573,0,0,2438,0,0,5011,22136
ST,기타,과시즌의류,팬츠,PT,129000,37500,34091,28420,5671,0,0,0,0,1315,0,0,1228,0,0,2543,3128
ST,기타,차시즌의류,반바지,SP,109000,54500,49545,29610,19935,0,0,0,0,1882,0,0,1784,0,0,3666,16269
ST,기타,차시즌의류,방풍자켓,WJ,239000,119500,108636,63070,45566,0,0,0,0,4126,0,0,3911,0,0,8037,37529
ST,면세점,Acc_etc,보호대,PR,55000,40000,36364,10010,10718,0,0,16690,2998,1378,0,0,1309,0,2731,25106,-14388
ST,면세점,Acc_etc,양말,SO,488400,480800,437090,82951,166187,0,0,200617,36034,16525,0,0,15736,0,32825,301737,-135550
ST,면세점,Bag,라켓백,RB,437000,357490,324991,127924,57318,0,0,149169,26791,12271,0,0,11700,0,24408,224339,-167021
ST,면세점,Bag,백팩,BK,229000,229000,208182,63360,55304,0,0,95552,17162,7855,0,0,7495,0,15635,143699,-88395
ST,면세점,Bag,보스톤백,BW,1036000,932400,847637,274470,208685,0,0,389051,69875,32011,0,0,30515,0,63659,585111,-376426
ST,면세점,Bag,토드백,TG,597000,517400,470363,152850,115256,0,0,215890,38775,17769,0,0,16933,0,35325,324692,-209436
ST,면세점,Headwear,선캡,SC,1625000,1341400,1219456,328906,366180,0,0,559714,100526,46061,0,0,43900,0,91583,841784,-475604
ST,면세점,Headwear,운동모,CP,295000,247800,225273,54292,74113,0,0,103398,18570,8506,0,0,8110,0,16918,155502,-81389
ST,면세점,Headwear,햇,HT,89000,89000,80909,18500,27618,0,0,37136,6670,3053,0,0,2913,0,6076,55848,-28230
ST,면세점,Shoes,신발,SH,3247000,1053710,957918,573009,-26996,0,0,439668,78967,36176,0,0,34485,0,71942,661238,-688234
ST,면세점,과시즌의류,긴팔티셔츠,RL,970000,874800,795272,246280,207024,0,0,365017,65559,30039,0,0,28630,0,59726,548971,-341947
ST,면세점,과시즌의류,니트가디건,KC,259000,155400,141273,64290,16236,0,0,64842,11646,5335,0,0,5086,0,10610,97519,-81283
ST,면세점,과시즌의류,니트반팔티셔츠,KU,1672000,879800,799818,396280,59616,0,0,367103,65932,30202,0,0,28793,0,60068,552098,-492482
ST,면세점,과시즌의류,니트베스트,KV,179000,107400,97636,42900,12752,0,0,44814,8049,3690,0,0,3515,0,7333,67401,-54649
ST,면세점,과시즌의류,니트풀오버,KP,478000,478000,434546,118310,129382,0,0,199448,35822,16420,0,0,15644,0,32636,299970,-170588
ST,면세점,과시즌의류,다운베스트,DV,269000,134490,122264,60560,9127,0,0,56121,10079,4624,0,0,4402,0,9183,84409,-75282
ST,면세점,과시즌의류,다운점퍼,DJ,2215000,1546490,1405901,534030,267331,0,0,645289,115896,53086,0,0,50613,0,105587,970471,-703140
ST,면세점,과시즌의류,레깅스,LG,178000,178000,161818,50940,41296,0,0,74272,13339,6106,0,0,5825,0,12153,111695,-70399
ST,면세점,과시즌의류,맨투맨,MT,755000,755000,686363,158239,232988,0,0,315029,56580,25920,0,0,24709,0,51547,473785,-240797
ST,면세점,과시즌의류,반바지,SP,366000,326400,296727,69620,99514,0,0,136193,24460,11204,0,0,10682,0,22285,204824,-105310
ST,면세점,과시즌의류,반팔티셔츠,RS,1770000,1042210,947462,411610,128441,0,0,434868,78103,35791,0,0,34109,0,71158,654029,-525588
ST,면세점,과시즌의류,방풍자켓,WJ,697000,521800,474364,183060,87328,0,0,217726,39104,17917,0,0,17077,0,35626,327450,-240122
ST,면세점,과시즌의류,브라,BR,623000,409420,372200,164510,47649,0,0,170827,30682,14049,0,0,13399,0,27951,256908,-209259
ST,면세점,과시즌의류,스커트,SK,11941000,8550860,7773510,2526790,1904091,0,0,3567924,640812,293495,0,0,279846,0,583806,5365883,-3461792
ST,면세점,과시즌의류,원피스,OP,2666000,2419200,2199272,521943,731640,0,0,1009429,181299,83037,0,0,79172,0,165169,1518106,-786466
ST,면세점,과시즌의류,점퍼,JP,558000,334800,304364,158100,15388,0,0,139698,25090,11486,0,0,10957,0,22858,210089,-194701
ST,면세점,과시즌의류,트레이닝(상의),TR,994000,731600,665091,210269,168832,0,0,305266,54825,25119,0,0,23943,0,49950,459103,-290271
ST,면세점,과시즌의류,패딩,PD,179000,179000,162727,55760,36994,0,0,74689,13414,6150,0,0,5858,0,12221,112332,-75338
ST,면세점,과시즌의류,팬츠,PT,447000,319800,290728,64129,101586,0,0,133439,23966,10981,0,0,10466,0,21834,200686,-99100
ST,면세점,과시즌의류,폴로 티셔츠,PQ,10836000,7561000,6873635,1883292,2034675,0,0,3154884,566637,259530,0,0,247450,0,516220,4744721,-2710046
ST,면세점,차시즌의류,맨투맨,MT,387000,387000,351818,86190,114347,0,0,161478,29002,13279,0,0,12665,0,26422,242846,-128499
ST,면세점,차시즌의류,반바지,SP,198000,198000,180000,54210,48390,0,0,82617,14839,6788,0,0,6480,0,13518,124242,-75852
ST,면세점,차시즌의류,방풍자켓,WJ,498000,498000,452728,118730,139326,0,0,207794,37322,17102,0,0,16298,0,34000,312516,-173190
ST,면세점,차시즌의류,브라,BR,356000,356000,323636,93880,90592,0,0,148540,26680,12227,0,0,11651,0,24309,223407,-132815
ST,면세점,차시즌의류,스커트,SK,6613000,6613000,6011818,1483960,1942790,0,0,2759315,495585,226984,0,0,216426,0,451497,4149807,-2207017
ST,면세점,차시즌의류,트레이닝(상의),TR,159000,159000,144545,45060,37330,0,0,66344,11915,5454,0,0,5204,0,10856,99773,-62443
ST,면세점,차시즌의류,팬츠,PT,258000,258000,234546,59060,74632,0,0,107652,19336,8862,0,0,8444,0,17614,161908,-87276
ST,면세점,차시즌의류,폴로 티셔츠,PQ,1785000,1785000,1622727,320400,604557,0,0,744807,133771,61266,0,0,58418,0,121870,1120132,-515575
ST,면세점,차시즌의류,후드티,HD,129000,129000,117273,30210,36636,0,0,53826,9668,4431,0,0,4222,0,8807,80954,-44318
ST,백화점,Acc_etc,기타소품류,AC,70000,62990,57263,6260,31817,81056,0,0,4720,2164,0,0,2062,0,21559,111561,-79744
ST,백화점,Acc_etc,보호대,PR,165000,108800,98909,27390,39557,104935,0,0,8154,3732,0,0,3560,0,29279,149660,-110103
ST,백화점,Acc_etc,양말,SO,1698100,1344180,1221982,372373,435259,905290,0,0,101856,46140,0,0,43993,0,288712,1385991,-950732
ST,백화점,Acc_etc,헤드밴드,HB,341000,249730,227027,77160,73731,100621,0,0,18716,8575,0,0,8172,0,37298,173382,-99651
ST,백화점,Bag,라켓백,RB,856000,760500,691364,276130,184260,369569,0,0,56993,26100,0,0,24888,0,153527,631077,-446817
ST,백화점,Bag,백팩,BK,1153000,600500,545909,291630,84632,199350,0,0,45002,20613,0,0,19652,0,89858,374475,-289843
ST,백화점,Bag,보스톤백,BW,518000,255260,232055,139580,13577,87310,0,0,19130,8766,0,0,8354,0,28905,152465,-138888
ST,백화점,Bag,크로스백,CR,1010000,404000,367273,260120,7989,0,0,0,30276,13871,0,0,13222,0,12619,69988,-61999
ST,백화점,Bag,토드백,TG,4624000,2553340,2321217,1160950,461436,1121915,0,0,191349,87649,0,0,83563,0,443680,1928156,-1466720
ST,백화점,Headwear,비니,BN,118000,82590,75082,23720,25832,35765,0,0,6191,2837,0,0,2703,0,11519,59015,-33183
ST,백화점,Headwear,선캡,SC,964000,774100,703727,191399,276440,631687,0,0,58011,26570,0,0,25334,0,213261,954863,-678423
ST,백화점,Headwear,운동모,CP,1553000,1344170,1221972,283710,532261,1475842,0,0,100732,46139,0,0,43992,0,466949,2133654,-1601393
ST,백화점,Shoes,신발,SH,17114000,8591600,7810546,3961721,1396830,6138132,0,0,652814,294863,0,0,281178,0,2133328,9500315,-8103485
ST,백화점,과시즌의류,긴팔티셔츠,RL,564000,477930,434481,161320,129943,220807,0,0,35817,16406,0,0,15641,0,93986,382657,-252714
ST,백화점,과시즌의류,니트가디건,KC,1316000,1008800,917089,384310,245110,822986,0,0,87246,34620,0,0,33016,0,396086,1373954,-1128844
ST,백화점,과시즌의류,니트반팔티셔츠,KU,2547000,1516250,1378407,620970,289970,1141156,0,0,124376,52043,0,0,49624,0,355290,1722489,-1432519
ST,백화점,과시즌의류,니트풀오버,KP,1951000,1497100,1361000,522150,391121,1212999,0,0,112194,51378,0,0,48997,0,514695,1940263,-1549142
ST,백화점,과시즌의류,다운베스트,DV,3380000,1538920,1399018,823800,117744,702189,0,0,115329,52819,0,0,50364,0,304942,1225643,-1107899
ST,백화점,과시즌의류,다운점퍼,DJ,8696000,5855330,5323028,2260970,1224020,3839264,0,0,471709,200997,0,0,191629,0,1319052,6022651,-4798631
ST,백화점,과시즌의류,맨투맨,MT,6077000,4378050,3980045,1417014,1240318,3910342,0,0,359367,150258,0,0,143280,0,1235302,5798549,-4558231
ST,백화점,과시즌의류,반바지,SP,267000,224730,204300,48110,87459,170382,0,0,20843,7708,0,0,7353,0,63367,269653,-182194
ST,백화점,과시즌의류,반팔티셔츠,RS,2225000,866710,787918,599026,-74173,399458,0,0,68618,29747,0,0,28364,0,159899,686086,-760259
ST,백화점,과시즌의류,방풍자켓,WJ,2350000,1149010,1044554,592100,146487,128677,0,0,86108,39449,0,0,37605,0,66738,358577,-212090
ST,백화점,과시즌의류,브라,BR,0,-53400,-48545,0,-32039,0,0,0,0,-1833,0,0,-1748,0,0,-3581,-28458
ST,백화점,과시즌의류,스커트,SK,2125000,1460500,1327729,470460,424768,1463368,0,0,131784,50124,0,0,47796,0,482268,2175340,-1750572
ST,백화점,과시즌의류,원피스,OP,199000,179100,162818,36000,74716,484586,0,0,13422,6142,0,0,5861,0,74244,584255,-509539
ST,백화점,과시즌의류,트레이닝(상의),TR,2802000,2145200,1950184,764483,558076,2752884,0,0,169714,73620,0,0,70205,0,709655,3776078,-3218002
ST,백화점,과시즌의류,트레이닝(하의),TP,387000,169940,154490,86920,15042,58128,0,0,12736,5836,0,0,5562,0,19244,101506,-86464
ST,백화점,과시즌의류,패딩,PD,1195000,836500,760455,357500,135274,573861,0,0,62689,28717,0,0,27376,0,229769,922412,-787138
ST,백화점,과시즌의류,팬츠,PT,7403000,5424790,4931629,1772187,1531456,5234957,0,0,423300,186195,0,0,177539,0,1452976,7474967,-5943511
ST,백화점,과시즌의류,폴라폴리스점퍼,FD,478000,227050,206409,138260,-4203,142548,0,0,17015,7793,0,0,7431,0,56819,231606,-235809
ST,백화점,과시즌의류,폴로 티셔츠,PQ,1638000,1363930,1239937,335940,504126,1173516,0,0,106673,46815,0,0,44640,0,480434,1852078,-1347952
ST,백화점,과시즌의류,후드티,HD,139000,-20900,-19001,67680,-84468,196272,0,0,9601,-720,0,0,-684,0,33940,238409,-322877
ST,백화점,차시즌의류,니트반팔티셔츠,KU,129000,116100,105545,24287,49594,80510,0,0,8701,3985,0,0,3800,0,43472,140468,-90874
ST,백화점,차시즌의류,맨투맨,MT,1627000,1382400,1256729,368880,463728,1143693,0,0,103600,47457,0,0,45243,0,313189,1653182,-1189454
ST,백화점,차시즌의류,반바지,SP,1573000,1368180,1243799,439780,389903,1109692,0,0,102534,46969,0,0,44776,0,420065,1724036,-1334133
ST,백화점,차시즌의류,반팔티셔츠,RS,89000,89000,80909,20434,36202,61717,0,0,6670,3054,0,0,2913,0,33325,107679,-71477
ST,백화점,차시즌의류,방풍자켓,WJ,3396000,3008830,2735298,859700,978655,2154483,0,0,225488,103278,0,0,98471,0,758320,3340040,-2361385
ST,백화점,차시즌의류,브라,BR,89000,80100,72818,23470,27503,55543,0,0,6003,2749,0,0,2621,0,29993,96909,-69406
ST,백화점,차시즌의류,스커트,SK,4131000,3491180,3173800,936320,1185963,3557711,0,0,261634,119836,0,0,114260,0,964460,5017901,-3831938
ST,백화점,차시즌의류,트레이닝(상의),TR,2316000,2001250,1819320,615540,593202,1352359,0,0,149977,68693,0,0,65494,0,437339,2073862,-1480660
ST,백화점,차시즌의류,팬츠,PT,2710000,2281840,2074401,697160,681371,1942932,0,0,180380,78315,0,0,74679,0,564902,2841208,-2159837
ST,백화점,차시즌의류,폴로 티셔츠,PQ,1547000,1328500,1207727,277680,533672,1022481,0,0,99560,45606,0,0,43478,0,343064,1554189,-1020517
ST,백화점,차시즌의류,후드티,HD,774000,689500,626818,181260,244848,366300,0,0,51674,23663,0,0,22566,0,170242,634445,-389597
ST,아울렛,Acc_etc,기타소품류,AC,35000,28000,25455,3130,22325,0,6868,0,2099,967,0,0,916,6035,1505,18390,3935
ST,아울렛,Acc_etc,보호대,PR,29000,17400,15818,9689,6129,0,4268,0,1304,603,0,0,569,3750,935,11429,-5300
ST,아울렛,Acc_etc,양말,SO,104800,89340,81218,19270,61948,0,21914,0,6695,3070,0,0,2924,19256,4801,58660,3288
ST,아울렛,Acc_etc,헤드밴드,HB,25000,20000,18182,6340,11842,0,4906,0,1499,687,0,0,655,4311,1075,13133,-1291
ST,아울렛,Bag,백팩,BK,587000,384000,349090,158770,190320,0,94192,0,28778,13188,0,0,12568,82764,20634,252124,-61804
ST,아울렛,Bag,보스톤백,BW,259000,129500,117727,77920,39807,0,31765,0,9705,4443,0,0,4238,27911,6958,85020,-45213
ST,아울렛,Headwear,선캡,SC,649000,374060,340054,127791,212263,0,91753,0,28033,12837,0,0,12241,80622,20096,245582,-33319
ST,아울렛,Headwear,운동모,CP,413000,299720,272472,75451,197021,0,73519,0,22461,10287,0,0,9809,64598,16105,196779,242
ST,아울렛,Shoes,신발,SH,2985000,1297480,1179528,660049,519479,0,318260,0,97235,44524,0,0,42463,279648,69718,851848,-332369
ST,아울렛,과시즌의류,긴팔티셔츠,RL,714000,345100,313727,162249,151478,0,84649,0,25863,11842,0,0,11294,74379,18543,226570,-75092
ST,아울렛,과시즌의류,니트가디건,KC,897000,511120,464654,230430,234224,0,125372,0,38304,17545,0,0,16728,110163,27464,335576,-101352
ST,아울렛,과시즌의류,니트반팔티셔츠,KU,1115000,606900,551727,257130,294597,0,148866,0,45480,20826,0,0,19862,130806,32611,398451,-103854
ST,아울렛,과시즌의류,니트베스트,KV,179000,107400,97636,42900,54736,0,26344,0,8049,3686,0,0,3515,23148,5771,70513,-15777
ST,아울렛,과시즌의류,다운베스트,DV,1007000,466600,424182,234470,189712,0,114453,0,34967,16005,0,0,15271,100567,25072,306335,-116623
ST,아울렛,과시즌의류,다운점퍼,DJ,6144000,3013150,2739228,1516500,1222728,0,739095,0,225810,103427,0,0,98612,649428,161908,1978280,-755552
ST,아울렛,과시즌의류,맨투맨,MT,3474000,1836320,1669382,771780,897602,0,450430,0,137617,63036,0,0,60098,395786,98672,1205639,-308037
ST,아울렛,과시즌의류,반바지,SP,1484000,831060,755509,301870,453639,0,203851,0,62281,28519,0,0,27199,179118,44655,545623,-91984
ST,아울렛,과시즌의류,반팔티셔츠,RS,7145000,3469350,3153955,1629142,1524813,0,850996,0,260000,119079,0,0,113544,747753,186420,2277792,-752979
ST,아울렛,과시즌의류,방풍자켓,WJ,3924000,2140230,1945665,1008830,936835,0,524978,0,160391,73478,0,0,70045,461289,115002,1405183,-468348
ST,아울렛,과시즌의류,브라,BR,1068000,512640,466036,284040,181996,0,125744,0,38417,17602,0,0,16777,110489,27546,336575,-154579
ST,아울렛,과시즌의류,스커트,SK,22645000,10928350,9934863,4368920,5565943,0,2680624,0,818988,375096,0,0,357654,2355410,587218,7174990,-1609047
ST,아울렛,과시즌의류,원피스,OP,4510000,2246720,2042473,1005930,1036543,0,551099,0,168372,77093,0,0,73529,484240,120724,1475057,-438514
ST,아울렛,과시즌의류,점퍼,JP,279000,133920,121745,79050,42695,0,32849,0,10036,4597,0,0,4383,28864,7196,87925,-45230
ST,아울렛,과시즌의류,트레이닝(상의),TR,4298000,2289420,2081291,868682,1212609,0,561572,0,171573,78579,0,0,74927,493442,123017,1503110,-290501
ST,아울렛,과시즌의류,트레이닝(하의),TP,358000,179000,162727,79960,82767,0,43907,0,13414,6138,0,0,5858,38580,9618,117515,-34748
ST,아울렛,과시즌의류,팬츠,PT,4232000,2197240,1997492,864254,1133238,0,556475,0,170018,75439,0,0,71910,488963,121903,1484708,-351470
ST,아울렛,과시즌의류,폴로 티셔츠,PQ,12125000,5964490,5422263,2036983,3385280,0,1463034,0,446991,204711,0,0,195198,1285539,320492,3915965,-530685
ST,아울렛,과시즌의류,후드티,HD,745000,414220,376563,168310,208253,0,101604,0,31043,14225,0,0,13556,89277,22257,271962,-63709
ST,자사몰,Acc_etc,기타소품류,AC,35000,35000,31818,3130,28688,0,0,0,1926,1199,892,0,1145,0,0,5162,23526
ST,자사몰,Acc_etc,보호대,PR,209000,209000,190001,33209,156792,0,0,0,11501,7195,5327,0,6840,0,0,30863,125929
ST,자사몰,Acc_etc,양말,SO,1141300,1141300,1037546,208807,828739,0,0,0,62799,39190,29089,0,37353,0,0,168431,660308
ST,자사몰,Acc_etc,헤드밴드,HB,127000,127000,115455,29160,86295,0,0,0,6988,4365,3237,0,4156,0,0,18746,67549
ST,자사몰,Bag,라켓백,RB,718000,718000,652727,293640,359087,0,0,0,39508,24656,18299,0,23498,0,0,105961,253126
ST,자사몰,Bag,백팩,BK,1603000,1603000,1457273,443520,1013753,0,0,0,88204,55019,40853,0,52462,0,0,236538,777215
ST,자사몰,Bag,보스톤백,BW,1554000,1554000,1412727,399900,1012827,0,0,0,85508,53340,39605,0,50858,0,0,229311,783516
ST,자사몰,Bag,토드백,TG,0,0,0,0,0,0,0,0,0,0,0,0,0,0,0,0,0
ST,자사몰,Headwear,선캡,SC,2667000,2596200,2360182,532867,1827315,0,0,0,142853,89173,66165,0,84966,0,0,383157,1444158
ST,자사몰,Headwear,운동모,CP,3489000,3489000,3171818,640630,2531188,0,0,0,191978,119776,88918,0,114187,0,0,514859,2016329
ST,자사몰,Shoes,신발,SH,4776000,4776000,4341819,1141313,3200506,0,0,0,262796,163955,121718,0,156305,0,0,704774,2495732
ST,자사몰,과시즌의류,긴팔티셔츠,RL,1841000,1680800,1528000,472300,1055700,0,0,0,92485,57659,42835,0,55007,0,0,247986,807714
ST,자사몰,과시즌의류,니트가디건,KC,2770000,1939000,1762728,737820,1024908,0,0,0,106693,66532,49416,0,63459,0,0,286100,738808
ST,자사몰,과시즌의류,니트반팔티셔츠,KU,1015000,710500,645909,209444,436465,0,0,0,39095,24416,18107,0,23253,0,0,104871,331594
ST,자사몰,과시즌의류,니트베스트,KV,179000,125300,113909,42900,71009,0,0,0,6895,4317,3193,0,4101,0,0,18506,52503
ST,자사몰,과시즌의류,니트풀오버,KP,1553000,1409600,1281455,411410,870045,0,0,0,77562,48351,35924,0,46133,0,0,207970,662075
ST,자사몰,과시즌의류,다운점퍼,DJ,4727000,4242200,3856545,1261970,2594575,0,0,0,233424,145680,108114,0,138836,0,0,626054,1968521
ST,자사몰,과시즌의류,레깅스,LG,346000,346000,314545,96570,217975,0,0,0,19038,11896,8818,0,11323,0,0,51075,166900
ST,자사몰,과시즌의류,맨투맨,MT,10455000,9823500,8930455,2394239,6536216,0,0,0,548564,337166,254079,0,321497,0,0,1461306,5074910
ST,자사몰,과시즌의류,반바지,SP,7131000,5045080,4586435,1498494,3087941,0,0,0,277603,173212,128576,0,165113,0,0,744504,2343437
ST,자사몰,과시즌의류,반팔티셔츠,RS,15929000,11369010,10335463,3511829,6823634,0,0,0,625571,390173,289743,0,372077,0,0,1677564,5146070
ST,자사몰,과시즌의류,방풍자켓,WJ,9528000,7452000,6774545,2359377,4415168,0,0,0,410043,255764,189919,0,243882,0,0,1099608,3315560
ST,자사몰,과시즌의류,브라,BR,534000,400500,364091,140840,223251,0,0,0,22037,13767,10207,0,13108,0,0,59119,164132
ST,자사몰,과시즌의류,스커트,SK,22328000,17822630,16202389,4583912,11618477,0,0,0,980680,611736,454218,0,583284,0,0,2629918,8988559
ST,자사몰,과시즌의류,원피스,OP,3443000,2601200,2364726,710075,1654651,0,0,0,143131,89317,66293,0,85130,0,0,383871,1270780
ST,자사몰,과시즌의류,점퍼,JP,558000,390600,355090,165000,190090,0,0,0,21492,13432,9954,0,12784,0,0,57662,132428
ST,자사몰,과시즌의류,트레이닝(상의),TR,6242000,5418800,4926180,1523464,3402716,0,0,0,298167,186115,138101,0,177344,0,0,799727,2602989
ST,자사몰,과시즌의류,트레이닝(하의),TP,10000,10000,9091,2340,6751,0,0,0,7648,384,3542,0,327,0,0,11901,-5150
ST,자사몰,과시즌의류,패딩,PD,1434000,1434000,1303636,429000,874636,0,0,0,78905,49215,36546,0,46931,0,0,211597,663039
ST,자사몰,과시즌의류,팬츠,PT,11018000,9748700,8862455,2503247,6359208,0,0,0,542964,334579,251485,0,319051,0,0,1448079,4911129
ST,자사몰,과시즌의류,폴로 티셔츠,PQ,10687000,7951300,7228456,1833060,5395396,0,0,0,445162,273035,206187,0,260224,0,0,1184608,4210788
ST,자사몰,과시즌의류,후드티,HD,1560000,1470600,1336909,330120,1006789,0,0,0,80919,50463,37478,0,48128,0,0,216988,789801
ST,자사몰,차시즌의류,니트반팔티셔츠,KU,258000,258000,234545,48574,185971,0,0,0,14196,8874,6575,0,8444,0,0,38089,147882
ST,자사몰,차시즌의류,맨투맨,MT,2690000,2690000,2445455,607590,1837865,0,0,0,148016,92339,68556,0,88037,0,0,396948,1440917
ST,자사몰,차시즌의류,반바지,SP,1217000,1217000,1106364,334830,771534,0,0,0,66965,41781,31016,0,39829,0,0,179591,591943
ST,자사몰,차시즌의류,반팔티셔츠,RS,494000,494000,449090,108602,340488,0,0,0,27182,16884,12588,0,16166,0,0,72820,267668
ST,자사몰,차시즌의류,방풍자켓,WJ,3177000,3177000,2888181,789220,2098961,0,0,0,174812,109031,80967,0,103974,0,0,468784,1630177
ST,자사몰,차시즌의류,브라,BR,178000,178000,161818,46940,114878,0,0,0,9794,6092,4537,0,5825,0,0,26248,88630
ST,자사몰,차시즌의류,스커트,SK,19405000,19405010,17640918,4515860,13125058,0,0,0,1067749,665987,494546,0,635073,0,0,2863355,10261703
ST,자사몰,차시즌의류,트레이닝(상의),TR,2157000,2157000,1960909,600860,1360049,0,0,0,118686,74063,54972,0,70594,0,0,318315,1041734
ST,자사몰,차시즌의류,팬츠,PT,1211000,1211000,1100910,314680,786230,0,0,0,66634,41588,30863,0,39633,0,0,178718,607512
ST,자사몰,차시즌의류,폴로 티셔츠,PQ,1071000,1071000,973636,192240,781396,0,0,0,58931,36743,27295,0,35051,0,0,158020,623376
ST,자사몰,차시즌의류,후드티,HD,258000,258000,234545,60420,174125,0,0,0,14196,8874,6575,0,8444,0,0,38089,136036
ST,제휴몰,Acc_etc,기타소품류,AC,0,0,0,0,0,0,0,0,0,0,0,0,0,0,0,0,0
ST,제휴몰,Acc_etc,보호대,PR,2170000,965700,877908,523908,354000,0,0,0,53137,33174,0,239744,31605,0,0,357660,-3660
ST,제휴몰,Acc_etc,양말,SO,2391400,1639900,1490816,525084,965732,0,0,0,90233,56344,0,396693,53668,0,0,596938,368794
ST,제휴몰,Acc_etc,헤드밴드,HB,87000,87000,79091,18840,60251,0,0,0,4787,2989,0,27161,2847,0,0,37784,22467
ST,제휴몰,Bag,라켓백,RB,10254000,6171200,5610182,3342454,2267728,0,0,0,339566,211838,0,1681184,201964,0,0,2434552,-166824
ST,제휴몰,Bag,백팩,BK,7037000,4142600,3766000,2085930,1680070,0,0,0,227943,142180,0,1097276,135575,0,0,1602974,77096
ST,제휴몰,Bag,보스톤백,BW,9842000,5620300,5109364,2719630,2389734,0,0,0,309253,192909,0,1351811,183936,0,0,2037909,351825
ST,제휴몰,Bag,슬링백,SG,0,0,0,0,0,0,0,0,0,0,0,0,0,0,0,0,0
ST,제휴몰,Bag,크로스백,CR,198000,118800,108000,51240,56760,0,0,0,6537,4079,0,28095,3888,0,0,42599,14161
ST,제휴몰,Bag,토드백,TG,3759000,2137700,1943363,1093999,849364,0,0,0,131320,73342,0,646345,69961,0,0,920968,-71604
ST,제휴몰,Headwear,비니,BN,69000,34500,31364,10530,20834,0,0,0,1898,1186,0,7547,1129,0,0,11760,9074
ST,제휴몰,Headwear,선캡,SC,3872000,2683700,2439727,802387,1637340,0,0,0,152014,92127,0,664357,87833,0,0,996331,641009
ST,제휴몰,Headwear,운동모,CP,7098000,4538700,4126090,1349949,2776141,0,0,0,249739,155812,0,1115795,148540,0,0,1669886,1106255
ST,제휴몰,Headwear,햇,HT,484000,233200,212000,82408,129592,0,0,0,14791,8013,0,68134,7631,0,0,98569,31023
ST,제휴몰,Shoes,신발,SH,101611000,34542880,31402618,17567354,13835264,0,0,0,1900693,1185678,0,8042300,1130496,0,0,12259167,1576097
ST,제휴몰,과시즌의류,긴팔티셔츠,RL,3191000,1750100,1591000,819765,771235,0,0,0,96300,60088,0,472788,57276,0,0,686452,84783
ST,제휴몰,과시즌의류,니트가디건,KC,2731000,1706400,1551273,714350,836923,0,0,0,93893,58561,0,441242,55845,0,0,649541,187382
ST,제휴몰,과시즌의류,니트반팔티셔츠,KU,1881000,1078800,980725,415423,565302,0,0,0,59361,37021,0,251238,35308,0,0,382928,182374
ST,제휴몰,과시즌의류,니트베스트,KV,537000,322200,292908,129500,163408,0,0,0,17730,11063,0,78952,10545,0,0,118290,45118
ST,제휴몰,과시즌의류,니트풀오버,KP,4363000,2631500,2392272,1028950,1363322,0,0,0,144799,90354,0,689707,86122,0,0,1010982,352340
ST,제휴몰,과시즌의류,다운베스트,DV,3290000,1645000,1495455,796560,698895,0,0,0,90516,56512,0,436695,53836,0,0,637559,61336
ST,제휴몰,과시즌의류,다운점퍼,DJ,19663000,10208300,9280278,5208400,4071878,0,0,0,589160,350425,0,2854955,334090,0,0,4128630,-56752
ST,제휴몰,과시즌의류,레깅스,LG,1346000,674900,613545,370280,243265,0,0,0,37137,23207,0,165461,22087,0,0,247892,-4627
ST,제휴몰,과시즌의류,맨투맨,MT,22535000,12649690,11499718,4969586,6530132,0,0,0,705875,434289,0,3236479,413991,0,0,4790634,1739498
ST,제휴몰,과시즌의류,반바지,SP,10983000,5582600,5075090,2695732,2379358,0,0,0,307177,191742,0,1305017,182702,0,0,1986638,392720
ST,제휴몰,과시즌의류,반팔카라티셔츠,TS,398000,159200,144727,99080,45647,0,0,0,8760,5463,0,35973,5210,0,0,55406,-9759
ST,제휴몰,과시즌의류,반팔티셔츠,RS,31252000,16039400,14581266,6849349,7731917,0,0,0,884734,550645,0,3906217,524928,0,0,5866524,1865393
ST,제휴몰,과시즌의류,방풍자켓,WJ,13015000,7871700,7156094,3247890,3908204,0,0,0,433135,270238,0,1942015,257620,0,0,2903008,1005196
ST,제휴몰,과시즌의류,브라,BR,968000,422800,384364,286240,98124,0,0,0,23265,14546,0,96806,13837,0,0,148454,-50330
ST,제휴몰,과시즌의류,스커트,SK,32051000,18311100,16646459,6995110,9651349,0,0,0,1020679,628530,0,4473959,599268,0,0,6722436,2928913
ST,제휴몰,과시즌의류,슬리브리스,SL,828000,331200,301092,222090,79002,0,0,0,18225,11380,0,77603,10839,0,0,118047,-39045
ST,제휴몰,과시즌의류,여성하의 스코트,SR,477000,238500,216818,119280,97538,0,0,0,13123,8174,0,53319,7806,0,0,82422,15116
ST,제휴몰,과시즌의류,원피스,OP,7353000,4075200,3704730,1409632,2295098,0,0,0,224237,139875,0,955661,133372,0,0,1453145,841953
ST,제휴몰,과시즌의류,점퍼,JP,4905000,2564100,2331001,1271460,1059541,0,0,0,141087,88046,0,625055,83918,0,0,938106,121435
ST,제휴몰,과시즌의류,트레이닝 숏팬츠,TB,1672000,668800,608001,477860,130141,0,0,0,36801,22958,0,164361,21887,0,0,246007,-115866
ST,제휴몰,과시즌의류,트레이닝(상의),TR,15173000,8593400,7812180,3619336,4192844,0,0,0,472850,294992,0,2170570,281235,0,0,3219647,973197
ST,제휴몰,과시즌의류,트레이닝(하의),TP,9142000,4571000,4155453,1957820,2197633,0,0,0,251512,156940,0,1237180,149599,0,0,1795231,402402
ST,제휴몰,과시즌의류,패딩,PD,478000,478000,434545,143000,291545,0,0,0,26302,16406,0,116527,15644,0,0,174879,116666
ST,제휴몰,과시즌의류,팬츠,PT,16574000,9722900,8839001,3653220,5185781,0,0,0,550840,333724,0,2489503,318207,0,0,3692274,1493507
ST,제휴몰,과시즌의류,폴라폴리스점퍼,FD,0,0,0,0,0,0,0,0,0,0,0,0,0,0,0,0,0
ST,제휴몰,과시즌의류,폴로 티셔츠,PQ,19630000,10732400,9756725,3505900,6250825,0,0,0,595194,368458,0,2642050,351238,0,0,3956940,2293885
ST,제휴몰,과시즌의류,후드티,HD,8145000,4174800,3795275,1904180,1891095,0,0,0,229714,143305,0,1102855,136630,0,0,1612504,278591
ST,제휴몰,차시즌의류,맨투맨,MT,417000,417000,379091,94260,284831,0,0,0,22945,14315,0,104206,13647,0,0,155113,129718
ST,제휴몰,차시즌의류,반바지,SP,554000,554000,503636,152610,351026,0,0,0,30494,19009,0,131735,18131,0,0,199369,151657
ST,제휴몰,차시즌의류,방풍자켓,WJ,249000,249000,226364,60950,165414,0,0,0,13701,8542,0,60701,8149,0,0,91093,74321
ST,제휴몰,차시즌의류,스커트,SK,1549000,1549000,1408183,350220,1057963,0,0,0,85232,53190,0,404244,50694,0,0,593360,464603
ST,제휴몰,차시즌의류,트레이닝(상의),TR,159000,159000,144545,45060,99485,0,0,0,8749,5454,0,38761,5204,0,0,58168,41317
ST,제휴몰,차시즌의류,폴로 티셔츠,PQ,357000,357000,324546,64080,260466,0,0,0,19644,12245,0,78952,11684,0,0,122525,137941
ST,직영몰,Acc_etc,기타소품류,AC,21900,19710,17918,6000,11918,0,3470,0,1477,682,0,0,645,7944,1843,16061,-4143
ST,직영몰,Acc_etc,머플러,AM,178000,44500,40455,19660,20795,0,7835,0,3335,1527,0,0,1456,17937,4160,36250,-15455
ST,직영몰,Acc_etc,보호대,PR,175000,131920,119928,29080,90848,0,57260,0,9888,4524,860,0,4317,144399,42512,263760,-172912
ST,직영몰,Acc_etc,양말,SO,1157700,799910,727190,226734,500456,0,246938,0,59945,27506,2463,0,26180,610995,170927,1144954,-644498
ST,직영몰,Acc_etc,헤드밴드,HB,221000,142600,129636,52100,77536,0,54522,0,10686,4896,606,0,4666,138956,40714,255046,-177510
ST,직영몰,Bag,라켓백,RB,2704000,1735500,1577727,714657,863070,0,372823,0,130060,59558,5918,0,56798,798715,181870,1605742,-742672
ST,직영몰,Bag,백팩,BK,2179000,1422800,1293454,601270,692184,0,523239,0,106627,48826,5618,0,46564,1328959,386903,2446736,-1754552
ST,직영몰,Bag,보스톤백,BW,2072000,1269100,1153728,539480,614248,0,223450,0,95109,43559,0,0,41534,511544,118651,1033847,-419599
ST,직영몰,Bag,토드백,TG,1224000,920880,837163,302810,534353,0,314878,0,69012,31609,3146,0,30138,794275,228280,1471338,-936985
ST,직영몰,Headwear,비니,BN,118000,53100,48273,23720,24553,0,9349,0,3979,1827,0,0,1738,21403,4964,43260,-18707
ST,직영몰,Headwear,선캡,SC,729000,601990,547265,135560,411705,0,176071,0,45114,20653,3780,0,19702,391868,99361,756549,-344844
ST,직영몰,Headwear,운동모,CP,1661000,1285300,1168456,299883,868573,0,543400,0,96319,44112,10832,0,42067,1313827,374582,2425139,-1556566
ST,직영몰,Headwear,햇,HT,-40000,-81300,-73909,14250,-88159,0,3116,0,1326,-2785,0,0,-2661,7135,1655,7786,-95945
ST,직영몰,Shoes,신발,SH,24966000,9365670,8514246,4994531,3519715,0,2905616,0,701877,321457,66744,0,306513,6470617,1657858,12430682,-8910967
ST,직영몰,과시즌의류,긴팔티셔츠,RL,515000,344700,313364,149540,163824,0,83955,0,25832,11838,2047,0,11281,173249,39013,347215,-183391
ST,직영몰,과시즌의류,니트가디건,KC,3767000,2256460,2051327,1028170,1023157,0,1046594,0,194507,77462,28063,0,73847,2373472,640548,4434493,-3411336
ST,직영몰,과시즌의류,니트반팔티셔츠,KU,2607000,1402980,1275434,642910,632524,0,439965,0,105142,48151,6242,0,45917,1056348,289256,1991021,-1358497
ST,직영몰,과시즌의류,니트풀오버,KP,956000,740900,673546,233280,440266,0,298199,0,55524,25426,7240,0,24248,690557,189523,1290717,-850451
ST,직영몰,과시즌의류,다운베스트,DV,976000,474550,431409,220180,211229,0,286485,0,49390,16287,3511,0,15530,737791,220285,1329279,-1118050
ST,직영몰,과시즌의류,다운점퍼,DJ,4848000,2460300,2236636,1296410,940226,0,2026803,0,324549,84443,45633,0,80520,4871262,1396034,8829244,-7889018
ST,직영몰,과시즌의류,레깅스,LG,158000,126400,114909,40320,74589,0,22255,0,9472,4335,0,0,4137,50949,11817,102965,-28376
ST,직영몰,과시즌의류,맨투맨,MT,7528000,4542280,4129344,1695061,2434283,0,1544688,0,340405,155893,34766,0,148656,3521087,933919,6679414,-4245131
ST,직영몰,과시즌의류,반바지,SP,4520000,1681320,1528472,1231811,296661,0,467343,0,126001,57690,15075,0,55025,930331,207154,1858619,-1561958
ST,직영몰,과시즌의류,반팔티셔츠,RS,6223000,2159820,1963476,1498693,464783,0,707849,0,161857,74135,23316,0,70686,1459534,349724,2847101,-2382318
ST,직영몰,과시즌의류,방풍자켓,WJ,3732000,1433300,1303000,928240,374760,0,388773,0,107415,49196,12005,0,46908,778893,173786,1556976,-1182216
ST,직영몰,과시즌의류,스커트,SK,6029000,3958260,3598419,1378730,2219689,0,1197440,0,296636,135873,24342,0,129542,2712252,702919,5199004,-2979315
ST,직영몰,과시즌의류,트레이닝(상의),TR,3806000,2588060,2352782,1050770,1302012,0,898684,0,206617,88810,21882,0,84699,1999088,515664,3815444,-2513432
ST,직영몰,과시즌의류,트레이닝(하의),TP,804000,241200,219273,171100,48173,0,42469,0,18076,8275,0,0,7894,97223,22551,196488,-148315
ST,직영몰,과시즌의류,패딩,PD,-60000,-60000,-54546,-15740,-38806,0,31516,0,13414,-2058,0,0,-1964,72151,16735,129794,-168600
ST,직영몰,과시즌의류,팬츠,PT,9203000,6000940,5455401,2146902,3308499,0,2095376,0,449722,205944,46472,0,196394,4814431,1290245,9098584,-5790085
ST,직영몰,과시즌의류,폴로 티셔츠,PQ,9380000,3750160,3409240,1999918,1409322,0,961044,0,281042,128735,26466,0,122732,1955114,438326,3913459,-2504137
ST,직영몰,과시즌의류,후드티,HD,407000,263100,239182,103230,135952,0,132364,0,19718,9036,1772,0,8611,344383,104692,620576,-484624
ST,직영몰,차시즌의류,긴팔티셔츠,RL,89000,80100,72818,21460,51358,0,32926,0,6003,2747,1656,0,2621,60043,12978,118974,-67616
ST,직영몰,차시즌의류,니트반팔티셔츠,KU,387000,348300,316636,72861,243775,0,88607,0,26103,11961,2401,0,11399,180624,40520,361615,-117840
ST,직영몰,차시즌의류,맨투맨,MT,1330000,1197000,1088182,298740,789442,0,321999,0,89704,41087,9790,0,39176,646529,144355,1292640,-503198
ST,직영몰,차시즌의류,반바지,SP,1019000,936000,850909,281930,568979,0,202442,0,70145,32126,3313,0,30633,432789,98485,869933,-300954
ST,직영몰,차시즌의류,반팔티셔츠,RS,89000,80100,72818,20435,52383,0,14103,0,6003,2754,0,0,2621,32286,7489,65256,-12873
ST,직영몰,차시즌의류,방풍자켓,WJ,4123000,3800920,3455380,1046790,2408590,0,1295387,0,284846,130447,16305,0,124394,3201073,905941,5958393,-3549803
ST,직영몰,차시즌의류,브라,BR,267000,240300,218454,71630,146824,0,167986,0,17977,8245,3852,0,7864,420596,127420,753940,-607116
ST,직영몰,차시즌의류,스커트,SK,3138000,2718000,2470909,705610,1765299,0,809380,0,203692,93288,6815,0,88953,2011953,562075,3776156,-2010857
ST,직영몰,차시즌의류,트레이닝(상의),TR,2336000,2101600,1910545,655580,1254965,0,580452,0,157496,72137,18517,0,68779,1157409,257853,2312643,-1057678
ST,직영몰,차시즌의류,팬츠,PT,953000,841800,765273,246360,518913,0,282038,0,63086,28894,6557,0,27550,636963,167232,1212320,-693407
ST,직영몰,차시즌의류,폴로 티셔츠,PQ,833000,761600,692364,149520,542844,0,134095,0,57075,26135,0,0,24925,306983,71204,620417,-77573
ST,직영몰,차시즌의류,후드티,HD,129000,116100,105545,30210,75335,0,47724,0,8701,3986,2401,0,3800,87030,18811,172453,-97118
V,공통,Acc_etc,다운 스카프,DC,0,0,0,610950,-610950,0,0,0,0,0,0,0,0,0,0,0,-610950
V,공통,Acc_etc,양말,SO,0,0,0,597501,-597501,0,0,0,0,0,0,0,0,0,0,0,-597501
V,공통,Acc_etc,장갑,AG,0,0,0,295952,-295952,0,0,0,0,0,0,0,0,0,0,0,-295952
V,공통,Bag,백팩,BK,0,0,0,359877,-359877,0,0,0,0,0,0,0,0,0,0,0,-359877
V,공통,Bag,벨트백,TA,0,0,0,389895,-389895,0,0,0,0,0,0,0,0,0,0,0,-389895
V,공통,Bag,토드백,TG,0,0,0,19272,-19272,0,0,0,0,0,0,0,0,0,0,0,-19272
V,공통,Headwear,비니,BN,0,0,0,1320543,-1320543,0,0,0,0,0,0,0,0,0,0,0,-1320543
V,공통,Headwear,선캡,SC,0,0,0,265259,-265259,0,0,0,0,0,0,0,0,0,0,0,-265259
V,공통,Headwear,운동모,CP,0,0,0,611243,-611243,0,0,0,0,0,0,0,0,0,0,0,-611243
V,공통,Headwear,햇,HT,0,0,0,475120,-475120,0,0,0,0,0,0,0,0,0,0,0,-475120
V,공통,과시즌의류,니트반팔티셔츠,KU,0,0,0,711135,-711135,0,0,0,0,0,0,0,0,0,0,0,-711135
V,공통,과시즌의류,니트풀오버,KP,0,0,0,17222138,-17222138,0,0,0,0,0,0,0,0,0,0,0,-17222138
V,공통,과시즌의류,다운베스트,DV,0,0,0,16781945,-16781945,0,0,0,0,0,0,0,0,0,0,0,-16781945
V,공통,과시즌의류,다운스커트,DI,0,0,0,100352,-100352,0,0,0,0,0,0,0,0,0,0,0,-100352
V,공통,과시즌의류,다운점퍼,DJ,0,0,0,81378131,-81378131,0,0,0,0,0,0,0,0,0,0,0,-81378131
V,공통,과시즌의류,다운팬츠,DN,0,0,0,153729,-153729,0,0,0,0,0,0,0,0,0,0,0,-153729
V,공통,과시즌의류,라운드티,RT,0,0,0,88398,-88398,0,0,0,0,0,0,0,0,0,0,0,-88398
V,공통,과시즌의류,레깅스,LG,0,0,0,858027,-858027,0,0,0,0,0,0,0,0,0,0,0,-858027
V,공통,과시즌의류,맨투맨,MT,0,0,0,4460737,-4460737,0,0,0,0,0,0,0,0,0,0,0,-4460737
V,공통,과시즌의류,반바지,SP,0,0,0,928498,-928498,0,0,0,0,0,0,0,0,0,0,0,-928498
V,공통,과시즌의류,반팔다운,DH,0,0,0,7176524,-7176524,0,0,0,0,0,0,0,0,0,0,0,-7176524
V,공통,과시즌의류,반팔카라티셔츠,TS,0,0,0,717795,-717795,0,0,0,0,0,0,0,0,0,0,0,-717795
V,공통,과시즌의류,방풍자켓,WJ,0,0,0,6526110,-6526110,0,0,0,0,0,0,0,0,0,0,0,-6526110
V,공통,과시즌의류,베스트,VT,0,0,0,97670,-97670,0,0,0,0,0,0,0,0,0,0,0,-97670
V,공통,과시즌의류,소프트쉘,SS,0,0,0,1013317,-1013317,0,0,0,0,0,0,0,0,0,0,0,-1013317
V,공통,과시즌의류,스웨트팬츠,SN,0,0,0,413918,-413918,0,0,0,0,0,0,0,0,0,0,0,-413918
V,공통,과시즌의류,스커트,SK,0,0,0,5497334,-5497334,0,0,0,0,0,0,0,0,0,0,0,-5497334
V,공통,과시즌의류,원피스,OP,0,0,0,372625,-372625,0,0,0,0,0,0,0,0,0,0,0,-372625
V,공통,과시즌의류,집업티,ZT,0,0,0,143190,-143190,0,0,0,0,0,0,0,0,0,0,0,-143190
V,공통,과시즌의류,트레이닝 숏팬츠,TB,0,0,0,255595,-255595,0,0,0,0,0,0,0,0,0,0,0,-255595
V,공통,과시즌의류,트레이닝(상의),TR,0,0,0,4389655,-4389655,0,0,0,0,0,0,0,0,0,0,0,-4389655
V,공통,과시즌의류,트레이닝(하의),TP,0,0,0,5883790,-5883790,0,0,0,0,0,0,0,0,0,0,0,-5883790
V,공통,과시즌의류,패딩,PD,0,0,0,5576028,-5576028,0,0,0,0,0,0,0,0,0,0,0,-5576028
V,공통,과시즌의류,팬츠,PT,0,0,0,6188958,-6188958,0,0,0,0,0,0,0,0,0,0,0,-6188958
V,공통,과시즌의류,후드티,HD,0,0,0,4092756,-4092756,0,0,0,0,0,0,0,0,0,0,0,-4092756
V,기타,Acc_etc,다운 스카프,DC,0,0,0,-114380,114380,0,0,0,0,0,0,0,0,0,0,0,114380
V,기타,Acc_etc,양말,SO,0,0,0,-44520,44520,0,0,0,0,0,0,0,0,0,0,0,44520
V,기타,Acc_etc,장갑,AG,0,0,0,-601415,601415,0,0,0,0,0,0,0,0,0,0,0,601415
V,기타,Bag,백팩,BK,0,0,0,-114435,114435,0,0,0,0,0,0,0,0,0,0,0,114435
V,기타,Bag,토드백,TG,0,0,0,0,0,0,0,0,0,0,0,0,0,0,0,0,0
V,기타,Headwear,비니,BN,0,0,0,0,0,0,0,0,0,0,0,0,0,0,0,0,0
V,기타,Headwear,운동모,CP,0,0,0,-97167,97167,0,0,0,0,0,0,0,0,0,0,0,97167
V,기타,Headwear,햇,HT,0,0,0,0,0,0,0,0,0,0,0,0,0,0,0,0,0
V,기타,Shoes,뮬,MU,0,0,0,0,0,0,0,0,0,0,0,0,0,0,0,0,0
V,기타,Shoes,방한화,WB,189000,189000,171818,45900,125918,0,0,0,0,5193,72,0,4295,0,0,9560,116358
V,기타,Shoes,신발,SH,0,0,0,0,0,0,0,0,0,0,0,0,0,0,0,0,0
V,기타,과시즌의류,다운점퍼,DJ,3040000,912000,829091,221090,608001,0,0,0,0,25055,347,0,20727,0,0,46129,561872
V,기타,과시즌의류,방풍자켓,WJ,0,0,0,0,0,0,0,0,0,0,0,0,0,0,0,0,0
V,기타,과시즌의류,패딩,PD,980000,294000,267273,71273,196000,0,0,0,0,8077,112,0,6682,0,0,14871,181129
V,기타,당시즌의류,니트풀오버,KP,0,0,0,0,0,0,0,0,0,0,0,0,0,0,0,0,0
V,기타,당시즌의류,다운점퍼,DJ,0,0,0,0,0,0,0,0,0,0,0,0,0,0,0,0,0
V,기타,당시즌의류,맨투맨,MT,240000,240000,218182,51436,166746,0,0,0,0,6594,91,0,5455,0,0,12140,154606
V,기타,당시즌의류,반바지,SP,0,0,0,0,0,0,0,0,0,0,0,0,0,0,0,0,0
V,기타,당시즌의류,반팔다운,DH,0,0,0,0,0,0,0,0,0,0,0,0,0,0,0,0,0
V,기타,당시즌의류,반팔티셔츠,RS,0,0,0,0,0,0,0,0,0,0,0,0,0,0,0,0,0
V,기타,당시즌의류,방풍자켓,WJ,0,0,0,0,0,0,0,0,0,0,0,0,0,0,0,0,0
V,기타,당시즌의류,소프트쉘,SS,0,0,0,0,0,0,0,0,0,0,0,0,0,0,0,0,0
V,기타,당시즌의류,우븐셔츠,WS,0,0,0,0,0,0,0,0,0,0,0,0,0,0,0,0,0
V,기타,당시즌의류,자켓,JK,0,0,0,0,0,0,0,0,0,0,0,0,0,0,0,0,0
V,기타,당시즌의류,집업티,ZT,0,0,0,0,0,0,0,0,0,0,0,0,0,0,0,0,0
V,기타,당시즌의류,팬츠,PT,0,0,0,0,0,0,0,0,0,0,0,0,0,0,0,0,0
V,기타,당시즌의류,후드티,HD,0,0,0,0,0,0,0,0,0,0,0,0,0,0,0,0,0
V,백화점,Acc_etc,양말,SO,470000,336260,305691,102230,123621,52065,0,0,5013,9311,137,0,7642,0,10026,84194,39427
V,백화점,Acc_etc,장갑,AG,150000,105000,95455,26792,45754,30071,0,0,1477,2899,40,0,2386,0,2748,39621,6133
V,백화점,Bag,백팩,BK,1190000,833000,757271,259810,308943,201448,0,0,16109,22985,435,0,18933,0,19701,279611,29332
V,백화점,Bag,크로스백,CR,1540000,1074800,977090,320420,395162,183495,0,0,16993,29638,462,0,24427,0,51551,306566,88596
V,백화점,Bag,토드백,TG,5920000,5011310,4555735,1240504,2148269,903873,0,0,70505,138254,1910,0,113894,0,147574,1376010,772259
V,백화점,Headwear,방한모,WM,500000,350000,318182,88500,140592,51420,0,0,4925,9661,133,0,7955,0,23500,97594,42998
V,백화점,Headwear,비니,BN,250000,125000,113636,36136,46818,20976,0,0,1759,3450,48,0,2841,0,7953,37027,9791
V,백화점,Headwear,운동모,CP,958000,755600,686908,122210,379970,113592,0,0,10631,20843,288,0,17172,0,28747,191273,188697
V,백화점,Headwear,햇,HT,3440000,2771000,2519091,477431,1388971,424549,0,0,38987,76443,1054,0,62976,0,67177,671186,717785
V,백화점,Shoes,방한화,WB,8126000,5734490,5213173,1755228,2103919,1023982,0,0,80677,158253,2183,0,130328,0,176806,1572229,531690
V,백화점,Shoes,신발,SH,13990000,8427500,7661365,3628800,2052897,1537998,0,0,120919,232488,3276,0,191534,0,274886,2361101,-308204
V,백화점,과시즌의류,니트반팔티셔츠,KU,530000,190800,173455,62636,63986,49103,0,0,2684,5267,73,0,4336,0,13035,74498,-10512
V,백화점,과시즌의류,니트풀오버,KP,5630000,2790510,2536827,616259,1257537,508677,0,0,39259,77004,1063,0,63420,0,58387,747810,509727
V,백화점,과시즌의류,다운베스트,DV,17000000,7277400,6615818,1727216,3140112,1161358,0,0,102386,200786,2770,0,165396,0,194371,1827067,1313045
V,백화점,과시즌의류,다운점퍼,DJ,64980000,28520490,25927719,4147131,15020756,4594021,0,0,421915,786757,11403,0,648197,0,641864,7104157,7916599
V,백화점,과시즌의류,라운드티,RT,390000,156000,141818,46091,61691,44677,0,0,2194,4301,59,0,3545,0,4082,58858,2833
V,백화점,과시즌의류,레깅스,LG,2520000,1234000,1121817,372444,463464,199589,0,0,17362,34023,470,0,28045,0,13688,293177,170287
V,백화점,과시즌의류,맨투맨,MT,2710000,918200,834728,22163,600097,121965,0,0,12918,25333,350,0,20869,0,20705,202140,397957
V,백화점,과시즌의류,반바지,SP,330000,198000,180000,63690,71310,24406,0,0,2785,5461,75,0,4500,0,2204,39431,31879
V,백화점,과시즌의류,반팔다운,DH,49460000,25231800,22938000,4760718,12264842,4628590,0,0,354980,696087,9610,0,573449,0,700156,6962872,5301970
V,백화점,과시즌의류,반팔티셔츠,RS,260000,156000,141818,49910,56454,53214,0,0,2196,4306,60,0,3546,0,19634,82956,-26502
V,백화점,과시즌의류,방풍자켓,WJ,43540000,20533600,18666904,5719930,8114858,3256065,0,0,293892,566553,7956,0,466674,0,530749,5121889,2992969
V,백화점,과시즌의류,트레이닝(상의),TR,6710000,3926400,3569456,1253720,1384049,592083,0,0,55240,108316,1496,0,89236,0,112862,959233,424816
V,백화점,과시즌의류,트레이닝(하의),TP,5140000,3042600,2766000,1212370,834466,396359,0,0,42805,83948,1158,0,69150,0,68373,661793,172673
V,백화점,과시즌의류,패딩,PD,1580000,948000,861818,294100,326408,127569,0,0,13337,26147,361,0,21545,0,21424,210383,116025
V,백화점,과시즌의류,팬츠,PT,1560000,624000,567273,112982,312471,109391,0,0,8779,17209,238,0,14182,0,640,150439,162032
V,백화점,과시즌의류,후드티,HD,1040000,312000,283636,8965,209435,41984,0,0,4389,8609,119,0,7091,0,7051,69243,140192
V,백화점,당시즌의류,니트풀오버,KP,7840000,5718200,5198361,1641252,2212208,974461,0,0,80446,157762,2177,0,129960,0,190229,1535035,677173
V,백화점,당시즌의류,다운베스트,DV,16870000,9099400,8272183,2715793,3393293,1863083,0,0,128017,251027,3459,0,206807,0,304460,2756853,636440
V,백화점,당시즌의류,다운점퍼,DJ,440970000,291333900,264849003,75124917,120773715,53859971,0,0,4193100,8036880,113511,0,6621230,0,9100440,81925132,38848583
V,백화점,당시즌의류,레깅스,LG,120000,84000,76364,28478,28795,10354,0,0,1181,2330,32,0,1909,0,935,16741,12054
V,백화점,당시즌의류,맨투맨,MT,3380000,1985200,1804728,797548,528365,422856,0,0,27930,54760,757,0,45119,0,95130,646552,-118187
V,백화점,당시즌의류,반바지,SP,3930000,2634000,2394545,862941,925677,376702,0,0,37059,72639,1003,0,59864,0,74859,622126,303551
V,백화점,당시즌의류,반팔다운,DH,3170000,2744000,2494545,452760,1402294,144423,0,0,38604,75693,1045,0,62363,0,33853,355981,1046313
V,백화점,당시즌의류,반팔티셔츠,RS,320000,250000,227273,76210,93181,31636,0,0,3517,6913,96,0,5682,0,4109,51953,41228
V,백화점,당시즌의류,방풍자켓,WJ,15420000,8666100,7878273,2653329,2982796,2362901,0,0,181943,239071,4926,0,196955,0,601750,3587546,-604750
V,백화점,당시즌의류,소프트쉘,SS,6910000,5482200,4983818,1918601,1775874,772864,0,0,83334,151261,2255,0,124594,0,140344,1274652,501222
V,백화점,당시즌의류,자켓,JK,1380000,966000,878182,361897,296739,167358,0,0,13592,26642,368,0,21954,0,992,230906,65833
V,백화점,당시즌의류,집업티,ZT,2920000,1839800,1672545,520069,743040,467235,0,0,25883,50759,701,0,41814,0,54745,641137,101903
V,백화점,당시즌의류,팬츠,PT,17380000,12223100,11111906,5098068,3152130,1986908,0,0,171969,337204,4652,0,277801,0,333147,3111681,40449
V,백화점,당시즌의류,후드티,HD,5110000,3891700,3537909,1249503,1370856,651899,0,0,54752,107369,1483,0,88448,0,136897,1040848,330008
V,백화점,차시즌의류,긴팔티셔츠,RL,340000,306000,278182,51260,154594,39862,0,0,4305,8439,117,0,6955,0,6876,66554,88040
V,백화점,차시즌의류,다운점퍼,DJ,80640000,72100000,65545457,13874559,34369703,11950903,0,0,1014356,1988920,27460,0,1638636,0,2584074,19204349,15165354
V,백화점,차시즌의류,맨투맨,MT,750000,450000,409091,184635,109910,66112,0,0,6331,12420,171,0,10227,0,30214,125475,-15565
V,백화점,차시즌의류,반팔다운,DH,49720000,42967000,39060906,7696182,21312338,8143517,0,0,604489,1185420,16368,0,976519,0,1029508,11955821,9356517
V,백화점,차시즌의류,반팔티셔츠,RS,2190000,1928000,1752728,315505,974433,347846,0,0,27125,53196,735,0,43817,0,69223,541942,432491
V,백화점,차시즌의류,방풍자켓,WJ,45740000,39629010,36026373,8163659,18315088,6631989,0,0,557535,1093273,15099,0,900659,0,1406966,10605521,7709567
V,백화점,차시즌의류,베스트,VT,3330000,2880000,2618181,741829,1195379,435369,0,0,40518,79432,1097,0,65454,0,95713,717583,477796
V,백화점,차시즌의류,소프트쉘,SS,1320000,1188000,1080000,383680,410120,236365,0,0,16716,32773,452,0,27000,0,64341,377647,32473
V,백화점,차시즌의류,원피스,OP,4070000,3486000,3169090,696288,1642892,563527,0,0,49046,96168,1327,0,79227,0,100289,889584,753308
V,백화점,차시즌의류,자켓,JK,1380000,1242000,1129090,415756,419771,179398,0,0,17474,34269,474,0,28228,0,29653,289496,130275
V,백화점,차시즌의류,팬츠,PT,2570000,2139000,1944544,870089,574083,419755,0,0,30095,59022,815,0,48615,0,79820,638122,-64039
V,아울렛,Acc_etc,양말,SO,159000,42930,39027,11562,27465,0,7368,0,603,1192,16,0,0,7119,249,16547,10918
V,아울렛,Acc_etc,장갑,AG,2140000,1258200,1143818,371090,772728,0,193532,0,17701,34706,5556,0,0,179122,13703,444320,328408
V,아울렛,Bag,백팩,BK,1450000,895700,814273,312417,501856,0,123544,0,12602,24707,342,0,0,118133,10799,290127,211729
V,아울렛,Bag,벨트백,TA,290000,104400,94909,34272,60637,0,9607,0,1468,2876,40,0,0,11521,155,25667,34970
V,아울렛,Bag,크로스백,CR,3210000,2073800,1885272,665040,1220232,0,194399,0,29177,57198,791,0,0,235147,2488,519200,701032
V,아울렛,Bag,토드백,TG,3640000,2563900,2330818,693851,1636967,0,315894,0,36070,70716,978,0,0,331714,17070,772442,864525
V,아울렛,Headwear,비니,BN,2850000,1587800,1443455,454472,988983,0,266900,0,22338,43860,11317,0,0,238190,21135,603740,385243
V,아울렛,Headwear,선캡,SC,320000,178900,162637,38172,124465,0,65170,0,2517,4938,3862,0,0,45193,7060,128740,-4275
V,아울렛,Headwear,운동모,CP,1424000,748380,680345,170144,510201,0,118612,0,10530,20660,2554,0,0,110664,8686,271706,238495
V,아울렛,Headwear,햇,HT,2100000,1035900,941727,224997,716730,0,103385,0,14575,28598,4865,0,0,117972,4688,274083,442647
V,아울렛,Shoes,뮬,MU,1611000,869940,790854,375498,415356,0,191093,0,12240,24015,11706,0,0,152649,18697,410400,4956
V,아울렛,Shoes,방한화,WB,3783000,2573520,2339562,838746,1500816,0,452065,0,38559,70999,12501,0,0,399949,45323,1019396,481420
V,아울렛,Shoes,신발,SH,14439000,7813800,7103456,3780900,3322556,0,1131987,0,109932,215564,17864,0,0,1074757,89446,2639550,683006
V,아울렛,과시즌의류,니트풀오버,KP,15070000,6324300,5749364,1232805,4516559,0,768022,0,88974,174475,39447,0,0,804418,46055,1921391,2595168
V,아울렛,과시즌의류,다운베스트,DV,75050000,30740200,27945638,6843149,21102489,0,4752112,0,432471,848068,172048,0,0,4433620,419279,11057598,10044891
V,아울렛,과시즌의류,다운점퍼,DJ,338710000,132703000,120639080,30178686,90460394,0,16625611,0,1882038,3660935,461794,0,0,17256343,1081769,40968490,49491904
V,아울렛,과시즌의류,레깅스,LG,800000,240300,218455,55726,162729,0,29291,0,3380,6616,4040,0,0,28562,3740,75629,87100
V,아울렛,과시즌의류,맨투맨,MT,6090000,1908900,1735363,362538,1372825,0,469410,0,28186,52681,16736,0,0,372271,44918,984202,388623
V,아울렛,과시즌의류,반팔다운,DH,46530000,17331500,15755908,3594550,12161358,0,2015792,0,243833,478122,55056,0,0,2157940,114919,5065662,7095696
V,아울렛,과시즌의류,방풍자켓,WJ,80150000,38610200,35100174,13083893,22016281,0,5394776,0,547682,1065084,171965,0,0,5295659,408049,12883215,9133066
V,아울렛,과시즌의류,소프트쉘,SS,1780000,480600,436910,129454,307456,0,89081,0,6762,13278,184,0,0,73189,11473,193967,113489
V,아울렛,과시즌의류,스커트,SK,1510000,631800,574365,204289,370076,0,58108,0,8888,17449,241,0,0,70369,612,155667,214409
V,아울렛,과시즌의류,트레이닝(상의),TR,19970000,9603900,8730820,3231297,5499523,0,1488533,0,135116,264961,65873,0,0,1374317,139842,3468642,2030881
V,아울렛,과시즌의류,트레이닝(하의),TP,15870000,6606900,6006274,2233298,3772976,0,1057878,0,92951,182274,41669,0,0,980804,85272,2440848,1332128
V,아울렛,과시즌의류,패딩,PD,17110000,7705800,7005273,2411557,4593716,0,851971,0,112131,212589,3034,0,0,983524,32503,2195752,2397964
V,아울렛,과시즌의류,팬츠,PT,8410000,2944600,2676911,630549,2046362,0,516304,0,41425,81228,25186,0,0,454600,43686,1162429,883933
V,아울렛,과시즌의류,후드티,HD,4190000,1147800,1043455,207389,836066,0,105482,0,16149,31694,437,0,0,129545,246,283553,552513
V,아울렛,당시즌의류,다운베스트,DV,8690000,4463100,4057363,1522139,2535224,0,554737,0,62791,123123,9580,0,0,588484,29013,1367728,1167496
V,아울렛,당시즌의류,다운점퍼,DJ,371070000,225093000,204630000,65383330,139246670,0,25178506,0,3189647,6209730,615525,0,0,27724258,1185147,64102813,75143857
V,아울렛,당시즌의류,맨투맨,MT,1600000,1206800,1097092,331728,765364,0,171047,0,16978,33303,3666,0,0,170289,7352,402635,362729
V,아울렛,당시즌의류,반팔다운,DH,7530000,6291500,5719546,1063646,4655900,0,722422,0,88513,173518,17619,0,0,789455,25496,1817023,2838877
V,아울렛,당시즌의류,방풍자켓,WJ,13450000,8509300,7735727,2229720,5506007,0,885952,0,119715,234744,3240,0,0,997335,31493,2272479,3233528
V,아울렛,당시즌의류,소프트쉘,SS,1670000,1419500,1290454,380424,910030,0,142924,0,19970,39176,7384,0,0,163128,6481,379063,530967
V,아울렛,당시즌의류,자켓,JK,2270000,1625900,1478091,427976,1050115,0,370702,0,22873,44856,16663,0,0,301297,34516,790907,259208
V,아울렛,당시즌의류,집업티,ZT,2040000,1212400,1102181,378101,724080,0,111434,0,17056,33485,461,0,0,136526,417,299379,424701
V,아울렛,당시즌의류,팬츠,PT,290000,145000,131818,88003,43815,0,13343,0,2040,4008,55,0,0,16002,216,35664,8151
V,아울렛,당시즌의류,후드티,HD,280000,156800,142545,61417,81128,0,19113,0,2205,4319,2636,0,0,18637,2440,49350,31778
V,아울렛,차시즌의류,방풍자켓,WJ,4360000,3869500,3517727,643317,2874410,0,355674,0,54439,106770,1474,0,0,435166,1617,955140,1919270
V,자사몰,Acc_etc,양말,SO,200000,89720,81564,28910,52654,0,0,0,1711,2471,1895,0,2039,0,0,8116,44538
V,자사몰,Acc_etc,토시,ML,0,0,0,0,0,0,0,0,0,0,0,0,0,0,0,0,0
V,자사몰,Bag,크로스백,CR,220000,154000,140000,43760,96240,0,0,0,2917,4251,3253,0,3500,0,0,13921,82319
V,자사몰,Bag,토드백,TG,1940000,1564500,1422273,401052,1021221,0,0,0,29639,43154,33040,0,35557,0,0,141390,879831
V,자사몰,Headwear,비니,BN,760000,353730,321573,123435,198138,0,0,0,6702,9766,7471,0,8039,0,0,31978,166160
V,자사몰,Headwear,운동모,CP,546000,318400,289455,81239,208216,0,0,0,6032,8795,6724,0,7236,0,0,28787,179429
V,자사몰,Headwear,햇,HT,930000,614000,558182,146190,411992,0,0,0,11632,16945,12967,0,13954,0,0,55498,356494
V,자사몰,Shoes,방한화,WB,2400000,1941600,1765091,508818,1256273,0,0,0,36783,53569,41003,0,44126,0,0,175481,1080792
V,자사몰,Shoes,신발,SH,2830000,1663320,1512108,740800,771308,0,0,0,31511,45890,35125,0,37803,0,0,150329,620979
V,자사몰,과시즌의류,니트풀오버,KP,1510000,925000,840909,108871,732038,0,0,0,17524,25520,19536,0,21023,0,0,83603,648435
V,자사몰,과시즌의류,다운베스트,DV,790000,-62570,-56882,-249785,192903,0,0,0,17570,-1735,19587,0,-1422,0,0,34000,158903
V,자사몰,과시즌의류,다운점퍼,DJ,4860000,2204110,2003736,294117,1709619,0,0,0,43780,60806,48806,0,50094,0,0,203486,1506133
V,자사몰,과시즌의류,레깅스,LG,2000000,1200000,1090909,382080,708829,0,0,0,22734,33109,25342,0,27273,0,0,108458,600371
V,자사몰,과시즌의류,반바지,SP,60000,36000,32727,5420,27307,0,0,0,3296,985,3674,0,819,0,0,8774,18533
V,자사몰,과시즌의류,반팔다운,DH,2080000,1881000,1710000,314110,1395890,0,0,0,35635,51892,39723,0,42750,0,0,170000,1225890
V,자사몰,과시즌의류,반팔티셔츠,RS,590000,344000,312727,112300,200427,0,0,0,6517,9487,7264,0,7818,0,0,31086,169341
V,자사몰,과시즌의류,방풍자켓,WJ,2360000,1416000,1287273,429550,857723,0,0,0,26825,39082,29904,0,32182,0,0,127993,729730
V,자사몰,과시즌의류,브라,BR,110000,64120,58291,24170,34121,0,0,0,1215,1765,1354,0,1457,0,0,5791,28330
V,자사몰,과시즌의류,스커트,SK,0,0,0,-227333,227333,0,0,0,0,0,0,0,0,0,0,0,227333
V,자사몰,과시즌의류,트레이닝(상의),TR,3120000,1801000,1637272,553355,1083917,0,0,0,34119,49685,38035,0,40932,0,0,162771,921146
V,자사몰,과시즌의류,트레이닝(하의),TP,2170000,1220000,1109092,336534,772558,0,0,0,23112,33654,25766,0,27727,0,0,110259,662299
V,자사몰,과시즌의류,패딩,PD,2870000,1474500,1340455,460630,879825,0,0,0,27933,40684,31139,0,33511,0,0,133267,746558
V,자사몰,과시즌의류,팬츠,PT,1170000,614000,558182,-212489,770671,0,0,0,11631,16944,12966,0,13955,0,0,55496,715175
V,자사몰,당시즌의류,니트풀오버,KP,1400000,1051000,955454,288709,666745,0,0,0,19910,29005,22196,0,23886,0,0,94997,571748
V,자사몰,당시즌의류,다운베스트,DV,1680000,1176000,1069091,293667,775424,0,0,0,22278,32433,24836,0,26727,0,0,106274,669150
V,자사몰,당시즌의류,다운점퍼,DJ,12280000,7671090,6973715,2024216,4949499,0,0,0,245850,211627,274065,0,174344,0,0,905886,4043613
V,자사몰,당시즌의류,반팔티셔츠,RS,560000,371000,337274,116717,220557,0,0,0,7028,10238,7835,0,8431,0,0,33532,187025
V,자사몰,당시즌의류,방풍자켓,WJ,8010000,5416500,4924091,1341296,3582795,0,0,0,102613,149424,114388,0,123102,0,0,489527,3093268
V,자사몰,당시즌의류,소프트쉘,SS,1500000,1116000,1014546,351317,663229,0,0,0,21142,30800,23568,0,25363,0,0,100873,562356
V,자사몰,당시즌의류,우븐셔츠,WS,660000,396000,360000,177474,182526,0,0,0,7502,10928,8363,0,9000,0,0,35793,146733
V,자사몰,당시즌의류,자켓,JK,690000,483000,439091,174526,264565,0,0,0,9150,13326,10200,0,10977,0,0,43653,220912
V,자사몰,당시즌의류,집업티,ZT,330000,231000,210000,57450,152550,0,0,0,4376,6369,4878,0,5250,0,0,20873,131677
V,자사몰,당시즌의류,팬츠,PT,1420000,1047100,951909,466740,485169,0,0,0,23299,28873,25971,0,23798,0,0,101941,383228
V,자사몰,당시즌의류,후드티,HD,660000,540200,491091,130106,360985,0,0,0,10234,14899,11409,0,12277,0,0,48819,312166
V,자사몰,차시즌의류,다운점퍼,DJ,3070000,2198000,1998181,567883,1430298,0,0,0,41640,60644,46418,0,49955,0,0,198657,1231641
V,자사몰,차시즌의류,맨투맨,MT,250000,225000,204545,61545,143000,0,0,0,4263,6207,4752,0,5114,0,0,20336,122664
V,자사몰,차시즌의류,반팔다운,DH,100000,248500,225909,8825,217084,0,0,0,20650,6854,23019,0,5648,0,0,56171,160913
V,자사몰,차시즌의류,반팔티셔츠,RS,150000,127500,115909,21944,93965,0,0,0,2415,3515,2693,0,2898,0,0,11521,82444
V,자사몰,차시즌의류,방풍자켓,WJ,13050000,11204900,10186273,2295343,7890930,0,0,0,212273,309101,236630,0,254657,0,0,1012661,6878269
V,자사몰,차시즌의류,자켓,JK,0,0,0,0,0,0,0,0,0,0,0,0,0,0,0,0,0
V,제휴몰,Acc_etc,다운 스카프,DC,1460000,496000,450909,127009,323900,0,0,0,9397,13661,189,117075,11272,0,0,151594,172306
V,제휴몰,Acc_etc,양말,SO,3649000,1781700,1619728,530060,1089668,0,0,0,34084,49120,689,416800,40492,0,0,541185,548483
V,제휴몰,Acc_etc,장갑,AG,1250000,894000,812727,227015,585712,0,0,0,16936,24660,340,206267,20318,0,0,268521,317191
V,제휴몰,Acc_etc,토시,ML,130000,52000,47273,14984,32289,0,0,0,3448,1445,69,44797,1181,0,0,50940,-18651
V,제휴몰,Acc_etc,파우치,PO,350000,140000,127273,22273,105000,0,0,0,2652,3859,53,32209,3182,0,0,41955,63045
V,제휴몰,Bag,백팩,BK,5630000,3776000,3432728,1019699,2413029,0,0,0,71535,104154,1438,874951,85819,0,0,1137897,1275132
V,제휴몰,Bag,벨트백,TA,870000,348000,316365,102819,213546,0,0,0,6594,9604,132,81636,7908,0,0,105874,107672
V,제휴몰,Bag,크로스백,CR,2200000,1459000,1326363,452830,873533,0,0,0,27640,40245,556,344518,33159,0,0,446118,427415
V,제휴몰,Bag,토드백,TG,5410000,3565000,3240909,846142,2394767,0,0,0,75229,98380,1510,944640,81026,0,0,1200785,1193982
V,제휴몰,Bag,힙색,HS,630000,378000,343636,119810,223826,0,0,0,7162,10410,143,89571,8591,0,0,115877,107949
V,제휴몰,Headwear,방한모,WM,0,0,0,0,0,0,0,0,0,0,0,0,0,0,0,0,0
V,제휴몰,Headwear,비니,BN,2580000,1287000,1170000,269770,900230,0,0,0,24382,35540,490,299336,29250,0,0,388998,511232
V,제휴몰,Headwear,선캡,SC,5030000,2210000,2009091,521981,1487110,0,0,0,41869,60993,842,516740,50228,0,0,670672,816438
V,제휴몰,Headwear,운동모,CP,4778000,2512000,2283639,543752,1739887,0,0,0,48704,69301,980,598400,57091,0,0,774476,965411
V,제휴몰,Headwear,햇,HT,4130000,2345000,2131818,474981,1656837,0,0,0,44427,64755,895,541199,53296,0,0,704572,952265
V,제휴몰,Shoes,뮬,MU,2864000,1718400,1562181,667552,894629,0,0,0,32555,47403,655,396782,39055,0,0,516450,378179
V,제휴몰,Shoes,방한화,WB,17985000,14442800,13129817,3808362,9321455,0,0,0,277193,398491,5573,3425458,328243,0,0,4434958,4886497
V,제휴몰,Shoes,신발,SH,14957000,9085800,8259817,3906500,4353317,0,0,0,172125,250687,3460,2106324,206496,0,0,2739092,1614225
V,제휴몰,과시즌의류,니트반팔티셔츠,KU,7120000,2848000,2589091,130318,2458773,0,0,0,53954,78581,1085,657389,64727,0,0,855736,1603037
V,제휴몰,과시즌의류,니트스커트,KS,1470000,588000,534545,173726,360819,0,0,0,11139,16249,224,136344,13364,0,0,177320,183499
V,제휴몰,과시즌의류,니트풀오버,KP,18880000,6765000,6149999,-551418,6701417,0,0,0,128159,186655,2577,1563665,153751,0,0,2034807,4666610
V,제휴몰,과시즌의류,다운베스트,DV,15000000,5707000,5188183,-1906873,7095056,0,0,0,167527,157533,3369,2051618,129705,0,0,2509752,4585304
V,제휴몰,과시즌의류,다운점퍼,DJ,113820000,45954000,41776364,1926139,39850225,0,0,0,1001945,1267825,20149,12469240,1044405,0,0,15803564,24046661
V,제휴몰,과시즌의류,라운드티,RT,3680000,1472000,1338181,235276,1102905,0,0,0,27885,40566,559,340298,33454,0,0,442762,660143
V,제휴몰,과시즌의류,레깅스,LG,2780000,1131000,1028181,57392,970789,0,0,0,21426,31210,431,262059,25705,0,0,340831,629958
V,제휴몰,과시즌의류,맨투맨,MT,19600000,7210000,6554547,989132,5565415,0,0,0,136590,198835,2747,1665190,163864,0,0,2167226,3398189
V,제휴몰,과시즌의류,반바지,SP,10570000,5358000,4870909,846252,4024657,0,0,0,104915,147850,2107,1278483,121772,0,0,1655127,2369530
V,제휴몰,과시즌의류,반팔다운,DH,15240000,6770000,6154545,464313,5690232,0,0,0,147994,186790,2977,1803271,153862,0,0,2294894,3395338
V,제휴몰,과시즌의류,반팔카라티셔츠,TS,18150000,8198000,7452728,1719754,5732974,0,0,0,160081,226225,3219,1953161,186317,0,0,2529003,3203971
V,제휴몰,과시즌의류,반팔티셔츠,RS,4850000,2910000,2645454,922080,1723374,0,0,0,55128,80270,1109,674558,66136,0,0,877201,846173
V,제휴몰,과시즌의류,방풍자켓,WJ,80790000,41398000,37634542,7459968,30174574,0,0,0,857389,1142250,17239,10476437,940863,0,0,13434178,16740396
V,제휴몰,과시즌의류,베스트,VT,1590000,636000,578181,3511,574670,0,0,0,12048,17562,243,146306,14454,0,0,190613,384057
V,제휴몰,과시즌의류,브라,BR,440000,264000,240000,96680,143320,0,0,0,5001,7297,100,60860,6000,0,0,79258,64062
V,제휴몰,과시즌의류,소프트쉘,SS,-2670000,-801000,-728182,-794857,66675,0,0,0,0,-22096,0,0,-18204,0,0,-40300,106975
V,제휴몰,과시즌의류,스웨트팬츠,SN,3720000,1194000,1085454,-72287,1157741,0,0,0,22620,32936,455,276579,27137,0,0,359727,798014
V,제휴몰,과시즌의류,스커트,SK,15210000,6007000,5460909,483309,4977600,0,0,0,113799,165700,2287,1390785,136524,0,0,1809095,3168505
V,제휴몰,과시즌의류,원피스,OP,6320000,2528000,2298181,374291,1923890,0,0,0,47891,69731,963,579927,57454,0,0,755966,1167924
V,제휴몰,과시즌의류,집업티,ZT,700000,210000,190909,50909,140000,0,0,0,3978,5776,80,48694,4773,0,0,63301,76699
V,제휴몰,과시즌의류,트레이닝 숏팬츠,TB,4190000,1816000,1650909,339037,1311872,0,0,0,34403,50082,692,420022,41272,0,0,546471,765401
V,제휴몰,과시즌의류,트레이닝(상의),TR,44670000,18759000,17053635,2743419,14310216,0,0,0,355382,517565,7143,4343346,426339,0,0,5649775,8660441
V,제휴몰,과시즌의류,트레이닝(하의),TP,19790000,8530000,7754547,1326720,6427827,0,0,0,161598,235359,3246,1971595,193864,0,0,2565662,3862165
V,제휴몰,과시즌의류,패딩,PD,26660000,10507000,9551818,1315169,8236649,0,0,0,199050,289860,4003,2455090,238794,0,0,3186797,5049852
V,제휴몰,과시즌의류,팬츠,PT,16720000,7471000,6791819,620349,6171470,0,0,0,161519,206121,3245,1970280,169796,0,0,2510961,3660509
V,제휴몰,과시즌의류,후드티,HD,18840000,7134000,6485454,797114,5688340,0,0,0,135150,196840,2720,1657633,162137,0,0,2154480,3533860
V,제휴몰,당시즌의류,니트풀오버,KP,2180000,1616000,1469091,489547,979544,0,0,0,30615,44652,615,370554,36728,0,0,483164,496380
V,제휴몰,당시즌의류,다운베스트,DV,3350000,2108000,1916363,591046,1325317,0,0,0,52248,58193,1051,639516,47910,0,0,798918,526399
V,제휴몰,당시즌의류,다운점퍼,DJ,118900000,87866500,79878638,19982736,59895902,0,0,0,1780188,2423975,35790,21933412,1996966,0,0,28170331,31725571
V,제휴몰,당시즌의류,레깅스,LG,240000,204000,185455,56956,128499,0,0,0,3864,5624,78,47087,4636,0,0,61289,67210
V,제휴몰,당시즌의류,맨투맨,MT,2080000,1456000,1323638,471402,852236,0,0,0,27584,40194,554,338421,33090,0,0,439843,412393
V,제휴몰,당시즌의류,반바지,SP,430000,301000,273636,94064,179572,0,0,0,5702,8314,115,69795,6841,0,0,90767,88805
V,제휴몰,당시즌의류,반팔다운,DH,990000,990000,900000,162983,737017,0,0,0,18755,27316,377,229558,22500,0,0,298506,438511
V,제휴몰,당시즌의류,반팔티셔츠,RS,3040000,2308000,2098185,737498,1360687,0,0,0,43724,63734,879,533097,52451,0,0,693885,666802
V,제휴몰,당시즌의류,방풍자켓,WJ,21040000,14608000,13280000,3658094,9621906,0,0,0,297393,402971,5981,3632285,332001,0,0,4670631,4951275
V,제휴몰,당시즌의류,소프트쉘,SS,3370000,2812000,2556363,774342,1782021,0,0,0,53273,77617,1070,649915,63909,0,0,845784,936237
V,제휴몰,당시즌의류,원피스,OP,1470000,1470000,1336364,283800,1052564,0,0,0,27849,40570,560,339922,33409,0,0,442310,610254
V,제휴몰,당시즌의류,자켓,JK,2560000,1792000,1629091,735431,893660,0,0,0,54900,49477,1104,675848,40727,0,0,822056,71604
V,제휴몰,당시즌의류,집업티,ZT,1710000,1197000,1088182,320653,767529,0,0,0,22677,33039,456,277556,27204,0,0,360932,406597
V,제휴몰,당시즌의류,팬츠,PT,6390000,4629000,4208182,1813267,2394915,0,0,0,105331,127667,2118,1285381,105205,0,0,1625702,769213
V,제휴몰,당시즌의류,후드티,HD,3380000,2786000,2532726,869664,1663062,0,0,0,52778,76833,1062,649465,63319,0,0,843457,819605
V,제휴몰,차시즌의류,니트풀오버,KP,0,0,0,0,0,0,0,0,0,0,0,0,0,0,0,0,0
V,제휴몰,차시즌의류,다운점퍼,DJ,6540000,6540000,5945455,1008183,4937272,0,0,0,123897,180383,2491,1509150,148636,0,0,1964557,2972715
V,제휴몰,차시즌의류,반팔다운,DH,4560000,4560000,4145454,712226,3433228,0,0,0,101354,125788,2037,1230674,103636,0,0,1563489,1869739
V,제휴몰,차시즌의류,방풍자켓,WJ,3840000,3840000,3490910,710215,2780695,0,0,0,72748,105942,1463,886787,87273,0,0,1154213,1626482
V,제휴몰,차시즌의류,팬츠,PT,330000,330000,300000,123717,176283,0,0,0,6252,9106,126,75092,7500,0,0,98076,78207
V,직영몰,Bag,토드백,TG,2930000,2230900,2028091,567830,1460261,0,275554,0,31385,61545,35703,0,50702,484099,83451,1022439,437822
V,직영몰,Headwear,비니,BN,0,0,0,-27991,27991,0,0,0,0,0,0,0,0,0,0,0,27991
V,직영몰,Headwear,운동모,CP,98000,58800,53455,17530,35925,0,6938,0,827,1625,961,0,1336,11923,1723,25333,10592
V,직영몰,Headwear,햇,HT,1020000,748500,680454,126437,554017,0,88318,0,10530,20656,12234,0,17011,151772,21927,322448,231569
V,직영몰,Shoes,방한화,WB,757000,529490,481355,157182,324173,0,77892,0,7450,14616,7703,0,12034,147075,38149,304919,19254
V,직영몰,Shoes,신발,SH,1116000,669600,608728,288800,319928,0,104415,0,9420,18468,9378,0,15218,201220,56924,415043,-95115
V,직영몰,과시즌의류,다운베스트,DV,5050000,2426000,2205454,375588,1829866,0,387634,0,34130,66913,33397,0,55137,753074,219946,1550231,279635
V,직영몰,과시즌의류,다운점퍼,DJ,11730000,5750000,5227273,1521041,3706232,0,1114803,0,80895,158606,67056,0,130681,2289919,809189,4651149,-944917
V,직영몰,과시즌의류,반바지,SP,0,0,0,0,0,0,0,0,0,0,0,0,0,0,0,0,0
V,직영몰,과시즌의류,트레이닝(상의),TR,520000,312000,283636,101540,182096,0,49563,0,4390,8599,4313,0,7091,96104,27861,197921,-15825
V,직영몰,과시즌의류,트레이닝(하의),TP,440000,264000,240000,93600,146400,0,51184,0,3715,7279,3079,0,6000,105137,37152,213546,-67146
V,직영몰,과시즌의류,후드티,HD,0,0,0,-450522,450522,0,0,0,0,0,0,0,0,0,0,0,450522
V,직영몰,당시즌의류,니트풀오버,KP,1880000,1254800,1140728,415142,725586,0,189491,0,17654,34613,17952,0,28518,361164,97602,746994,-21408
V,직영몰,당시즌의류,다운베스트,DV,1580000,831400,755818,267024,488794,0,98099,0,11697,22945,13588,0,18896,168580,24356,358161,130633
V,직영몰,당시즌의류,다운점퍼,DJ,90740000,59724200,54294729,15520983,38773746,0,8295066,0,874523,1647448,956724,0,1357368,15078510,3231524,31441163,7332583
V,직영몰,당시즌의류,레깅스,LG,120000,84000,76364,28476,47888,0,16286,0,1181,2321,980,0,1909,33453,11821,67951,-20063
V,직영몰,당시즌의류,맨투맨,MT,500000,313600,285091,119827,165264,0,37003,0,4412,8641,5125,0,7127,63588,9187,135083,30181
V,직영몰,당시즌의류,방풍자켓,WJ,7310000,4093600,3721455,1297421,2424034,0,483015,0,57592,112930,66908,0,93036,830049,119923,1763453,660581
V,직영몰,당시즌의류,소프트쉘,SS,1510000,1283500,1166818,382063,784755,0,217237,0,18058,35408,16918,0,29171,429732,134212,880736,-95981
V,직영몰,당시즌의류,자켓,JK,690000,483000,439091,159692,279399,0,93643,0,6796,13323,5633,0,10977,192353,67972,390697,-111298
V,직영몰,당시즌의류,팬츠,PT,1360000,842300,765727,452986,312741,0,163304,0,11851,23231,9823,0,19143,335442,118535,681329,-368588
V,직영몰,당시즌의류,후드티,HD,990000,610500,555000,199366,355634,0,118363,0,8589,16838,7120,0,13875,243130,85914,493829,-138195
V,직영몰,차시즌의류,다운점퍼,DJ,24690000,20833000,18939093,3446102,15492991,0,2572955,0,293094,574672,333423,0,473476,4520010,778905,9546535,5946456
V,직영몰,차시즌의류,반팔다운,DH,14070000,11910000,10827273,2242121,8585152,0,1686521,0,167560,328520,177311,0,270682,3139399,761876,6531869,2053283
V,직영몰,차시즌의류,방풍자켓,WJ,4240000,3604000,3276364,854216,2422148,0,616175,0,50703,99407,47124,0,81910,1222599,385947,2503865,-81717
V,직영몰,차시즌의류,원피스,OP,530000,450500,409545,99911,309634,0,87340,0,6294,12428,5253,0,10239,179410,63404,364368,-54734
W,공통,Shoes,방한화,WB,0,0,0,10895170,-10895170,0,0,0,0,0,0,0,0,0,0,0,-10895170
W,공통,Shoes,슬리퍼,LP,0,0,0,3445098,-3445098,0,0,0,0,0,0,0,0,0,0,0,-3445098
W,공통,Shoes,신발,SH,0,0,0,61198148,-61198148,0,0,0,0,0,0,0,0,0,0,0,-61198148
W,공통,과시즌의류,긴팔티셔츠,RL,0,0,0,10855153,-10855153,0,0,0,0,0,0,0,0,0,0,0,-10855153
W,공통,과시즌의류,니트베스트,KV,0,0,0,4220550,-4220550,0,0,0,0,0,0,0,0,0,0,0,-4220550
W,공통,과시즌의류,다운베스트,DV,0,0,0,7838038,-7838038,0,0,0,0,0,0,0,0,0,0,0,-7838038
W,공통,과시즌의류,다운점퍼,DJ,0,0,0,83393452,-83393452,0,0,0,0,0,0,0,0,0,0,0,-83393452
W,공통,과시즌의류,레깅스,LG,0,0,0,4761576,-4761576,0,0,0,0,0,0,0,0,0,0,0,-4761576
W,공통,과시즌의류,맨투맨,MT,0,0,0,225974169,-225974169,0,0,0,0,0,0,0,0,0,0,0,-225974169
W,공통,과시즌의류,반바지,SP,0,0,0,20062609,-20062609,0,0,0,0,0,0,0,0,0,0,0,-20062609
W,공통,과시즌의류,반팔카라티셔츠,TS,0,0,0,5590032,-5590032,0,0,0,0,0,0,0,0,0,0,0,-5590032
W,공통,과시즌의류,반팔티셔츠,RS,0,0,0,76743660,-76743660,0,0,0,0,0,0,0,0,0,0,0,-76743660
W,공통,과시즌의류,방풍자켓,WJ,0,0,0,36407175,-36407175,0,0,0,0,0,0,0,0,0,0,0,-36407175
W,공통,과시즌의류,베스트,VT,0,0,0,8484138,-8484138,0,0,0,0,0,0,0,0,0,0,0,-8484138
W,공통,과시즌의류,상하의 세트,AZ,0,0,0,13978496,-13978496,0,0,0,0,0,0,0,0,0,0,0,-13978496
W,공통,과시즌의류,우븐반바지,SM,0,0,0,28371968,-28371968,0,0,0,0,0,0,0,0,0,0,0,-28371968
W,공통,과시즌의류,우븐셔츠,WS,0,0,0,19910208,-19910208,0,0,0,0,0,0,0,0,0,0,0,-19910208
W,공통,과시즌의류,우븐팬츠,WP,0,0,0,21859441,-21859441,0,0,0,0,0,0,0,0,0,0,0,-21859441
W,공통,과시즌의류,점퍼,JP,0,0,0,105129593,-105129593,0,0,0,0,0,0,0,0,0,0,0,-105129593
W,공통,과시즌의류,탱크탑,TK,0,0,0,7978551,-7978551,0,0,0,0,0,0,0,0,0,0,0,-7978551
W,공통,과시즌의류,트레이닝 숏팬츠,TB,0,0,0,10460242,-10460242,0,0,0,0,0,0,0,0,0,0,0,-10460242
W,공통,과시즌의류,트레이닝(상의),TR,0,0,0,29248306,-29248306,0,0,0,0,0,0,0,0,0,0,0,-29248306
W,공통,과시즌의류,트레이닝(하의),TP,0,0,0,35127056,-35127056,0,0,0,0,0,0,0,0,0,0,0,-35127056
W,공통,과시즌의류,팬츠,PT,0,0,0,93011411,-93011411,0,0,0,0,0,0,0,0,0,0,0,-93011411
W,공통,과시즌의류,폴라폴리스점퍼,FD,0,0,0,11158197,-11158197,0,0,0,0,0,0,0,0,0,0,0,-11158197
W,공통,과시즌의류,후드티,HD,0,0,0,143871377,-143871377,0,0,0,0,0,0,0,0,0,0,0,-143871377
W,기타,Bag,백팩,BK,0,0,0,0,0,0,0,0,0,0,0,0,0,0,0,0,0
W,기타,Headwear,방한모,WM,0,0,0,0,0,0,0,0,0,0,0,0,0,0,0,0,0
W,기타,Headwear,비니,BN,0,0,0,0,0,0,0,0,0,0,0,0,0,0,0,0,0
W,기타,Headwear,운동모,CP,43000,21500,19545,7890,11655,0,0,0,0,953,0,0,733,0,0,1686,9969
W,기타,Shoes,슬리퍼,LP,69000,18920,17200,17200,0,0,0,0,0,821,0,0,645,0,0,1466,-1466
W,기타,Shoes,신발,SH,199000,55000,50000,50441,-441,0,0,0,0,2464,0,0,1875,0,0,4339,-4780
W,기타,과시즌의류,긴팔티셔츠,RL,0,0,0,0,0,0,0,0,0,0,0,0,0,0,0,0,0
W,기타,과시즌의류,다운점퍼,DJ,748000,548500,498637,222810,275827,0,0,0,0,24244,0,0,18699,0,0,42943,232884
W,기타,과시즌의류,반팔티셔츠,RS,69000,30540,27764,23140,4624,0,0,0,0,1335,0,0,1041,0,0,2376,2248
W,기타,당시즌의류,긴팔티셔츠,RL,0,0,0,0,0,0,0,0,0,0,0,0,0,0,0,0,0
W,기타,당시즌의류,다운점퍼,DJ,299000,149500,135909,70540,65369,0,0,0,0,6628,0,0,5097,0,0,11725,53644
W,기타,당시즌의류,맨투맨,MT,0,0,0,0,0,0,0,0,0,0,0,0,0,0,0,0,0
W,기타,당시즌의류,우븐팬츠,WP,0,0,0,0,0,0,0,0,0,0,0,0,0,0,0,0,0
W,기타,당시즌의류,팬츠,PT,0,0,0,0,0,0,0,0,0,0,0,0,0,0,0,0,0
W,면세점,Acc_etc,양말,SO,96000,96000,87273,23880,25865,0,0,18661,6262,4266,0,0,3273,0,3302,35764,-9899
W,면세점,Bag,가방,BG,1929000,736710,669736,480740,-98988,0,0,143206,48060,32557,0,0,25115,0,25344,274282,-373270
W,면세점,Bag,백팩,BK,0,0,0,0,0,0,0,0,0,0,0,0,0,0,0,0,0
W,면세점,Bag,크로스백,CR,3916000,1644740,1495218,1091200,-238910,0,0,319715,107296,72773,0,0,56070,0,56581,612435,-851345
W,면세점,Bag,힙색,HS,69000,69000,62727,18540,17214,0,0,13413,4501,3047,0,0,2352,0,2373,25686,-8472
W,면세점,Headwear,운동모,CP,824000,824000,749093,184298,242693,0,0,213725,53753,36458,0,0,28093,0,25515,357544,-114851
W,면세점,Shoes,슬리퍼,LP,69000,69000,62727,17200,18554,0,0,36506,4501,3056,0,0,2352,0,1152,47567,-29013
W,면세점,Shoes,신발,SH,70295000,29549780,26863439,16290083,-977936,0,0,6967074,1927713,1307158,0,0,1007370,0,951893,12161208,-13139144
W,면세점,과시즌의류,긴팔티셔츠,RL,6809000,1763390,1603082,2323117,-1409374,0,0,342781,115037,77996,0,0,60116,0,60663,656593,-2065967
W,면세점,과시즌의류,니트베스트,KV,10147000,1730150,1572864,4357698,-3461179,0,0,336319,112869,76516,0,0,58981,0,59519,644204,-4105383
W,면세점,과시즌의류,다운베스트,DV,219000,131400,119455,55920,12170,0,0,25542,8572,5832,0,0,4480,0,4521,48947,-36777
W,면세점,과시즌의류,맨투맨,MT,22032000,5546120,5041927,5194107,-2320206,0,0,1194149,361808,245318,0,0,189073,0,184659,2175007,-4495213
W,면세점,과시즌의류,반바지,SP,2125000,907600,825090,622910,-152617,0,0,176427,59208,40174,0,0,30940,0,31223,337972,-490589
W,면세점,과시즌의류,반팔티셔츠,RS,89435000,27543690,25039715,25723684,-11450890,0,0,5438890,1796844,1218532,0,0,939003,0,943056,10336325,-21787215
W,면세점,과시즌의류,우븐반바지,SM,5925000,1327520,1206836,1722366,-1034455,0,0,258051,86602,58715,0,0,45256,0,45668,494292,-1528747
W,면세점,과시즌의류,우븐셔츠,WS,149000,29700,27000,34069,-18679,0,0,5773,1937,1306,0,0,1013,0,1022,11051,-29730
W,면세점,과시즌의류,트레이닝 숏팬츠,TB,218000,53400,48545,61408,-33737,0,0,10380,3484,2350,0,0,1820,0,1837,19871,-53608
W,면세점,과시즌의류,트레이닝(하의),TP,5907000,1174770,1067973,1746179,-1137434,0,0,228362,76638,51968,0,0,40050,0,40414,437432,-1574866
W,면세점,과시즌의류,후드티,HD,10149000,2019600,1836000,3380660,-2334140,0,0,392586,131752,89356,0,0,68850,0,69477,752021,-3086161
W,면세점,당시즌의류,긴팔티셔츠,RL,1351000,1216600,1106001,343994,286425,0,0,426129,79367,53818,0,0,41476,0,31826,632616,-346191
W,면세점,당시즌의류,다운점퍼,DJ,11278000,7894600,7176909,2884310,1206527,0,0,3859187,515015,349244,0,0,269134,0,148681,5141261,-3934734
W,면세점,당시즌의류,맨투맨,MT,840000,661100,601001,223219,119356,0,0,286315,43127,29261,0,0,22538,0,14398,395639,-276283
W,면세점,당시즌의류,반팔티셔츠,RS,5458000,5458030,4961845,1359150,1469091,0,0,1271164,356062,241436,0,0,186068,0,176651,2231381,-762290
W,면세점,당시즌의류,소프트쉘,SS,189000,151200,137455,59909,18441,0,0,29391,9863,6703,0,0,5155,0,5201,56313,-37872
W,면세점,당시즌의류,우븐팬츠,WP,139000,97300,88455,42497,7923,0,0,18914,6347,4309,0,0,3317,0,3348,36235,-28312
W,면세점,당시즌의류,팬츠,PT,872000,610400,554910,272430,43872,0,0,271875,39819,27046,0,0,20809,0,12896,372445,-328573
W,면세점,당시즌의류,후드티,HD,248000,186500,169545,68362,28278,0,0,36253,12167,8270,0,0,6358,0,6416,69464,-41186
W,면세점,차시즌의류,긴팔티셔츠,RL,533000,533000,484545,137950,138239,0,0,153143,34771,23569,0,0,18170,0,15716,245369,-107130
W,면세점,차시즌의류,맨투맨,MT,396000,396000,360000,58586,146614,0,0,209516,25834,17520,0,0,13500,0,6616,272986,-126372
W,면세점,차시즌의류,반바지,SP,158000,158000,143636,32318,49554,0,0,57153,10308,6977,0,0,5386,0,4039,83863,-34309
W,면세점,차시즌의류,반팔티셔츠,RS,22928000,22928010,20843648,5737436,6143331,0,0,5653131,1495747,1014302,0,0,781640,0,725515,9670335,-3527004
W,면세점,차시즌의류,방풍자켓,WJ,5293000,5293000,4811818,868732,1874001,0,0,2800420,345297,234141,0,0,180443,0,88423,3648724,-1774723
W,면세점,차시즌의류,스커트,SK,894000,894000,812728,248990,214268,0,0,273521,58321,39566,0,0,30478,0,25482,427368,-213100
W,면세점,차시즌의류,우븐반바지,SM,414000,414000,376364,88241,126285,0,0,219038,27008,18311,0,0,14114,0,6916,285387,-159102
W,면세점,차시즌의류,우븐팬츠,WP,507000,507000,460909,138780,123937,0,0,268246,33075,22433,0,0,17284,0,8475,349513,-225576
W,면세점,차시즌의류,탱크탑,TK,39000,39000,35455,10880,9330,0,0,7581,2544,1741,0,0,1330,0,1342,14538,-5208
W,면세점,차시즌의류,팬츠,PT,327000,327000,297273,65378,104068,0,0,173009,21332,14464,0,0,11148,0,5463,225416,-121348
W,면세점,차시즌의류,후드티,HD,258000,258000,234545,48659,85032,0,0,136502,16831,11409,0,0,8795,0,4310,177847,-92815
W,백화점,Acc_etc,양말,SO,33000,33000,30000,6880,16220,9860,0,0,2153,1459,0,0,1125,0,14,14611,1609
W,백화점,Bag,가방,BG,1420000,233600,212363,436997,-273479,69798,0,0,15240,10333,0,0,7963,0,102,103436,-376915
W,백화점,Headwear,운동모,CP,39000,35100,31909,10100,14470,10488,0,0,2289,1552,0,0,1197,0,15,15541,-1071
W,백화점,Shoes,신발,SH,1352000,484260,440236,300404,38584,144690,0,0,31591,21421,0,0,16508,0,212,214422,-175838
W,백화점,과시즌의류,긴팔티셔츠,RL,396000,154440,140400,119440,-11332,46146,0,0,10075,6831,0,0,5265,0,68,68385,-79717
W,백화점,과시즌의류,맨투맨,MT,9498000,1510460,1373145,2195248,-1137938,451321,0,0,98539,66812,0,0,51492,0,663,668827,-1806765
W,백화점,과시즌의류,반팔티셔츠,RS,89000,23600,21455,23958,-7438,7052,0,0,1540,1045,0,0,805,0,10,10452,-17890
W,백화점,과시즌의류,방풍자켓,WJ,4599000,630000,572727,1479264,-1038270,188242,0,0,41099,27867,0,0,21477,0,277,278962,-1317232
W,백화점,과시즌의류,우븐반바지,SM,158000,90060,81873,69340,-6298,26909,0,0,5875,3984,0,0,3070,0,40,39878,-46176
W,백화점,과시즌의류,우븐셔츠,WS,129000,69660,63327,35668,13094,20814,0,0,4544,3081,0,0,2375,0,31,30845,-17751
W,백화점,과시즌의류,우븐팬츠,WP,149000,89400,81273,36672,25908,26712,0,0,5832,3955,0,0,3048,0,39,39586,-13678
W,백화점,과시즌의류,점퍼,JP,1167000,466740,424309,378370,-51653,139460,0,0,30449,20645,0,0,15912,0,205,206671,-258324
W,백화점,차시즌의류,긴팔티셔츠,RL,79000,71100,64636,19110,30660,21244,0,0,4638,3145,0,0,2424,0,31,31482,-822
W,백화점,차시즌의류,반팔티셔츠,RS,118000,112100,101909,26032,52438,33495,0,0,7313,4960,0,0,3821,0,49,49638,2800
W,백화점,차시즌의류,방풍자켓,WJ,199000,179100,162818,24910,100460,53514,0,0,11683,7922,0,0,6106,0,79,79304,21156
W,백화점,차시즌의류,우븐팬츠,WP,447000,402300,365728,135560,146051,120203,0,0,26244,17794,0,0,13715,0,177,178133,-32082
W,백화점,차시즌의류,팬츠,PT,218000,196200,178364,43584,93756,58624,0,0,12799,8679,0,0,6689,0,86,86877,6879
W,자사몰,Acc_etc,양말,SO,97000,97000,88181,24560,63621,0,0,0,6887,4295,2456,0,3306,0,0,16944,46677
W,자사몰,Bag,가방,BG,2465000,754600,686000,973840,-287840,0,0,0,53577,33386,19105,0,25725,0,0,131793,-419633
W,자사몰,Bag,백팩,BK,507000,260260,236600,154110,82490,0,0,0,18478,11511,6589,0,8873,0,0,45451,37039
W,자사몰,Headwear,비니,BN,53000,53000,48182,7167,41015,0,0,0,3763,2343,1342,0,1807,0,0,9255,31760
W,자사몰,Headwear,운동모,CP,609000,449000,408183,127690,280493,0,0,0,31879,19868,11367,0,15308,0,0,78422,202071
W,자사몰,Headwear,햇,HT,69000,41400,37636,17050,20586,0,0,0,2939,1835,1048,0,1411,0,0,7233,13353
W,자사몰,Shoes,슬리퍼,LP,316000,177000,160909,57200,103709,0,0,0,12567,7833,4481,0,6034,0,0,30915,72794
W,자사몰,Shoes,신발,SH,6167000,3077823,2798020,1446276,1351744,0,0,0,219121,136155,82341,0,105213,0,0,542830,808914
W,자사몰,과시즌의류,다운베스트,DV,239000,239000,217273,62207,155066,0,0,0,16969,10574,6051,0,8148,0,0,41742,113324
W,자사몰,과시즌의류,다운점퍼,DJ,1854000,1383600,1257818,526943,730875,0,0,0,98234,61211,35030,0,47168,0,0,241643,489232
W,자사몰,과시즌의류,맨투맨,MT,1517000,764800,695271,422854,272417,0,0,0,54302,33847,19363,0,26071,0,0,133583,138834
W,자사몰,과시즌의류,반바지,SP,722000,282200,256545,222709,33836,0,0,0,20036,12488,7145,0,9620,0,0,49289,-15453
W,자사몰,과시즌의류,반팔티셔츠,RS,2533000,1323200,1202911,710941,491970,0,0,0,93946,58557,33502,0,45111,0,0,231116,260854
W,자사몰,과시즌의류,방풍자켓,WJ,269000,161400,146727,107940,38787,0,0,0,11459,7138,4086,0,5502,0,0,28185,10602
W,자사몰,과시즌의류,우븐반바지,SM,168000,100800,91636,62237,29399,0,0,0,7156,4467,2552,0,3436,0,0,17611,11788
W,자사몰,과시즌의류,우븐팬츠,WP,258000,154800,140727,101980,38747,0,0,0,10991,6849,3919,0,5277,0,0,27036,11711
W,자사몰,과시즌의류,점퍼,JP,259000,103600,94182,59750,34432,0,0,0,7355,4584,2623,0,3532,0,0,18094,16338
W,자사몰,과시즌의류,팬츠,PT,842000,394000,358182,286450,71732,0,0,0,27974,17439,9976,0,13432,0,0,68821,2911
W,자사몰,과시즌의류,폴로 티셔츠,PQ,198000,118800,108000,50770,57230,0,0,0,8434,5264,3008,0,4050,0,0,20756,36474
W,자사몰,과시즌의류,후드티,HD,1052000,499600,454182,372770,81412,0,0,0,35472,22093,12649,0,17032,0,0,87246,-5834
W,자사몰,당시즌의류,긴팔티셔츠,RL,69000,69000,62727,19086,43641,0,0,0,4899,3054,1747,0,2352,0,0,12052,31589
W,자사몰,당시즌의류,다운점퍼,DJ,1127000,788900,717182,283705,433477,0,0,0,67889,34901,24209,0,26894,0,0,153893,279584
W,자사몰,당시즌의류,맨투맨,MT,594000,464300,422091,142652,279439,0,0,0,32964,20540,11755,0,15828,0,0,81087,198352
W,자사몰,당시즌의류,반팔티셔츠,RS,98000,98000,89090,25680,63410,0,0,0,6958,4342,2482,0,3340,0,0,17122,46288
W,자사몰,당시즌의류,방풍자켓,WJ,179000,179000,162727,48468,114259,0,0,0,12709,7919,4532,0,6102,0,0,31262,82997
W,자사몰,당시즌의류,소프트쉘,SS,597000,436800,397091,184753,212338,0,0,0,31012,19329,11059,0,14892,0,0,76292,136046
W,자사몰,당시즌의류,우븐팬츠,WP,159000,111300,101182,55101,46081,0,0,0,7902,4928,2818,0,3794,0,0,19442,26639
W,자사몰,당시즌의류,팬츠,PT,218000,152600,138728,60784,77944,0,0,0,10834,6748,3864,0,5202,0,0,26648,51296
W,자사몰,당시즌의류,후드티,HD,595000,464100,421908,174490,247418,0,0,0,40845,20531,14566,0,15821,0,0,91763,155655
W,자사몰,차시즌의류,긴팔티셔츠,RL,79000,97385,88532,19310,69222,0,0,0,7606,4308,7565,0,3652,0,0,23131,46091
W,자사몰,차시즌의류,맨투맨,MT,416000,416000,378182,75673,302509,0,0,0,29536,18407,10532,0,14182,0,0,72657,229852
W,자사몰,차시즌의류,반팔티셔츠,RS,442000,442000,401817,107472,294345,0,0,0,31382,19556,11191,0,15067,0,0,77196,217149
W,자사몰,차시즌의류,방풍자켓,WJ,896000,896000,814545,338550,475995,0,0,0,63615,39641,22686,0,30545,0,0,156487,319508
W,자사몰,차시즌의류,우븐반바지,SM,345000,345000,313636,73534,240102,0,0,0,24494,15260,8735,0,11761,0,0,60250,179852
W,자사몰,차시즌의류,우븐팬츠,WP,129000,129000,117273,48560,68713,0,0,0,9159,5709,3265,0,4398,0,0,22531,46182
W,자사몰,차시즌의류,진바지,DP,139000,139000,126364,39433,86931,0,0,0,9869,6146,3519,0,4739,0,0,24273,62658
W,자사몰,차시즌의류,탱크탑,TK,39000,39000,35455,10880,24575,0,0,0,2769,1726,987,0,1330,0,0,6812,17763
W,자사몰,차시즌의류,패딩,PD,0,0,0,0,0,0,0,0,0,0,0,0,0,0,0,0,0
W,자사몰,차시즌의류,팬츠,PT,109000,109000,99091,21793,77298,0,0,0,7739,4818,2760,0,3716,0,0,19033,58265
W,자사몰,차시즌의류,후드티,HD,2261000,2335610,2123282,443947,1679335,0,0,0,168046,103326,75504,0,80689,0,0,427565,1251770
W,제휴몰,Acc_etc,양말,SO,42000,42000,38182,9160,29022,0,0,0,2982,1853,0,14526,1432,0,0,20793,8229
W,제휴몰,Bag,가방,BG,1511000,862320,783928,534200,249728,0,0,0,61224,38144,0,277671,29398,0,0,406437,-156709
W,제휴몰,Bag,백팩,BK,427000,298900,271728,112120,159608,0,0,0,29620,13222,0,116837,10189,0,0,169868,-10260
W,제휴몰,Bag,보스톤백,BW,189000,189000,171818,54530,117288,0,0,0,13419,8364,0,65368,6443,0,0,93594,23694
W,제휴몰,Bag,크로스백,CR,148000,118300,107545,38240,69305,0,0,0,8399,5230,0,40915,4033,0,0,58577,10728
W,제휴몰,Headwear,비니,BN,106000,106000,96364,16282,80082,0,0,0,7526,4690,0,31525,3614,0,0,47355,32727
W,제휴몰,Headwear,운동모,CP,971000,931400,846727,223010,623717,0,0,0,66129,41200,0,305080,31752,0,0,444161,179556
W,제휴몰,Headwear,햇,HT,128000,128000,116363,24600,91763,0,0,0,9088,5660,0,44271,4363,0,0,63382,28381
W,제휴몰,Shoes,방한화,WB,387000,238000,216364,111900,104464,0,0,0,16898,10571,0,61708,8114,0,0,97291,7173
W,제휴몰,Shoes,슬리퍼,LP,316000,197000,179090,61600,117490,0,0,0,13987,8711,0,56019,6715,0,0,85432,32058
W,제휴몰,Shoes,신발,SH,10239000,7839400,7126727,2568559,4558168,0,0,0,556590,346800,0,2588740,267252,0,0,3759382,798786
W,제휴몰,과시즌의류,다운베스트,DV,2071000,1035500,941362,534719,406643,0,0,0,73518,45811,0,301198,35301,0,0,455828,-49185
W,제휴몰,과시즌의류,다운점퍼,DJ,7827000,3913500,3557729,2098734,1458995,0,0,0,277853,173124,0,1178019,133415,0,0,1762411,-303416
W,제휴몰,과시즌의류,데님셔츠,DR,0,0,0,0,0,0,0,0,0,0,0,0,0,0,0,0,0
W,제휴몰,과시즌의류,맨투맨,MT,327000,196200,178364,92805,85559,0,0,0,13930,8675,0,50562,6689,0,0,79856,5703
W,제휴몰,과시즌의류,반팔티셔츠,RS,708000,402800,366182,211427,154755,0,0,0,28597,17819,0,111155,13732,0,0,171303,-16548
W,제휴몰,과시즌의류,방풍자켓,WJ,905000,841400,764908,289457,475451,0,0,0,59739,37218,0,291010,28683,0,0,416650,58801
W,제휴몰,과시즌의류,우븐반바지,SM,178000,122400,111272,47749,63523,0,0,0,8690,5415,0,37626,4172,0,0,55903,7620
W,제휴몰,과시즌의류,우븐셔츠,WS,0,0,0,0,0,0,0,0,0,0,0,0,0,0,0,0,0
W,제휴몰,과시즌의류,우븐팬츠,WP,596000,357600,325091,146692,178399,0,0,0,25389,15815,0,123681,12191,0,0,177076,1323
W,제휴몰,과시즌의류,점퍼,JP,399000,239400,217636,131530,86106,0,0,0,16997,10594,0,82800,8161,0,0,118552,-32446
W,제휴몰,과시즌의류,진바지,DP,0,0,0,0,0,0,0,0,0,0,0,0,0,0,0,0,0
W,제휴몰,과시즌의류,탱크탑,TK,0,0,0,0,0,0,0,0,0,0,0,0,0,0,0,0,0
W,제휴몰,과시즌의류,트레이닝 숏팬츠,TB,0,0,0,0,0,0,0,0,0,0,0,0,0,0,0,0,0
W,제휴몰,과시즌의류,팬츠,PT,427000,196200,178364,111990,66374,0,0,0,13930,8676,0,60797,6689,0,0,90092,-23718
W,제휴몰,과시즌의류,후드티,HD,657000,154800,140727,193560,-52833,0,0,0,10991,6848,0,41004,5277,0,0,64120,-116953
W,제휴몰,당시즌의류,긴팔티셔츠,RL,415000,352600,320546,106634,213912,0,0,0,25034,15602,0,108945,12021,0,0,161602,52310
W,제휴몰,당시즌의류,다운점퍼,DJ,3907000,2734900,2486275,1152464,1333811,0,0,0,194174,120988,0,909405,93235,0,0,1317802,16009
W,제휴몰,당시즌의류,맨투맨,MT,852000,655800,596182,211474,384708,0,0,0,46560,29008,0,218067,22356,0,0,315991,68717
W,제휴몰,당시즌의류,반팔티셔츠,RS,118000,118000,107272,21310,85962,0,0,0,8378,5212,0,40812,4022,0,0,58424,27538
W,제휴몰,당시즌의류,방풍자켓,WJ,508000,508000,461818,171460,290358,0,0,0,36068,22468,0,175700,17318,0,0,251554,38804
W,제휴몰,당시즌의류,소프트쉘,SS,617000,541400,492182,196248,295934,0,0,0,38439,23955,0,187252,18457,0,0,268103,27831
W,제휴몰,당시즌의류,우븐팬츠,WP,139000,111200,101091,37640,63451,0,0,0,7895,4916,0,38460,3791,0,0,55062,8389
W,제휴몰,당시즌의류,패딩,PD,259000,181300,164818,64570,100248,0,0,0,12872,8021,0,45132,6181,0,0,72206,28042
W,제휴몰,당시즌의류,팬츠,PT,218000,185300,168455,51020,117435,0,0,0,13156,8194,0,64089,6317,0,0,91756,25679
W,제휴몰,당시즌의류,후드티,HD,803000,656300,596636,229210,367426,0,0,0,46596,29043,0,220008,22374,0,0,318021,49405
W,제휴몰,차시즌의류,반팔티셔츠,RS,177000,177000,160908,41632,119276,0,0,0,12567,7824,0,50298,6033,0,0,76722,42554
W,제휴몰,차시즌의류,방풍자켓,WJ,587000,545200,495636,174900,320736,0,0,0,38709,24116,0,169277,18586,0,0,250688,70048
W,제휴몰,차시즌의류,우븐반바지,SM,69000,69000,62727,14707,48020,0,0,0,4899,3053,0,17176,2352,0,0,27480,20540
W,제휴몰,차시즌의류,우븐팬츠,WP,387000,361200,328364,139390,188974,0,0,0,25639,15975,0,102178,12314,0,0,156106,32868
W,제휴몰,차시즌의류,탱크탑,TK,78000,78000,70909,21760,49149,0,0,0,5538,3452,0,19417,2659,0,0,31066,18083
W,제휴몰,차시즌의류,패딩,PD,1095000,963600,876000,201092,674908,0,0,0,68414,42627,0,333276,32850,0,0,477167,197741
W,제휴몰,차시즌의류,팬츠,PT,0,0,0,0,0,0,0,0,0,0,0,0,0,0,0,0,0
W,제휴몰,차시즌의류,후드티,HD,1547000,1352800,1229819,300314,929505,0,0,0,96047,59843,0,423116,46119,0,0,625125,304380
W,직영몰,Acc_etc,양말,SO,112000,93190,84719,26180,58539,0,34509,0,6079,4116,0,0,3178,150481,38577,236940,-178401
W,직영몰,Bag,가방,BG,1123000,286960,260872,463620,-202748,0,106262,0,18721,12690,0,0,9782,463374,118793,729622,-932370
W,직영몰,Bag,백팩,BK,1510000,867720,788837,421350,367487,0,321317,0,56606,38383,0,0,29581,1401155,359210,2206252,-1838765
W,직영몰,Bag,크로스백,CR,188000,78960,71782,51540,20242,0,29239,0,5151,3498,0,0,2692,127502,32687,200769,-180527
W,직영몰,Headwear,비니,BN,601000,544500,495001,79566,415435,0,201631,0,35522,24093,0,0,18562,879241,225410,1384459,-969024
W,직영몰,Headwear,운동모,CP,1227000,1135070,1031882,254233,777649,0,420321,0,74047,50210,0,0,38695,1832871,469889,2886033,-2108384
W,직영몰,Headwear,햇,HT,115000,103500,94091,22595,71496,0,38326,0,6752,4582,0,0,3528,167127,42846,263161,-191665
W,직영몰,Shoes,방한화,WB,129000,64500,58636,37300,21336,0,23884,0,4208,2851,0,0,2199,104151,26701,163994,-142658
W,직영몰,Shoes,슬리퍼,LP,158000,59000,53636,28600,25036,0,21848,0,3849,2607,0,0,2011,95270,24424,150009,-124973
W,직영몰,Shoes,신발,SH,7847000,4286740,3897038,1888477,2008561,0,1486572,0,279649,189622,0,0,146141,6482430,1662000,10246414,-8237853
W,직영몰,과시즌의류,맨투맨,MT,1381000,332160,301963,339842,-37879,0,23884,0,21669,14677,0,0,11324,104151,26817,202522,-240401
W,직영몰,과시즌의류,반바지,SP,109000,28440,25855,29630,-3775,0,0,0,1855,1256,0,0,970,0,12,4093,-7868
W,직영몰,과시즌의류,반팔티셔츠,RS,545000,163800,148908,150844,-1936,0,0,0,10687,7237,0,0,5583,0,72,23579,-25515
W,직영몰,과시즌의류,방풍자켓,WJ,269000,161400,146727,107940,38787,0,59767,0,10529,7141,0,0,5502,260621,66815,410375,-371588
W,직영몰,과시즌의류,점퍼,JP,359000,179500,163182,120160,43022,0,66469,0,11710,7941,0,0,6119,289850,74308,456397,-413375
W,직영몰,과시즌의류,트레이닝(하의),TP,119000,24030,21845,38904,-17059,0,0,0,1568,1062,0,0,819,0,11,3460,-20519
W,직영몰,과시즌의류,후드티,HD,249000,89640,81491,58210,23281,0,0,0,5847,3960,0,0,3056,0,39,12902,10379
W,직영몰,당시즌의류,긴팔티셔츠,RL,138000,110400,100364,41697,58667,0,40881,0,7202,4881,0,0,3764,178270,45702,280700,-222033
W,직영몰,당시즌의류,다운점퍼,DJ,618000,432600,393273,142281,250992,0,160193,0,28221,19135,0,0,14748,698546,179084,1099927,-848935
W,직영몰,당시즌의류,맨투맨,MT,822000,610000,554546,204597,349949,0,225885,0,39795,26986,0,0,20796,985007,252522,1550991,-1201042
W,직영몰,당시즌의류,방풍자켓,WJ,1813000,1087800,988909,632652,356257,0,402814,0,70964,48124,0,0,37084,1756530,450317,2765833,-2409576
W,직영몰,당시즌의류,소프트쉘,SS,189000,151200,137455,59908,77547,0,55990,0,9863,6689,0,0,5155,244152,62592,384441,-306894
W,직영몰,당시즌의류,우븐팬츠,WP,139000,97300,88455,42497,45958,0,36031,0,6347,4304,0,0,3317,157117,40280,247396,-201438
W,직영몰,당시즌의류,팬츠,PT,367000,256900,233545,125255,108290,0,95130,0,16759,11369,0,0,8758,414832,106349,653197,-544907
W,직영몰,당시즌의류,후드티,HD,347000,252800,229818,87760,142058,0,93612,0,16491,11187,0,0,8618,408211,104653,642772,-500714
W,직영몰,차시즌의류,긴팔티셔츠,RL,79000,70270,63882,19110,44772,0,26021,0,4584,3108,0,0,2396,113469,29090,178668,-133896
W,직영몰,차시즌의류,맨투맨,MT,99000,89100,81000,23690,57310,0,32994,0,5812,3943,0,0,3038,143875,36885,226547,-169237
W,직영몰,차시즌의류,반바지,SP,158000,150100,136455,32317,104138,0,55582,0,9792,6640,0,0,5117,242374,62137,381642,-277504
W,직영몰,차시즌의류,반팔티셔츠,RS,1427000,1280180,1163801,303910,859891,0,474054,0,83514,56642,0,0,43640,2067189,529959,3254998,-2395107
W,직영몰,차시즌의류,방풍자켓,WJ,926000,833400,757636,260880,496756,0,308609,0,54368,36867,0,0,28411,1345739,345002,2118996,-1622240
W,직영몰,차시즌의류,우븐반바지,SM,217000,195300,177545,44538,133007,0,72320,0,12740,8636,0,0,6658,315364,80849,496567,-363560
W,직영몰,차시즌의류,우븐팬츠,WP,298000,268200,243818,140604,103214,0,99314,0,17524,11862,0,0,9143,433078,111029,681950,-578736
W,직영몰,차시즌의류,진바지,DP,278000,250200,227455,78864,148591,0,92649,0,16322,11070,0,0,8530,404012,103575,636158,-487567
W,직영몰,차시즌의류,탱크탑,TK,39000,26000,23636,10880,12756,0,9628,0,1696,1147,0,0,886,41983,10763,66103,-53347
W,직영몰,차시즌의류,패딩,PD,876000,710300,645727,160874,484853,0,263025,0,46338,31422,0,0,24215,1146962,294044,1806006,-1321153
W,직영몰,차시즌의류,팬츠,PT,109000,98100,89182,21793,67389,0,36327,0,6400,4339,0,0,3344,158408,40611,249429,-182040
W,직영몰,차시즌의류,후드티,HD,1190000,1094800,995273,285798,709475,0,405407,0,71420,48430,0,0,37323,1767839,453216,2783635,-2074160
W,직영점(가두),Acc_etc,양말,SO,335000,327100,297363,77640,219723,0,97631,0,21338,14466,8505,0,11151,322866,67880,543837,-324114
W,직영점(가두),Bag,가방,BG,1412000,306600,278727,420889,-142162,0,91512,0,20002,13569,7973,0,10453,302634,63626,509769,-651931
W,직영점(가두),Bag,백팩,BK,1727000,1149860,1045327,449150,596177,0,343200,0,75012,50856,29898,0,39200,1134972,238618,1911756,-1315579
W,직영점(가두),Bag,크로스백,CR,147000,142100,129182,34500,94682,0,42412,0,9270,6292,3695,0,4844,140259,29488,236260,-141578
W,직영점(가두),Headwear,비니,BN,277000,226400,205818,40865,164953,0,67574,0,14769,10021,5887,0,7718,223471,46983,376423,-211470
W,직영점(가두),Headwear,운동모,CP,1558000,1388060,1261873,336401,925472,0,414296,0,90551,61413,36093,0,47321,1370091,288051,2307816,-1382344
W,직영점(가두),Headwear,햇,HT,233000,170760,155236,47642,107594,0,50967,0,11140,7547,4440,0,5821,168550,35437,283902,-176308
W,직영점(가두),Shoes,신발,SH,3777000,2716750,2469773,962533,1507240,0,810864,0,177230,120173,70639,0,92616,2681571,563777,4516870,-3009630
W,직영점(가두),과시즌의류,맨투맨,MT,7939000,2027710,1843372,2011055,-167683,0,605210,0,132280,89701,52725,0,69126,2001455,420788,3371285,-3538968
W,직영점(가두),과시즌의류,반바지,SP,1380000,354000,321819,413600,-91781,0,105659,0,23094,15667,9205,0,12069,349419,73463,588576,-680357
W,직영점(가두),과시즌의류,반팔티셔츠,RS,9609000,2850000,2590910,2771960,-181050,0,850640,0,185925,126073,74105,0,97162,2813103,591432,4738440,-4919490
W,직영점(가두),과시즌의류,방풍자켓,WJ,4109000,722700,657000,1145335,-488335,0,215704,0,47147,31962,18791,0,24638,713345,149974,1201561,-1689896
W,직영점(가두),과시즌의류,우븐반바지,SM,3552000,843600,766908,1048811,-281903,0,251792,0,55034,37321,21936,0,28759,832686,175066,1402594,-1684497
W,직영점(가두),과시즌의류,우븐팬츠,WP,3490000,588000,534545,1067204,-532659,0,175501,0,38359,26010,15289,0,20046,580391,122023,977619,-1510278
W,직영점(가두),과시즌의류,점퍼,JP,378000,98400,89454,122670,-33216,0,29369,0,6419,4356,2558,0,3355,97126,20421,163604,-196820
W,직영점(가두),과시즌의류,트레이닝 숏팬츠,TB,869000,194700,177000,245109,-68109,0,58112,0,12701,8604,5063,0,6638,192180,40404,323702,-391811
W,직영점(가두),과시즌의류,트레이닝(하의),TP,159000,26700,24273,40790,-16517,0,7969,0,1742,1183,694,0,910,26355,5542,44395,-60912
W,직영점(가두),과시즌의류,팬츠,PT,3738000,1121410,1019464,1123500,-104036,0,334708,0,73157,49601,29159,0,38230,1106893,232714,1864462,-1968498
W,직영점(가두),과시즌의류,폴로 티셔츠,PQ,1782000,372600,338727,354381,-15654,0,111209,0,24307,16492,9688,0,12702,367773,77322,619493,-635147
W,직영점(가두),과시즌의류,후드티,HD,5502000,1350600,1227817,1827828,-600011,0,403115,0,88109,59765,35118,0,46043,1333117,280277,2245544,-2845555
W,직영점(가두),당시즌의류,긴팔티셔츠,RL,109000,76300,69364,24659,44705,0,22773,0,4977,3370,1984,0,2601,75313,15833,126851,-82146
W,직영점(가두),당시즌의류,다운베스트,DV,438000,306600,278728,150870,127858,0,91512,0,20002,13552,7972,0,10452,302632,63626,509748,-381890
W,직영점(가두),당시즌의류,다운점퍼,DJ,1276000,893200,812000,300670,511330,0,266594,0,58269,39508,23224,0,30450,881637,185356,1485038,-973708
W,직영점(가두),당시즌의류,맨투맨,MT,1040000,798300,725728,249150,476578,0,238270,0,52078,35313,20757,0,27215,787967,165662,1327262,-850684
W,직영점(가두),당시즌의류,반팔티셔츠,RS,147000,137200,124727,34380,90347,0,40950,0,8950,6077,3567,0,4677,135423,28471,228115,-137768
W,직영점(가두),당시즌의류,방풍자켓,WJ,199000,179100,162818,67339,95479,0,53456,0,11683,7923,4657,0,6106,176781,37167,297773,-202294
W,직영점(가두),당시즌의류,소프트쉘,SS,189000,151200,137455,59909,77546,0,45129,0,9863,6686,3931,0,5155,149243,31377,251384,-173838
W,직영점(가두),당시즌의류,우븐팬츠,WP,606000,454000,412727,165144,247583,0,135505,0,29616,20076,11805,0,15477,448123,94217,754819,-507236
W,직영점(가두),당시즌의류,팬츠,PT,1130000,791000,719091,320784,398307,0,236091,0,51601,34991,20568,0,26966,780763,164148,1315128,-916821
W,직영점(가두),당시즌의류,후드티,HD,496000,373000,339091,136726,202365,0,111329,0,24333,16492,9699,0,12716,368169,77404,620142,-417777
W,직영점(가두),차시즌의류,긴팔티셔츠,RL,908000,832000,756364,237080,519284,0,248326,0,54276,36801,21633,0,28364,821226,172658,1383284,-864000
W,직영점(가두),차시즌의류,맨투맨,MT,1524000,1371600,1246909,397877,849032,0,409381,0,89477,60697,35663,0,46760,1353840,284633,2280451,-1431419
W,직영점(가두),차시즌의류,반바지,SP,79000,71100,64636,16159,48477,0,21221,0,4638,3137,1849,0,2424,70179,14754,118202,-69725
W,직영점(가두),차시즌의류,반팔티셔츠,RS,3729000,3398400,3089454,975835,2113619,0,1014325,0,221699,150326,88365,0,115852,3354413,705242,5650222,-3536603
W,직영점(가두),차시즌의류,방풍자켓,WJ,6139000,3273900,2976274,1209552,1766722,0,977164,0,213577,144822,85128,0,111611,3231521,679400,5443223,-3676501
W,직영점(가두),차시즌의류,스커트,SK,1490000,1311200,1192000,448410,743590,0,391355,0,85539,58008,34094,0,44700,1294227,272100,2180023,-1436433
W,직영점(가두),차시즌의류,우븐반바지,SM,316000,291300,264818,113491,151327,0,86945,0,19004,12889,7575,0,9930,287529,60450,484322,-332995
W,직영점(가두),차시즌의류,우븐팬츠,WP,2056000,1850400,1682181,797831,884350,0,552285,0,120713,81866,48113,0,63082,1826431,383981,3076471,-2192121
W,직영점(가두),차시즌의류,진바지,DP,417000,375300,341182,118298,222884,0,112015,0,24483,16599,9758,0,12794,370440,77882,623971,-401087
W,직영점(가두),차시즌의류,탱크탑,TK,39000,39000,35455,10880,24575,0,11640,0,2544,1721,1014,0,1330,38496,8093,64838,-40263
W,직영점(가두),차시즌의류,패딩,PD,8541000,2775090,2522809,1568519,954290,0,828280,0,181037,122756,72157,0,94606,2739159,575885,4613880,-3659590
W,직영점(가두),차시즌의류,팬츠,PT,743000,679600,617818,192085,425733,0,202840,0,44334,30061,17671,0,23168,670802,141030,1129906,-704173
W,직영점(가두),차시즌의류,후드티,HD,3689000,3117800,2834364,864811,1969553,0,930568,0,203394,137921,81068,0,106289,3077429,647003,5183672,-3214119
X,공통,Acc_etc,멀티스카프,MS,0,0,0,37740,-37740,0,0,0,0,0,0,0,0,0,0,0,-37740
X,공통,Acc_etc,양말,SO,0,0,0,236,-236,0,0,0,0,0,0,0,0,0,0,0,-236
X,공통,Acc_etc,장갑,GL,0,0,0,258396,-258396,0,0,0,0,0,0,0,0,0,0,0,-258396
X,공통,Acc_etc,토시,ML,0,0,0,318,-318,0,0,0,0,0,0,0,0,0,0,0,-318
X,공통,Bag,가방,BG,0,0,0,831928,-831928,0,0,0,0,0,0,0,0,0,0,0,-831928
X,공통,Bag,백팩,BK,0,0,0,1344205,-1344205,0,0,0,0,0,0,0,0,0,0,0,-1344205
X,공통,Bag,슬링백,SG,0,0,0,200702,-200702,0,0,0,0,0,0,0,0,0,0,0,-200702
X,공통,Bag,크로스백,CR,0,0,0,652514,-652514,0,0,0,0,0,0,0,0,0,0,0,-652514
X,공통,Bag,토드백,TG,0,0,0,134787,-134787,0,0,0,0,0,0,0,0,0,0,0,-134787
X,공통,Headwear,비니,BN,0,0,0,310968,-310968,0,0,0,0,0,0,0,0,0,0,0,-310968
X,공통,Headwear,운동모,CP,0,0,0,1002486,-1002486,0,0,0,0,0,0,0,0,0,0,0,-1002486
X,공통,Headwear,햇,HT,0,0,0,221770,-221770,0,0,0,0,0,0,0,0,0,0,0,-221770
X,공통,Shoes,신발,SH,0,0,0,1530702,-1530702,0,0,0,0,0,0,0,0,0,0,0,-1530702
X,공통,과시즌의류,긴팔카라티셔츠,TL,0,0,0,5719440,-5719440,0,0,0,0,0,0,0,0,0,0,0,-5719440
X,공통,과시즌의류,긴팔티셔츠,RL,0,0,0,4996709,-4996709,0,0,0,0,0,0,0,0,0,0,0,-4996709
X,공통,과시즌의류,니트,KT,0,0,0,9110031,-9110031,0,0,0,0,0,0,0,0,0,0,0,-9110031
X,공통,과시즌의류,다운베스트,DV,0,0,0,32701837,-32701837,0,0,0,0,0,0,0,0,0,0,0,-32701837
X,공통,과시즌의류,다운점퍼,DJ,0,0,0,487353917,-487353917,0,0,0,0,0,0,0,0,0,0,0,-487353917
X,공통,과시즌의류,레깅스,LG,0,0,0,10480625,-10480625,0,0,0,0,0,0,0,0,0,0,0,-10480625
X,공통,과시즌의류,맨투맨,MT,0,0,0,14709720,-14709720,0,0,0,0,0,0,0,0,0,0,0,-14709720
X,공통,과시즌의류,반바지,SP,0,0,0,58293,-58293,0,0,0,0,0,0,0,0,0,0,0,-58293
X,공통,과시즌의류,반팔카라티셔츠,TS,0,0,0,7776,-7776,0,0,0,0,0,0,0,0,0,0,0,-7776
X,공통,과시즌의류,반팔티셔츠,RS,0,0,0,6,-6,0,0,0,0,0,0,0,0,0,0,0,-6
X,공통,과시즌의류,방풍자켓,WJ,0,0,0,106186316,-106186316,0,0,0,0,0,0,0,0,0,0,0,-106186316
X,공통,과시즌의류,상하의 세트,AZ,0,0,0,528359,-528359,0,0,0,0,0,0,0,0,0,0,0,-528359
X,공통,과시즌의류,소프트쉘,SS,0,0,0,34607475,-34607475,0,0,0,0,0,0,0,0,0,0,0,-34607475
X,공통,과시즌의류,스윔웨어,SW,0,0,0,44403,-44403,0,0,0,0,0,0,0,0,0,0,0,-44403
X,공통,과시즌의류,스윔웨어 하의,SB,0,0,0,53930,-53930,0,0,0,0,0,0,0,0,0,0,0,-53930
X,공통,과시즌의류,우븐셔츠,WS,0,0,0,1354,-1354,0,0,0,0,0,0,0,0,0,0,0,-1354
X,공통,과시즌의류,집업티,ZT,0,0,0,103823,-103823,0,0,0,0,0,0,0,0,0,0,0,-103823
X,공통,과시즌의류,트레이닝 숏팬츠,TB,0,0,0,46982,-46982,0,0,0,0,0,0,0,0,0,0,0,-46982
X,공통,과시즌의류,트레이닝(상의),TR,0,0,0,86510629,-86510629,0,0,0,0,0,0,0,0,0,0,0,-86510629
X,공통,과시즌의류,트레이닝(하의),TP,0,0,0,52213184,-52213184,0,0,0,0,0,0,0,0,0,0,0,-52213184
X,공통,과시즌의류,패딩,PD,0,0,0,36848,-36848,0,0,0,0,0,0,0,0,0,0,0,-36848
X,공통,과시즌의류,팬츠,PT,0,0,0,56184449,-56184449,0,0,0,0,0,0,0,0,0,0,0,-56184449
X,공통,과시즌의류,후드티,HD,0,0,0,10060912,-10060912,0,0,0,0,0,0,0,0,0,0,0,-10060912
X,기타,Acc_etc,기타소품류,AC,88000,17200,15636,15530,106,0,0,0,0,0,0,0,329,0,0,329,-223
X,기타,Acc_etc,다운 스카프,DC,108000,61080,55527,22925,32602,0,0,0,0,975,0,0,1166,0,0,2141,30461
X,기타,Acc_etc,양말,SO,75000,32140,29218,14880,14338,0,0,0,0,162,0,0,612,0,0,774,13564
X,기타,Acc_etc,장갑,GL,90000,27950,25409,18774,6635,0,0,0,0,358,0,0,534,0,0,892,5743
X,기타,Bag,백팩,BK,1968000,1161580,1055980,448488,607492,0,0,0,0,17136,0,0,22173,0,0,39309,568183
X,기타,Bag,크로스백,CR,144000,72340,65763,29431,36332,0,0,0,0,1945,0,0,1381,0,0,3326,33006
X,기타,Bag,토드백,TG,49000,34300,31182,12024,19158,0,0,0,0,0,0,0,655,0,0,655,18503
X,기타,Headwear,운동모,CP,233000,147110,133737,53057,80680,0,0,0,0,1812,0,0,2808,0,0,4620,76060
X,기타,Shoes,슬리퍼,LP,295000,153680,139708,72955,66753,0,0,0,0,2395,0,0,2933,0,0,5328,61425
X,기타,Shoes,신발,SH,23349000,6543770,5948884,5022126,926758,0,0,0,0,127844,0,0,124932,0,0,252776,673982
X,기타,과시즌의류,다운점퍼,DJ,8308000,2217200,2015636,374874,1640762,0,0,0,0,48728,0,0,42328,0,0,91056,1549706
X,기타,과시즌의류,방풍자켓,WJ,0,0,0,-10257,10257,0,0,0,0,0,0,0,0,0,0,0,10257
X,기타,과시즌의류,스윔웨어,SW,79000,55300,50273,16969,33304,0,0,0,0,1100,0,0,1056,0,0,2156,31148
X,기타,과시즌의류,스윔웨어 하의,SB,59000,10470,9518,6973,2545,0,0,0,0,0,0,0,200,0,0,200,2345
X,기타,과시즌의류,트레이닝(상의),TR,79000,39500,35909,9338,26571,0,0,0,0,785,0,0,754,0,0,1539,25032
X,기타,당시즌의류,다운베스트,DV,865000,259530,235936,182459,53477,0,0,0,0,5199,0,0,4954,0,0,10153,43324
X,기타,당시즌의류,다운점퍼,DJ,61130000,21021470,19110421,12895915,6214506,0,0,0,0,434410,0,0,401313,0,0,835723,5378783
X,기타,당시즌의류,맨투맨,MT,820000,348700,317001,151522,165479,0,0,0,0,6173,0,0,6658,0,0,12831,152648
X,기타,당시즌의류,방풍자켓,WJ,976000,598270,543882,218356,325526,0,0,0,0,10710,0,0,11422,0,0,22132,303394
X,기타,당시즌의류,상하의 세트,AZ,129000,38490,34991,31197,3794,0,0,0,0,741,0,0,735,0,0,1476,2318
X,기타,당시즌의류,소프트쉘,SS,417000,170800,155273,83745,71528,0,0,0,0,3525,0,0,3260,0,0,6785,64743
X,기타,당시즌의류,원피스,OP,159000,159000,144545,34441,110104,0,0,0,0,3161,0,0,3035,0,0,6196,103908
X,기타,당시즌의류,트레이닝(상의),TR,119000,83300,75727,25755,49972,0,0,0,0,1792,0,0,1590,0,0,3382,46590
X,기타,당시즌의류,트레이닝(하의),TP,1407000,469640,426946,332896,94050,0,0,0,0,8758,0,0,8965,0,0,17723,76327
X,기타,당시즌의류,팬츠,PT,4213000,1314180,1194709,966322,228387,0,0,0,0,28507,0,0,25088,0,0,53595,174792
X,기타,당시즌의류,후드티,HD,540000,221670,201518,111850,89668,0,0,0,0,6083,0,0,4231,0,0,10314,79354
X,기타,차시즌의류,맨투맨,MT,6902000,1787580,1625073,1573319,51754,0,0,0,0,32740,0,0,34127,0,0,66867,-15113
X,기타,차시즌의류,반팔티셔츠,RS,45000,31500,28636,7668,20968,0,0,0,0,678,0,0,601,0,0,1279,19689
X,기타,차시즌의류,방풍자켓,WJ,169000,118300,107545,37971,69574,0,0,0,0,2503,0,0,2258,0,0,4761,64813
X,기타,차시즌의류,트레이닝(상의),TR,129000,90300,82091,28989,53102,0,0,0,0,1910,0,0,1724,0,0,3634,49468
X,기타,차시즌의류,트레이닝(하의),TP,119000,83300,75727,22083,53644,0,0,0,0,1762,0,0,1590,0,0,3352,50292
X,기타,차시즌의류,팬츠,PT,109000,76300,69364,30935,38429,0,0,0,0,1473,0,0,1457,0,0,2930,35499
X,대리점,Acc_etc,기타소품류,AC,3169000,3023390,2748555,640364,1153697,0,0,0,90716,59518,0,0,57739,0,0,207973,945724
X,대리점,Acc_etc,다운 스카프,DC,8808000,6759800,6145255,2026500,2118252,0,0,0,199526,132985,0,0,129034,0,0,461545,1656707
X,대리점,Acc_etc,마스크,MK,579000,563070,511881,125947,207820,0,0,0,16292,11066,0,0,10749,0,0,38107,169713
X,대리점,Acc_etc,멀티스카프,MS,4920000,4054460,3685888,994656,1442359,0,0,0,117315,79608,0,0,77417,0,0,274340,1168019
X,대리점,Acc_etc,양말,SO,11349000,10857310,9870267,2275093,4240137,0,0,0,318586,213555,0,0,207258,0,0,739399,3500738
X,대리점,Acc_etc,장갑,GL,9196000,8225250,7477492,2080179,2833755,0,0,0,237955,161662,0,0,157020,0,0,556637,2277118
X,대리점,Acc_etc,토시,ML,125000,95000,86364,23732,33676,0,0,0,2748,1871,0,0,1814,0,0,6433,27243
X,대리점,Bag,가방,BG,8424000,7006390,6369440,1813837,2454158,0,0,0,206488,137710,0,0,133755,0,0,477953,1976205
X,대리점,Bag,메신저백,MR,42040000,37220250,33836602,9130950,13106223,0,0,0,1080173,731427,0,0,709254,0,0,2520854,10585369
X,대리점,Bag,바디백,BZ,3210000,3087670,2806974,727743,1097582,0,0,0,89324,60722,0,0,58948,0,0,208994,888588
X,대리점,Bag,백팩,BK,1501409000,1450897260,1318997534,338205132,522132088,0,0,0,42007518,28509323,0,0,27695919,0,0,98212760,423919328
X,대리점,Bag,보스톤백,BW,1247000,801530,728660,282947,218290,0,0,0,23183,15767,0,0,15298,0,0,54248,164042
X,대리점,Bag,슬링백,SG,32154000,30418870,27653506,6777183,11346301,0,0,0,880776,598014,0,0,580713,0,0,2059503,9286798
X,대리점,Bag,크로스백,CR,41044000,35601050,32364568,8785334,12609969,0,0,0,1094163,700000,0,0,679636,0,0,2473799,10136170
X,대리점,Bag,토드백,TG,36364000,33073420,30066722,7888142,11833485,0,0,0,962000,650048,0,0,631380,0,0,2243428,9590057
X,대리점,Bag,힙색,HS,3587000,3169820,2881644,791941,1118485,0,0,0,91705,62362,0,0,60504,0,0,214571,903914
X,대리점,Headwear,비니,BN,22220000,20660820,18782564,4514793,7807382,0,0,0,598580,406231,0,0,394435,0,0,1399246,6408136
X,대리점,Headwear,운동모,CP,53233000,49980000,45436288,10090792,19746920,0,0,0,1458257,982617,0,0,954084,0,0,3394958,16351962
X,대리점,Headwear,햇,HT,16586000,14617730,13288851,3361683,5412798,0,0,0,432997,287451,0,0,279070,0,0,999518,4413280
X,대리점,Shoes,슬리퍼,LP,55178000,53176350,48342141,14039989,17617088,0,0,0,1542843,1045059,0,0,1015190,0,0,3603092,14013996
X,대리점,Shoes,신발,SH,864811000,793380930,721255456,185064466,288608646,0,0,0,23042369,15592588,0,0,15146420,0,0,53781377,234827269
X,대리점,과시즌의류,긴팔카라티셔츠,TL,8106000,3341620,3037832,1060574,1025013,0,0,0,96668,65738,0,0,63790,0,0,226196,798817
X,대리점,과시즌의류,긴팔티셔츠,RL,14061000,8287960,7534507,2630451,2460138,0,0,0,239752,163034,0,0,158217,0,0,561003,1899135
X,대리점,과시즌의류,니트,KT,6178000,2711800,2465277,905492,822223,0,0,0,78453,53312,0,0,51775,0,0,183540,638683
X,대리점,과시즌의류,다운베스트,DV,12629000,5269890,4790809,1322081,2051841,0,0,0,177268,103526,0,0,100607,0,0,381401,1670440
X,대리점,과시즌의류,다운점퍼,DJ,242466000,106342770,96675255,3255912,64402536,0,0,0,5924790,2086641,0,0,2030188,0,0,10041619,54360917
X,대리점,과시즌의류,레깅스,LG,3812000,2010210,1827463,663654,585567,0,0,0,58150,39546,0,0,38376,0,0,136072,449495
X,대리점,과시즌의류,맨투맨,MT,37357000,24046900,21860817,6803628,7919825,0,0,0,700046,472843,0,0,459075,0,0,1631964,6287861
X,대리점,과시즌의류,반바지,SP,3555000,2347240,2133853,784707,644986,0,0,0,67899,46286,0,0,44809,0,0,158994,485992
X,대리점,과시즌의류,반팔카라티셔츠,TS,8409000,5537610,5034193,1598462,1783370,0,0,0,160194,109055,0,0,105720,0,0,374969,1408401
X,대리점,과시즌의류,반팔티셔츠,RS,48159000,32446090,29496432,9231836,10680481,0,0,0,945549,638256,0,0,619412,0,0,2203217,8477264
X,대리점,과시즌의류,방풍자켓,WJ,274454000,139307270,126642962,45935523,40034888,0,0,0,4033621,2738932,0,0,2659487,0,0,9432040,30602848
X,대리점,과시즌의류,브라,BR,490000,343000,311818,144233,64685,0,0,0,9925,6757,0,0,6548,0,0,23230,41455
X,대리점,과시즌의류,소프트쉘,SS,16701000,8345190,7586535,2013079,3277659,0,0,0,259316,164038,0,0,159316,0,0,582670,2694989
X,대리점,과시즌의류,스윔웨어,SW,4578000,3003000,2729998,980507,850220,0,0,0,86873,59177,0,0,57328,0,0,203378,646842
X,대리점,과시즌의류,스윔웨어 하의,SB,3098000,1987900,1807177,603988,608753,0,0,0,57504,39113,0,0,37946,0,0,134563,474190
X,대리점,과시즌의류,슬리브리스,SL,637000,445900,405365,121395,150200,0,0,0,12899,8751,0,0,8514,0,0,30164,120036
X,대리점,과시즌의류,원피스,OP,417000,250200,227455,80665,71730,0,0,0,7238,4936,0,0,4777,0,0,16951,54779
X,대리점,과시즌의류,집업티,ZT,583000,408100,371000,114747,133823,0,0,0,11806,8048,0,0,7791,0,0,27645,106178
X,대리점,과시즌의류,트레이닝 숏팬츠,TB,2555000,1665100,1513728,583069,431129,0,0,0,48168,32771,0,0,31789,0,0,112728,318401
X,대리점,과시즌의류,트레이닝(상의),TR,107532000,56111160,51010148,16958209,17805812,0,0,0,1633304,1101625,0,0,1071214,0,0,3806143,13999669
X,대리점,과시즌의류,트레이닝(하의),TP,96129000,50129570,45572327,15218106,15850489,0,0,0,1461063,985346,0,0,957009,0,0,3403418,12447071
X,대리점,과시즌의류,패딩,PD,70967000,49223310,44748465,15206996,14803362,0,0,0,1423967,968162,0,0,939718,0,0,3331847,11471515
X,대리점,과시즌의류,팬츠,PT,60084000,29112310,26465735,9081459,9075134,0,0,0,848179,572606,0,0,555778,0,0,1976563,7098571
X,대리점,과시즌의류,후드티,HD,22026000,12894890,11722628,4441162,3493129,0,0,0,373025,253570,0,0,246174,0,0,872769,2620360
X,대리점,당시즌의류,긴팔카라티셔츠,TL,9300000,9021120,8201026,1536311,3862416,0,0,0,268228,177360,0,0,172231,0,0,617819,3244597
X,대리점,당시즌의류,긴팔티셔츠,RL,3011000,2915890,2650802,523558,1194293,0,0,0,120588,57361,0,0,55660,0,0,233609,960684
X,대리점,당시즌의류,다운베스트,DV,149029000,116409520,105826812,32141899,39151940,0,0,0,3428836,2287333,0,0,2222346,0,0,7938515,31213425
X,대리점,당시즌의류,다운점퍼,DJ,3209569000,2809664690,2554240631,683377481,1006242956,0,0,0,82745252,55218753,0,0,53639065,0,0,191603070,814639886
X,대리점,당시즌의류,레깅스,LG,4186000,3585400,3259449,978747,1192946,0,0,0,106014,70420,0,0,68443,0,0,244877,948069
X,대리점,당시즌의류,맨투맨,MT,80257000,75958170,69052867,14750219,30650776,0,0,0,2323888,1493301,0,0,1450097,0,0,5267286,25383490
X,대리점,당시즌의류,반바지,SP,218000,218000,198182,52578,77231,0,0,0,9459,4286,0,0,4162,0,0,17907,59324
X,대리점,당시즌의류,방풍자켓,WJ,43079000,30514930,27740843,9925044,9105637,0,0,0,1009805,599983,0,0,582556,0,0,2192344,6913293
X,대리점,당시즌의류,상하의 세트,AZ,7353000,7311640,6646946,1779141,2614938,0,0,0,218976,143745,0,0,139587,0,0,502308,2112630
X,대리점,당시즌의류,소프트쉘,SS,107976000,84763840,77058050,24067919,27894457,0,0,0,2560335,1665630,0,0,1618235,0,0,5844200,22050257
X,대리점,당시즌의류,스커트,SK,387000,387000,351819,86292,144373,0,0,0,15216,7597,0,0,7389,0,0,30202,114171
X,대리점,당시즌의류,원피스,OP,30000,-137320,-124837,1243,-80155,0,0,0,20919,-2718,0,0,-2623,0,0,15578,-95733
X,대리점,당시즌의류,집업티,ZT,118000,118000,107272,25043,45757,0,0,0,5121,2323,0,0,2252,0,0,9696,36061
X,대리점,당시즌의류,트레이닝(상의),TR,113798000,105779470,96163198,23554880,39962300,0,0,0,3309018,2078938,0,0,2019470,0,0,7407426,32554874
X,대리점,당시즌의류,트레이닝(하의),TP,131692000,122426000,111296406,27059550,46388072,0,0,0,3819224,2406689,0,0,2337260,0,0,8563173,37824899
X,대리점,당시즌의류,팬츠,PT,89264000,84277650,76616104,17923155,32472482,0,0,0,2547252,1656660,0,0,1608994,0,0,5812906,26659576
X,대리점,당시즌의류,후드티,HD,35320000,32609850,29645316,7227972,12278682,0,0,0,1057359,641188,0,0,622549,0,0,2321096,9957586
X,대리점,차시즌의류,긴팔티셔츠,RL,38873000,37978790,34526130,8441987,14243656,0,0,0,1098967,746662,0,0,725005,0,0,2570634,11673022
X,대리점,차시즌의류,레깅스,LG,1330000,1320970,1200878,290665,499961,0,0,0,38218,25962,0,0,25215,0,0,89395,410566
X,대리점,차시즌의류,맨투맨,MT,168343000,164149890,149227146,34648590,63019592,0,0,0,4752157,3226285,0,0,3133738,0,0,11112180,51907412
X,대리점,차시즌의류,반팔카라티셔츠,TS,759000,754650,686043,154991,289681,0,0,0,21830,14851,0,0,14404,0,0,51085,238596
X,대리점,차시즌의류,반팔티셔츠,RS,68379000,67061830,60965212,12554758,27400360,0,0,0,1940059,1318187,0,0,1280188,0,0,4538434,22861926
X,대리점,차시즌의류,방풍자켓,WJ,294429000,287460700,261327920,66783069,103944916,0,0,0,8355585,5648944,0,0,5487909,0,0,19492438,84452478
X,대리점,차시즌의류,브라,BR,147000,147000,133636,46716,41929,0,0,0,4253,2869,0,0,2806,0,0,9928,32001
X,대리점,차시즌의류,스커트,SK,3500000,3423640,3112403,537861,1507458,0,0,0,99038,67343,0,0,65363,0,0,231744,1275714
X,대리점,차시즌의류,집업티,ZT,9047000,8700490,7909540,2825181,2375626,0,0,0,251691,171190,0,0,166105,0,0,588986,1786640
X,대리점,차시즌의류,트레이닝(상의),TR,227733000,219642640,199675120,48248741,83125832,0,0,0,6372249,4317026,0,0,4193174,0,0,14882449,68243383
X,대리점,차시즌의류,트레이닝(하의),TP,225596000,217433540,197666892,45165009,84865792,0,0,0,6303121,4273650,0,0,4151048,0,0,14727819,70137973
X,대리점,차시즌의류,패딩,PD,149950000,143321860,130292627,29200365,56566889,0,0,0,4165521,2816437,0,0,2736173,0,0,9718131,46848758
X,대리점,차시즌의류,팬츠,PT,64645000,63144520,57404170,12613087,25126736,0,0,0,1834112,1241299,0,0,1205549,0,0,4280960,20845776
X,대리점,차시즌의류,후드티,HD,69851000,68387300,62170262,15964764,24733397,0,0,0,1981286,1344280,0,0,1305567,0,0,4631133,20102264
X,면세점,Acc_etc,기타소품류,AC,39000,39000,35455,7974,13299,0,0,3245,1128,760,0,0,745,0,226,6104,7195
X,면세점,Acc_etc,멀티스카프,MS,78000,78000,70909,15350,27195,0,0,6490,2256,1520,0,0,1489,0,452,12207,14988
X,면세점,Bag,메신저백,MR,367000,295600,268727,75536,85700,0,0,21335,8552,5795,0,0,5643,0,1177,42502,43198
X,면세점,Bag,백팩,BK,423931000,394035650,358214229,95915703,119012383,0,0,26318610,11398989,7740850,0,0,7522470,0,1066232,54047151,64965232
X,면세점,Bag,보스톤백,BW,1484000,1038800,944364,331824,234790,0,0,71811,30052,20350,0,0,19832,0,3898,145943,88847
X,면세점,Bag,슬링백,SG,7002000,5994310,5449373,1421143,1848488,0,0,413274,173408,117865,0,0,114437,0,12650,831634,1016854
X,면세점,Bag,크로스백,CR,2633000,2036600,1851455,558521,552354,0,0,166273,58918,40096,0,0,38881,0,10939,315107,237247
X,면세점,Bag,토드백,TG,3620000,2517800,2288910,721227,652123,0,0,213027,72836,49408,0,0,48068,0,13821,397160,254963
X,면세점,Headwear,비니,BN,1024000,1024000,930910,216834,341713,0,0,72127,29623,20138,0,0,19550,0,3762,145200,196513
X,면세점,Headwear,운동모,CP,3848000,3691400,3355817,716543,1296932,0,0,302558,106788,72593,0,0,70471,0,18262,570672,726260
X,면세점,Headwear,햇,HT,1189000,668600,607819,236500,128191,0,0,55656,19341,13173,0,0,12765,0,3783,104718,23473
X,면세점,Shoes,슬리퍼,LP,42888000,42276130,38432847,10985599,12074017,0,0,2846810,1223002,830418,0,0,807083,0,87331,5794644,6279373
X,면세점,Shoes,신발,SH,277391000,213605140,194186493,59507506,57004582,0,0,16071574,6179332,4195829,0,0,4077940,0,822318,31346993,25657589
X,면세점,과시즌의류,방풍자켓,WJ,179000,125300,113909,37303,31042,0,0,10426,3624,2456,0,0,2392,0,726,19624,11418
X,면세점,과시즌의류,팬츠,PT,119000,83300,75727,21558,23878,0,0,6931,2410,1637,0,0,1590,0,482,13050,10828
X,면세점,당시즌의류,긴팔티셔츠,RL,686000,686000,623636,127556,246628,0,0,50493,19844,13487,0,0,13096,0,3020,99940,146688
X,면세점,당시즌의류,다운베스트,DV,8070000,6604200,6003819,1667693,1934593,0,0,503414,191048,129736,0,0,126081,0,30160,980439,954154
X,면세점,당시즌의류,다운점퍼,DJ,689338000,605846550,550769589,150935657,179526014,0,0,46693034,17526423,11902330,0,0,11566158,0,2569706,90257651,89268363
X,면세점,당시즌의류,레깅스,LG,69000,48300,43909,14702,11643,0,0,4019,1397,936,0,0,922,0,280,7554,4089
X,면세점,당시즌의류,맨투맨,MT,3933000,3760800,3418910,751928,1299424,0,0,300064,108795,73956,0,0,71798,0,19372,573985,725439
X,면세점,당시즌의류,방풍자켓,WJ,3782000,3560900,3237183,852113,1090195,0,0,265984,103012,69900,0,0,67982,0,16238,523116,567079
X,면세점,당시즌의류,소프트쉘,SS,9241000,7315580,6650529,2045313,1945003,0,0,590207,211634,143825,0,0,139663,0,36891,1122220,822783
X,면세점,당시즌의류,원피스,OP,0,0,0,0,0,0,0,0,0,0,0,0,0,0,0,0,0
X,면세점,당시즌의류,트레이닝(상의),TR,3653000,3295700,2996091,818033,979629,0,0,269933,95339,64637,0,0,62918,0,17374,510201,469428
X,면세점,당시즌의류,트레이닝(하의),TP,1100000,957200,870182,232491,289621,0,0,63356,27690,18895,0,0,18274,0,3184,131399,158222
X,면세점,당시즌의류,팬츠,PT,278000,278000,252728,57323,94314,0,0,20655,8042,5438,0,0,5308,0,1251,40694,53620
X,면세점,당시즌의류,후드티,HD,2498000,1962500,1784091,517424,553030,0,0,136192,56773,38562,0,0,37466,0,7439,276432,276598
X,면세점,차시즌의류,긴팔티셔츠,RL,4804000,4804030,4367300,936654,1683715,0,0,316359,138975,94363,0,0,91712,0,6705,648114,1035601
X,면세점,차시즌의류,맨투맨,MT,12544000,12543970,11403608,2531713,4310442,0,0,926842,362883,246405,0,0,239475,0,40598,1816203,2494239
X,면세점,차시즌의류,반팔티셔츠,RS,26323000,26322980,23929980,4695487,9662310,0,0,2123319,761492,517209,0,0,502528,0,120085,4024633,5637677
X,면세점,차시즌의류,방풍자켓,WJ,45929000,45929000,41753635,10427456,14624736,0,0,3796072,1328675,902413,0,0,876825,0,229649,7133634,7491102
X,면세점,차시즌의류,스커트,SK,357000,357000,324545,54129,140597,0,0,22855,10328,7023,0,0,6815,0,1075,48096,92501
X,면세점,차시즌의류,트레이닝(상의),TR,6762000,6762000,6147273,1463343,2225022,0,0,517286,195615,132865,0,0,129093,0,24787,999646,1225376
X,면세점,차시즌의류,트레이닝(하의),TP,6179000,6179000,5617273,1227660,2142708,0,0,451285,178752,121427,0,0,117963,0,18246,887673,1255035
X,면세점,차시즌의류,패딩,PD,2290000,2290000,2081819,394324,854765,0,0,197262,66247,45040,0,0,43719,0,13738,366006,488759
X,면세점,차시즌의류,팬츠,PT,446000,446000,405455,98462,144812,0,0,34205,12901,8778,0,0,8515,0,1864,66263,78549
X,면세점,차시즌의류,후드티,HD,2975000,2975000,2704546,687826,934903,0,0,257790,86064,58496,0,0,56796,0,17952,477098,457805
X,백화점,Acc_etc,기타소품류,AC,2448000,2412400,2193100,501578,993903,305847,0,0,75418,47443,0,0,46064,0,41029,515801,478102
X,백화점,Acc_etc,다운 스카프,DC,7864000,7186180,6532887,1797888,2469577,854156,0,0,214794,141176,0,0,137187,0,107314,1454627,1014950
X,백화점,Acc_etc,마스크,MK,219000,209000,190000,47475,78016,23747,0,0,6046,4108,0,0,3990,0,1237,39128,38888
X,백화점,Acc_etc,멀티스카프,MS,2381000,1988220,1807479,474142,730514,223881,0,0,57519,39047,0,0,37963,0,24820,383230,347284
X,백화점,Acc_etc,양말,SO,3727000,3500870,3182609,746897,1370031,444520,0,0,106688,68893,0,0,66834,0,77289,764224,605807
X,백화점,Acc_etc,장갑,GL,12476000,7284450,6622222,2663797,1819386,843803,0,0,211424,143285,0,0,139063,0,115252,1452827,366559
X,백화점,Acc_etc,토시,ML,325000,130000,118183,66661,13337,13522,0,0,3763,2548,0,0,2483,0,2076,24392,-11055
X,백화점,Bag,가방,BG,9968000,7729800,7027088,1697419,2989875,1064368,0,0,223619,152039,0,0,147565,0,236004,1823595,1166280
X,백화점,Bag,메신저백,MR,79795000,65655070,59686429,17380575,22067549,7243814,0,0,1899291,1290236,0,0,1253413,0,922255,12609009,9458540
X,백화점,Bag,바디백,BZ,3021000,2991000,2719092,688318,1100873,341144,0,0,89679,58797,0,0,57102,0,37228,583950,516923
X,백화점,Bag,백팩,BK,2679662000,2484779490,2258890470,597946922,883791906,276454622,0,0,71906937,48814905,0,0,47423923,0,35341101,479941488,403850418
X,백화점,Bag,보스톤백,BW,1694000,971610,883280,370645,228439,110232,0,0,28105,19112,0,0,18547,0,11643,187639,40800
X,백화점,Bag,슬링백,SG,39735000,33255240,30232026,8060654,12427460,3726314,0,0,968450,653223,0,0,634863,0,517306,6500156,5927304
X,백화점,Bag,크로스백,CR,29238000,24225130,22022840,6191310,8485076,2933754,0,0,708728,475974,0,0,462475,0,455658,5036589,3448487
X,백화점,Bag,토드백,TG,77157000,67691500,61537719,16152863,23777583,9619084,0,0,1960029,1329444,0,0,1292283,0,1795709,15996549,7781034
X,백화점,Bag,힙색,HS,1427000,1287510,1170459,320119,448511,199705,0,0,40353,25284,0,0,24575,0,35642,325559,122952
X,백화점,Headwear,비니,BN,11324000,8915380,8104899,2233756,3263123,1073864,0,0,260334,175272,0,0,170210,0,156755,1836435,1426688
X,백화점,Headwear,운동모,CP,26132000,22717650,20652393,4937595,8891327,2684981,0,0,679144,446650,0,0,433687,0,369298,4613760,4277567
X,백화점,Headwear,햇,HT,14876000,10779460,9799508,3112561,3458471,1257292,0,0,315213,211881,0,0,205791,0,147019,2137196,1321275
X,백화점,Shoes,슬리퍼,LP,61945000,60112910,54648100,15976267,19936216,6384040,0,0,1738986,1181311,0,0,1146864,0,808358,11259559,8676657
X,백화점,Shoes,신발,SH,2258351000,1413597230,1285088393,481558416,373645371,144056531,0,0,41109608,27770738,0,0,26984072,0,17989615,257910564,115734807
X,백화점,과시즌의류,긴팔카라티셔츠,TL,13735000,7046630,6406026,2153659,2581336,801034,0,0,203847,138506,0,0,134525,0,91011,1368923,1212413
X,백화점,과시즌의류,긴팔티셔츠,RL,57014000,35324790,32113445,10032643,11857588,3502672,0,0,1022894,694081,0,0,673590,0,379784,6273021,5584567
X,백화점,과시즌의류,니트,KT,3383000,1353200,1230184,392278,518057,146694,0,0,39150,26623,0,0,25836,0,18667,256970,261087
X,백화점,과시즌의류,다운베스트,DV,95477000,40954170,37231062,10640092,16291025,4055436,0,0,1193165,805027,0,0,781852,0,740696,7576176,8714849
X,백화점,과시즌의류,다운점퍼,DJ,2319659000,1020037290,927306623,224592413,412174334,102317962,0,0,30223026,20038680,0,0,19484903,0,12072221,184136792,228037542
X,백화점,과시즌의류,레깅스,LG,6757000,2874710,2613373,872485,1075019,310734,0,0,83151,56541,0,0,54881,0,28252,533559,541460
X,백화점,과시즌의류,맨투맨,MT,121197000,73655570,66959606,19403327,26962321,8036368,0,0,2143671,1447152,0,0,1406152,0,1120616,14153959,12808362
X,백화점,과시즌의류,반바지,SP,1825000,1212300,1102092,453739,328989,162108,0,0,35069,23792,0,0,23145,0,22768,266882,62107
X,백화점,과시즌의류,반팔카라티셔츠,TS,1337000,854700,777001,254666,375034,93873,0,0,24725,16817,0,0,16318,0,4807,156540,218494
X,백화점,과시즌의류,반팔티셔츠,RS,27214000,18317250,16652038,5171714,6561919,2201319,0,0,529900,360312,0,0,347058,0,258539,3697128,2864791
X,백화점,과시즌의류,방풍자켓,WJ,360306000,163176360,148342154,47758062,57964066,16940183,0,0,4745979,3205214,0,0,3115192,0,2320733,30327301,27636765
X,백화점,과시즌의류,상하의 세트,AZ,9675000,4837570,4397791,1027973,2043451,566848,0,0,139944,95123,0,0,92352,0,77627,971894,1071557
X,백화점,과시즌의류,소프트쉘,SS,102336000,39277000,35706364,10300474,15212730,4357594,0,0,1140669,771685,0,0,749836,0,593816,7613600,7599130
X,백화점,과시즌의류,스윔웨어,SW,1595000,1026950,933590,329374,326763,125510,0,0,31309,20177,0,0,19605,0,19809,216410,110353
X,백화점,과시즌의류,스윔웨어 하의,SB,1323000,799690,726991,282369,229397,86887,0,0,23133,15762,0,0,15267,0,9178,150227,79170
X,백화점,과시즌의류,원피스,OP,0,0,0,0,0,0,0,0,0,0,0,0,0,0,0,0,0
X,백화점,과시즌의류,트레이닝 숏팬츠,TB,3426000,2279870,2072607,748848,686520,309368,0,0,65959,44794,0,0,43523,0,35496,499140,187380
X,백화점,과시즌의류,트레이닝(상의),TR,416542000,186046520,169133202,54695501,67213617,19612024,0,0,5394957,3655616,0,0,3551808,0,2623536,34837941,32375676
X,백화점,과시즌의류,트레이닝(하의),TP,278669000,118816190,108014709,33694964,45114991,12833931,0,0,3451292,2335082,0,0,2268299,0,1871317,22759921,22355070
X,백화점,과시즌의류,패딩,PD,35863000,24442630,22220575,7409981,8077418,2490877,0,0,707092,480300,0,0,466634,0,219788,4364691,3712727
X,백화점,과시즌의류,팬츠,PT,123896000,52066120,47332823,13889837,20541785,6167183,0,0,1523524,1023135,0,0,993975,0,787548,10495365,10046420
X,백화점,과시즌의류,후드티,HD,118969000,58819030,53471837,16988805,20873338,6580057,0,0,1707976,1155494,0,0,1122899,0,714544,11280970,9592368
X,백화점,당시즌의류,긴팔카라티셔츠,TL,1279000,1243300,1130273,202272,552759,168747,0,0,46004,24431,0,0,23736,0,24840,287758,265001
X,백화점,당시즌의류,긴팔티셔츠,RL,2474000,2454400,2231269,417897,1006991,324148,0,0,77258,48286,0,0,46853,0,56865,553410,453581
X,백화점,당시즌의류,다운베스트,DV,92910000,73019670,66381509,19993366,23791702,8362002,0,0,2137771,1434712,0,0,1393997,0,1021140,14349622,9442080
X,백화점,당시즌의류,다운점퍼,DJ,3180816000,2786131390,2532846648,671309099,1006015006,308893440,0,0,81177661,54736044,0,0,53183116,0,36934688,534924949,471090057
X,백화점,당시즌의류,레깅스,LG,138000,117300,106636,30913,47610,32109,0,0,8544,2330,0,0,2239,0,3660,48882,-1272
X,백화점,당시즌의류,맨투맨,MT,38779000,37070410,33700363,7300446,15241698,4278592,0,0,1099891,728377,0,0,707697,0,563756,7378313,7863385
X,백화점,당시즌의류,반바지,SP,545000,545000,495455,131445,189609,62741,0,0,15767,10700,0,0,10405,0,10756,110369,79240
X,백화점,당시즌의류,방풍자켓,WJ,9554000,7582990,6893627,2187336,2508565,1198530,0,0,306086,148918,0,0,144766,0,133853,1932153,576412
X,백화점,당시즌의류,상하의 세트,AZ,4644000,4521510,4110465,1123668,1541382,689193,0,0,138266,88886,0,0,86321,0,139127,1141793,399589
X,백화점,당시즌의류,소프트쉘,SS,46695000,37314330,33922113,10207262,12492792,4362720,0,0,1140401,733311,0,0,712362,0,580151,7528945,4963847
X,백화점,당시즌의류,스커트,SK,804000,804000,730910,182249,281197,93620,0,0,27279,15792,0,0,15350,0,12314,164355,116842
X,백화점,당시즌의류,원피스,OP,2253000,2029500,1845000,566769,627083,343020,0,0,63311,39884,0,0,38745,0,61843,546803,80280
X,백화점,당시즌의류,집업티,ZT,118000,118000,107272,25042,43612,12655,0,0,3414,2323,0,0,2252,0,1294,21938,21674
X,백화점,당시즌의류,트레이닝(상의),TR,69448000,58907160,53551973,15278247,19820963,8131536,0,0,1870892,1157637,0,0,1124602,0,1354100,13638767,6182196
X,백화점,당시즌의류,트레이닝(하의),TP,66873000,56741230,51582935,14264135,19578105,7389086,0,0,1737184,1115165,0,0,1083243,0,1223169,12547847,7030258
X,백화점,당시즌의류,팬츠,PT,22109000,20446960,18588169,4452138,7974552,2539089,0,0,635790,401683,0,0,390373,0,340486,4307421,3667131
X,백화점,당시즌의류,후드티,HD,17103000,15479080,14071889,3510438,5701379,1900103,0,0,456962,304257,0,0,295509,0,263079,3219910,2481469
X,백화점,차시즌의류,긴팔티셔츠,RL,14895000,14642290,13311156,3028699,5725900,1668476,0,0,423897,287786,0,0,279519,0,231396,2891074,2834826
X,백화점,차시즌의류,레깅스,LG,178000,178000,161818,37714,71513,20606,0,0,5150,3489,0,0,3398,0,3985,36628,34885
X,백화점,차시즌의류,맨투맨,MT,84073000,82678980,75162684,16956167,32986085,9278441,0,0,2398967,1625034,0,0,1578396,0,1241299,16122137,16863948
X,백화점,차시즌의류,반팔카라티셔츠,TS,345000,335000,304545,71933,132385,39959,0,0,9691,6580,0,0,6395,0,792,63417,68968
X,백화점,차시즌의류,반팔티셔츠,RS,24594000,23118380,21016686,4442295,9366535,2534794,0,0,668800,454255,0,0,441326,0,362488,4461663,4904872
X,백화점,차시즌의류,방풍자켓,WJ,180616000,178529330,162299403,40516944,67413928,19889231,0,0,5164994,3507541,0,0,3408297,0,3133639,35103702,32310226
X,백화점,차시즌의류,스커트,SK,1704000,1670290,1518447,273876,741848,206802,0,0,48315,32875,0,0,31889,0,27002,346883,394965
X,백화점,차시즌의류,집업티,ZT,-109000,-109000,-99091,-30938,-35453,0,0,0,0,-2140,0,0,-2081,0,0,-4221,-31232
X,백화점,차시즌의류,트레이닝(상의),TR,129969000,124750900,113409913,27852573,46399014,15216890,0,0,3620670,2452002,0,0,2381613,0,2434168,26105343,20293671
X,백화점,차시즌의류,트레이닝(하의),TP,118560000,114410520,104009573,24401712,43704256,13595383,0,0,3322950,2248770,0,0,2184215,0,2020512,23371830,20332426
X,백화점,차시즌의류,패딩,PD,83515000,82071410,74610388,17605925,31267614,9656580,0,0,2374494,1612960,0,0,1566832,0,1345004,16555870,14711744
X,백화점,차시즌의류,팬츠,PT,32899000,32271410,29337670,6642411,12815592,3584404,0,0,941885,634452,0,0,616118,0,502371,6279230,6536362
X,백화점,차시즌의류,후드티,HD,34462000,34109620,31008733,7877983,12704225,3842435,0,0,986757,670398,0,0,647965,0,518986,6666541,6037684
X,사입,Acc_etc,양말,SO,5629000,731660,665144,1013517,-348373,0,0,0,21168,14313,0,0,59865,0,0,95346,-443719
X,사입,Acc_etc,토시,ML,3575000,464820,422563,568668,-146105,0,0,0,13447,9136,0,0,38031,0,0,60614,-206719
X,사입,Bag,메신저백,MR,7873000,1023490,930445,1688024,-757579,0,0,0,29612,20156,0,0,83740,0,0,133508,-891087
X,사입,Bag,백팩,BK,37673000,4897500,4452271,8736511,-4284240,0,0,0,141679,96325,0,0,400707,0,0,638711,-4922951
X,사입,Bag,보스톤백,BW,2363000,307190,279264,493748,-214484,0,0,0,8889,6004,0,0,25133,0,0,40026,-254510
X,사입,Bag,슬링백,SG,5460000,709800,645273,1112630,-467357,0,0,0,20536,13955,0,0,58074,0,0,92565,-559922
X,사입,Bag,크로스백,CR,14290000,1857650,1688773,2954876,-1266103,0,0,0,53741,36533,0,0,151988,0,0,242262,-1508365
X,사입,Bag,힙색,HS,21274000,2765670,2514245,4425341,-1911096,0,0,0,80007,54420,0,0,226286,0,0,360713,-2271809
X,사입,Headwear,운동모,CP,20663000,2686240,2442039,4201398,-1759359,0,0,0,77715,52849,0,0,219781,0,0,350345,-2109704
X,사입,Headwear,햇,HT,13374000,1738670,1580609,2664132,-1083523,0,0,0,50297,34180,0,0,142259,0,0,226736,-1310259
X,사입,Shoes,슬리퍼,LP,-49000,-23030,-20936,-10196,-10740,0,0,0,0,-727,0,0,-1884,0,0,-2611,-8129
X,사입,Shoes,신발,SH,307383000,140412200,127647454,65385622,62261832,0,0,0,4071667,2754431,0,0,11488270,0,0,18314368,43947464
X,사입,과시즌의류,긴팔티셔츠,RL,39575000,5144700,4677000,4676970,30,0,0,0,148831,101176,0,0,420931,0,0,670938,-670908
X,사입,과시즌의류,맨투맨,MT,143330000,18632790,16938899,16938745,154,0,0,0,539025,366202,0,0,1524501,0,0,2429728,-2429574
X,사입,과시즌의류,방풍자켓,WJ,3207898000,417024990,379113630,379114932,-1302,0,0,0,12064050,8194516,0,0,34120234,0,0,54378800,-54380102
X,사입,과시즌의류,패딩,PD,467586000,60787070,55260972,55260878,94,0,0,0,1758500,1194360,0,0,4973487,0,0,7926347,-7926253
X,사입,과시즌의류,팬츠,PT,673813000,87595290,79632085,79632377,-292,0,0,0,2534033,1721366,0,0,7166884,0,0,11422283,-11422575
X,사입,과시즌의류,후드티,HD,264944000,34442980,31311799,31311297,502,0,0,0,996397,676782,0,0,2818062,0,0,4491241,-4490739
X,아울렛,Acc_etc,기타소품류,AC,39000,39000,35454,8167,27287,0,12407,0,3384,784,939,0,744,27205,2993,48456,-21169
X,아울렛,Acc_etc,다운 스카프,DC,351000,351000,319091,69554,249537,0,34392,0,10154,6887,7275,0,6701,71183,2185,138777,110760
X,아울렛,Acc_etc,멀티스카프,MS,575000,202000,183638,109152,74486,0,26528,0,5844,3974,2657,0,3858,34496,5108,82465,-7979
X,아울렛,Acc_etc,양말,SO,270000,178200,162002,53408,108594,0,22886,0,5157,3591,1003,0,3404,39258,5665,80964,27630
X,아울렛,Acc_etc,장갑,GL,6149000,2439300,2217546,1275365,942181,0,304192,0,72446,48013,25620,0,46569,375457,38386,910683,31498
X,아울렛,Acc_etc,토시,ML,75000,30000,27273,15384,11889,0,3293,0,868,576,666,0,573,7524,1805,15305,-3416
X,아울렛,Bag,가방,BG,11162000,8111650,7374231,2091421,5282810,0,1029365,0,234665,159592,54057,0,154863,1984437,84543,3701522,1581288
X,아울렛,Bag,메신저백,MR,51513000,39248100,35680089,11266225,24413864,0,3884304,0,1135390,771358,332686,0,749280,8567513,636026,16076557,8337307
X,아울렛,Bag,백팩,BK,1184907000,1086811350,988010331,265275153,722735178,0,111666281,0,31443547,21353055,8388258,0,20748230,240961582,17501782,452062735,270672443
X,아울렛,Bag,보스톤백,BW,2767000,1609300,1462999,589461,873538,0,175230,0,46553,31654,13666,0,30722,331294,27018,656137,217401
X,아울렛,Bag,슬링백,SG,11234000,8223500,7475904,2236091,5239813,0,829355,0,237895,161673,81330,0,156989,1738082,119267,3324591,1915222
X,아울렛,Bag,크로스백,CR,13323000,7521800,6838000,2183171,4654829,0,904531,0,217593,148132,64242,0,143598,1152867,106998,2737961,1916868
X,아울렛,Bag,토드백,TG,32828000,21046040,19132758,6181171,12951587,0,2694641,0,608833,414047,188261,0,401783,4056289,394106,8757960,4193627
X,아울렛,Bag,힙색,HS,1339000,986400,896724,282618,614106,0,98439,0,28539,19399,10665,0,18828,196904,9613,382387,231719
X,아울렛,Headwear,비니,BN,9565000,4548400,4134910,1797703,2337207,0,486952,0,132142,89367,49296,0,86834,896788,81201,1822580,514627
X,아울렛,Headwear,운동모,CP,27070000,17537100,15942811,5093568,10849243,0,1867131,0,509334,344506,155194,0,334792,3604628,273821,7089406,3759837
X,아울렛,Headwear,햇,HT,12354000,6655500,6050458,2478535,3571923,0,721295,0,193899,130877,76604,0,127063,1329652,125671,2705061,866862
X,아울렛,Shoes,슬리퍼,LP,5215000,3707600,3370543,1176955,2193588,0,373887,0,107253,72966,26119,0,70779,834597,75271,1560872,632716
X,아울렛,Shoes,신발,SH,410532000,310232830,282029844,87852003,194177841,0,31487291,0,8996174,6095998,2031728,0,5920926,68608486,5231257,128371860,65805981
X,아울렛,과시즌의류,긴팔카라티셔츠,TL,29190000,12116700,11015173,3857243,7157930,0,1253284,0,350522,238219,112905,0,231310,2678980,238017,5103237,2054693
X,아울렛,과시즌의류,긴팔티셔츠,RL,82550000,44340500,40309545,14366133,25943412,0,5044786,0,1285765,871215,457279,0,846500,7278738,542975,16327258,9616154
X,아울렛,과시즌의류,니트,KT,13651000,5563800,5058005,1761400,3296605,0,532182,0,160960,109297,66699,0,106223,1162561,80541,2218463,1078142
X,아울렛,과시즌의류,다운베스트,DV,101809000,39185400,35623080,10252983,25370097,0,4551305,0,1139577,770058,381411,0,748074,6950839,658729,15199993,10170104
X,아울렛,과시즌의류,다운점퍼,DJ,1441138000,622553580,565957806,159818685,406139121,0,66961417,0,18221923,12231612,5998437,0,11885120,124083201,10669868,250051578,156087543
X,아울렛,과시즌의류,레깅스,LG,8030000,3392000,3083638,1087941,1995697,0,401101,0,98121,66843,32738,0,64758,542787,50319,1256667,739030
X,아울렛,과시즌의류,맨투맨,MT,204160000,118350900,107591715,35692767,71898948,0,12970205,0,3428258,2325595,1075346,0,2259414,22231949,1659116,45949883,25949065
X,아울렛,과시즌의류,반바지,SP,2338000,1195000,1086364,331024,755340,0,164344,0,34570,23554,12298,0,22814,126981,12737,397298,358042
X,아울렛,과시즌의류,반팔카라티셔츠,TS,48664000,24657200,22415651,7681278,14734373,0,2913558,0,713290,484465,257620,0,470743,3295026,282028,8416730,6317643
X,아울렛,과시즌의류,반팔티셔츠,RS,180907000,113800480,103454970,30530062,72924908,0,12329845,0,3292140,2235978,905434,0,2171286,21060678,1532738,43528099,29396809
X,아울렛,과시즌의류,방풍자켓,WJ,1145181000,551283570,501166889,184365367,316801522,0,57017173,0,15955009,10830885,4742313,0,10521545,107457498,8037193,214561616,102239906
X,아울렛,과시즌의류,브라,BR,294000,205800,187092,85828,101264,0,26370,0,5470,4032,2846,0,3930,23621,1578,67847,33417
X,아울렛,과시즌의류,상하의 세트,AZ,3225000,1612500,1465909,384893,1081016,0,208517,0,48514,31714,7609,0,30784,380154,4620,711912,369104
X,아울렛,과시즌의류,소프트쉘,SS,250482000,72689300,66081179,21902898,44178281,0,9132070,0,2105279,1428140,747619,0,1387702,8170510,721797,23693117,20485164
X,아울렛,과시즌의류,스윔웨어,SW,28636000,15129700,13754265,4785777,8968488,0,1872083,0,437685,297364,127635,0,288832,1687018,131655,4842272,4126216
X,아울렛,과시즌의류,스윔웨어 하의,SB,17023000,11072100,10065530,3287255,6778275,0,1168077,0,320303,217700,138034,0,211361,1827960,152190,4035625,2742650
X,아울렛,과시즌의류,슬리브리스,SL,2199000,1335300,1213910,369764,844146,0,143958,0,38632,26167,10870,0,25493,224246,18044,487410,356736
X,아울렛,과시즌의류,집업티,ZT,2733000,1246700,1133364,318115,815249,0,150620,0,36066,24490,15828,0,23801,147734,11796,410335,404914
X,아울렛,과시즌의류,트레이닝 숏팬츠,TB,12664000,5742100,5220090,1765451,3454639,0,805034,0,167710,112942,46859,0,109621,409315,39823,1691304,1763335
X,아울렛,과시즌의류,트레이닝(상의),TR,460898000,238740700,217037002,73880182,143156820,0,25401863,0,6906502,4691659,2076399,0,4556641,44793874,3368362,91795300,51361520
X,아울렛,과시즌의류,트레이닝(하의),TP,441131000,227155900,206505366,68938491,137566875,0,24531214,0,6582542,4464336,1942321,0,4336614,41537595,3156881,86551503,51015372
X,아울렛,과시즌의류,패딩,PD,218916000,149819700,136199735,46265757,89933978,0,14826997,0,4334082,2943606,1376632,0,2860202,30847027,2277588,59466134,30467844
X,아울렛,과시즌의류,팬츠,PT,311127000,143915300,130832093,45056539,85775554,0,15665294,0,4174936,2828466,1219226,0,2747476,26326849,1874022,54836269,30939285
X,아울렛,과시즌의류,후드티,HD,148986000,83237700,75670632,28459752,47210880,0,9098400,0,2412059,1635693,681633,0,1589079,16456979,1302111,33175954,14034926
X,아울렛,당시즌의류,긴팔티셔츠,RL,216000,216000,196362,37788,158574,0,31768,0,6250,4252,3650,0,4122,42938,10021,103001,55573
X,아울렛,당시즌의류,다운베스트,DV,21130000,16666800,15151634,4682134,10469500,0,1736813,0,487573,327583,77202,0,318182,3742867,295682,6985902,3483598
X,아울렛,당시즌의류,다운점퍼,DJ,1806439000,1525003310,1386366625,382492459,1003874166,0,151136456,0,44138638,29959031,11881534,0,29113679,338908593,24126338,629264269,374609897
X,아울렛,당시즌의류,맨투맨,MT,68194000,65623190,59657443,11709371,47948072,0,6555209,0,1900686,1289268,483170,0,1252803,14669714,1155094,27305944,20642128
X,아울렛,당시즌의류,반바지,SP,109000,109000,99091,26289,72802,0,11790,0,3153,2137,0,0,2081,29289,3710,52160,20642
X,아울렛,당시즌의류,방풍자켓,WJ,8581000,6185800,5623458,1988084,3635374,0,617468,0,178949,121559,40389,0,118096,1435455,107338,2619254,1016120
X,아울렛,당시즌의류,상하의 세트,AZ,903000,903000,820910,218491,602419,0,138917,0,26124,17779,4094,0,17240,196951,18683,419788,182631
X,아울렛,당시즌의류,소프트쉘,SS,51178000,37502200,34092918,10865275,23227643,0,3543487,0,1094105,737041,272427,0,715960,8614933,606984,15584937,7642706
X,아울렛,당시즌의류,원피스,OP,903000,809420,735836,232351,503485,0,157063,0,23416,15948,10764,0,15453,151441,40469,414554,88931
X,아울렛,당시즌의류,트레이닝(상의),TR,18789000,14581590,13255992,4212500,9043492,0,1880954,0,421835,286853,73516,0,278376,3270992,341252,6553778,2489714
X,아울렛,당시즌의류,트레이닝(하의),TP,17725000,13150910,11955377,3788901,8166476,0,1687873,0,386004,258749,70659,0,251067,3045565,320810,6020727,2145749
X,아울렛,당시즌의류,팬츠,PT,3404000,2663400,2421272,743278,1677994,0,287082,0,81646,52368,7858,0,50846,586474,30285,1096559,581435
X,아울렛,당시즌의류,후드티,HD,24207000,22922590,20838720,4920823,15917897,0,2298540,0,663122,450629,154878,0,437615,5179892,373863,9558539,6359358
X,아울렛,차시즌의류,긴팔티셔츠,RL,1155000,1085000,986364,249786,736578,0,145908,0,31388,21379,3687,0,20714,191513,16998,431587,304991
X,아울렛,차시즌의류,맨투맨,MT,9794000,9570000,8699999,1884443,6815556,0,895752,0,276850,188095,49114,0,182699,1686507,79661,3358678,3456878
X,아울렛,차시즌의류,반팔티셔츠,RS,1713000,1553000,1411818,318433,1093385,0,164223,0,44927,30603,606,0,29648,234709,6223,510939,582446
X,아울렛,차시즌의류,방풍자켓,WJ,13302000,12912000,11738183,2927839,8810344,0,1303230,0,373536,253986,26723,0,246503,2068835,45812,4318625,4491719
X,아울렛,차시즌의류,스커트,SK,237000,237000,215455,44489,170966,0,41414,0,6856,4674,0,0,4525,50173,7509,115151,55815
X,아울렛,차시즌의류,집업티,ZT,109000,109000,99091,30938,68153,0,10439,0,3153,2139,0,0,2081,15258,90,33160,34993
X,아울렛,차시즌의류,트레이닝(상의),TR,16770000,16300160,14818329,3646273,11172056,0,1917064,0,471544,320721,28332,0,311188,2727119,149128,5925096,5246960
X,아울렛,차시즌의류,트레이닝(하의),TP,14836000,14370840,13064395,3074836,9989559,0,1689937,0,415735,282747,23184,0,274347,2387887,131423,5205260,4784299
X,아울렛,차시즌의류,패딩,PD,6411000,6307000,5733638,1535914,4197724,0,963408,0,182454,124107,24109,0,120408,1224065,169987,2808538,1389186
X,아울렛,차시즌의류,팬츠,PT,3394000,3234000,2940000,601390,2338610,0,311836,0,93556,63668,0,0,61740,459394,2602,992796,1345814
X,아울렛,차시즌의류,후드티,HD,4137000,4047000,3679090,906379,2772711,0,372708,0,117076,79622,16170,0,77260,710539,24899,1398274,1374437
X,자사몰,Acc_etc,기타소품류,AC,702000,564600,513272,152479,360793,0,0,0,28778,11071,14727,0,10779,0,0,65355,295438
X,자사몰,Acc_etc,다운 스카프,DC,2857000,2087940,1898127,673400,1224727,0,0,0,106429,41239,54467,0,39861,0,0,241996,982731
X,자사몰,Acc_etc,마스크,MK,207000,194680,176982,44343,132639,0,0,0,9923,3875,5079,0,3716,0,0,22593,110046
X,자사몰,Acc_etc,멀티스카프,MS,553000,304620,276928,113247,163681,0,0,0,15528,5812,7947,0,5816,0,0,35103,128578
X,자사몰,Acc_etc,양말,SO,1533000,1059600,963271,368770,594501,0,0,0,54012,21037,27642,0,20231,0,0,122922,471579
X,자사몰,Acc_etc,장갑,GL,1292000,1077750,979773,310539,669234,0,0,0,54935,21034,28113,0,20577,0,0,124659,544575
X,자사몰,Acc_etc,토시,ML,1125000,322480,293163,251427,41736,0,0,0,16438,6366,8413,0,6155,0,0,37372,4364
X,자사몰,Bag,가방,BG,3332000,2631120,2391927,764523,1627404,0,0,0,134115,51479,68637,0,50231,0,0,304462,1322942
X,자사몰,Bag,메신저백,MR,14871000,10443570,9494155,3246754,6247401,0,0,0,532337,205085,272433,0,199378,0,0,1209233,5038168
X,자사몰,Bag,바디백,BZ,852000,809100,735545,193326,542219,0,0,0,41243,15776,21106,0,15446,0,0,93571,448648
X,자사몰,Bag,백팩,BK,468691000,434642740,395129764,107495913,287633851,0,0,0,22160141,8538827,11340852,0,8294690,0,0,50334510,237299341
X,자사몰,Bag,보스톤백,BW,1444000,910080,827345,332764,494581,0,0,0,46389,17990,23740,0,17374,0,0,105493,389088
X,자사몰,Bag,슬링백,SG,8932000,6902290,6274809,1892625,4382184,0,0,0,351828,135340,180055,0,131770,0,0,798993,3583191
X,자사몰,Bag,크로스백,CR,5635000,4318040,3925493,1210500,2714993,0,0,0,220105,85522,112641,0,82438,0,0,500706,2214287
X,자사몰,Bag,토드백,TG,16365000,13117610,11925102,3542335,8382767,0,0,0,668645,257670,342188,0,250428,0,0,1518931,6863836
X,자사몰,Bag,힙색,HS,414000,360680,327890,90075,237815,0,0,0,18385,7196,9409,0,6885,0,0,41875,195940
X,자사몰,Headwear,비니,BN,684000,547460,497690,144013,353677,0,0,0,27906,10794,14281,0,10451,0,0,63432,290245
X,자사몰,Headwear,운동모,CP,6704000,4407950,4007228,1333328,2673900,0,0,0,226673,87459,116001,0,84151,0,0,514284,2159616
X,자사몰,Headwear,햇,HT,3979000,1845870,1678063,799953,878110,0,0,0,94089,36811,48155,0,35238,0,0,214293,663817
X,자사몰,Shoes,슬리퍼,LP,12364000,9609540,8735944,2991678,5744266,0,0,0,489868,188756,250676,0,183454,0,0,1112754,4631512
X,자사몰,Shoes,신발,SH,303554000,235184960,213804512,65369701,148434811,0,0,0,11996124,4620910,6139237,0,4489895,0,0,27246166,121188645
X,자사몰,과시즌의류,다운점퍼,DJ,945000,379590,345082,112068,233014,0,0,0,19348,7473,9902,0,7247,0,0,43970,189044
X,자사몰,과시즌의류,맨투맨,MT,650000,329420,299473,76712,222761,0,0,0,16792,6366,8594,0,6289,0,0,38041,184720
X,자사몰,과시즌의류,반팔카라티셔츠,TS,6970000,4268400,3880363,1271578,2608785,0,0,0,218518,84255,109969,0,81487,0,0,494229,2114556
X,자사몰,과시즌의류,반팔티셔츠,RS,39925000,22577950,20525408,8231770,12293638,0,0,0,1517785,444765,776754,0,431035,0,0,3170339,9123299
X,자사몰,과시즌의류,방풍자켓,WJ,2365000,829200,753819,341687,412132,0,0,0,42267,16330,21630,0,15831,0,0,96058,316074
X,자사몰,과시즌의류,스윔웨어,SW,29431000,17072790,15520718,6264844,9255874,0,0,0,870479,335718,445486,0,325935,0,0,1977618,7278256
X,자사몰,과시즌의류,스윔웨어 하의,SB,23596000,13833690,12576082,4959783,7616299,0,0,0,705141,272339,360869,0,264102,0,0,1602451,6013848
X,자사몰,과시즌의류,트레이닝 숏팬츠,TB,414000,200390,182172,107985,74187,0,0,0,11048,3875,5654,0,3826,0,0,24403,49784
X,자사몰,과시즌의류,트레이닝(상의),TR,995000,537030,488209,265663,222546,0,0,0,27374,10518,14009,0,10252,0,0,62153,160393
X,자사몰,과시즌의류,트레이닝(하의),TP,207000,80700,73364,42645,30719,0,0,0,4113,1661,2105,0,1541,0,0,9420,21299
X,자사몰,당시즌의류,긴팔카라티셔츠,TL,892000,827120,751928,150221,601707,0,0,0,42160,16052,21576,0,15791,0,0,95579,506128
X,자사몰,당시즌의류,긴팔티셔츠,RL,1043000,986210,896555,185415,711140,0,0,0,53276,19375,27266,0,18828,0,0,118745,592395
X,자사몰,당시즌의류,다운베스트,DV,32800000,22877450,20797681,6988142,13809539,0,0,0,1166128,449504,591602,0,436751,0,0,2643985,11165554
X,자사몰,당시즌의류,다운점퍼,DJ,507403000,401168700,364698821,110190714,254508107,0,0,0,20479682,7880476,10469435,0,7654361,0,0,46483954,208024153
X,자사몰,당시즌의류,레깅스,LG,2191000,1612430,1465845,509167,956678,0,0,0,82192,31828,42062,0,30782,0,0,186864,769814
X,자사몰,당시즌의류,맨투맨,MT,23867000,19760260,17963873,4323352,13640521,0,0,0,1007236,388583,515469,0,377241,0,0,2288529,11351992
X,자사몰,당시즌의류,반바지,SP,-109000,-106930,-97209,-26289,-70920,0,0,0,0,-2214,0,0,-2041,0,0,-4255,-66665
X,자사몰,당시즌의류,방풍자켓,WJ,19256000,13365610,12150556,4415077,7735479,0,0,0,681284,262929,348658,0,255163,0,0,1548034,6187445
X,자사몰,당시즌의류,상하의 세트,AZ,1290000,1127650,1025136,312130,713006,0,0,0,57480,22141,29416,0,21528,0,0,130565,582441
X,자사몰,당시즌의류,소프트쉘,SS,13387000,10014440,9104038,2890944,6213094,0,0,0,517043,197060,264608,0,191186,0,0,1169897,5043197
X,자사몰,당시즌의류,원피스,OP,546000,444600,404181,134016,270165,0,0,0,22663,8579,11598,0,8487,0,0,51327,218838
X,자사몰,당시즌의류,집업티,ZT,118000,82000,74545,25042,49503,0,0,0,4180,1661,2139,0,1565,0,0,9545,39958
X,자사몰,당시즌의류,트레이닝(상의),TR,20115000,15688370,14262154,4265888,9996266,0,0,0,799680,309977,409253,0,299506,0,0,1818416,8177850
X,자사몰,당시즌의류,트레이닝(하의),TP,28827000,22769380,20699438,6016199,14683239,0,0,0,1164902,447808,596156,0,434688,0,0,2643554,12039685
X,자사몰,당시즌의류,팬츠,PT,18384000,14378870,13071698,3984911,9086787,0,0,0,732931,282579,375094,0,274507,0,0,1665111,7421676
X,자사몰,당시즌의류,후드티,HD,10129000,7566420,6878563,2174854,4703709,0,0,0,385681,149178,197378,0,144450,0,0,876687,3827022
X,자사몰,차시즌의류,긴팔티셔츠,RL,2811000,2350870,2137154,566983,1570171,0,0,0,119831,46356,59789,0,44880,0,0,270856,1299315
X,자사몰,차시즌의류,맨투맨,MT,13428000,12221510,11110463,2672918,8437545,0,0,0,622963,240169,316493,0,233320,0,0,1412945,7024600
X,자사몰,차시즌의류,반팔티셔츠,RS,3797000,3189680,2899709,686707,2213002,0,0,0,162585,63381,83206,0,60895,0,0,370067,1842935
X,자사몰,차시즌의류,방풍자켓,WJ,24415000,22773070,20702791,5678254,15024537,0,0,0,1160806,447567,588878,0,434759,0,0,2632010,12392527
X,자사몰,차시즌의류,스커트,SK,684000,649000,590000,106789,483211,0,0,0,33082,12731,16930,0,12390,0,0,75133,408078
X,자사몰,차시즌의류,트레이닝(상의),TR,12728000,11611090,10555534,2753376,7802158,0,0,0,591851,228335,302892,0,221664,0,0,1344742,6457416
X,자사몰,차시즌의류,트레이닝(하의),TP,14528000,13522130,12292847,2917896,9374951,0,0,0,689263,266528,352758,0,258152,0,0,1566701,7808250
X,자사몰,차시즌의류,패딩,PD,4955000,4549410,4135828,1067614,3068214,0,0,0,231898,89396,118677,0,86853,0,0,526824,2541390
X,자사몰,차시즌의류,팬츠,PT,8087000,7545180,6859257,1611810,5247447,0,0,0,384601,148637,193726,0,144045,0,0,871009,4376438
X,자사몰,차시즌의류,후드티,HD,8132000,7624520,6931381,1851125,5080256,0,0,0,388644,150008,198894,0,145560,0,0,883106,4197150
X,제휴몰,Acc_etc,기타소품류,AC,8151000,8151020,7410023,1634276,5775747,0,0,0,415483,159995,0,1760828,155614,0,0,2491920,3283827
X,제휴몰,Acc_etc,다운 스카프,DC,36712000,34572900,31429906,8454924,22974982,0,0,0,1762277,678901,0,6885339,660028,0,0,9986545,12988437
X,제휴몰,Acc_etc,마스크,MK,258000,258000,234546,55716,178830,0,0,0,13148,5037,0,60571,4926,0,0,83682,95148
X,제휴몰,Acc_etc,멀티스카프,MS,1796000,1508300,1371184,368590,1002594,0,0,0,76882,29629,0,312481,28797,0,0,447789,554805
X,제휴몰,Acc_etc,양말,SO,989000,736600,669637,200582,469055,0,0,0,37541,14612,0,166356,14063,0,0,232572,236483
X,제휴몰,Acc_etc,장갑,GL,8023000,4720300,4291179,1753123,2538056,0,0,0,240605,92740,0,1070613,90112,0,0,1494070,1043986
X,제휴몰,Acc_etc,토시,ML,1150000,595000,540909,231434,309475,0,0,0,30331,11834,0,120310,11359,0,0,173834,135641
X,제휴몰,Bag,가방,BG,3483000,2467800,2243456,676628,1566828,0,0,0,173346,48682,0,701876,47114,0,0,971018,595810
X,제휴몰,Bag,메신저백,MR,48536000,34610200,31463819,10640351,20823468,0,0,0,1764177,680368,0,7258117,660741,0,0,10363403,10460065
X,제휴몰,Bag,바디백,BZ,654000,654000,594546,147768,446778,0,0,0,33336,12891,0,143970,12486,0,0,202683,244095
X,제휴몰,Bag,백팩,BK,874363000,773756560,703415058,197869287,505545771,0,0,0,39507426,15197839,0,165481484,14771728,0,0,234958477,270587294
X,제휴몰,Bag,보스톤백,BW,1905000,1065500,968635,413001,555634,0,0,0,54313,21174,0,220481,20340,0,0,316308,239326
X,제휴몰,Bag,슬링백,SG,24988000,19593200,17811994,5087672,12724322,0,0,0,998723,385320,0,4027209,374046,0,0,5785298,6939024
X,제휴몰,Bag,크로스백,CR,17573000,13311700,12101544,3685005,8416539,0,0,0,678539,261216,0,2758873,254131,0,0,3952759,4463780
X,제휴몰,Bag,토드백,TG,30513000,20342330,18493023,5869265,12623758,0,0,0,1047468,399534,0,4417166,388350,0,0,6252518,6371240
X,제휴몰,Bag,힙색,HS,1420000,1203700,1094271,300292,793979,0,0,0,61356,23657,0,230210,22978,0,0,338201,455778
X,제휴몰,Headwear,비니,BN,5831000,4782500,4347726,1194098,3153628,0,0,0,243777,94052,0,1052278,91301,0,0,1481408,1672220
X,제휴몰,Headwear,운동모,CP,13413000,9286200,8441989,2549152,5892837,0,0,0,473337,183226,0,1995748,177271,0,0,2829582,3063255
X,제휴몰,Headwear,햇,HT,7821000,4042590,3675080,1562483,2112597,0,0,0,206062,80006,0,895795,77175,0,0,1259038,853559
X,제휴몰,Shoes,슬리퍼,LP,27622000,26081920,23710837,6806571,16904266,0,0,0,1329468,512135,0,5427154,497929,0,0,7766686,9137580
X,제휴몰,Shoes,신발,SH,640330000,483780780,439800711,136800638,303000073,0,0,0,24664655,9504217,0,102816535,9235808,0,0,146221215,156778858
X,제휴몰,과시즌의류,긴팔티셔츠,RL,3933000,2753100,2502819,921506,1581313,0,0,0,142793,53979,0,623514,52560,0,0,872846,708467
X,제휴몰,과시즌의류,다운베스트,DV,398000,238800,217090,53188,163902,0,0,0,12172,4695,0,56499,4558,0,0,77924,85978
X,제휴몰,과시즌의류,다운점퍼,DJ,445108000,191626630,174206019,44562612,129643407,0,0,0,9828294,3764432,0,43456087,3658317,0,0,60707130,68936277
X,제휴몰,과시즌의류,레깅스,LG,4054000,2837800,2579817,935069,1644748,0,0,0,144650,55828,0,598029,54175,0,0,852682,792066
X,제휴몰,과시즌의류,맨투맨,MT,66549000,33048160,30043782,9891225,20152557,0,0,0,1684555,649214,0,7619587,630924,0,0,10584280,9568277
X,제휴몰,과시즌의류,반바지,SP,4481000,2991500,2719547,1035030,1684517,0,0,0,152484,59065,0,619884,57112,0,0,888545,795972
X,제휴몰,과시즌의류,반팔카라티셔츠,TS,5807000,3864800,3513454,1101385,2412069,0,0,0,196999,76309,0,803646,73782,0,0,1150736,1261333
X,제휴몰,과시즌의류,반팔티셔츠,RS,92291000,62283290,56621164,17457513,39163651,0,0,0,3174744,1225531,0,13507746,1189036,0,0,19097057,20066594
X,제휴몰,과시즌의류,방풍자켓,WJ,191031000,80408870,73098967,25022325,48076642,0,0,0,4098663,1579563,0,17072643,1535073,0,0,24285942,23790700
X,제휴몰,과시즌의류,소프트쉘,SS,67753000,28550490,25954990,8571634,17383356,0,0,0,1455304,560538,0,6298903,545054,0,0,8859799,8523557
X,제휴몰,과시즌의류,스윔웨어,SW,147289000,94404330,85822112,31240821,54581291,0,0,0,4814162,1855271,0,19192757,1802258,0,0,27664448,26916843
X,제휴몰,과시즌의류,스윔웨어 하의,SB,81189000,53272200,48429268,16754943,31674325,0,0,0,2718793,1046613,0,10768373,1017010,0,0,15550789,16123536
X,제휴몰,과시즌의류,스커트,SK,357000,249900,227182,61180,166002,0,0,0,12738,4912,0,47098,4771,0,0,69519,96483
X,제휴몰,과시즌의류,원피스,OP,973000,583800,530726,188219,342507,0,0,0,29757,11551,0,123700,11144,0,0,176152,166355
X,제휴몰,과시즌의류,트레이닝 숏팬츠,TB,4407000,2932100,2665544,1023206,1642338,0,0,0,149458,57617,0,647940,55975,0,0,910990,731348
X,제휴몰,과시즌의류,트레이닝(상의),TR,37197000,16437490,14943174,5351997,9591177,0,0,0,837867,323447,0,3737553,313808,0,0,5212675,4378502
X,제휴몰,과시즌의류,트레이닝(하의),TP,18510000,8161300,7419363,2388113,5031250,0,0,0,416005,160193,0,1738498,155806,0,0,2470502,2560748
X,제휴몰,과시즌의류,패딩,PD,1323000,793800,721636,263314,458322,0,0,0,40463,15517,0,183080,15154,0,0,254214,204108
X,제휴몰,과시즌의류,팬츠,PT,22526000,9859600,8963272,3132962,5830310,0,0,0,502572,193653,0,2296127,188228,0,0,3180580,2649730
X,제휴몰,과시즌의류,후드티,HD,13705000,7552290,6865720,2112268,4753452,0,0,0,384963,148632,0,1661449,144182,0,0,2339226,2414226
X,제휴몰,당시즌의류,긴팔카라티셔츠,TL,515000,515000,468182,85320,382862,0,0,0,26251,10178,0,103435,9832,0,0,149696,233166
X,제휴몰,당시즌의류,긴팔티셔츠,RL,2026000,2026000,1841815,350932,1490883,0,0,0,106279,40160,0,463895,38675,0,0,649009,841874
X,제휴몰,당시즌의류,다운베스트,DV,52294000,39166590,35605989,11513672,24092317,0,0,0,1996423,769765,0,8628492,747724,0,0,12142404,11949913
X,제휴몰,당시즌의류,다운점퍼,DJ,1460853000,1253683940,1139712673,309655654,830057019,0,0,0,64038274,24626258,0,273550618,23933964,0,0,386149114,443907905
X,제휴몰,당시즌의류,레깅스,LG,928000,824500,749544,214095,535449,0,0,0,42029,16115,0,163286,15739,0,0,237169,298280
X,제휴몰,당시즌의류,맨투맨,MT,42143000,40402990,36729990,7736912,28993078,0,0,0,2059457,793455,0,8511459,771329,0,0,12135700,16857378
X,제휴몰,당시즌의류,반바지,SP,654000,654000,594546,157734,436812,0,0,0,33336,12896,0,150818,12486,0,0,209536,227276
X,제휴몰,당시즌의류,방풍자켓,WJ,16106000,13077200,11888364,3750313,8138051,0,0,0,666583,257284,0,2956897,249656,0,0,4130420,4007631
X,제휴몰,당시즌의류,상하의 세트,AZ,774000,774000,703636,187278,516358,0,0,0,39454,15261,0,163565,14776,0,0,233056,283302
X,제휴몰,당시즌의류,소프트쉘,SS,16511000,13838000,12580000,3431299,9148701,0,0,0,705368,272196,0,2979940,264180,0,0,4221684,4927017
X,제휴몰,당시즌의류,스커트,SK,556000,556000,505455,127947,377508,0,0,0,28340,10960,0,132326,10615,0,0,182241,195267
X,제휴몰,당시즌의류,원피스,OP,1311000,1138200,1034726,304960,729766,0,0,0,58018,22331,0,222983,21728,0,0,325060,404706
X,제휴몰,당시즌의류,트레이닝(상의),TR,16265000,13878500,12616821,3382964,9233857,0,0,0,707430,272382,0,2884819,264956,0,0,4129587,5104270
X,제휴몰,당시즌의류,트레이닝(하의),TP,23080000,20079700,18254276,4823175,13431101,0,0,0,1031629,394610,0,4343685,383343,0,0,6153267,7277834
X,제휴몰,당시즌의류,팬츠,PT,14166000,12824100,11658275,3031275,8627000,0,0,0,658286,252109,0,2761239,244826,0,0,3916460,4710540
X,제휴몰,당시즌의류,후드티,HD,13448000,11904800,10822545,2818977,8003568,0,0,0,611872,233820,0,2548730,227273,0,0,3621695,4381873
X,제휴몰,차시즌의류,긴팔티셔츠,RL,1089000,1089000,989998,214919,775079,0,0,0,55509,21414,0,234209,20788,0,0,331920,443159
X,제휴몰,차시즌의류,맨투맨,MT,4382000,4382000,3983636,878637,3104999,0,0,0,223365,86354,0,874483,83656,0,0,1267858,1837141
X,제휴몰,차시즌의류,반팔티셔츠,RS,693000,693000,629999,122522,507477,0,0,0,35322,13552,0,141575,13229,0,0,203678,303799
X,제휴몰,차시즌의류,방풍자켓,WJ,9234000,9234000,8394545,2032973,6361572,0,0,0,479298,181894,0,2007431,176285,0,0,2844908,3516664
X,제휴몰,차시즌의류,스커트,SK,79000,79000,71818,14829,56989,0,0,0,4027,1552,0,16579,1508,0,0,23666,33323
X,제휴몰,차시즌의류,트레이닝(상의),TR,2554000,2554000,2321816,557684,1764132,0,0,0,130190,50071,0,553497,48756,0,0,782514,981618
X,제휴몰,차시즌의류,트레이닝(하의),TP,3338000,3338000,3034547,672858,2361689,0,0,0,170149,65291,0,712567,63727,0,0,1011734,1349955
X,제휴몰,차시즌의류,패딩,PD,2338000,2338000,2125455,477126,1648329,0,0,0,119175,45966,0,547255,44635,0,0,757031,891298
X,제휴몰,차시즌의류,팬츠,PT,1587000,1587000,1442729,335805,1106924,0,0,0,80893,31018,0,349498,30299,0,0,491708,615216
X,제휴몰,차시즌의류,후드티,HD,2046000,2046000,1859998,475351,1384647,0,0,0,104291,40121,0,399734,39058,0,0,583204,801443
X,직영몰,Acc_etc,기타소품류,AC,195000,195000,177275,39529,137746,0,23926,0,5640,3851,3402,0,3725,48352,7378,96274,41472
X,직영몰,Acc_etc,다운 스카프,DC,433000,338400,307634,103043,204591,0,45988,0,10814,6634,6371,0,6458,102687,19416,198368,6223
X,직영몰,Acc_etc,멀티스카프,MS,117000,117000,106364,23025,83339,0,13488,0,3384,2315,1380,0,2234,35249,6811,64861,18478
X,직영몰,Acc_etc,양말,SO,368000,362000,329091,69917,259174,0,49161,0,11628,7109,6476,0,6911,87845,20499,189629,69545
X,직영몰,Acc_etc,장갑,GL,252000,249720,227017,58634,168383,0,30620,0,7225,4887,3756,0,4767,62275,12927,126457,41926
X,직영몰,Bag,가방,BG,595000,479600,436000,137202,298798,0,59982,0,13874,9425,8377,0,9156,106490,18282,225586,73212
X,직영몰,Bag,메신저백,MR,5594000,5078870,4617155,1207790,3409365,0,583114,0,146925,99785,74379,0,96961,1430211,220058,2651433,757932
X,직영몰,Bag,바디백,BZ,743000,710000,645455,168697,476758,0,82255,0,20540,13922,11459,0,13555,236396,38019,416146,60612
X,직영몰,Bag,백팩,BK,205829000,204099620,185545114,46299835,139245279,0,23219512,0,5907165,4008357,2967332,0,3890000,59107497,9029905,108129768,31115511
X,직영몰,Bag,슬링백,SG,2870000,2773600,2521453,600823,1920630,0,325532,0,80239,54456,42081,0,52949,755693,136274,1447224,473406
X,직영몰,Bag,크로스백,CR,3016000,2992300,2720271,647929,2072342,0,348442,0,86561,58811,44633,0,57124,797782,139533,1532886,539456
X,직영몰,Bag,토드백,TG,4818000,4730730,4300664,1053486,3247178,0,528347,0,136856,92938,65381,0,90314,1321842,198504,2434182,812996
X,직영몰,Bag,힙색,HS,79000,79000,71818,17035,54783,0,9483,0,2286,1561,1390,0,1508,17610,1819,35657,19126
X,직영몰,Headwear,비니,BN,741000,729590,663263,152443,510820,0,88438,0,21107,14389,11883,0,13928,180670,29880,360295,150525
X,직영몰,Headwear,운동모,CP,2856000,2790900,2537177,529017,2008160,0,322842,0,80744,54917,41043,0,53276,732076,127317,1412215,595945
X,직영몰,Headwear,햇,HT,930000,867900,789001,185062,603939,0,100295,0,25105,17052,13263,0,16570,240914,36060,449259,154680
X,직영몰,Shoes,슬리퍼,LP,3881000,3869300,3517546,992508,2525038,0,443894,0,113063,76032,53530,0,73869,1078874,173325,2012587,512451
X,직영몰,Shoes,신발,SH,77310000,73664070,66967338,16528608,50438730,0,8437484,0,2131015,1446790,1108073,0,1406316,19877283,3189847,37596808,12841922
X,직영몰,과시즌의류,긴팔티셔츠,RL,-69000,-41400,-37636,-14119,-23517,0,0,0,0,-810,0,0,-790,0,0,-1600,-21917
X,직영몰,과시즌의류,다운베스트,DV,-80000,-8200,-7455,-24313,16858,0,8278,0,2065,-152,989,0,-157,10738,4444,26205,-9347
X,직영몰,과시즌의류,다운점퍼,DJ,80000,28100,25546,1509,24037,0,19408,0,4843,551,2319,0,537,25176,10420,63254,-39217
X,직영몰,과시즌의류,맨투맨,MT,198000,120800,109819,26460,83359,0,13931,0,3494,2384,1488,0,2307,22559,7237,53400,29959
X,직영몰,과시즌의류,반팔티셔츠,RS,2459000,1657500,1506817,503381,1003436,0,196367,0,47953,32591,26436,0,31642,341129,59912,736030,267406
X,직영몰,과시즌의류,방풍자켓,WJ,1334000,840200,763818,278172,485646,0,123772,0,30885,16483,14791,0,16040,160559,66457,428987,56659
X,직영몰,과시즌의류,소프트쉘,SS,507000,253500,230455,57806,172649,0,29390,0,7334,4975,3512,0,4840,38124,15780,103955,68694
X,직영몰,과시즌의류,트레이닝(상의),TR,983000,685100,622819,151218,471601,0,86801,0,21660,13458,10374,0,13080,112599,46606,304578,167023
X,직영몰,과시즌의류,트레이닝(하의),TP,654000,457800,416182,86151,330031,0,53076,0,13242,8988,6344,0,8740,68850,28496,187736,142295
X,직영몰,과시즌의류,팬츠,PT,0,0,0,-5549,5549,0,0,0,0,0,0,0,0,0,0,0,5549
X,직영몰,당시즌의류,긴팔카라티셔츠,TL,863000,863000,784546,158549,625997,0,101101,0,24965,16944,13274,0,16476,237929,48881,459570,166427
X,직영몰,당시즌의류,긴팔티셔츠,RL,138000,138000,125455,23610,101845,0,16184,0,3992,2702,2210,0,2635,55979,8669,92371,9474
X,직영몰,당시즌의류,다운베스트,DV,3546000,2955500,2686815,815555,1871260,0,418798,0,102770,58048,57148,0,56420,932275,153159,1778618,92642
X,직영몰,당시즌의류,다운점퍼,DJ,286897000,257376820,233978917,61217645,172761272,0,29948224,0,7473863,5054832,3877388,0,4913548,68804756,11686200,131758811,41002461
X,직영몰,당시즌의류,레깅스,LG,89000,89000,80909,21633,59276,0,10438,0,2575,1747,1425,0,1699,36103,5592,59579,-303
X,직영몰,당시즌의류,맨투맨,MT,1562000,1535300,1395727,273308,1122419,0,188277,0,44417,30137,22213,0,29310,299089,90382,703825,418594
X,직영몰,당시즌의류,반바지,SP,109000,109000,99091,26289,72802,0,12637,0,3153,2147,1510,0,2081,16393,6786,44707,28095
X,직영몰,당시즌의류,방풍자켓,WJ,2728000,2447200,2224727,610438,1614289,0,287548,0,70795,48068,38592,0,46719,730802,132742,1355266,259023
X,직영몰,당시즌의류,상하의 세트,AZ,129000,129000,117273,31213,86060,0,15485,0,3732,2529,2269,0,2463,28757,2969,58204,27856
X,직영몰,당시즌의류,소프트쉘,SS,7502000,5748100,5225544,1701320,3524224,0,706848,0,170118,112837,89798,0,109735,1313407,319322,2822065,702159
X,직영몰,당시즌의류,트레이닝(상의),TR,1825000,1716000,1560001,369443,1190558,0,239129,0,58264,33693,31923,0,32761,683366,116868,1196004,-5446
X,직영몰,당시즌의류,트레이닝(하의),TP,2458000,2343500,2130455,501157,1629298,0,278730,0,67793,45992,36929,0,44740,751218,134279,1359681,269617
X,직영몰,당시즌의류,팬츠,PT,3744000,3503500,3185003,754119,2430884,0,429955,0,106241,68837,57282,0,66888,888354,142418,1759975,670909
X,직영몰,당시즌의류,후드티,HD,475000,465000,422727,96906,325821,0,66033,0,16606,9138,7052,0,8877,156852,31516,296074,29747
X,직영몰,차시즌의류,긴팔티셔츠,RL,2133000,2133000,1939086,452792,1486294,0,244879,0,61710,41916,32336,0,40716,535608,96249,1053414,432880
X,직영몰,차시즌의류,레깅스,LG,118000,118000,107272,23372,83900,0,13046,0,3414,2321,1729,0,2252,24430,5726,52918,30982
X,직영몰,차시즌의류,맨투맨,MT,13421000,13380510,12164096,2693717,9470379,0,1536267,0,387084,262810,196556,0,255442,3443289,627963,6709411,2760968
X,직영몰,차시즌의류,반팔티셔츠,RS,5242000,5200420,4727647,969252,3758395,0,590731,0,150444,102149,77929,0,99273,1425358,246565,2692449,1065946
X,직영몰,차시즌의류,방풍자켓,WJ,30643000,30564080,27785536,6875729,20909807,0,3528880,0,895711,600444,454020,0,583504,9024205,1381295,16468059,4441748
X,직영몰,차시즌의류,스커트,SK,228000,228000,207273,35596,171677,0,26068,0,6595,4489,3403,0,4353,79162,8550,132620,39057
X,직영몰,차시즌의류,집업티,ZT,436000,436000,396364,140919,255445,0,48206,0,12612,8564,6392,0,8324,90266,21160,195524,59921
X,직영몰,차시즌의류,트레이닝(상의),TR,13275000,13160800,11964366,2801846,9162520,0,1514119,0,383590,258442,199329,0,251254,3711857,611584,6930175,2232345
X,직영몰,차시즌의류,트레이닝(하의),TP,15078000,14970840,13609856,3026298,10583558,0,1728867,0,435377,293969,227674,0,285809,4042289,688457,7702442,2881116
X,직영몰,차시즌의류,패딩,PD,10421000,10382000,9438183,2082536,7355647,0,1232663,0,306961,203834,166408,0,198203,3039486,460539,5608094,1747553
X,직영몰,차시즌의류,팬츠,PT,5278000,5239400,4763095,1077849,3685246,0,605724,0,151567,102932,75715,0,100029,1371951,249072,2656990,1028256
X,직영몰,차시즌의류,후드티,HD,5578000,5578000,5070908,1281349,3789559,0,639251,0,161366,109616,82372,0,106488,1482139,245682,2826914,962645
X,직영점(가두),Acc_etc,기타소품류,AC,156000,132600,120546,32615,87931,0,30046,0,3835,2621,2710,0,2532,122144,4924,168812,-80881
X,직영점(가두),Acc_etc,다운 스카프,DC,206000,188300,171181,47848,123333,0,42668,0,5448,3709,3850,0,3594,173450,6991,239710,-116377
X,직영점(가두),Acc_etc,멀티스카프,MS,88000,73300,66637,18261,48376,0,16609,0,2121,1453,1498,0,1400,67520,2722,93323,-44947
X,직영점(가두),Acc_etc,양말,SO,12000,12000,10909,1516,9393,0,11556,0,1475,244,1043,0,229,46978,1893,63418,-54025
X,직영점(가두),Bag,메신저백,MR,129000,90300,82091,28676,53415,0,20462,0,2613,1780,1846,0,1724,83179,3353,114957,-61542
X,직영점(가두),Bag,바디백,BZ,109000,109000,99091,24628,74463,0,24699,0,3153,2146,2229,0,2081,100405,4048,138761,-64298
X,직영점(가두),Bag,백팩,BK,4622000,4551300,4137544,1051122,3086422,0,1031317,0,131663,89499,93063,0,86887,4192391,168990,5793810,-2707388
X,직영점(가두),Bag,슬링백,SG,554000,554000,503636,119259,384377,0,125535,0,16028,10895,11328,0,10576,510313,20572,705247,-320870
X,직영점(가두),Bag,크로스백,CR,790000,745600,677817,177813,500004,0,168952,0,21568,14673,15247,0,14233,686802,27684,949159,-449155
X,직영점(가두),Bag,토드백,TG,49000,49000,44545,10712,33833,0,11103,0,1418,965,1002,0,935,45136,1820,62379,-28546
X,직영점(가두),Headwear,비니,BN,241000,231000,210001,50533,159468,0,52343,0,6683,4551,4723,0,4411,212783,8577,294071,-134603
X,직영점(가두),Headwear,운동모,CP,167000,146300,132999,30458,102541,0,33151,0,4233,2881,2992,0,2792,134763,5434,186246,-83705
X,직영점(가두),Shoes,신발,SH,6658000,6150200,5591090,1440992,4150098,0,1393626,0,177918,120936,125757,0,117412,5665216,228359,7829224,-3679126
X,직영점(가두),과시즌의류,다운점퍼,DJ,399000,279300,253909,53321,200588,0,63289,0,8080,5488,5711,0,5332,257275,10370,355545,-154957
X,직영점(가두),당시즌의류,긴팔카라티셔츠,TL,129000,129000,117273,25546,91727,0,29231,0,3732,2540,2638,0,2463,118828,4789,164221,-72494
X,직영점(가두),당시즌의류,다운베스트,DV,1352000,1167200,1061090,274408,786682,0,264485,0,33765,22959,23866,0,22282,1075156,43340,1485853,-699171
X,직영점(가두),당시즌의류,다운점퍼,DJ,45594000,42923430,39021298,9573229,29448069,0,9726390,0,1241724,844114,877684,0,819446,39538591,1593772,54641721,-25193652
X,직영점(가두),당시즌의류,맨투맨,MT,178000,178000,161818,35558,126260,0,40335,0,5149,3505,3640,0,3398,163963,6609,226599,-100339
X,직영점(가두),당시즌의류,소프트쉘,SS,149000,141470,128609,32731,95878,0,32058,0,4092,2785,2893,0,2701,130318,5253,180100,-84222
X,직영점(가두),당시즌의류,트레이닝(상의),TR,665000,655000,595455,133377,462078,0,148421,0,18948,12879,13393,0,12505,603349,24321,833816,-371738
X,직영점(가두),당시즌의류,트레이닝(하의),TP,744000,706960,642691,166630,476061,0,160195,0,20451,13897,14456,0,13497,651210,26251,899957,-423896
X,직영점(가두),당시즌의류,팬츠,PT,1421000,1321970,1201792,307915,893877,0,299556,0,38243,26000,27032,0,25239,1217723,49084,1682877,-789000
X,직영점(가두),당시즌의류,후드티,HD,327000,291300,264818,67284,197534,0,66008,0,8427,5733,5956,0,5561,268329,10817,370831,-173297
X,직영점(가두),차시즌의류,긴팔티셔츠,RL,118000,115530,105027,23169,81858,0,26178,0,3342,2269,2362,0,2205,106416,4289,147061,-65203
X,직영점(가두),차시즌의류,맨투맨,MT,1204000,1201340,1092127,248240,843887,0,272221,0,34754,23624,24564,0,22935,1106603,44607,1529308,-685421
X,직영점(가두),차시즌의류,반팔티셔츠,RS,315000,315000,286363,58268,228095,0,71379,0,9113,6181,6440,0,6013,290159,11697,400982,-172887
X,직영점(가두),차시즌의류,방풍자켓,WJ,2637000,2627000,2388183,574821,1813362,0,595273,0,75998,51663,53716,0,50153,2419838,97542,3344183,-1530821
X,직영점(가두),차시즌의류,트레이닝(상의),TR,1310000,1310000,1190911,284756,906155,0,296842,0,37897,25770,26787,0,25011,1206700,48638,1667645,-761490
X,직영점(가두),차시즌의류,트레이닝(하의),TP,822000,822000,747273,163528,583745,0,186276,0,23779,16154,16808,0,15693,757167,30528,1046405,-462660
X,직영점(가두),차시즌의류,패딩,PD,886000,886000,805455,169955,635500,0,200766,0,25631,17443,18118,0,16915,816133,32897,1127903,-492403
X,직영점(가두),차시즌의류,팬츠,PT,625000,625000,568182,131690,436492,0,141624,0,18080,12293,12780,0,11932,575716,23207,795632,-359140
X,직영점(가두),차시즌의류,후드티,HD,356000,356000,323636,82216,241420,0,80669,0,10299,6997,7279,0,6796,327926,13219,453185,-211765
