{
  "MLB": 348.28937,
  "MLB_KIDS": 105.3,
  "DISCOVERY": 767.82587,
  "DUVETICA": 62.0,
  "SERGIO": 12.85,
  "SUPRA": 3.6
}