브랜드,유통채널,채널명,아이템_중분류,아이템_소분류,아이템코드,합계 : 판매금액(TAG가),합계 : 실판매액,합계 : 실판매액(V-),합계 : 출고매출액(V-) Actual,매출원가(평가감환입반영),매출총이익
I,1.0,백화점,Acc_etc,기타,ET,2076148,1840806,1673481,1070229,524542,545687
I,1.0,백화점,Acc_etc,머플러(스카프),MF,1947026,1626939,1479030,931786,376996,554790
I,1.0,백화점,Acc_etc,양말,SO,8371532,8091779,7356071,4686648,1946139,2740509
I,1.0,백화점,Acc_etc,장갑,GL,4111521,3900814,3546217,2248115,1014214,1233901
I,1.0,백화점,Bag,가방,BG,1345589,1235563,1123203,716281,338806,377475
I,1.0,백화점,Bag,백팩,BK,687925381,564032416,512757254,326260735,156388579,169872156
I,1.0,백화점,Bag,보조가방,UB,11155473,9896193,8996558,5720461,2768188,2952273
I,1.0,백화점,Bag,슬링백,SG,1342191,1207972,1098153,691592,294415,397177
I,1.0,백화점,Bag,크로스백,CR,1533175895,1489446746,1354042519,855976150,389610367,466365783
I,1.0,백화점,Bag,힙색,HS,801916,721725,656107,418267,157560,260707
I,1.0,백화점,Headwear,방한모,WM,15154862,13655142,12413772,7880946,2944630,4936316
I,1.0,백화점,Headwear,비니,BN,31155813,28816562,26196772,16646283,6004057,10642226
I,1.0,백화점,Headwear,와이어캡,WR,1498496,1301789,1183425,751613,284670,466943
I,1.0,백화점,Headwear,운동모,CP,118622471,110321412,100291945,63824306,25231067,38593239
I,1.0,백화점,Headwear,햇,HT,2803310,2274385,2067667,1315697,533438,782259
I,1.0,백화점,Shoes,런닝화,RN,216585399,173998573,158180526,100984859,53791165,47193694
I,1.0,백화점,Shoes,방한화,WB,24781257,21566931,19606273,12371247,6132347,6238900
I,1.0,백화점,Shoes,스니커즈,SX,39949710,35151192,31955762,20303444,8715840,11587604
I,1.0,백화점,Shoes,신발,SH,132132724,122966921,111788046,71420092,30076614,41343478
I,1.0,백화점,과시즌의류,맨투맨,MT,99838597,49919061,45380873,29279801,25686811,3592990
I,1.0,백화점,과시즌의류,맨투맨셋트,S2,292349513,146174077,132885452,89463185,78746778,10716407
I,1.0,백화점,과시즌의류,반팔카라티셔츠,TS,2691177,2531100,2301028,1456783,633099,823684
I,1.0,백화점,과시즌의류,베이비,BV,4210061,4113695,3739710,2381104,1269155,1111949
I,1.0,백화점,과시즌의류,점퍼,JP,5474099,2737050,2488207,1761104,1545177,215927
I,1.0,백화점,당시즌의류,다운베스트,DV,10693352,9528874,8662621,5461133,2951352,2509781
I,1.0,백화점,당시즌의류,다운점퍼,DJ,288407890,254281656,231165076,147537468,73134229,74403239
I,1.0,백화점,당시즌의류,레깅스,LG,536876,483189,439260,281615,152881,128734
I,1.0,백화점,당시즌의류,맨투맨,MT,45240320,39097742,35543302,22540859,12533376,10007483
I,1.0,백화점,당시즌의류,맨투맨셋트,S2,65760546,59012895,53648091,34336672,18112727,16223945
I,1.0,백화점,당시즌의류,반팔카라티셔츠,TS,795121,636096,578277,364308,213524,150784
I,1.0,백화점,당시즌의류,우븐팬츠,WP,22844425,19150138,17409130,11003279,5974665,5028614
I,1.0,백화점,당시즌의류,점퍼,JP,4220255,3595712,3268836,2076389,1121851,954538
I,1.0,백화점,당시즌의류,진바지,DP,15192239,13367641,12152405,7656294,3740308,3915986
I,1.0,백화점,당시즌의류,패딩,PD,5943016,5726907,5206286,3309434,1695479,1613955
I,1.0,백화점,당시즌의류,팬츠,PT,19636759,17482832,15893410,10140305,5123767,5016538
I,1.0,백화점,당시즌의류,폴라폴리스점퍼,FD,4250837,3731290,3392083,2164056,1185922,978134
I,1.0,백화점,당시즌의류,후드티,HD,9792895,8756180,7960166,5017319,2695194,2322125
I,1.0,백화점,차시즌의류,맨투맨,MT,120644252,109848010,99861873,63496043,31282988,32213055
I,1.0,백화점,차시즌의류,맨투맨셋트,S2,405711956,376290253,342081700,218181916,102669505,115512411
I,1.0,백화점,차시즌의류,반바지,SP,1498496,1188569,1080528,682244,312707,369537
I,1.0,백화점,차시즌의류,반팔카라티셔츠,TS,52185732,45568188,41425651,26388376,12724586,13663790
I,1.0,백화점,차시즌의류,방풍자켓,WJ,38757030,35024414,31840429,20294599,9301391,10993208
I,1.0,백화점,차시즌의류,스커트,SK,2449923,2282064,2074595,1314623,591988,722635
I,1.0,백화점,차시즌의류,우븐반바지,SM,1331997,955402,868547,549907,332384,217523
I,1.0,백화점,차시즌의류,우븐셔츠,WS,7563839,7082044,6438230,4092421,1583761,2508660
I,1.0,백화점,차시즌의류,우븐팬츠,WP,46959683,42260589,38418672,24478846,11498595,12980251
I,1.0,백화점,차시즌의류,점퍼,JP,276892234,257233898,233849012,148943665,65954960,82988705
I,1.0,백화점,차시즌의류,진바지,DP,77418916,70097012,63724392,40557862,19962429,20595433
I,1.0,백화점,차시즌의류,팬츠,PT,39232743,35413514,32194142,20522116,9423028,11099088
I,1.0,백화점,차시즌의류,폴로 티셔츠,PQ,7560441,6713808,6103471,3966153,1721769,2244384
I,1.0,백화점,차시즌의류,후드티,HD,62648023,57386670,52169629,33238553,15427690,17810863
I,2.0,면세점,Acc_etc,머플러(스카프),MF,1403354,1403354,1275791,765470,332340,433130
I,2.0,면세점,Acc_etc,양말,SO,2361916,2361916,2147179,1288296,570353,717943
I,2.0,면세점,Bag,백팩,BK,69617221,67384767,61258900,36755344,15155028,21600316
I,2.0,면세점,Bag,보조가방,UB,832498,832498,756809,454085,206582,247503
I,2.0,면세점,Bag,슬링백,SG,805314,805314,732102,439263,176649,262614
I,2.0,면세점,Bag,크로스백,CR,182830153,182829950,166209008,99725350,44143998,55581352
I,2.0,면세점,Headwear,방한모,WM,4131908,4131908,3756275,2253756,783751,1470005
I,2.0,면세점,Headwear,비니,BN,27353506,27353506,24866760,14920046,5635617,9284429
I,2.0,면세점,Headwear,와이어캡,WR,2164495,2164495,1967702,1180621,398631,781990
I,2.0,면세점,Headwear,운동모,CP,205864863,205864830,187148708,112289037,42453698,69835339
I,2.0,면세점,Headwear,햇,HT,3945021,3945021,3586408,2151831,728572,1423259
I,2.0,면세점,Shoes,런닝화,RN,43969486,43969486,39972171,23983245,10646317,13336928
I,2.0,면세점,Shoes,방한화,WB,839294,839294,762990,457792,201346,256446
I,2.0,면세점,Shoes,스니커즈,SX,31876179,31876179,28978202,17386901,6775626,10611275
I,2.0,면세점,Shoes,신발,SH,27880188,27880188,25345541,15207309,6301497,8905812
I,2.0,면세점,과시즌의류,베이비,BV,601437,601437,546768,328059,181308,146751
I,2.0,면세점,당시즌의류,다운베스트,DV,944630,944630,858751,515252,261299,253953
I,2.0,면세점,당시즌의류,다운점퍼,DJ,101323502,101323502,92112302,55267375,25974580,29292795
I,2.0,면세점,당시즌의류,맨투맨,MT,9273008,9273008,8430001,5057959,2599212,2458747
I,2.0,면세점,당시즌의류,맨투맨셋트,S2,6680372,6680372,6073076,3643851,1823337,1820514
I,2.0,면세점,당시즌의류,반팔카라티셔츠,TS,1002396,1002396,911279,546764,303366,243398
I,2.0,면세점,당시즌의류,반팔티 & 스웨트팬츠,S1,540274,540274,491157,294694,151752,142942
I,2.0,면세점,당시즌의류,우븐팬츠,WP,3567849,3567849,3243473,1946085,903852,1042233
I,2.0,면세점,당시즌의류,점퍼,JP,1216466,1216466,1105877,663525,279074,384451
I,2.0,면세점,당시즌의류,팬츠,PT,604835,604835,549850,329910,160781,169129
I,2.0,면세점,당시즌의류,폴라폴리스점퍼,FD,2361576,2361576,2146876,1288129,658846,629283
I,2.0,면세점,당시즌의류,후드티,HD,1508690,1508690,1371532,822916,441010,381906
I,2.0,면세점,차시즌의류,맨투맨,MT,51054214,51054214,46412725,27847558,12377417,15470141
I,2.0,면세점,차시즌의류,맨투맨셋트,S2,57398189,57398189,52180295,31308130,14207193,17100937
I,2.0,면세점,차시즌의류,반팔카라티셔츠,TS,66236260,66236192,60214567,36128714,16082383,20046331
I,2.0,면세점,차시즌의류,방풍자켓,WJ,18216416,18216416,16560400,9936258,4285333,5650925
I,2.0,면세점,차시즌의류,스커트,SK,1512088,1512088,1374624,824768,359863,464905
I,2.0,면세점,차시즌의류,우븐반바지,SM,1831496,1831496,1664979,998987,457031,541956
I,2.0,면세점,차시즌의류,우븐셔츠,WS,1620823,1620823,1473470,884082,339374,544708
I,2.0,면세점,차시즌의류,우븐팬츠,WP,5307600,5307600,4825084,2895058,1273997,1621061
I,2.0,면세점,차시즌의류,점퍼,JP,44751015,44751015,40682659,24409548,10896464,13513084
I,2.0,면세점,차시즌의류,진바지,DP,5518272,5518272,5016599,3009959,1529989,1479970
I,2.0,면세점,차시즌의류,팬츠,PT,6925024,6925024,6295520,3777288,1543128,2234160
I,2.0,면세점,차시즌의류,후드티,HD,15980564,15980564,14527746,8716611,3952894,4763717
I,3.0,직영점(가두),Acc_etc,기타,ET,166500,166500,151362,151362,30459,120903
I,3.0,직영점(가두),Acc_etc,양말,SO,376833,376833,342578,342578,93719,248859
I,3.0,직영점(가두),Acc_etc,장갑,GL,801916,801916,729010,729010,209579,519431
I,3.0,직영점(가두),Bag,백팩,BK,10170067,10170067,9245516,9245516,2132901,7112615
I,3.0,직영점(가두),Bag,크로스백,CR,1039773,1039773,945245,945245,195104,750141
I,3.0,직영점(가두),Bag,힙색,HS,200479,200479,182253,182253,39389,142864
I,3.0,직영점(가두),Headwear,방한모,WM,234459,234459,213143,213143,40599,172544
I,3.0,직영점(가두),Headwear,비니,BN,3591634,3591634,3265112,3265112,777431,2487681
I,3.0,직영점(가두),Headwear,와이어캡,WR,166500,166500,151362,151362,30663,120699
I,3.0,직영점(가두),Headwear,운동모,CP,12745714,12745714,11586993,11586993,2673552,8913441
I,3.0,직영점(가두),Headwear,햇,HT,180091,180091,163720,163720,31560,132160
I,3.0,직영점(가두),Shoes,런닝화,RN,4852274,4852274,4411159,4411159,1182392,3228767
I,3.0,직영점(가두),Shoes,방한화,WB,1277630,1277630,1161481,1161481,280511,880970
I,3.0,직영점(가두),Shoes,스니커즈,SX,1141712,1141712,1037918,1037918,265268,772650
I,3.0,직영점(가두),Shoes,신발,SH,7227442,7227442,6570407,6570407,1659603,4910804
I,3.0,직영점(가두),과시즌의류,베이비,BV,1804312,1804312,1640273,1640273,543924,1096349
I,3.0,직영점(가두),당시즌의류,다운베스트,DV,472315,472315,429379,429379,130648,298731
I,3.0,직영점(가두),당시즌의류,다운점퍼,DJ,17234408,17234408,15667643,15667643,4386486,11281157
I,3.0,직영점(가두),당시즌의류,맨투맨,MT,2616422,2616422,2378559,2378559,731236,1647323
I,3.0,직영점(가두),당시즌의류,맨투맨셋트,S2,2901850,2901850,2638054,2638054,787061,1850993
I,3.0,직영점(가두),당시즌의류,진바지,DP,774733,774733,704304,704304,187591,516713
I,3.0,직영점(가두),당시즌의류,폴라폴리스점퍼,FD,472315,472315,429379,429379,131769,297610
I,3.0,직영점(가두),당시즌의류,후드티,HD,336397,336397,305816,305816,84259,221557
I,3.0,직영점(가두),차시즌의류,맨투맨,MT,4023174,4023174,3657419,3657419,1059036,2598383
I,3.0,직영점(가두),차시즌의류,맨투맨셋트,S2,16728113,16728113,15207414,15207414,4199847,11007567
I,3.0,직영점(가두),차시즌의류,반바지,SP,166500,166500,151362,151362,34744,116618
I,3.0,직영점(가두),차시즌의류,반팔카라티셔츠,TS,4838682,4838682,4398777,4398777,1177074,3221703
I,3.0,직영점(가두),차시즌의류,방풍자켓,WJ,2833891,2833891,2576269,2576269,707042,1869227
I,3.0,직영점(가두),차시즌의류,스커트,SK,468917,468917,426287,426287,116060,310227
I,3.0,직영점(가두),차시즌의류,우븐반바지,SM,166500,166500,151362,151362,41547,109815
I,3.0,직영점(가두),차시즌의류,우븐팬츠,WP,907253,907253,824774,824774,229739,595035
I,3.0,직영점(가두),차시즌의류,점퍼,JP,13184050,13184050,11985491,11985491,3137654,8847837
I,3.0,직영점(가두),차시즌의류,진바지,DP,1749945,1749945,1590860,1590860,463926,1126934
I,3.0,직영점(가두),차시즌의류,팬츠,PT,1440731,1440731,1309750,1309750,348304,961446
I,3.0,직영점(가두),차시즌의류,폴로 티셔츠,PQ,302418,302418,274925,274925,68870,206055
I,3.0,직영점(가두),차시즌의류,후드티,HD,1376170,1376170,1251061,1251061,325595,925466
I,4.0,자사몰,Acc_etc,기타,ET,302418,251448,228590,228590,88323,140267
I,4.0,자사몰,Acc_etc,머플러(스카프),MF,220867,220867,200788,200788,40290,160498
I,4.0,자사몰,Acc_etc,양말,SO,756384,608777,553431,553431,173163,380268
I,4.0,자사몰,Acc_etc,장갑,GL,801916,717172,651975,651975,194071,457904
I,4.0,자사몰,Bag,가방,BG,448530,392090,356445,356445,112938,243507
I,4.0,자사몰,Bag,백팩,BK,80908612,68421380,62201233,62201233,17847860,44353373
I,4.0,자사몰,Bag,보조가방,UB,1498496,1340730,1218842,1218842,371851,846991
I,4.0,자사몰,Bag,슬링백,SG,268438,251618,228743,228743,58883,169860
I,4.0,자사몰,Bag,크로스백,CR,1199477,1096349,996684,996684,240164,756520
I,4.0,자사몰,Headwear,방한모,WM,1304813,1119761,1017965,1017965,282869,735096
I,4.0,자사몰,Headwear,비니,BN,1512088,1077286,979354,979354,272641,706713
I,4.0,자사몰,Headwear,운동모,CP,4213459,3325446,3039702,3039702,872635,2167067
I,4.0,자사몰,Headwear,햇,HT,1804312,1693199,1539279,1539279,373292,1165987
I,4.0,자사몰,Shoes,런닝화,RN,5722150,4976741,4524311,4524311,1361695,3162616
I,4.0,자사몰,Shoes,방한화,WB,1546068,1145313,1041193,1041193,371206,669987
I,4.0,자사몰,Shoes,샌들,SD,400958,129326,117569,117569,102703,14866
I,4.0,자사몰,Shoes,스니커즈,SX,356785,329397,299451,299451,74334,225117
I,4.0,자사몰,Shoes,신발,SH,14713128,12709662,11554216,11554216,3475163,8079053
I,4.0,자사몰,과시즌의류,맨투맨,MT,11811278,2281384,2073987,2073987,1308408,765579
I,4.0,자사몰,과시즌의류,반팔카라티셔츠,TS,2161097,593962,539972,539972,239732,300240
I,4.0,자사몰,과시즌의류,방풍자켓,WJ,944630,446219,405654,405654,201186,204468
I,4.0,자사몰,과시즌의류,베이비,BV,34081449,27904552,25367781,25367781,10274174,15093607
I,4.0,자사몰,과시즌의류,팬츠,PT,8858458,1763197,1602909,1602909,962347,640562
I,4.0,자사몰,당시즌의류,다운점퍼,DJ,10492873,10622063,9656426,9656426,2646630,7009796
I,4.0,자사몰,당시즌의류,맨투맨,MT,1406752,1186768,1078880,1078880,375667,703213
I,4.0,자사몰,당시즌의류,맨투맨셋트,S2,9748722,8624441,7840405,7840405,2752921,5087484
I,4.0,자사몰,당시즌의류,반팔카라티셔츠,TS,234459,198950,180863,180863,63542,117321
I,4.0,자사몰,당시즌의류,우븐팬츠,WP,33980,93376,84888,84888,-262,85150
I,4.0,자사몰,당시즌의류,점퍼,JP,1216466,1129649,1026953,1026953,279074,747879
I,4.0,자사몰,당시즌의류,진바지,DP,-33980,-39042,-35492,-35492,-12328,-23164
I,4.0,자사몰,당시즌의류,진자켓,DK,-574254,-473301,-430272,-430272,-141351,-288921
I,4.0,자사몰,당시즌의류,팬츠,PT,1005794,946193,860174,860174,243219,616955
I,4.0,자사몰,당시즌의류,후드티,HD,2218862,2071357,1883053,1883053,645923,1237130
I,4.0,자사몰,차시즌의류,맨투맨,MT,4549856,4219983,3836344,3836344,1126081,2710263
I,4.0,자사몰,차시즌의류,맨투맨셋트,S2,19453270,18527362,16843066,16843066,4921752,11921314
I,4.0,자사몰,차시즌의류,반팔카라티셔츠,TS,1739751,1529690,1390628,1390628,431326,959302
I,4.0,자사몰,차시즌의류,방풍자켓,WJ,910651,910481,827710,827710,262203,565507
I,4.0,자사몰,차시즌의류,스커트,SK,234459,176693,160631,160631,58030,102601
I,4.0,자사몰,차시즌의류,우븐팬츠,WP,0,58513,53195,53195,0,53195
I,4.0,자사몰,차시즌의류,점퍼,JP,4193072,3932483,3574988,3574988,950193,2624795
I,4.0,자사몰,차시즌의류,진바지,DP,2589239,2398987,2180900,2180900,679213,1501687
I,4.0,자사몰,차시즌의류,팬츠,PT,1610629,1428125,1298299,1298299,390503,907796
I,4.0,자사몰,차시즌의류,폴로 티셔츠,PQ,302418,215940,196310,196310,68870,127440
I,4.0,자사몰,차시즌의류,후드티,HD,3360574,3044394,2767631,2767631,820680,1946951
I,5.0,제휴몰,Acc_etc,기타,ET,2116923,2116923,1924474,1924474,618261,1306213
I,5.0,제휴몰,Acc_etc,머플러(스카프),MF,441734,441734,401577,401577,80582,320995
I,5.0,제휴몰,Acc_etc,양말,SO,2619480,2619480,2381400,2381400,625158,1756242
I,5.0,제휴몰,Acc_etc,장갑,GL,366979,366979,333614,333614,76423,257191
I,5.0,제휴몰,Bag,가방,BG,1457721,1457721,1325201,1325201,367050,958151
I,5.0,제휴몰,Bag,백팩,BK,222912384,181473420,164975858,164975858,51671354,113304504
I,5.0,제휴몰,Bag,보조가방,UB,1831496,1831496,1664979,1664979,454479,1210500
I,5.0,제휴몰,Bag,슬링백,SG,536876,536876,488068,488068,117766,370302
I,5.0,제휴몰,Bag,크로스백,CR,2443127,2443127,2221016,2221016,537794,1683222
I,5.0,제휴몰,Bag,힙색,HS,400958,400958,364505,364505,78781,285724
I,5.0,제휴몰,Headwear,방한모,WM,7434717,7434717,6758803,6758803,1468326,5290477
I,5.0,제휴몰,Headwear,비니,BN,9368151,9368151,8516495,8516495,1763961,6752534
I,5.0,제휴몰,Headwear,운동모,CP,25403082,25403082,23093732,23093732,5370299,17723433
I,5.0,제휴몰,Headwear,햇,HT,801916,801916,729010,729010,165202,563808
I,5.0,제휴몰,Shoes,런닝화,RN,39344875,34417846,31288890,31288890,9590187,21698703
I,5.0,제휴몰,Shoes,방한화,WB,9983180,9983180,9075611,9075611,2445944,6629667
I,5.0,제휴몰,Shoes,샌들,SD,400958,200479,182253,182253,102703,79550
I,5.0,제휴몰,Shoes,스니커즈,SX,7363360,7363360,6693950,6693950,1838859,4855091
I,5.0,제휴몰,Shoes,신발,SH,62495115,61822253,56202039,56202039,15371461,40830578
I,5.0,제휴몰,과시즌의류,다운점퍼,DJ,10153078,6538303,5943913,5943913,1458638,4485275
I,5.0,제휴몰,과시즌의류,맨투맨,MT,268438,134219,122017,122017,29735,92282
I,5.0,제휴몰,과시즌의류,반팔카라티셔츠,TS,21644948,10822542,9838716,9838716,5443059,4395657
I,5.0,제휴몰,과시즌의류,반팔티 & 스웨트팬츠,S1,146159466,73196758,66542374,66542374,34849243,31693131
I,5.0,제휴몰,과시즌의류,방풍자켓,WJ,9446304,4723152,4293787,4293787,2011862,2281925
I,5.0,제휴몰,과시즌의류,베이비,BV,24057493,24057459,21870300,21870300,7252349,14617951
I,5.0,제휴몰,과시즌의류,우븐반바지,SM,4454714,2227357,2024893,2024893,999786,1025107
I,5.0,제휴몰,과시즌의류,팬츠,PT,536876,268438,244034,244034,58322,185712
I,5.0,제휴몰,당시즌의류,다운점퍼,DJ,132900661,132900661,120818740,120818740,33514864,87303876
I,5.0,제휴몰,당시즌의류,레깅스,LG,805314,805314,732102,732102,229318,502784
I,5.0,제휴몰,당시즌의류,맨투맨,MT,28067076,28067076,25515442,25515442,7568392,17947050
I,5.0,제휴몰,당시즌의류,맨투맨셋트,S2,85434683,85434275,77667578,77667578,23720624,53946954
I,5.0,제휴몰,당시즌의류,반팔카라티셔츠,TS,968416,968416,880372,880372,288676,591696
I,5.0,제휴몰,당시즌의류,반팔티 & 스웨트팬츠,S1,944630,944630,858757,858757,252879,605878
I,5.0,제휴몰,당시즌의류,스커트,SK,604835,604835,549850,549850,169775,380075
I,5.0,제휴몰,당시즌의류,우븐반바지,SM,234459,234459,213143,213143,60130,153013
I,5.0,제휴몰,당시즌의류,우븐팬츠,WP,4543061,4543061,4130057,4130057,1234717,2895340
I,5.0,제휴몰,당시즌의류,점퍼,JP,20781869,20781835,18892581,18892581,4810119,14082462
I,5.0,제휴몰,당시즌의류,진바지,DP,0,0,0,0,0,0
I,5.0,제휴몰,당시즌의류,진자켓,DK,574254,574254,522048,522048,118622,403426
I,5.0,제휴몰,당시즌의류,패딩,PD,1080548,1080548,982314,982314,308269,674045
I,5.0,제휴몰,당시즌의류,팬츠,PT,9256019,9256019,8414536,8414536,2554539,5859997
I,5.0,제휴몰,당시즌의류,폴로 티셔츠,PQ,302418,302418,274925,274925,83787,191138
I,5.0,제휴몰,당시즌의류,후드티,HD,12806877,12806843,11642576,11642576,3754522,7888054
I,5.0,제휴몰,차시즌의류,맨투맨,MT,10676362,10676362,9705734,9705734,2702316,7003418
I,5.0,제휴몰,차시즌의류,맨투맨셋트,S2,90854415,90854551,82595161,82595161,23040888,59554273
I,5.0,제휴몰,차시즌의류,반팔카라티셔츠,TS,2779524,2779524,2526829,2526829,673209,1853620
I,5.0,제휴몰,차시즌의류,방풍자켓,WJ,4012980,4012980,3648169,3648169,892727,2755442
I,5.0,제휴몰,차시즌의류,우븐팬츠,WP,1512088,1512088,1374624,1374624,369395,1005229
I,5.0,제휴몰,차시즌의류,점퍼,JP,26711293,26711293,24282985,24282985,6328837,17954148
I,5.0,제휴몰,차시즌의류,진바지,DP,2422739,2422739,2202491,2202491,646518,1555973
I,5.0,제휴몰,차시즌의류,팬츠,PT,4080939,4080939,3709924,3709924,944161,2765763
I,5.0,제휴몰,차시즌의류,폴로 티셔츠,PQ,907253,907253,824774,824774,206612,618162
I,5.0,제휴몰,차시즌의류,후드티,HD,4774121,4774121,4340108,4340108,1155514,3184594
I,6.0,대리점,Acc_etc,양말,SO,1185545,1164784,1058951,682159,296617,385542
I,6.0,대리점,Acc_etc,장갑,GL,234459,200479,182253,120287,58822,61465
I,6.0,대리점,Bag,가방,BG,560662,519445,472220,307861,141168,166693
I,6.0,대리점,Bag,백팩,BK,87514229,78537420,71397469,46067823,20238998,25828825
I,6.0,대리점,Bag,보조가방,UB,1331997,1248747,1135235,715041,330525,384516
I,6.0,대리점,Bag,슬링백,SG,1610629,1583785,1439804,933189,353299,579890
I,6.0,대리점,Bag,크로스백,CR,16228614,15637575,14216001,9171379,3619868,5551511
I,6.0,대리점,Bag,힙색,HS,801916,781869,710794,462199,157560,304639
I,6.0,대리점,Headwear,방한모,WM,2456719,2368440,2153159,1392256,487755,904501
I,6.0,대리점,Headwear,비니,BN,7302197,7183846,6530757,4184770,1497960,2686810
I,6.0,대리점,Headwear,와이어캡,WR,1331997,1315347,1195770,763781,251829,511952
I,6.0,대리점,Headwear,운동모,CP,32831003,32035712,29123359,18716207,7027347,11688860
I,6.0,대리점,Headwear,햇,HT,200479,200479,182253,116641,39783,76858
I,6.0,대리점,Shoes,런닝화,RN,24444860,23762687,21602362,13900810,5960322,7940488
I,6.0,대리점,Shoes,방한화,WB,536876,442141,401940,322184,44571,277613
I,6.0,대리점,Shoes,스니커즈,SX,1845087,1825040,1659128,1079764,462587,617177
I,6.0,대리점,Shoes,신발,SH,21909988,21182657,19256909,12403639,5162303,7241336
I,6.0,대리점,과시즌의류,베이비,BV,1403354,1363258,1239324,806293,423052,383241
I,6.0,대리점,당시즌의류,다운베스트,DV,1753343,1670399,1518548,975100,468815,506285
I,6.0,대리점,당시즌의류,다운점퍼,DJ,50809562,49044938,44586286,28786514,12912306,15874208
I,6.0,대리점,당시즌의류,맨투맨,MT,5508079,5152687,4684228,3023772,1496019,1527753
I,6.0,대리점,당시즌의류,맨투맨셋트,S2,25807438,24455767,22232430,14285557,7006708,7278849
I,6.0,대리점,당시즌의류,반팔티 & 스웨트팬츠,S1,472315,472315,429379,274802,133057,141745
I,6.0,대리점,당시즌의류,우븐팬츠,WP,166500,166500,151362,97460,52998,44462
I,6.0,대리점,당시즌의류,점퍼,JP,0,0,0,0,0,0
I,6.0,대리점,당시즌의류,진바지,DP,5623609,5250990,4773629,3076583,1324117,1752466
I,6.0,대리점,당시즌의류,팬츠,PT,33980,-170203,-154760,-133285,27071,-160356
I,6.0,대리점,당시즌의류,폴로 티셔츠,PQ,302418,285428,259481,163472,83787,79685
I,6.0,대리점,당시즌의류,후드티,HD,1043171,1009191,917447,589606,286848,302758
I,6.0,대리점,차시즌의류,맨투맨,MT,10638985,10078663,9162446,5926176,2676916,3249260
I,6.0,대리점,차시즌의류,맨투맨셋트,S2,64027591,61318983,55744569,35991165,16310753,19680412
I,6.0,대리점,차시즌의류,반바지,SP,332999,332999,302723,193744,69491,124253
I,6.0,대리점,차시즌의류,반팔카라티셔츠,TS,3513481,3493128,3175576,2057857,827190,1230667
I,6.0,대리점,차시즌의류,방풍자켓,WJ,1957220,1704106,1549156,1004822,452950,551872
I,6.0,대리점,차시즌의류,스커트,SK,0,0,0,0,0,0
I,6.0,대리점,차시즌의류,우븐반바지,SM,665998,665998,605447,381434,166194,215240
I,6.0,대리점,차시즌의류,우븐셔츠,WS,0,0,0,0,0,0
I,6.0,대리점,차시즌의류,우븐팬츠,WP,1780526,1716305,1560275,1001359,407353,594006
I,6.0,대리점,차시즌의류,점퍼,JP,26160825,24345130,22131932,14147464,6370825,7776639
I,6.0,대리점,차시즌의류,진바지,DP,6425525,6038635,5489597,3531959,1697790,1834169
I,6.0,대리점,차시즌의류,팬츠,PT,3846481,3711480,3374074,2163272,852617,1310655
I,6.0,대리점,차시즌의류,폴로 티셔츠,PQ,-302418,-302418,-274925,-186948,-68873,-118075
I,6.0,대리점,차시즌의류,후드티,HD,7315789,6798858,6180751,3942976,1799259,2143717
I,8.0,사입,Acc_etc,기타,ET,14550026,1600503,1455003,1455003,1951929,-496926
I,8.0,사입,Acc_etc,양말,SO,87062301,9576921,8706230,8706230,17763584,-9057354
I,8.0,사입,Acc_etc,토시,ML,7580829,833891,758083,758083,848937,-90854
I,8.0,사입,Bag,백팩,BK,4386755,1096689,997003,997003,1137464,-140461
I,8.0,사입,Bag,크로스백,CR,-234459,-70338,-63943,-63943,-66688,2745
I,8.0,사입,Headwear,선캡,SC,14359741,1579572,1435974,1435974,1482461,-46487
I,8.0,사입,Headwear,와이어캡,WR,7060942,1883926,1712703,1712703,1442138,270565
I,8.0,사입,Headwear,운동모,CP,519291867,133386908,121260769,121260769,105219008,16041761
I,8.0,사입,Headwear,햇,HT,112910515,21985185,19986554,19986554,20442525,-455971
I,8.0,사입,Shoes,런닝화,RN,89308347,22327019,20297154,20297154,22149935,-1852781
I,8.0,사입,Shoes,스니커즈,SX,475145687,125785012,114349805,114349805,100776935,13572870
I,8.0,사입,Shoes,신발,SH,1173509574,310945990,282677983,282677983,267393778,15284205
I,8.0,사입,과시즌의류,니트가디건,KC,285655550,31422110,28565555,28565555,30686862,-2121307
I,8.0,사입,과시즌의류,다운점퍼,DJ,-2439729,-670925,-609932,-609932,-232495,-377437
I,8.0,사입,과시즌의류,레깅스,LG,29670908,3263800,2967091,2967091,3296872,-329781
I,8.0,사입,과시즌의류,맨투맨,MT,904357872,108922374,99020347,99020347,107829501,-8809154
I,8.0,사입,과시즌의류,맨투맨셋트,S2,742459097,84559167,76871952,76871952,84334284,-7462332
I,8.0,사입,과시즌의류,반팔카라티셔츠,TS,80188246,10909530,9917736,9917736,11054795,-1137059
I,8.0,사입,과시즌의류,반팔티 & 스웨트팬츠,S1,595681204,69554732,63231587,63231587,69891337,-6659750
I,8.0,사입,과시즌의류,방풍자켓,WJ,42681663,9417048,8560947,8560947,8161352,399595
I,8.0,사입,과시즌의류,스커트,SK,508802392,55340322,50309377,50309377,57510430,-7201053
I,8.0,사입,과시즌의류,우븐셔츠,WS,153910192,17317827,15743472,15743472,17644873,-1901401
I,8.0,사입,과시즌의류,우븐팬츠,WP,276246623,32427190,29479264,29479264,31921086,-2441822
I,8.0,사입,과시즌의류,원피스,OP,444740821,51475560,46795977,46795977,52328759,-5532782
I,8.0,사입,과시즌의류,점퍼,JP,802368372,92728215,84298364,84298364,92083732,-7785368
I,8.0,사입,과시즌의류,진바지,DP,78907219,9172395,8338534,8338534,9201709,-863175
I,8.0,사입,과시즌의류,진자켓,DK,50714419,6051921,5501741,5501741,6036708,-534967
I,8.0,사입,과시즌의류,트레이닝(상의),TR,34648907,3811380,3464891,3464891,3850364,-385473
I,8.0,사입,과시즌의류,트레이닝(하의),TP,25233184,2775650,2523318,2523318,2779293,-255975
I,8.0,사입,과시즌의류,팬츠,PT,494000917,55702611,50638733,50638733,55526210,-4887477
I,8.0,사입,과시즌의류,폴로 티셔츠,PQ,120290865,14205746,12914324,12914324,13946455,-1032131
I,8.0,사입,과시즌의류,후드티,HD,441553543,50986085,46350974,46350974,51094443,-4743469
I,11.0,직영몰,Acc_etc,기타,ET,394162,364600,331453,331453,96937,234516
I,11.0,직영몰,Acc_etc,양말,SO,825023,808339,734831,734831,212087,522744
I,11.0,직영몰,Acc_etc,장갑,GL,869875,822984,748168,748168,222433,525735
I,11.0,직영몰,Bag,가방,BG,0,-11213,-10194,-10194,0,-10194
I,11.0,직영몰,Bag,백팩,BK,90147641,75212967,68375372,68375372,20690562,47684810
I,11.0,직영몰,Bag,보조가방,UB,1997995,1831496,1664982,1664982,495795,1169187
I,11.0,직영몰,Bag,슬링백,SG,268438,234459,213143,213143,58883,154260
I,11.0,직영몰,Bag,크로스백,CR,3010585,2903549,2639583,2639583,638519,2001064
I,11.0,직영몰,Headwear,방한모,WM,2725157,2607927,2370846,2370846,556302,1814544
I,11.0,직영몰,Headwear,비니,BN,4546458,4420395,4018539,4018539,855404,3163135
I,11.0,직영몰,Headwear,와이어캡,WR,332999,332999,302723,302723,63501,239222
I,11.0,직영몰,Headwear,운동모,CP,26470039,25603901,23276240,23276240,5640636,17635604
I,11.0,직영몰,Headwear,햇,HT,982008,963999,876355,876355,209606,666749
I,11.0,직영몰,Shoes,런닝화,RN,24298748,20579011,18708164,18708164,6009178,12698986
I,11.0,직영몰,Shoes,방한화,WB,2759136,2553051,2320967,2320967,712737,1608230
I,11.0,직영몰,Shoes,스니커즈,SX,3856674,3605906,3278099,3278099,844323,2433776
I,11.0,직영몰,Shoes,신발,SH,21033317,20173296,18339340,18339340,4874558,13464782
I,11.0,직영몰,과시즌의류,베이비,BV,1002396,962300,874813,874813,302180,572633
I,11.0,직영몰,당시즌의류,다운베스트,DV,1753343,1625240,1477494,1477494,468815,1008679
I,11.0,직영몰,당시즌의류,다운점퍼,DJ,24101667,22192358,20174865,20174865,6206201,13968664
I,11.0,직영몰,당시즌의류,맨투맨,MT,2419341,2285020,2077276,2077276,655709,1421567
I,11.0,직영몰,당시즌의류,맨투맨셋트,S2,10931208,10269967,9336329,9336329,3004873,6331456
I,11.0,직영몰,당시즌의류,우븐팬츠,WP,1413548,1376510,1251370,1251370,385882,865488
I,11.0,직영몰,당시즌의류,진바지,DP,370377,333339,303036,303036,88897,214139
I,11.0,직영몰,당시즌의류,팬츠,PT,1073753,1020065,927328,927328,271476,655852
I,11.0,직영몰,당시즌의류,폴라폴리스점퍼,FD,0,0,0,0,0,0
I,11.0,직영몰,당시즌의류,후드티,HD,706774,673134,611940,611940,202589,409351
I,11.0,직영몰,차시즌의류,맨투맨,MT,8114307,7708592,7007795,7007795,2109791,4898004
I,11.0,직영몰,차시즌의류,맨투맨셋트,S2,39861364,38215430,34741283,34741283,10110831,24630452
I,11.0,직영몰,차시즌의류,반바지,SP,166500,166500,151362,151362,34744,116618
I,11.0,직영몰,차시즌의류,반팔카라티셔츠,TS,2745544,2690837,2446209,2446209,665030,1781179
I,11.0,직영몰,차시즌의류,방풍자켓,WJ,5902241,5683073,5166432,5166432,1351369,3815063
I,11.0,직영몰,차시즌의류,스커트,SK,536876,483189,439263,439263,130002,309261
I,11.0,직영몰,차시즌의류,우븐반바지,SM,166500,166500,151362,151362,41547,109815
I,11.0,직영몰,차시즌의류,우븐셔츠,WS,1620823,1512768,1375243,1375243,339374,1035869
I,11.0,직영몰,차시즌의류,우븐팬츠,WP,4131908,3903566,3548688,3548688,956336,2592352
I,11.0,직영몰,차시즌의류,점퍼,JP,19810055,18622776,16929802,16929802,4839515,12090287
I,11.0,직영몰,차시즌의류,진바지,DP,7570635,7261082,6600982,6600982,2013932,4587050
I,11.0,직영몰,차시즌의류,팬츠,PT,5297406,4968892,4517175,4517175,1315775,3201400
I,11.0,직영몰,차시즌의류,폴로 티셔츠,PQ,0,0,0,0,0,0
I,11.0,직영몰,차시즌의류,후드티,HD,5154692,4942320,4493019,4493019,1268649,3224370
I,99.0,기타,Acc_etc,양말,SO,127763,63881,58064,58064,31455,26609
I,99.0,기타,Headwear,운동모,CP,265040,132520,120471,120471,70147,50324
I,99.0,기타,당시즌의류,다운베스트,DV,472315,236158,214686,214686,130648,84038
I,99.0,기타,당시즌의류,다운점퍼,DJ,948028,474014,430921,430921,253902,177019
I,99.0,기타,당시즌의류,우븐팬츠,WP,336397,168199,152908,152908,76039,76869
I,99.0,기타,차시즌의류,맨투맨셋트,S2,506295,253147,230133,230133,130356,99777
I,99.0,기타,차시즌의류,방풍자켓,WJ,438336,219168,199242,199242,91446,107796
I,99.0,기타,차시즌의류,점퍼,JP,608233,304117,276471,276471,162752,113719
M,1.0,RF,Acc_etc,기타,ET,112132,112166,101939,64731,17496,47235
M,1.0,RF,Acc_etc,머플러(스카프),MF,336397,336397,305816,195722,35019,160703
M,1.0,RF,Acc_etc,양말,SO,80871,73566,66861,42787,18594,24193
M,1.0,RF,Acc_etc,캐리어(하드케이스),HH,914049,914015,830952,527654,286821,240833
M,1.0,RF,Acc_etc,파우치,PO,676192,676294,614723,390350,119064,271286
M,1.0,RF,Bag,버킷백,BM,4216857,4216891,3833507,2435964,685115,1750849
M,1.0,RF,Bag,쇼퍼백,OR,1688782,1688816,1535255,974889,263538,711351
M,1.0,RF,Bag,숄더백,BQ,6700759,6666712,6060701,3853283,1082400,2770883
M,1.0,RF,Bag,크로스백,CR,25440459,23142119,21038329,13453664,4361933,9091731
M,1.0,RF,Bag,힙색,HS,336397,336397,305816,195722,55543,140179
M,1.0,RF,Headwear,방한모,WM,234459,234459,213143,135347,33562,101785
M,1.0,RF,Headwear,비니,BN,57782157,53032875,48211815,30632947,8080525,22552422
M,1.0,RF,Headwear,운동모,CP,300174994,277626123,252387173,160382650,49741205,110641445
M,1.0,RF,Headwear,햇,HT,6415332,6381182,5801213,3688496,876950,2811546
M,1.0,RF,Shoes,런닝화,RN,4794509,4760427,4327746,2759626,870844,1888782
M,1.0,RF,Shoes,스니커즈,SX,108625699,108340339,98491921,62808220,17929887,44878333
M,1.0,RF,Shoes,신발,SH,159747872,145854772,132595158,84348005,33379752,50968253
M,1.0,RF,당시즌의류,다운점퍼,DJ,54051207,50025689,45477850,28983979,9565113,19418866
M,1.0,RF,당시즌의류,우븐팬츠,WP,2969809,2969945,2699832,1714392,571202,1143190
M,1.0,RF,당시즌의류,팬츠,PT,4481897,4481761,4074439,2588950,791084,1797866
M,1.0,RF,차시즌의류,니트가디건,KC,5344977,5263052,4784679,3041479,1234574,1806905
M,1.0,RF,차시즌의류,니트풀오버,KP,2025179,2025179,1841078,1169085,302537,866548
M,1.0,RF,차시즌의류,맨투맨,MT,11753513,11720790,10655444,6776778,1962296,4814482
M,1.0,RF,차시즌의류,반팔카라티셔츠,TS,79185851,65900644,59909591,38292278,13284137,25008141
M,1.0,RF,차시즌의류,방풍자켓,WJ,10526852,10492907,9538973,6064626,2101854,3962772
M,1.0,RF,차시즌의류,스커트,SK,336397,336431,305816,194193,55441,138752
M,1.0,RF,차시즌의류,우븐팬츠,WP,5161488,5161590,4692275,2986031,885024,2101007
M,1.0,RF,차시즌의류,점퍼,JP,23235189,23058870,20962500,13360427,4093715,9266712
M,1.0,RF,차시즌의류,진바지,DP,574254,574254,522048,334110,94541,239569
M,1.0,RF,차시즌의류,트레이닝(상의),TR,7859461,7859393,7144963,4541338,1411940,3129398
M,1.0,RF,차시즌의류,팬츠,PT,11658370,11599891,10545351,6712211,1953074,4759137
M,1.0,RF,차시즌의류,폴로 티셔츠,PQ,1889261,1889397,1717515,1090620,278945,811675
M,1.0,RF,차시즌의류,후드티,HD,7625002,7625274,6931841,4406320,1424791,2981529
M,1.0,백화점,Acc_etc,기타,ET,3707504,3524865,3204309,2113685,697875,1415810
M,1.0,백화점,Acc_etc,머플러(스카프),MF,7862859,6181145,5619008,3799755,781733,3018022
M,1.0,백화점,Acc_etc,선글라스,GA,2565453,2511969,2283600,1571970,451944,1120026
M,1.0,백화점,Acc_etc,양말,SO,11080718,10584346,9622243,6325694,1911320,4414374
M,1.0,백화점,Acc_etc,장갑,GL,397560,377105,342819,225491,71500,153991
M,1.0,백화점,Acc_etc,캐리어(하드케이스),HH,914049,523284,475713,304456,286821,17635
M,1.0,백화점,Acc_etc,파우치,PO,10883637,10683260,9711782,6286406,2033161,4253245
M,1.0,백화점,Bag,가방,BG,676192,473335,430303,275394,12430,262964
M,1.0,백화점,Bag,백팩,BK,6174077,5859970,5327246,3680232,993857,2686375
M,1.0,백화점,Bag,버킷백,BM,40894341,39459590,35872298,23471829,6443868,17027961
M,1.0,백화점,Bag,쇼퍼백,OR,160305136,158119268,143744613,92407829,24125021,68282808
M,1.0,백화점,Bag,숄더백,BQ,632120831,629816918,572560754,369405178,100491147,268914031
M,1.0,백화점,Bag,크로스백,CR,37686675,36207105,32915602,21811020,6584696,15226324
M,1.0,백화점,Bag,힙색,HS,4842080,4842182,4401896,2857616,691762,2165854
M,1.0,백화점,Headwear,방한모,WM,26765660,25914813,23558841,15288112,3920668,11367444
M,1.0,백화점,Headwear,비니,BN,175269712,163568222,148698792,96424261,24385902,72038359
M,1.0,백화점,Headwear,운동모,CP,1008807489,985693301,896082465,584587625,160347658,424239967
M,1.0,백화점,Headwear,햇,HT,39225947,37061554,33692513,21948691,5032760,16915931
M,1.0,백화점,Shoes,런닝화,RN,218416895,207118368,188289074,122620537,46044340,76576197
M,1.0,백화점,Shoes,뮬,MU,2684381,1342191,1220170,774835,467857,306978
M,1.0,백화점,Shoes,방한화,WB,45168963,43355273,39413870,25928466,7798451,18130015
M,1.0,백화점,Shoes,스니커즈,SX,1468584244,1357453508,1234048292,795141137,256128011,539013126
M,1.0,백화점,Shoes,슬리퍼,LP,2205270,2205236,2004778,1280328,394295,886033
M,1.0,백화점,Shoes,신발,SH,732543876,651728674,592480236,382906628,134531178,248375450
M,1.0,백화점,과시즌의류,니트가디건,KC,14200037,7100053,6454568,4252335,431210,3821125
M,1.0,백화점,과시즌의류,맨투맨,MT,370377,185188,168355,138779,44054,94725
M,1.0,백화점,과시즌의류,반팔카라티셔츠,TS,-336397,-168199,-152908,-97096,-10296,-86800
M,1.0,백화점,과시즌의류,원피스,OP,472315,236158,214689,135255,56229,79026
M,1.0,백화점,과시즌의류,트레이닝(상의),TR,876671,438336,398485,255030,103954,151076
M,1.0,백화점,당시즌의류,니트가디건,KC,1692180,1692180,1538348,984543,262733,721810
M,1.0,백화점,당시즌의류,니트풀오버,KP,642213,642213,583833,373652,126142,247510
M,1.0,백화점,당시즌의류,다운베스트,DV,28889380,26937359,24488496,15935086,5597333,10337753
M,1.0,백화점,당시즌의류,다운점퍼,DJ,756886797,691634380,628758137,411015366,135081327,275934039
M,1.0,백화점,당시즌의류,맨투맨,MT,22637150,22010466,20009351,13035271,3947322,9087949
M,1.0,백화점,당시즌의류,반팔카라티셔츠,TS,-268438,-268438,-244037,-156183,-46576,-109607
M,1.0,백화점,당시즌의류,스커트,SK,506295,506261,460266,296872,99845,197027
M,1.0,백화점,당시즌의류,우븐셔츠,WS,2871269,2815984,2560040,1662169,498401,1163768
M,1.0,백화점,당시즌의류,우븐팬츠,WP,18630966,17884640,16258727,10710284,3603395,7106889
M,1.0,백화점,당시즌의류,진바지,DP,1824700,1548888,1408080,898150,338514,559636
M,1.0,백화점,당시즌의류,진스커트,DS,1518884,1518884,1380805,879111,244928,634183
M,1.0,백화점,당시즌의류,트레이닝(상의),TR,5735741,5415145,4922792,3255308,1060232,2195076
M,1.0,백화점,당시즌의류,패딩,PD,18933383,17240558,15673270,10486111,3892003,6594108
M,1.0,백화점,당시즌의류,팬츠,PT,68101735,65911008,59919061,39422029,11995216,27426813
M,1.0,백화점,당시즌의류,폴라폴리스점퍼,FD,5684772,5215141,4741049,3106308,989456,2116852
M,1.0,백화점,당시즌의류,후드티,HD,20360523,19909241,18099271,11924582,3723301,8201281
M,1.0,백화점,차시즌의류,니트가디건,KC,32949931,31579572,28708731,18684568,7477422,11207146
M,1.0,백화점,차시즌의류,니트풀오버,KP,3510083,3476138,3160094,2036902,545911,1490991
M,1.0,백화점,차시즌의류,데님셔츠,DR,3584838,3528025,3207289,2062145,592327,1469818
M,1.0,백화점,차시즌의류,맨투맨,MT,141483885,137371039,124882771,81873525,23509638,58363887
M,1.0,백화점,차시즌의류,반팔카라티셔츠,TS,446793184,432246487,392951107,256863470,75462563,181400907
M,1.0,백화점,차시즌의류,방풍자켓,WJ,160179412,153020643,139109604,90168270,29153747,61014523
M,1.0,백화점,차시즌의류,스커트,SK,5045957,4981192,4528296,2928130,831625,2096505
M,1.0,백화점,차시즌의류,우븐셔츠,WS,18950373,17297847,15725361,10167210,3789629,6377581
M,1.0,백화점,차시즌의류,우븐팬츠,WP,76749520,75127066,68297171,45108028,13146557,31961471
M,1.0,백화점,차시즌의류,점퍼,JP,155656739,151611716,137828852,90170506,28024441,62146065
M,1.0,백화점,차시즌의류,진바지,DP,8515265,8515265,7741147,5180727,1400041,3780686
M,1.0,백화점,차시즌의류,진스커트,DS,540274,540274,491157,314341,84412,229929
M,1.0,백화점,차시즌의류,진자켓,DK,1624221,1624221,1476566,981916,248961,732955
M,1.0,백화점,차시즌의류,트레이닝(상의),TR,64425152,62707827,57007071,37738028,10996024,26742004
M,1.0,백화점,차시즌의류,팬츠,PT,140015970,136268268,123879957,81738895,24286474,57452421
M,1.0,백화점,차시즌의류,폴로 티셔츠,PQ,2361576,2112438,1920413,1259121,348681,910440
M,1.0,백화점,차시즌의류,후드티,HD,67347390,65253776,59321562,38402538,12309954,26092584
M,2.0,면세점,Acc_etc,기타,ET,988804,988804,898904,557329,187489,369840
M,2.0,면세점,Acc_etc,머플러(스카프),MF,1916444,1916444,1742221,1080178,217731,862447
M,2.0,면세점,Acc_etc,양말,SO,4433307,4433579,4030276,2498704,799052,1699652
M,2.0,면세점,Acc_etc,파우치,PO,4159092,4159092,3780968,2344199,728534,1615665
M,2.0,면세점,Bag,가방,BG,1669107528,835366622,759424244,470842196,30671534,440170662
M,2.0,면세점,Bag,백팩,BK,8940009,8940009,8127284,5038907,1467439,3571468
M,2.0,면세점,Bag,버킷백,BM,246337858,246338130,223943876,138844751,36947947,101896804
M,2.0,면세점,Bag,쇼퍼백,OR,58597666,58597598,53270528,33027724,9361009,23666715
M,2.0,면세점,Bag,숄더백,BQ,198494708,198494470,180449410,111878448,31347753,80530695
M,2.0,면세점,Bag,크로스백,CR,72658387,72658353,66053059,40952819,12597550,28355269
M,2.0,면세점,Bag,힙색,HS,11101106,11101106,10091915,6256987,1737464,4519523
M,2.0,면세점,Headwear,방한모,WM,2582443,2582443,2347668,1455553,384957,1070596
M,2.0,면세점,Headwear,비니,BN,425076879,425077728,386434462,239585701,59470667,180115034
M,2.0,면세점,Headwear,운동모,CP,6966628723,6966596137,6333270728,3926653504,1161601081,2765052423
M,2.0,면세점,Headwear,햇,HT,67496899,67496899,61360608,38043657,8827085,29216572
M,2.0,면세점,Shoes,런닝화,RN,119505938,119505938,108641265,67357546,26012433,41345113
M,2.0,면세점,Shoes,뮬,MU,25178817,12589239,11444741,7095778,4463919,2631859
M,2.0,면세점,Shoes,방한화,WB,5086733,5086733,4624299,2867065,789144,2077921
M,2.0,면세점,Shoes,스니커즈,SX,762894375,715698636,650633980,403392599,131163676,272228923
M,2.0,면세점,Shoes,신발,SH,541178070,469474609,426794920,264612763,100471581,164141182
M,2.0,면세점,당시즌의류,다운베스트,DV,9673967,9673967,8794519,5452610,1818794,3633816
M,2.0,면세점,당시즌의류,다운점퍼,DJ,433653307,433653375,394230198,244422824,74815763,169607061
M,2.0,면세점,당시즌의류,맨투맨,MT,2191678,2191678,1992440,1235308,393850,841458
M,2.0,면세점,당시즌의류,우븐팬츠,WP,506295,506295,460269,285367,96675,188692
M,2.0,면세점,당시즌의류,진스커트,DS,506295,506295,460269,285367,81643,203724
M,2.0,면세점,당시즌의류,트레이닝(상의),TR,1518884,1518884,1380808,856100,265512,590588
M,2.0,면세점,당시즌의류,패딩,PD,3380961,3380961,3073600,1905639,695000,1210639
M,2.0,면세점,당시즌의류,팬츠,PT,8053144,8053144,7321049,4539034,1422532,3116502
M,2.0,면세점,당시즌의류,후드티,HD,1281028,1281028,1164570,722034,233426,488608
M,2.0,면세점,차시즌의류,데님셔츠,DR,13659763,13659763,12417962,7699132,2261598,5437534
M,2.0,면세점,차시즌의류,맨투맨,MT,52940077,52940077,48127396,29838971,8043222,21795749
M,2.0,면세점,차시즌의류,반팔카라티셔츠,TS,3239124008,3239162133,2944692339,1825701932,547275873,1278426059
M,2.0,면세점,차시즌의류,방풍자켓,WJ,147885625,147885659,134441479,83353791,26945262,56408529
M,2.0,면세점,차시즌의류,우븐팬츠,WP,6140098,6140098,5581879,3460762,1040690,2420072
M,2.0,면세점,차시즌의류,점퍼,JP,27948147,27948147,25407414,15752561,4985474,10767087
M,2.0,면세점,차시즌의류,진바지,DP,3717358,3717358,3379412,2095231,641628,1453603
M,2.0,면세점,차시즌의류,진자켓,DK,6024567,6024567,5476889,3395668,908486,2487182
M,2.0,면세점,차시즌의류,트레이닝(상의),TR,1617425,1617425,1470389,911643,284911,626732
M,2.0,면세점,차시즌의류,팬츠,PT,3027574,3027574,2752340,1706451,508034,1198417
M,2.0,면세점,차시즌의류,폴로 티셔츠,PQ,5195467,5195467,4723128,2928337,767098,2161239
M,2.0,면세점,차시즌의류,후드티,HD,4709560,4709560,4281418,2654479,886172,1768307
M,3.0,RF,Acc_etc,기타,ET,1359180,1359180,1235604,1235604,271102,964502
M,3.0,RF,Acc_etc,머플러(스카프),MF,1009191,1009191,917447,917447,105061,812386
M,3.0,RF,Acc_etc,양말,SO,557604,557604,506910,506910,102537,404373
M,3.0,RF,Acc_etc,파우치,PO,6799300,6799334,6181206,6181206,1293315,4887891
M,3.0,RF,Bag,버킷백,BM,1787322,1787322,1624836,1624836,280779,1344057
M,3.0,RF,Bag,쇼퍼백,OR,944630,944630,858757,858757,156815,701942
M,3.0,RF,Bag,숄더백,BQ,15780085,11642400,10584002,10584002,2297633,8286369
M,3.0,RF,Bag,크로스백,CR,2021781,2021781,1837986,1837986,365956,1472030
M,3.0,RF,Headwear,방한모,WM,4794509,4760529,4327739,4327739,692404,3635335
M,3.0,RF,Headwear,비니,BN,51811957,40975688,37250680,37250680,7391002,29859678
M,3.0,RF,Headwear,운동모,CP,1081985763,777623507,706930223,706930223,179740179,527190044
M,3.0,RF,Headwear,햇,HT,6615811,5474099,4976459,4976459,817982,4158477
M,3.0,RF,Shoes,런닝화,RN,3476104,3476104,3160101,3160101,713356,2446745
M,3.0,RF,Shoes,방한화,WB,2626616,2626616,2387835,2387835,442994,1944841
M,3.0,RF,Shoes,스니커즈,SX,25994325,25967584,23606894,23606894,4302526,19304368
M,3.0,RF,Shoes,신발,SH,13503457,13503457,12275869,12275869,2460269,9815600
M,3.0,RF,당시즌의류,다운베스트,DV,1556262,1556262,1414784,1414784,319917,1094867
M,3.0,RF,당시즌의류,다운점퍼,DJ,27027303,27027303,24570254,24570254,4697130,19873124
M,3.0,RF,당시즌의류,맨투맨,MT,336397,336397,305816,305816,56488,249328
M,3.0,RF,당시즌의류,우븐셔츠,WS,574254,574254,522048,522048,96930,425118
M,3.0,RF,당시즌의류,트레이닝(상의),TR,1012589,1012589,920536,920536,187074,733462
M,3.0,RF,당시즌의류,패딩,PD,676192,676192,614720,614720,139000,475720
M,3.0,RF,당시즌의류,팬츠,PT,1685384,1651948,1501765,1501765,268241,1233524
M,3.0,RF,당시즌의류,후드티,HD,404356,404356,367597,367597,78333,289264
M,3.0,RF,차시즌의류,니트가디건,KC,1522282,1522282,1383894,1383894,335140,1048754
M,3.0,RF,차시즌의류,데님셔츠,DR,1386364,1386364,1260331,1260331,222043,1038288
M,3.0,RF,차시즌의류,맨투맨,MT,5892047,5892047,5356411,5356411,951161,4405250
M,3.0,RF,차시즌의류,반팔카라티셔츠,TS,6592025,6592025,5992745,5992745,1079196,4913549
M,3.0,RF,차시즌의류,방풍자켓,WJ,5586232,5586232,5078394,5078394,1200608,3877786
M,3.0,RF,차시즌의류,우븐팬츠,WP,3272227,3272227,2974760,2974760,563125,2411635
M,3.0,RF,차시즌의류,점퍼,JP,6061945,6061945,5510858,5510858,1075017,4435841
M,3.0,RF,차시즌의류,진바지,DP,3075146,3075146,2795583,2795583,514409,2281174
M,3.0,RF,차시즌의류,진자켓,DK,812110,812110,738283,738283,124481,613802
M,3.0,RF,차시즌의류,트레이닝(상의),TR,2867871,2867871,2607156,2607156,492135,2115021
M,3.0,RF,차시즌의류,팬츠,PT,3098931,3098931,2817214,2817214,527845,2289369
M,3.0,RF,차시즌의류,후드티,HD,6340577,6317335,5743040,5743040,1155463,4587577
M,3.0,직영점(가두),Acc_etc,기타,ET,4613398,4565487,4150407,4150407,848625,3301782
M,3.0,직영점(가두),Acc_etc,머플러(스카프),MF,1681986,1648006,1498187,1498187,175103,1323084
M,3.0,직영점(가두),Acc_etc,선글라스,GA,12286991,12286991,11169983,11169983,2169340,9000643
M,3.0,직영점(가두),Acc_etc,양말,SO,5922289,5910838,5373380,5373380,1012399,4360981
M,3.0,직영점(가두),Acc_etc,장갑,GL,530080,530080,481897,481897,95340,386557
M,3.0,직영점(가두),Acc_etc,파우치,PO,16510644,16408706,14916964,14916964,2972062,11944902
M,3.0,직영점(가두),Bag,가방,BG,676192,473335,430303,430303,12430,417873
M,3.0,직영점(가두),Bag,백팩,BK,1991199,1991199,1810180,1810180,341396,1468784
M,3.0,직영점(가두),Bag,버킷백,BM,21417285,21417285,19470256,19470256,3293444,16176812
M,3.0,직영점(가두),Bag,쇼퍼백,OR,13503457,13503457,12275856,12275856,2166037,10109819
M,3.0,직영점(가두),Bag,숄더백,BQ,66671197,63542466,57765783,57765783,10621774,47144009
M,3.0,직영점(가두),Bag,크로스백,CR,25151634,25117654,22834173,22834173,4689821,18144352
M,3.0,직영점(가두),Headwear,방한모,WM,21563397,21529418,19572137,19572137,3124022,16448115
M,3.0,직영점(가두),Headwear,비니,BN,201552864,190953805,173593880,173593880,29227367,144366513
M,3.0,직영점(가두),Headwear,운동모,CP,1682702730,1370734093,1246119570,1246119570,268737451,977382119
M,3.0,직영점(가두),Headwear,햇,HT,17784876,17703937,16094487,16094487,2380356,13714131
M,3.0,직영점(가두),Shoes,런닝화,RN,38675479,38513770,35012481,35012481,7831530,27180951
M,3.0,직영점(가두),Shoes,방한화,WB,26752069,26752069,24320033,24320033,4806337,19513696
M,3.0,직영점(가두),Shoes,스니커즈,SX,253915289,253668428,230607333,230607333,41844901,188762432
M,3.0,직영점(가두),Shoes,신발,SH,105397645,105178138,95616449,95616449,18837755,76778694
M,3.0,직영점(가두),과시즌의류,탱크탑,TK,200479,200479,182253,182253,42865,139388
M,3.0,직영점(가두),당시즌의류,다운베스트,DV,6425525,6141457,5583143,5583143,1243487,4339656
M,3.0,직영점(가두),당시즌의류,다운점퍼,DJ,245573319,243008546,220916730,220916730,42987757,177928973
M,3.0,직영점(가두),당시즌의류,맨투맨,MT,3163492,3163492,2875890,2875890,542483,2333407
M,3.0,직영점(가두),당시즌의류,우븐팬츠,WP,12857847,12857847,11688941,11688941,2469916,9219025
M,3.0,직영점(가두),당시즌의류,진바지,DP,608233,608233,552938,552938,108819,444119
M,3.0,직영점(가두),당시즌의류,트레이닝(상의),TR,2901850,2875890,2614455,2614455,536044,2078411
M,3.0,직영점(가두),당시즌의류,패딩,PD,13523845,13388607,12171454,12171454,2780027,9391427
M,3.0,직영점(가두),당시즌의류,팬츠,PT,14461680,14461680,13146955,13146955,2476607,10670348
M,3.0,직영점(가두),당시즌의류,폴라폴리스점퍼,FD,676192,676192,614720,614720,130736,483984
M,3.0,직영점(가두),당시즌의류,후드티,HD,2562055,2562055,2329139,2329139,446970,1882169
M,3.0,직영점(가두),차시즌의류,니트가디건,KC,20465859,20465859,18605297,18605297,4138069,14467228
M,3.0,직영점(가두),차시즌의류,니트풀오버,KP,944630,944630,858757,858757,151474,707283
M,3.0,직영점(가두),차시즌의류,데님셔츠,DR,6391546,6391546,5810486,5810486,1030962,4779524
M,3.0,직영점(가두),차시즌의류,맨투맨,MT,51319254,51257378,46597526,46597526,8600374,37997152
M,3.0,직영점(가두),차시즌의류,반팔카라티셔츠,TS,78037343,77895479,70813816,70813816,12766986,58046830
M,3.0,직영점(가두),차시즌의류,방풍자켓,WJ,41872951,41763774,37967033,37967033,7530393,30436640
M,3.0,직영점(가두),차시즌의류,스커트,SK,1681986,1681986,1529078,1529078,277212,1251866
M,3.0,직영점(가두),차시즌의류,우븐셔츠,WS,1722761,1722761,1566143,1566143,344511,1221632
M,3.0,직영점(가두),차시즌의류,우븐팬츠,WP,16799470,16789242,15262950,15262950,2888938,12374012
M,3.0,직영점(가두),차시즌의류,점퍼,JP,99610935,99331011,90300868,90300868,17804309,72496559
M,3.0,직영점(가두),차시즌의류,진바지,DP,6996381,6996381,6360339,6360339,1179561,5180778
M,3.0,직영점(가두),차시즌의류,진자켓,DK,5348375,5348375,4862152,4862152,874908,3987244
M,3.0,직영점(가두),차시즌의류,트레이닝(상의),TR,33503797,33469818,30427041,30427041,5942639,24484402
M,3.0,직영점(가두),차시즌의류,팬츠,PT,52284273,52216280,47469284,47469284,9051877,38417407
M,3.0,직영점(가두),차시즌의류,폴로 티셔츠,PQ,944630,944630,858757,858757,139472,719285
M,3.0,직영점(가두),차시즌의류,후드티,HD,32504800,32431098,29482801,29482801,5959605,23523196
M,4.0,RF,Bag,쇼퍼백,OR,6082332,3831869,3483518,3483518,904055,2579463
M,4.0,RF,Bag,숄더백,BQ,6727943,4238604,3853276,3853276,1018978,2834298
M,4.0,RF,Bag,크로스백,CR,4723152,2975586,2705078,2705078,787285,1917793
M,4.0,RF,Headwear,운동모,CP,269933230,170057935,154598141,154598141,40051003,114547138
M,4.0,RF,Headwear,햇,HT,3601828,2269152,2062862,2062862,519129,1543733
M,4.0,RF,Shoes,스니커즈,SX,180842352,113930682,103573336,103573336,33580129,69993207
M,4.0,RF,Shoes,신발,SH,56514722,35604275,32367522,32367522,12088805,20278717
M,4.0,자사몰,Acc_etc,기타,ET,243973,244292,237415,237415,42216,195199
M,4.0,자사몰,Acc_etc,선글라스,GA,1046569,1046569,951426,951426,180778,770648
M,4.0,자사몰,Acc_etc,양말,SO,1412528,1315846,1222909,1222909,235376,987533
M,4.0,자사몰,Acc_etc,캐리어(하드케이스),HH,914049,639834,581668,581668,286821,294847
M,4.0,자사몰,Acc_etc,파우치,PO,1308211,1073260,993483,993483,217065,776418
M,4.0,자사몰,Bag,가방,BG,676192,473335,430303,430303,12430,417873
M,4.0,자사몰,Bag,버킷백,BM,1080548,855740,777944,777944,165976,611968
M,4.0,자사몰,Bag,쇼퍼백,OR,2694575,2278421,2118847,2118847,466668,1652179
M,4.0,자사몰,Bag,숄더백,BQ,14488863,9848516,9077093,9077093,1391216,7685877
M,4.0,자사몰,Bag,크로스백,CR,5188671,4877844,4508089,4508089,889244,3618845
M,4.0,자사몰,Bag,힙색,HS,1009191,958222,871112,871112,166629,704483
M,4.0,자사몰,Headwear,방한모,WM,1403354,861075,782793,782793,168980,613813
M,4.0,자사몰,Headwear,비니,BN,65638220,55592348,50538460,50538460,9390200,41148260
M,4.0,자사몰,Headwear,운동모,CP,123060195,104218050,94974930,94974930,19929064,75045866
M,4.0,자사몰,Headwear,햇,HT,2466912,2184883,1986245,1986245,298014,1688231
M,4.0,자사몰,Shoes,런닝화,RN,24295350,22556649,20650915,20650915,5257582,15393333
M,4.0,자사몰,Shoes,뮬,MU,2208668,1010884,947339,947339,391570,555769
M,4.0,자사몰,Shoes,방한화,WB,4210061,3638696,3307899,3307899,795739,2512160
M,4.0,자사몰,Shoes,샌들,SD,-750947,-226908,-180017,-180017,19001,-199018
M,4.0,자사몰,Shoes,스니커즈,SX,38311898,33104823,30443647,30443647,6442787,24000860
M,4.0,자사몰,Shoes,슬리퍼,LP,200479,328188,340628,340628,68710,271918
M,4.0,자사몰,Shoes,신발,SH,58485533,39505952,36277881,36277881,9836113,26441768
M,4.0,자사몰,과시즌의류,레깅스,LG,302418,268676,244252,244252,50409,193843
M,4.0,자사몰,과시즌의류,맨투맨,MT,1311609,597632,543302,543302,124076,419226
M,4.0,자사몰,과시즌의류,반팔카라티셔츠,TS,234459,113831,103485,103485,35220,68265
M,4.0,자사몰,과시즌의류,팬츠,PT,336397,151209,137464,137464,40208,97256
M,4.0,자사몰,과시즌의류,후드티,HD,1213069,1001342,910311,910311,109139,801172
M,4.0,자사몰,당시즌의류,니트풀오버,KP,642213,567458,515870,515870,126142,389728
M,4.0,자사몰,당시즌의류,다운베스트,DV,608233,533478,484983,484983,183911,301072
M,4.0,자사몰,당시즌의류,다운점퍼,DJ,21587183,19368389,17607601,17607601,3884775,13722826
M,4.0,자사몰,당시즌의류,맨투맨,MT,3197472,3031856,2756238,2756238,561012,2195226
M,4.0,자사몰,당시즌의류,우븐셔츠,WS,574254,554274,503886,503886,96930,406956
M,4.0,자사몰,당시즌의류,우븐팬츠,WP,5973598,5646001,5132731,5132731,1123325,4009406
M,4.0,자사몰,당시즌의류,점퍼,JP,2844085,2599501,2363180,2363180,541382,1821798
M,4.0,자사몰,당시즌의류,진바지,DP,0,-27184,-24713,-24713,0,-24713
M,4.0,자사몰,당시즌의류,트레이닝(상의),TR,876671,808712,735194,735194,160995,574199
M,4.0,자사몰,당시즌의류,패딩,PD,6761923,5762789,5238896,5238896,1390013,3848883
M,4.0,자사몰,당시즌의류,팬츠,PT,9028356,8370547,7609586,7609586,1576095,6033491
M,4.0,자사몰,당시즌의류,폴라폴리스점퍼,FD,608233,608233,552938,552938,94395,458543
M,4.0,자사몰,당시즌의류,후드티,HD,1817904,1823341,1657585,1657585,362228,1295357
M,4.0,자사몰,차시즌의류,니트가디건,KC,1488303,1379568,1254153,1254153,227418,1026735
M,4.0,자사몰,차시즌의류,니트풀오버,KP,574254,560662,509693,509693,88574,421119
M,4.0,자사몰,차시즌의류,맨투맨,MT,12619990,12115469,11055808,11055808,2110284,8945524
M,4.0,자사몰,차시즌의류,반팔카라티셔츠,TS,10129292,9773329,8960013,8960013,1654367,7305646
M,4.0,자사몰,차시즌의류,방풍자켓,WJ,21233796,20173567,18339605,18339605,3819399,14520206
M,4.0,자사몰,차시즌의류,스커트,SK,336397,336397,305816,305816,55441,250375
M,4.0,자사몰,차시즌의류,우븐셔츠,WS,574254,570856,518959,518959,114837,404122
M,4.0,자사몰,차시즌의류,우븐팬츠,WP,1957220,1929017,1753655,1753655,330498,1423157
M,4.0,자사몰,차시즌의류,점퍼,JP,9313784,8853905,8049002,8049002,1512751,6536251
M,4.0,자사몰,차시즌의류,진바지,DP,574254,543876,494432,494432,96933,397499
M,4.0,자사몰,차시즌의류,진자켓,DK,67959,54367,49423,49423,7421,42002
M,4.0,자사몰,차시즌의류,트레이닝(상의),TR,7088126,6933417,6303111,6303111,1201930,5101181
M,4.0,자사몰,차시즌의류,팬츠,PT,5864863,5437911,4943557,4943557,1020857,3922700
M,4.0,자사몰,차시즌의류,후드티,HD,13384529,12789344,11626684,11626684,2421094,9205590
M,5.0,제휴몰,Acc_etc,기타,ET,1726159,1726159,1569232,1569232,314946,1254286
M,5.0,제휴몰,Acc_etc,머플러(스카프),MF,907253,907253,824774,824774,112669,712105
M,5.0,제휴몰,Acc_etc,선글라스,GA,506295,506295,460269,460269,90389,369880
M,5.0,제휴몰,Acc_etc,양말,SO,1920182,1920182,1745612,1745612,334967,1410645
M,5.0,제휴몰,Acc_etc,파우치,PO,2235852,2235852,2032614,2032614,380676,1651938
M,5.0,제휴몰,Bag,가방,BG,404356,404356,367597,367597,5617,361980
M,5.0,제휴몰,Bag,백팩,BK,438336,438336,398488,398488,68058,330430
M,5.0,제휴몰,Bag,버킷백,BM,574254,574254,522048,522048,96172,425876
M,5.0,제휴몰,Bag,쇼퍼백,OR,4485295,4263069,3875523,3875523,749055,3126468
M,5.0,제휴몰,Bag,숄더백,BQ,23880800,20624883,18749894,18749894,3427551,15322343
M,5.0,제휴몰,Bag,크로스백,CR,8267215,8267215,7515642,7515642,1551280,5964362
M,5.0,제휴몰,Bag,힙색,HS,672794,672794,611631,611631,93729,517902
M,5.0,제휴몰,Headwear,방한모,WM,8151685,8151685,7410602,7410602,1138861,6271741
M,5.0,제휴몰,Headwear,비니,BN,140817887,140817751,128016297,128016297,19854673,108161624
M,5.0,제휴몰,Headwear,운동모,CP,522846124,522778165,475252862,475252862,86052097,389200765
M,5.0,제휴몰,Headwear,햇,HT,7907032,7907032,7188192,7188192,1000200,6187992
M,5.0,제휴몰,Shoes,런닝화,RN,34445030,34445030,31313726,31313726,7418502,23895224
M,5.0,제휴몰,Shoes,뮬,MU,13568018,6783975,6167189,6167189,2403829,3763360
M,5.0,제휴몰,Shoes,방한화,WB,14040334,14161641,12874232,12874232,2449630,10424602
M,5.0,제휴몰,Shoes,샌들,SD,1834894,1738052,1580047,1580047,166598,1413449
M,5.0,제휴몰,Shoes,스니커즈,SX,293807234,288735860,262487266,262487266,49290501,213196765
M,5.0,제휴몰,Shoes,슬리퍼,LP,801916,801916,729010,729010,143380,585630
M,5.0,제휴몰,Shoes,신발,SH,211828268,154358348,140325836,140325836,37476410,102849426
M,5.0,제휴몰,과시즌의류,맨투맨,MT,5008580,2504290,2276644,2276644,244252,2032392
M,5.0,제휴몰,과시즌의류,탱크탑,TK,601437,601437,546758,546758,128599,418159
M,5.0,제휴몰,과시즌의류,팬츠,PT,0,0,0,0,0,0
M,5.0,제휴몰,당시즌의류,다운베스트,DV,3788715,3788715,3444289,3444289,688116,2756173
M,5.0,제휴몰,당시즌의류,다운점퍼,DJ,312071221,312071221,283701007,283701007,55537491,228163516
M,5.0,제휴몰,당시즌의류,맨투맨,MT,5688170,5688170,5171066,5171066,1009443,4161623
M,5.0,제휴몰,당시즌의류,반팔카라티셔츠,TS,268438,268438,244034,244034,46576,197458
M,5.0,제휴몰,당시즌의류,스커트,SK,506295,506295,460269,460269,99845,360424
M,5.0,제휴몰,당시즌의류,우븐팬츠,WP,15287382,15287382,13897654,13897654,2854894,11042760
M,5.0,제휴몰,당시즌의류,원피스,OP,876671,876671,796976,796976,174644,622332
M,5.0,제휴몰,당시즌의류,진바지,DP,1216466,1216466,1105877,1105877,220897,884980
M,5.0,제휴몰,당시즌의류,트레이닝(상의),TR,8226439,8226439,7478588,7478588,1505707,5972881
M,5.0,제휴몰,당시즌의류,패딩,PD,64914457,64914457,59013113,59013113,13344134,45668979
M,5.0,제휴몰,당시즌의류,팬츠,PT,18586792,18586792,16897096,16897096,3233674,13663422
M,5.0,제휴몰,당시즌의류,폴라폴리스점퍼,FD,1624221,1624221,1476563,1476563,262016,1214547
M,5.0,제휴몰,당시즌의류,후드티,HD,7550247,7550247,6863875,6863875,1356822,5507053
M,5.0,제휴몰,차시즌의류,니트가디건,KC,1488303,1488303,1353003,1353003,227418,1125585
M,5.0,제휴몰,차시즌의류,맨투맨,MT,26086070,26086070,23714593,23714593,4412083,19302510
M,5.0,제휴몰,차시즌의류,반팔카라티셔츠,TS,12334562,12334562,11213191,11213191,2023670,9189521
M,5.0,제휴몰,차시즌의류,방풍자켓,WJ,14638373,14638373,13307603,13307603,2615053,10692550
M,5.0,제휴몰,차시즌의류,스커트,SK,336397,336397,305816,305816,55441,250375
M,5.0,제휴몰,차시즌의류,우븐셔츠,WS,2297015,2297015,2088190,2088190,459349,1628841
M,5.0,제휴몰,차시즌의류,우븐팬츠,WP,1821302,1821302,1655733,1655733,315299,1340434
M,5.0,제휴몰,차시즌의류,점퍼,JP,13547631,13547631,12316026,12316026,2363227,9952799
M,5.0,제휴몰,차시즌의류,진바지,DP,2432933,2432933,2211754,2211754,406888,1804866
M,5.0,제휴몰,차시즌의류,진스커트,DS,540274,540274,491157,491157,84412,406745
M,5.0,제휴몰,차시즌의류,트레이닝(상의),TR,6374556,6374556,5795059,5795059,1110630,4684429
M,5.0,제휴몰,차시즌의류,팬츠,PT,11454493,11454493,10413191,10413191,2001916,8411275
M,5.0,제휴몰,차시즌의류,후드티,HD,14251007,14251007,12955480,12955480,2633062,10322418
M,6.0,RF,Acc_etc,기타,ET,380571,372415,338555,217629,73651,143978
M,6.0,RF,Acc_etc,머플러(스카프),MF,570856,503576,457796,292360,77650,214710
M,6.0,RF,Acc_etc,양말,SO,845070,845070,768239,486023,148096,337927
M,6.0,RF,Acc_etc,장갑,GL,132520,132520,120474,79512,23833,55679
M,6.0,RF,Acc_etc,파우치,PO,1022783,973853,885319,543553,170380,373173
M,6.0,RF,Bag,버킷백,BM,4889652,4707521,4279563,2806527,753961,2052566
M,6.0,RF,Bag,쇼퍼백,OR,12263205,10438506,9489556,5945252,1889584,4055668
M,6.0,RF,Bag,숄더백,BQ,8593418,7534617,6849651,4371695,1379602,2992093
M,6.0,RF,Bag,크로스백,CR,3873664,3469308,3153907,2020517,693148,1327369
M,6.0,RF,Bag,힙색,HS,1681986,1412868,1284425,808576,260358,548218
M,6.0,RF,Headwear,방한모,WM,2748942,2547784,2316162,1495003,410612,1084391
M,6.0,RF,Headwear,비니,BN,23109465,20523522,18657758,12314154,3252848,9061306
M,6.0,RF,Headwear,운동모,CP,171531966,142824751,129840500,82907572,25168827,57738745
M,6.0,RF,Headwear,햇,HT,4362969,4096570,3724144,2444469,553353,1891116
M,6.0,RF,Shoes,런닝화,RN,15831054,14561579,13237816,8679747,3045597,5634150
M,6.0,RF,Shoes,방한화,WB,1213069,1213069,1102791,727841,223504,504337
M,6.0,RF,Shoes,스니커즈,SX,184556313,153364685,139422515,90201539,31702754,58498785
M,6.0,RF,Shoes,신발,SH,180889923,146416623,133106006,86683573,36878323,49805250
M,6.0,RF,당시즌의류,다운베스트,DV,2164495,2015665,1832420,1136336,425067,711269
M,6.0,RF,당시즌의류,다운점퍼,DJ,57258873,53260504,48418634,31515683,10151151,21364532
M,6.0,RF,당시즌의류,맨투맨,MT,1749945,1682665,1529696,999813,299485,700328
M,6.0,RF,당시즌의류,우븐팬츠,WP,1518884,1518884,1380808,856100,298089,558011
M,6.0,RF,당시즌의류,진바지,DP,1824700,1703053,1548229,1030680,329717,700963
M,6.0,RF,당시즌의류,패딩,PD,2028577,1825719,1659743,1059162,417000,642162
M,6.0,RF,당시즌의류,팬츠,PT,5426528,4840041,4400041,2796656,996932,1799724
M,6.0,RF,당시즌의류,폴라폴리스점퍼,FD,2436331,2301092,2091904,1360985,466410,894575
M,6.0,RF,당시즌의류,후드티,HD,808712,808712,735194,485227,159826,325401
M,6.0,RF,차시즌의류,니트가디건,KC,1488303,1488303,1353003,852393,227418,624975
M,6.0,RF,차시즌의류,니트풀오버,KP,1046569,952106,865550,557522,159350,398172
M,6.0,RF,차시즌의류,맨투맨,MT,7570635,6850269,6227513,3994512,1251374,2743138
M,6.0,RF,차시즌의류,반팔카라티셔츠,TS,16442685,14190013,12899981,8180866,2745748,5435118
M,6.0,RF,차시즌의류,방풍자켓,WJ,4604224,4082978,3711799,2419290,877161,1542129
M,6.0,RF,차시즌의류,스커트,SK,336397,336397,305816,201838,55441,146397
M,6.0,RF,차시즌의류,우븐셔츠,WS,1148507,1148507,1044095,689104,229674,459430
M,6.0,RF,차시즌의류,우븐팬츠,WP,2765932,2678265,2434792,1613334,475037,1138297
M,6.0,RF,차시즌의류,점퍼,JP,24590972,22571909,20519920,13194050,4323838,8870212
M,6.0,RF,차시즌의류,진바지,DP,1148507,918806,835278,517875,193870,324005
M,6.0,RF,차시즌의류,트레이닝(상의),TR,3574644,3035050,2759136,1763149,599450,1163699
M,6.0,RF,차시즌의류,팬츠,PT,8287603,7140692,6491537,4138358,1461656,2676702
M,6.0,RF,차시즌의류,폴로 티셔츠,PQ,1416946,1322483,1202260,779748,209208,570540
M,6.0,RF,차시즌의류,후드티,HD,7251228,6522707,5929727,3798417,1304202,2494215
M,6.0,대리점,Acc_etc,기타,ET,1901833,1878285,1707545,1102520,362490,740030
M,6.0,대리점,Acc_etc,머플러(스카프),MF,3058156,2990197,2718361,1755935,373030,1382905
M,6.0,대리점,Acc_etc,선글라스,GA,1080548,575341,523019,339965,180778,159187
M,6.0,대리점,Acc_etc,양말,SO,7762619,7582868,6893342,4450392,1333645,3116747
M,6.0,대리점,Acc_etc,파우치,PO,3054758,3009565,2735976,1755082,568899,1186183
M,6.0,대리점,Bag,가방,BG,676192,473335,430306,305517,12430,293087
M,6.0,대리점,Bag,백팩,BK,4220255,3583683,3257898,2123420,698496,1424924
M,6.0,대리점,Bag,버킷백,BM,19463464,18794815,17086216,10826038,3046827,7779211
M,6.0,대리점,Bag,쇼퍼백,OR,64258652,62776704,57069780,36680514,9872417,26808097
M,6.0,대리점,Bag,숄더백,BQ,310161573,306261031,278419090,175803344,49443151,126360193
M,6.0,대리점,Bag,크로스백,CR,30160213,28419171,25835621,16667194,5096087,11571107
M,6.0,대리점,Bag,힙색,HS,2218862,2196843,1997139,1279206,340828,938378
M,6.0,대리점,Headwear,방한모,WM,5803700,5660783,5146146,3305309,860388,2444921
M,6.0,대리점,Headwear,비니,BN,130797329,123053263,111866644,70751494,18297355,52454139
M,6.0,대리점,Headwear,운동모,CP,1930009005,1863278649,1693888214,1044642519,322982113,721660406
M,6.0,대리점,Headwear,햇,HT,12589409,12048693,10953350,6996667,1590618,5406049
M,6.0,대리점,Shoes,런닝화,RN,142064935,137207904,124734396,80004020,29510539,50493481
M,6.0,대리점,Shoes,방한화,WB,22361916,21217996,19289087,12373642,3752558,8621084
M,6.0,대리점,Shoes,스니커즈,SX,1861801933,1732898928,1575362551,996935361,324962544,671972817
M,6.0,대리점,Shoes,슬리퍼,LP,3408145,3302469,3002222,1913155,609372,1303783
M,6.0,대리점,Shoes,신발,SH,1266273637,1200291782,1091174210,688639617,252533580,436106037
M,6.0,대리점,과시즌의류,니트가디건,KC,676192,338130,307362,230520,20534,209986
M,6.0,대리점,과시즌의류,레깅스,LG,302418,285938,259943,161165,36018,125147
M,6.0,대리점,과시즌의류,반팔카라티셔츠,TS,502897,352028,320026,224017,91894,132123
M,6.0,대리점,과시즌의류,점퍼,JP,1151905,575953,523594,392694,34493,358201
M,6.0,대리점,당시즌의류,니트풀오버,KP,1386364,1151905,1047187,681877,235029,446848
M,6.0,대리점,당시즌의류,다운베스트,DV,22188620,20368678,18516974,11893756,4228441,7665315
M,6.0,대리점,당시즌의류,다운점퍼,DJ,409388539,360785165,327986136,211782117,74254408,137527709
M,6.0,대리점,당시즌의류,맨투맨,MT,13428702,12998930,11817105,7579412,2405148,5174264
M,6.0,대리점,당시즌의류,반팔카라티셔츠,TS,265040,247371,224883,146333,50928,95405
M,6.0,대리점,당시즌의류,방풍자켓,WJ,574254,574254,522048,334110,106363,227747
M,6.0,대리점,당시즌의류,우븐셔츠,WS,1148507,1114528,1013208,653365,207611,445754
M,6.0,대리점,당시즌의류,우븐팬츠,WP,17380520,16747209,15224669,9830561,3378800,6451761
M,6.0,대리점,당시즌의류,진바지,DP,1824700,1745867,1587173,1021319,332975,688344
M,6.0,대리점,당시즌의류,진스커트,DS,506295,506295,460266,299173,81643,217530
M,6.0,대리점,당시즌의류,진자켓,DK,880069,880069,800065,512041,133645,378396
M,6.0,대리점,당시즌의류,트레이닝(상의),TR,6075536,5931769,5392525,3469532,1122442,2347090
M,6.0,대리점,당시즌의류,패딩,PD,22990537,21164818,19240758,12517562,4726020,7791542
M,6.0,대리점,당시즌의류,팬츠,PT,42019063,41027099,37297304,24027863,7299992,16727871
M,6.0,대리점,당시즌의류,폴라폴리스점퍼,FD,1488303,1409946,1281778,808138,261255,546883
M,6.0,대리점,당시즌의류,후드티,HD,16113084,15969215,14517474,9293882,2974451,6319431
M,6.0,대리점,차시즌의류,니트가디건,KC,14478669,13554427,12322251,7794798,3089784,4705014
M,6.0,대리점,차시즌의류,니트풀오버,KP,3343584,3312900,3011737,1947189,493804,1453385
M,6.0,대리점,차시즌의류,데님셔츠,DR,2976605,2843371,2584930,1618278,475166,1143112
M,6.0,대리점,차시즌의류,맨투맨,MT,105017075,101595474,92359524,59263266,17170190,42093076
M,6.0,대리점,차시즌의류,반팔카라티셔츠,TS,240275914,237625954,216023629,135598199,40101371,95496828
M,6.0,대리점,차시즌의류,방풍자켓,WJ,73874853,69795851,63450765,40409908,13624458,26785450
M,6.0,대리점,차시즌의류,스커트,SK,3027574,3027574,2752340,1785963,498979,1286984
M,6.0,대리점,차시즌의류,우븐셔츠,WS,4019776,3768056,3425498,2208209,803860,1404349
M,6.0,대리점,차시즌의류,우븐팬츠,WP,26113254,25624798,23295302,15012124,4480069,10532055
M,6.0,대리점,차시즌의류,점퍼,JP,78550434,75806521,68915095,43877670,14157865,29719805
M,6.0,대리점,차시즌의류,진바지,DP,7128901,6633310,6030269,3901599,1185423,2716176
M,6.0,대리점,차시즌의류,진자켓,DK,812110,812110,738280,479882,124481,355401
M,6.0,대리점,차시즌의류,트레이닝(상의),TR,29650521,28781869,26165361,16776687,5042175,11734512
M,6.0,대리점,차시즌의류,팬츠,PT,77755314,74600724,67818774,43549768,13349218,30200550
M,6.0,대리점,차시즌의류,폴로 티셔츠,PQ,3778522,3778522,3435012,2134002,557889,1576113
M,6.0,대리점,차시즌의류,후드티,HD,54900695,53755687,48868785,31493712,10062509,21431203
M,8.0,사입,Acc_etc,양말,SO,90834027,22707046,20642886,20642886,13651211,6991675
M,8.0,사입,Acc_etc,캐리어(하드케이스),HH,25216195,6304049,5730974,5730974,7343512,-1612538
M,8.0,사입,Bag,백팩,BK,722937868,185861567,168965134,168965134,106043467,62921667
M,8.0,사입,Bag,버킷백,BM,263823714,65955453,59959469,59959469,40034544,19924925
M,8.0,사입,Bag,쇼퍼백,OR,97657113,24414108,22194601,22194601,19383279,2811322
M,8.0,사입,Bag,숄더백,BQ,1058285054,269144158,244676427,244676427,170644768,74031659
M,8.0,사입,Bag,크로스백,CR,413768498,103441751,94038088,94038088,65105625,28932463
M,8.0,사입,Bag,힙색,HS,202174689,50543672,45948793,45948793,33381665,12567128
M,8.0,사입,Headwear,운동모,CP,1325710597,352390323,320354960,320354960,191908891,128446069
M,8.0,사입,Headwear,햇,HT,777108004,211021186,191837490,191837490,110807812,81029678
M,8.0,사입,Shoes,런닝화,RN,825851611,203164682,184695153,184695153,137288010,47407143
M,8.0,사입,Shoes,샌들,SD,468985202,51588372,46898520,46898520,11456967,35441553
M,8.0,사입,Shoes,스니커즈,SX,2482254201,609505326,554095982,554095982,449835335,104260647
M,8.0,사입,Shoes,슬리퍼,LP,431988311,47518714,43198831,43198831,11063773,32135058
M,8.0,사입,Shoes,신발,SH,870976401,181169099,164699105,164699105,137892312,26806793
M,8.0,사입,Shoes,아쿠아 슈즈,SQ,17156255,1887188,1715625,1715625,1833847,-118222
M,8.0,사입,과시즌의류,니트가디건,KC,203003789,22330417,20300379,20300379,21253820,-953441
M,8.0,사입,과시즌의류,니트풀오버,KP,193645832,21301041,19364583,19364583,20237765,-873182
M,8.0,사입,과시즌의류,데님셔츠,DR,30510202,3356122,3051020,3051020,3180723,-129703
M,8.0,사입,과시즌의류,데님원피스,DD,27074874,2978236,2707487,2707487,2820660,-113173
M,8.0,사입,과시즌의류,레깅스,LG,146529843,16118283,14652984,14652984,15323910,-670926
M,8.0,사입,과시즌의류,맨투맨,MT,673239437,87385175,79441020,79441020,77551637,1889383
M,8.0,사입,과시즌의류,반팔카라티셔츠,TS,27214190,5776279,5251122,5251122,3892356,1358766
M,8.0,사입,과시즌의류,방수자켓,JK,29154420,3206986,2915442,2915442,3102883,-187441
M,8.0,사입,과시즌의류,방풍자켓,WJ,121045210,26223347,23839416,23839416,19681768,4157648
M,8.0,사입,과시즌의류,스커트,SK,-676192,-169048,-153679,-153679,-20846,-132833
M,8.0,사입,과시즌의류,우븐셔츠,WS,79845053,8782956,7984505,7984505,8350804,-366299
M,8.0,사입,과시즌의류,우븐팬츠,WP,32307718,4281214,3892017,3892017,3720162,171855
M,8.0,사입,과시즌의류,원피스,OP,105941317,11653545,10594132,10594132,11096346,-502214
M,8.0,사입,과시즌의류,점퍼,JP,1080144073,126961892,115419905,115419905,117918619,-2498714
M,8.0,사입,과시즌의류,진바지,DP,62749962,6902496,6274996,6274996,6561528,-286532
M,8.0,사입,과시즌의류,진자켓,DK,30275744,3330332,3027574,3027574,3164335,-136761
M,8.0,사입,과시즌의류,트레이닝(상의),TR,268601233,31013779,28194339,28194339,28817747,-623408
M,8.0,사입,과시즌의류,팬츠,PT,442746224,58852342,53502166,53502166,51505109,1997057
M,8.0,사입,과시즌의류,폴로 티셔츠,PQ,202596035,22285564,20259603,20259603,21192137,-932534
M,8.0,사입,과시즌의류,후드티,HD,441686063,59645322,54223018,54223018,53307154,915864
M,11.0,직영몰,Acc_etc,기타,ET,641873,187567,170509,170509,119285,51224
M,11.0,직영몰,Acc_etc,머플러(스카프),MF,234459,234459,213143,213143,42631,170512
M,11.0,직영몰,Acc_etc,선글라스,GA,3105727,2969809,2699835,2699835,542333,2157502
M,11.0,직영몰,Acc_etc,양말,SO,876332,778471,707684,707684,138711,568973
M,11.0,직영몰,Acc_etc,파우치,PO,818906,809936,736319,736319,152551,583768
M,11.0,직영몰,Bag,백팩,BK,472315,425084,386439,386439,71214,315225
M,11.0,직영몰,Bag,버킷백,BM,876671,876671,796976,796976,135857,661119
M,11.0,직영몰,Bag,쇼퍼백,OR,1213069,1179089,1071901,1071901,200258,871643
M,11.0,직영몰,Bag,숄더백,BQ,2932432,2885370,2623069,2623069,466688,2156381
M,11.0,직영몰,Bag,크로스백,CR,1583445,1524457,1385858,1385858,297304,1088554
M,11.0,직영몰,Headwear,방한모,WM,268438,268438,244034,244034,30181,213853
M,11.0,직영몰,Headwear,비니,BN,15165055,15068418,13698578,13698578,2171484,11527094
M,11.0,직영몰,Headwear,운동모,CP,103263732,102317980,93016147,93016147,16265954,76750193
M,11.0,직영몰,Headwear,햇,HT,2045567,2045567,1859600,1859600,265251,1594349
M,11.0,직영몰,Shoes,런닝화,RN,10125894,10038431,9125857,9125857,2050014,7075843
M,11.0,직영몰,Shoes,방한화,WB,4614418,4585705,4168827,4168827,819698,3349129
M,11.0,직영몰,Shoes,스니커즈,SX,37873562,37236888,33851737,33851737,6350104,27501633
M,11.0,직영몰,Shoes,신발,SH,15117484,14787985,13443619,13443619,2766799,10676820
M,11.0,직영몰,과시즌의류,팬츠,PT,-438336,-438336,-398488,-398488,-79165,-319323
M,11.0,직영몰,당시즌의류,니트풀오버,KP,1216466,1152517,1047741,1047741,219287,828454
M,11.0,직영몰,당시즌의류,다운베스트,DV,4532867,4147199,3770180,3770180,837051,2933129
M,11.0,직영몰,당시즌의류,다운점퍼,DJ,48196537,43159075,39235515,39235515,8674157,30561358
M,11.0,직영몰,당시즌의류,맨투맨,MT,3567849,3241951,2947240,2947240,635634,2311606
M,11.0,직영몰,당시즌의류,반팔카라티셔츠,TS,400958,387774,352520,352520,72040,280480
M,11.0,직영몰,당시즌의류,우븐팬츠,WP,2395555,2249342,2044856,2044856,463345,1581511
M,11.0,직영몰,당시즌의류,진바지,DP,608233,574254,522048,522048,112078,409970
M,11.0,직영몰,당시즌의류,트레이닝(상의),TR,1012589,980445,891313,891313,187074,704239
M,11.0,직영몰,당시즌의류,패딩,PD,2704769,2569531,2335935,2335935,556000,1779935
M,11.0,직영몰,당시즌의류,팬츠,PT,4515877,4351926,3956289,3956289,769847,3186442
M,11.0,직영몰,당시즌의류,폴라폴리스점퍼,FD,1896057,1828098,1661907,1661907,335453,1326454
M,11.0,직영몰,당시즌의류,후드티,HD,2460117,2177951,1979945,1979945,485927,1494018
M,11.0,직영몰,차시즌의류,니트가디건,KC,3078544,3078544,2798678,2798678,793442,2005236
M,11.0,직영몰,차시즌의류,맨투맨,MT,13996160,13732853,12484425,12484425,2374033,10110392
M,11.0,직영몰,차시즌의류,반팔카라티셔츠,TS,9935609,9867616,8970526,8970526,1625797,7344729
M,11.0,직영몰,차시즌의류,방풍자켓,WJ,6965800,6758932,6144481,6144481,1253973,4890508
M,11.0,직영몰,차시즌의류,스커트,SK,336397,336397,305816,305816,55441,250375
M,11.0,직영몰,차시즌의류,우븐셔츠,WS,1148507,1120304,1018458,1018458,229674,788784
M,11.0,직영몰,차시즌의류,우븐팬츠,WP,3238247,3238247,2943869,2943869,556146,2387723
M,11.0,직영몰,차시즌의류,점퍼,JP,26962741,26302214,23911096,23911096,4846633,19064463
M,11.0,직영몰,차시즌의류,진바지,DP,1216466,1184900,1077181,1077181,209725,867456
M,11.0,직영몰,차시즌의류,진스커트,DS,540274,540274,491157,491157,84412,406745
M,11.0,직영몰,차시즌의류,트레이닝(상의),TR,4485295,4380503,3982280,3982280,776388,3205892
M,11.0,직영몰,차시즌의류,팬츠,PT,7641992,7588202,6898371,6898371,1305357,5593014
M,11.0,직영몰,차시즌의류,후드티,HD,11090912,11036681,10033371,10033371,2041030,7992341
M,99.0,기타,Acc_etc,기타,ET,197081,98541,89584,89584,34438,55146
M,99.0,기타,Acc_etc,선글라스,GA,506295,253147,230133,230133,90389,139744
M,99.0,기타,Acc_etc,양말,SO,182810,91405,83093,83093,29406,53687
M,99.0,기타,Acc_etc,파우치,PO,132520,66260,60235,60235,25094,35141
M,99.0,기타,Bag,쇼퍼백,OR,472315,236158,214686,214686,78408,136278
M,99.0,기타,Headwear,방한모,WM,268438,134219,122017,122017,40609,81408
M,99.0,기타,Headwear,비니,BN,784927,392463,356778,356778,106315,250463
M,99.0,기타,Headwear,운동모,CP,1902853,951426,864925,864925,279390,585535
M,99.0,기타,Shoes,방한화,WB,370377,185188,168351,168351,44455,123896
M,99.0,기타,Shoes,스니커즈,SX,1012589,506295,460269,460269,170594,289675
M,99.0,기타,당시즌의류,다운점퍼,DJ,948028,474014,430921,430921,149659,281262
M,99.0,기타,당시즌의류,팬츠,PT,808712,404356,367597,367597,138925,228672
M,99.0,기타,차시즌의류,맨투맨,MT,1009191,504596,458723,458723,173363,285360
M,99.0,기타,차시즌의류,반팔카라티셔츠,TS,1070355,535177,486522,486522,165742,320780
M,99.0,기타,차시즌의류,방풍자켓,WJ,642213,321106,291915,291915,114385,177530
ST,1.0,백화점,Acc_etc,양말,SO,67619,67619,61472,40572,15359,25213
ST,1.0,백화점,Headwear,비니,BN,-234459,-234459,-213143,-140675,-54367,-86308
ST,1.0,백화점,Headwear,선캡,SC,200479,180431,164026,111538,40300,71238
ST,1.0,백화점,Headwear,운동모,CP,366979,350329,318480,212922,70541,142381
ST,1.0,백화점,Shoes,신발,SH,438336,394502,358640,243874,98710,145164
ST,1.0,백화점,과시즌의류,팬츠,PT,438336,438336,398488,263001,58581,204420
ST,1.0,백화점,당시즌의류,니트반팔티셔츠,KU,540274,540274,491157,324165,114511,209654
ST,1.0,백화점,당시즌의류,다운점퍼,DJ,1219864,1097878,998070,678686,416385,262301
ST,1.0,백화점,당시즌의류,스커트,SK,608233,608233,552938,364940,163951,200989
ST,1.0,백화점,당시즌의류,폴로 티셔츠,PQ,0,0,0,0,0,0
ST,1.0,백화점,차시즌의류,트레이닝(상의),TR,506295,506295,460269,303777,141525,162252
ST,1.0,백화점,차시즌의류,팬츠,PT,370377,370377,336706,222226,103909,118317
ST,2.0,면세점,Headwear,선캡,SC,234459,234459,213143,121490,46552,74938
ST,2.0,면세점,Headwear,운동모,CP,400958,400958,364512,207771,66464,141307
ST,2.0,면세점,Shoes,신발,SH,3384359,1015308,923013,526115,215369,310746
ST,2.0,면세점,과시즌의류,반팔티셔츠,RS,234459,234459,213143,121490,56984,64506
ST,2.0,면세점,과시즌의류,스커트,SK,0,0,0,0,0,0
ST,2.0,면세점,당시즌의류,다운점퍼,DJ,1015987,1015987,923624,526465,339353,187112
ST,2.0,면세점,당시즌의류,맨투맨,MT,370377,370377,336706,191923,80769,111154
ST,2.0,면세점,당시즌의류,스커트,SK,944630,944630,858751,489488,196402,293086
ST,2.0,면세점,당시즌의류,윈드티셔츠,WT,0,0,0,0,0,0
ST,2.0,면세점,당시즌의류,팬츠,PT,370377,370377,336706,191923,70779,121144
ST,2.0,면세점,당시즌의류,폴로 티셔츠,PQ,1213069,1213069,1102791,628594,232114,396480
ST,2.0,면세점,차시즌의류,반바지,SP,1209671,1209671,1099699,626827,326883,299944
ST,2.0,면세점,차시즌의류,스커트,SK,1889261,1889261,1717501,978977,425967,553010
ST,2.0,면세점,차시즌의류,폴로 티셔츠,PQ,2021781,2021781,1837986,1047656,432559,615097
ST,3.0,직영점(가두),Acc_etc,양말,SO,169898,169898,154450,154450,26096,128354
ST,3.0,직영점(가두),Acc_etc,헤드밴드,HB,98541,98541,89580,89580,21067,68513
ST,3.0,직영점(가두),Bag,보스톤백,BW,0,0,0,0,0,0
ST,3.0,직영점(가두),Headwear,선캡,SC,200479,180431,164026,164026,40300,123726
ST,3.0,직영점(가두),과시즌의류,반팔티셔츠,RS,703376,703376,639430,639430,173363,466067
ST,3.0,직영점(가두),과시즌의류,트레이닝(상의),TR,-540274,-540274,-491157,-491157,-72203,-418954
ST,3.0,직영점(가두),당시즌의류,니트가디건,KC,1420344,1359520,1235923,1235923,352232,883691
ST,3.0,직영점(가두),당시즌의류,니트풀오버,KP,608233,608233,552938,552938,197659,355279
ST,3.0,직영점(가두),당시즌의류,다운점퍼,DJ,1015987,914389,831261,831261,339353,491908
ST,3.0,직영점(가두),당시즌의류,맨투맨,MT,2497494,2497494,2270440,2270440,536536,1733904
ST,3.0,직영점(가두),당시즌의류,스커트,SK,608233,547410,497644,497644,163951,333693
ST,3.0,직영점(가두),당시즌의류,트레이닝(상의),TR,1148507,1148507,1044095,1044095,258312,785783
ST,3.0,직영점(가두),당시즌의류,팬츠,PT,876671,876671,796969,796969,203062,593907
ST,3.0,직영점(가두),당시즌의류,폴로 티셔츠,PQ,0,0,0,0,0,0
ST,3.0,직영점(가두),차시즌의류,니트가디건,KC,608233,608233,552938,552938,143597,409341
ST,3.0,직영점(가두),차시즌의류,니트베스트,KV,944630,944630,858751,858751,258584,600167
ST,3.0,직영점(가두),차시즌의류,맨투맨,MT,2864473,2864473,2604047,2604047,613262,1990785
ST,3.0,직영점(가두),차시즌의류,반바지,SP,1746547,1746547,1587767,1587767,482033,1105734
ST,3.0,직영점(가두),차시즌의류,반팔티셔츠,RS,2110128,2095788,1905252,1905252,576904,1328348
ST,3.0,직영점(가두),차시즌의류,스커트,SK,1814506,1796021,1632732,1632732,530692,1102040
ST,3.0,직영점(가두),차시즌의류,우븐셔츠,WS,540274,540274,491157,491157,152194,338963
ST,3.0,직영점(가두),차시즌의류,점퍼,JP,1760139,1760139,1600122,1600122,637999,962123
ST,3.0,직영점(가두),차시즌의류,트레이닝(상의),TR,2871269,2836134,2578311,2578311,733618,1844693
ST,3.0,직영점(가두),차시즌의류,팬츠,PT,1685384,1466216,1332914,1332914,377308,955606
ST,3.0,직영점(가두),차시즌의류,폴로 티셔츠,PQ,1213069,1213069,1102781,1102781,251788,850993
ST,3.0,직영점(가두),차시즌의류,후드티,HD,815508,407754,370682,370682,196741,173941
ST,4.0,자사몰,Acc_etc,보호대,PR,305816,275268,250242,250242,37921,212321
ST,4.0,자사몰,Acc_etc,양말,SO,271836,264463,240419,240419,61707,178712
ST,4.0,자사몰,Acc_etc,헤드밴드,HB,98541,98473,89522,89522,21339,68183
ST,4.0,자사몰,Bag,백팩,BK,1688782,1685384,1532163,1532163,414346,1117817
ST,4.0,자사몰,Bag,보스톤백,BW,1624221,1455003,1322727,1322727,359843,962884
ST,4.0,자사몰,Bag,토드백,TG,676192,608607,553278,553278,174994,378284
ST,4.0,자사몰,Headwear,선캡,SC,1168895,834639,758766,758766,243429,515337
ST,4.0,자사몰,Headwear,운동모,CP,3115921,2770927,2519027,2519027,606534,1912493
ST,4.0,자사몰,Shoes,신발,SH,4057154,3470022,3154566,3154566,1066617,2087949
ST,4.0,자사몰,과시즌의류,니트가디건,KC,-3047962,-1700403,-1545820,-1545820,-407319,-1138501
ST,4.0,자사몰,과시즌의류,다운점퍼,DJ,1491701,936373,851248,851248,199348,651900
ST,4.0,자사몰,과시즌의류,레깅스,LG,0,1223,1111,1111,0,1111
ST,4.0,자사몰,과시즌의류,맨투맨,MT,506295,323009,293644,293644,67660,225984
ST,4.0,자사몰,과시즌의류,브라,BR,302418,302418,274925,274925,83895,191030
ST,4.0,자사몰,과시즌의류,트레이닝(상의),TR,67959,-196198,-178362,-178362,9083,-187445
ST,4.0,자사몰,과시즌의류,팬츠,PT,2596035,1718412,1562184,1562184,346927,1215257
ST,4.0,자사몰,당시즌의류,니트가디건,KC,1216466,1152245,1047497,1047497,302010,745487
ST,4.0,자사몰,당시즌의류,니트풀오버,KP,608233,547410,497647,497647,197659,299988
ST,4.0,자사몰,당시즌의류,다운점퍼,DJ,-203877,-224367,-203969,-203969,-77032,-126937
ST,4.0,자사몰,당시즌의류,맨투맨,MT,4182878,3844578,3495068,3495068,1064170,2430898
ST,4.0,자사몰,당시즌의류,반바지,SP,302418,272074,247340,247340,88788,158552
ST,4.0,자사몰,당시즌의류,반팔티셔츠,RS,1060161,953873,867157,867157,201091,666066
ST,4.0,자사몰,당시즌의류,스커트,SK,1688782,1683039,1530033,1530033,252536,1277497
ST,4.0,자사몰,당시즌의류,윈드티셔츠,WT,1080548,969130,881028,881028,377648,503380
ST,4.0,자사몰,당시즌의류,트레이닝(상의),TR,438336,372415,338558,338558,97317,241241
ST,4.0,자사몰,당시즌의류,팬츠,PT,2963013,2595967,2359976,2359976,759850,1600126
ST,4.0,자사몰,차시즌의류,레깅스,LG,370377,323247,293862,293862,112200,181662
ST,4.0,자사몰,차시즌의류,맨투맨,MT,6904637,6355460,5777696,5777696,1418882,4358814
ST,4.0,자사몰,차시즌의류,반바지,SP,3024176,2752035,2501847,2501847,679250,1822597
ST,4.0,자사몰,차시즌의류,반팔티셔츠,RS,937834,885948,805406,805406,210401,595005
ST,4.0,자사몰,차시즌의류,스커트,SK,2551861,2350023,2136384,2136384,774257,1362127
ST,4.0,자사몰,차시즌의류,트레이닝(상의),TR,1148507,927709,843371,843371,293447,549924
ST,4.0,자사몰,차시즌의류,팬츠,PT,2426137,2161437,1964943,1964943,582001,1382942
ST,4.0,자사몰,차시즌의류,폴로 티셔츠,PQ,404356,359571,326883,326883,80701,246182
ST,4.0,자사몰,차시즌의류,후드티,HD,-210673,-288724,-262478,-262478,3364,-265842
ST,5.0,제휴몰,Acc_etc,보호대,PR,84949,84949,77225,77225,11213,66012
ST,5.0,제휴몰,Acc_etc,양말,SO,1669074,1276610,1160533,1160533,258965,901568
ST,5.0,제휴몰,Acc_etc,헤드밴드,HB,183489,124025,112751,112751,26745,86006
ST,5.0,제휴몰,Bag,라켓백,RB,540274,270137,245577,245577,39294,206283
ST,5.0,제휴몰,Bag,백팩,BK,4159092,3117960,2834499,2834499,1167366,1667133
ST,5.0,제휴몰,Bag,보스톤백,BW,2572249,2220221,2018383,2018383,632868,1385515
ST,5.0,제휴몰,Headwear,선캡,SC,801916,801916,729010,729010,164223,564787
ST,5.0,제휴몰,Headwear,운동모,CP,801916,801916,729010,729010,137923,591087
ST,5.0,제휴몰,Headwear,햇,HT,468917,140675,127885,127885,29844,98041
ST,5.0,제휴몰,Shoes,신발,SH,38407041,12063066,10966404,10966404,2893111,8073293
ST,5.0,제휴몰,과시즌의류,긴팔티셔츠,RL,2388760,1338793,1217085,1217085,253620,963465
ST,5.0,제휴몰,과시즌의류,니트반팔티셔츠,KU,676192,338096,307358,307358,79916,227442
ST,5.0,제휴몰,과시즌의류,니트베스트,KV,608233,243293,221173,221173,71884,149289
ST,5.0,제휴몰,과시즌의류,니트풀오버,KP,1828098,731239,664762,664762,132955,531807
ST,5.0,제휴몰,과시즌의류,다운점퍼,DJ,5559048,3037089,2760985,2760985,569456,2191529
ST,5.0,제휴몰,과시즌의류,레깅스,LG,740753,296301,269362,269362,53875,215487
ST,5.0,제휴몰,과시즌의류,맨투맨,MT,21821642,9837748,8943414,8943414,2122724,6820690
ST,5.0,제휴몰,과시즌의류,반바지,SP,2959615,1762177,1601971,1601971,587261,1014710
ST,5.0,제휴몰,과시즌의류,반팔티셔츠,RS,6717749,3435328,3123009,3123009,897616,2225393
ST,5.0,제휴몰,과시즌의류,방풍자켓,WJ,4940621,2327936,2116302,2116302,552439,1563863
ST,5.0,제휴몰,과시즌의류,브라,BR,805314,241594,219627,219627,51248,168379
ST,5.0,제휴몰,과시즌의류,스커트,SK,5837680,3711922,3374461,3374461,1013058,2361403
ST,5.0,제휴몰,과시즌의류,슬리브리스,SL,-400958,-280671,-255152,-255152,-118792,-136360
ST,5.0,제휴몰,과시즌의류,원피스,OP,7342972,3393873,3085336,3085336,877429,2207907
ST,5.0,제휴몰,과시즌의류,점퍼,JP,3523675,1409470,1281337,1281337,256270,1025067
ST,5.0,제휴몰,과시즌의류,트레이닝(상의),TR,6044955,2708507,2462274,2462274,647442,1814832
ST,5.0,제휴몰,과시즌의류,트레이닝(하의),TP,7319187,2927675,2661517,2661517,532313,2129204
ST,5.0,제휴몰,과시즌의류,패딩,PD,608233,364940,331762,331762,81282,250480
ST,5.0,제휴몰,과시즌의류,팬츠,PT,13867038,7172735,6520641,6520641,1698394,4822247
ST,5.0,제휴몰,과시즌의류,폴라폴리스점퍼,FD,-812110,-324844,-295313,-295313,-59063,-236250
ST,5.0,제휴몰,과시즌의류,폴로 티셔츠,PQ,5059549,2542347,2311218,2311218,647884,1663334
ST,5.0,제휴몰,과시즌의류,후드티,HD,404356,394502,358640,358640,131018,227622
ST,5.0,제휴몰,당시즌의류,맨투맨,MT,1821302,1821302,1655723,1655723,417472,1238251
ST,5.0,제휴몰,당시즌의류,스커트,SK,608233,608233,552938,552938,163951,388987
ST,5.0,제휴몰,당시즌의류,트레이닝(상의),TR,438336,438336,398488,398488,97317,301171
ST,5.0,제휴몰,당시즌의류,팬츠,PT,1620823,1620823,1473470,1473470,464126,1009344
ST,5.0,제휴몰,차시즌의류,레깅스,LG,370377,370377,336706,336706,112200,224506
ST,5.0,제휴몰,차시즌의류,맨투맨,MT,2864473,2864473,2604061,2604061,584516,2019545
ST,5.0,제휴몰,차시즌의류,반바지,SP,604835,604835,549850,549850,146656,403194
ST,5.0,제휴몰,차시즌의류,반팔티셔츠,RS,234459,234459,213143,213143,57799,155344
ST,5.0,제휴몰,차시즌의류,스커트,SK,2018383,2018383,1834890,1834890,586826,1248064
ST,5.0,제휴몰,차시즌의류,점퍼,JP,880069,880069,800065,800065,317878,482187
ST,5.0,제휴몰,차시즌의류,팬츠,PT,876671,876671,796972,796972,182062,614910
ST,7.0,아울렛,Acc_etc,양말,SO,746190,678333,616670,616670,138059,478611
ST,7.0,아울렛,Acc_etc,헤드밴드,HB,98541,88687,80623,80623,21339,59284
ST,7.0,아울렛,Bag,토드백,TG,1046569,698483,634982,634982,251346,383636
ST,7.0,아울렛,Headwear,선캡,SC,1039773,736710,669736,669736,172456,497280
ST,7.0,아울렛,Headwear,운동모,CP,934437,666984,606347,606347,168368,437979
ST,7.0,아울렛,Shoes,신발,SH,1420344,466675,424248,424248,188372,235876
ST,7.0,아울렛,과시즌의류,긴팔티셔츠,RL,302418,136088,123716,123716,35743,87973
ST,7.0,아울렛,과시즌의류,니트가디건,KC,812110,438540,398671,398671,108531,290140
ST,7.0,아울렛,과시즌의류,니트반팔티셔츠,KU,812110,365450,332228,332228,95979,236249
ST,7.0,아울렛,과시즌의류,니트베스트,KV,608233,218964,199059,199059,71884,127175
ST,7.0,아울렛,과시즌의류,니트풀오버,KP,812110,438540,398671,398671,108531,290140
ST,7.0,아울렛,과시즌의류,다운베스트,DV,3081942,1109499,1008631,1008631,224146,784485
ST,7.0,아울렛,과시즌의류,다운점퍼,DJ,47153367,21437265,19488398,19488398,4457347,15031051
ST,7.0,아울렛,과시즌의류,맨투맨,MT,11947196,5745595,5223245,5223245,1406127,3817118
ST,7.0,아울렛,과시즌의류,반바지,SP,3598430,1693369,1539421,1539421,611699,927722
ST,7.0,아울렛,과시즌의류,반팔티셔츠,RS,11383136,5682326,5165735,5165735,1566986,3598749
ST,7.0,아울렛,과시즌의류,방풍자켓,WJ,8185664,3933094,3575545,3575545,1368878,2206667
ST,7.0,아울렛,과시즌의류,브라,BR,302418,163306,148460,148460,40415,108045
ST,7.0,아울렛,과시즌의류,스커트,SK,9113305,5303454,4821319,4821319,1719672,3101647
ST,7.0,아울렛,과시즌의류,원피스,OP,1828098,877385,797621,797621,279298,518323
ST,7.0,아울렛,과시즌의류,점퍼,JP,1896057,853226,775657,775657,224081,551576
ST,7.0,아울렛,과시즌의류,트레이닝(상의),TR,7767716,4136768,3760696,3760696,1296848,2463848
ST,7.0,아울렛,과시즌의류,트레이닝(하의),TP,438336,157801,143455,143455,31880,111575
ST,7.0,아울렛,과시즌의류,패딩,PD,7308993,3946856,3588043,3588043,976751,2611292
ST,7.0,아울렛,과시즌의류,팬츠,PT,15817462,7780492,7073161,7073161,2243456,4829705
ST,7.0,아울렛,과시즌의류,폴로 티셔츠,PQ,13116091,5831666,5301514,5301514,1549517,3751997
ST,7.0,아울렛,과시즌의류,후드티,HD,1991199,905214,822926,822926,223755,599171
ST,11.0,직영몰,Acc_etc,양말,SO,706094,657538,597761,597761,149918,447843
ST,11.0,직영몰,Acc_etc,헤드밴드,HB,197081,177373,161246,161246,42406,118840
ST,11.0,직영몰,Bag,백팩,BK,1556262,1400635,1273307,1273307,430588,842719
ST,11.0,직영몰,Bag,보스톤백,BW,1824700,1398936,1271765,1271765,412851,858914
ST,11.0,직영몰,Bag,토드백,TG,468917,422026,383663,383663,133268,250395
ST,11.0,직영몰,Headwear,비니,BN,200479,180431,164029,164029,40300,123729
ST,11.0,직영몰,Headwear,선캡,SC,434938,391444,355861,355861,85323,270538
ST,11.0,직영몰,Headwear,운동모,CP,2354780,2134593,1940546,1940546,464024,1476522
ST,11.0,직영몰,Shoes,신발,SH,4594030,3932789,3575249,3575249,1465907,2109342
ST,11.0,직영몰,과시즌의류,긴팔티셔츠,RL,-336397,-201838,-183489,-183489,-44955,-138534
ST,11.0,직영몰,과시즌의류,니트가디건,KC,948028,568817,517107,517107,126693,390414
ST,11.0,직영몰,과시즌의류,다운베스트,DV,1794118,893661,812420,812420,184087,628333
ST,11.0,직영몰,과시즌의류,다운점퍼,DJ,9626395,4602864,4184427,4184427,852845,3331582
ST,11.0,직영몰,과시즌의류,맨투맨,MT,744151,419307,381189,381189,91167,290022
ST,11.0,직영몰,과시즌의류,반바지,SP,1111130,717307,652097,652097,224805,427292
ST,11.0,직영몰,과시즌의류,반팔티셔츠,RS,536876,422705,384278,384278,112132,272146
ST,11.0,직영몰,과시즌의류,방풍자켓,WJ,3724154,1915765,1741606,1741606,530930,1210676
ST,11.0,직영몰,과시즌의류,스커트,SK,2025179,1748246,1589313,1589313,512696,1076617
ST,11.0,직영몰,과시즌의류,원피스,OP,1420344,872594,793269,793269,277290,515979
ST,11.0,직영몰,과시즌의류,트레이닝(상의),TR,540274,486247,442043,442043,72203,369840
ST,11.0,직영몰,과시즌의류,팬츠,PT,1518884,1062879,966252,966252,193585,772667
ST,11.0,직영몰,과시즌의류,폴로 티셔츠,PQ,3911042,2535551,2305051,2305051,776112,1528939
ST,11.0,직영몰,당시즌의류,니트가디건,KC,812110,730899,664452,664452,201227,463225
ST,11.0,직영몰,당시즌의류,다운점퍼,DJ,-3659593,-3659593,-3326907,-3326907,-1295469,-2031438
ST,11.0,직영몰,당시즌의류,맨투맨,MT,1719363,1547427,1406752,1406752,419749,987003
ST,11.0,직영몰,당시즌의류,스커트,SK,1889261,1700335,1545755,1545755,405240,1140515
ST,11.0,직영몰,당시즌의류,트레이닝(상의),TR,-608233,-547410,-497647,-497647,-139656,-357991
ST,11.0,직영몰,당시즌의류,팬츠,PT,-135918,-85289,-77534,-77534,-4859,-72675
ST,11.0,직영몰,당시즌의류,폴로 티셔츠,PQ,1450925,1356462,1233147,1233147,328480,904667
ST,11.0,직영몰,차시즌의류,니트풀오버,KP,608233,547410,497647,497647,162456,335191
ST,11.0,직영몰,차시즌의류,맨투맨,MT,4247439,3822695,3475169,3475169,906641,2568528
ST,11.0,직영몰,차시즌의류,반바지,SP,302418,272176,247432,247432,78731,168701
ST,11.0,직영몰,차시즌의류,반팔티셔츠,RS,937834,844051,767325,767325,238026,529299
ST,11.0,직영몰,차시즌의류,방풍자켓,WJ,812110,730899,664452,664452,224333,440119
ST,11.0,직영몰,차시즌의류,스커트,SK,4719754,4213799,3830721,3830721,1336584,2494137
ST,11.0,직영몰,차시즌의류,트레이닝(상의),TR,3445522,2182164,1983785,1983785,919621,1064164
ST,11.0,직영몰,차시즌의류,팬츠,PT,2932432,2639189,2399256,2399256,663586,1735670
ST,11.0,직영몰,차시즌의류,폴로 티셔츠,PQ,3639206,3356156,3051061,3051061,755365,2295696
ST,11.0,직영몰,차시즌의류,후드티,HD,1420344,1278309,1162099,1162099,396847,765252
V,1.0,백화점,Acc_etc,머플러(스카프),MF,2344586,2110128,1918300,1381175,425991,955184
V,1.0,백화점,Acc_etc,양말,SO,288826,173296,157539,116584,45200,71384
V,1.0,백화점,Acc_etc,장갑,AG,1019385,968416,880382,633874,94286,539588
V,1.0,백화점,Acc_etc,토시,ML,509693,458723,417024,300257,90304,209953
V,1.0,백화점,Bag,백팩,BK,3839685,3455716,3141559,2294449,811886,1482563
V,1.0,백화점,Bag,크로스백,CR,747549,635417,577652,415909,154739,261170
V,1.0,백화점,Bag,토드백,TG,10499669,9449702,8590642,6311759,2189443,4122316
V,1.0,백화점,Headwear,방한모,WM,1019385,917447,834047,600513,166071,434442
V,1.0,백화점,Headwear,비니,BN,2684381,1664316,1513016,1173645,504069,669576
V,1.0,백화점,Headwear,운동모,CP,1529078,1257242,1142952,826015,263198,562817
V,1.0,백화점,Headwear,햇,HT,5300804,4599467,4181332,3093049,626895,2466154
V,1.0,백화점,Shoes,방한화,WB,12524848,11284561,10258723,7628611,3148395,4480216
V,1.0,백화점,과시즌의류,긴팔카라티셔츠,TL,781529,547070,497338,368029,115449,252580
V,1.0,백화점,과시즌의류,니트풀오버,KP,2412545,1683685,1530621,1197717,372453,825264
V,1.0,백화점,과시즌의류,다운베스트,DV,4009582,1440391,1309448,1126125,373336,752789
V,1.0,백화점,과시즌의류,다운점퍼,DJ,78288792,40760801,37055274,30586109,11042753,19543356
V,1.0,백화점,과시즌의류,반팔다운,DH,-2684381,-1691160,-1537420,-1322180,-495289,-826891
V,1.0,백화점,과시즌의류,소프트쉘,SS,2582443,1807710,1643371,1197499,740033,457466
V,1.0,백화점,과시즌의류,팬츠,PT,4349377,3022477,2747706,2069444,1226259,843185
V,1.0,백화점,과시즌의류,후드티,HD,1121324,504596,458723,394502,169011,225491
V,1.0,백화점,당시즌의류,긴팔티셔츠,RL,0,0,0,0,0,0
V,1.0,백화점,당시즌의류,니트가디건,KC,3975603,3578042,3252757,2341987,649362,1692625
V,1.0,백화점,당시즌의류,니트베스트,KV,1664996,1498496,1362269,1008080,411088,596992
V,1.0,백화점,당시즌의류,니트풀오버,KP,13455886,12215634,11105119,8472726,3512693,4960033
V,1.0,백화점,당시즌의류,다운베스트,DV,7033759,6330383,5754896,4201074,1557886,2643188
V,1.0,백화점,당시즌의류,다운점퍼,DJ,1131721572,1019453270,926775623,678564332,209993177,468571155
V,1.0,백화점,당시즌의류,맨투맨,MT,4587234,4111521,3737743,2819712,993527,1826185
V,1.0,백화점,당시즌의류,반바지,SP,0,0,0,0,0,0
V,1.0,백화점,당시즌의류,반팔다운,DH,21203214,18712516,17011376,12582857,3324029,9258828
V,1.0,백화점,당시즌의류,방풍자켓,WJ,3703767,3333390,3030357,2606106,664914,1941192
V,1.0,백화점,당시즌의류,베스트,VT,1800914,1620823,1473474,1060901,466882,594019
V,1.0,백화점,당시즌의류,집업티,ZT,3941623,3476104,3160098,2376840,928891,1447949
V,1.0,백화점,당시즌의류,팬츠,PT,47367437,42790397,38900358,28983381,12677548,16305833
V,1.0,백화점,당시즌의류,후드티,HD,11417115,10428312,9480273,6872505,2884935,3987570
V,1.0,백화점,차시즌의류,니트가디건,KC,3363972,3027574,2752340,2036732,664945,1371787
V,1.0,백화점,차시즌의류,다운점퍼,DJ,72682173,65413955,59467239,43733302,14474272,29259030
V,1.0,백화점,차시즌의류,반팔다운,DH,110433409,99760444,90691303,66607520,17775973,48831547
V,1.0,백화점,차시즌의류,방풍자켓,WJ,22494436,20244992,18404540,13621862,4126210,9495652
V,1.0,백화점,차시즌의류,패딩,PD,13455886,12110297,11009361,8009310,1941385,6067925
V,1.0,백화점,차시즌의류,팬츠,PT,9004570,8274011,7521834,5534464,2213830,3320634
V,1.0,백화점,차시즌의류,후드티,HD,1970812,1872271,1702064,1251465,489047,762418
V,3.0,직영점(가두),Bag,토드백,TG,2174689,2174689,1976986,1976986,362799,1614187
V,3.0,직영점(가두),Headwear,햇,HT,645611,645611,586918,586918,67565,519353
V,3.0,직영점(가두),Shoes,방한화,WB,2833891,2833891,2576255,2576255,754631,1821624
V,3.0,직영점(가두),당시즌의류,니트풀오버,KP,1325201,1325201,1204727,1204727,400003,804724
V,3.0,직영점(가두),당시즌의류,다운점퍼,DJ,29664113,29664113,26967366,26967366,5335361,21632005
V,3.0,직영점(가두),당시즌의류,반팔다운,DH,3363972,3363972,3058156,3058156,631893,2426263
V,3.0,직영점(가두),당시즌의류,팬츠,PT,3431931,3431931,3119934,3119934,951219,2168715
V,3.0,직영점(가두),당시즌의류,후드티,HD,1325201,1325201,1204727,1204727,329717,875010
V,3.0,직영점(가두),차시즌의류,다운점퍼,DJ,3024176,3024176,2749248,2749248,734093,2015155
V,3.0,직영점(가두),차시즌의류,방풍자켓,WJ,2684381,2684381,2440344,2440344,561409,1878935
V,3.0,직영점(가두),차시즌의류,팬츠,PT,3092135,3092135,2811030,2811030,664609,2146421
V,4.0,자사몰,Acc_etc,머플러(스카프),MF,-1121324,-806776,-733431,-733431,-292805,-440626
V,4.0,자사몰,Acc_etc,양말,SO,84949,50969,46334,46334,12905,33429
V,4.0,자사몰,Bag,백팩,BK,1325201,1066617,969653,969653,251995,717658
V,4.0,자사몰,Bag,토드백,TG,1189283,1189283,1081167,1081167,150801,930366
V,4.0,자사몰,Headwear,운동모,CP,1223262,754345,685768,685768,123295,562473
V,4.0,자사몰,Headwear,햇,HT,645611,645611,586918,586918,67565,519353
V,4.0,자사몰,Shoes,방한화,WB,2514484,2210197,2009263,2009263,635349,1373914
V,4.0,자사몰,과시즌의류,긴팔티셔츠,RL,-645611,-405885,-368987,-368987,-80769,-288218
V,4.0,자사몰,과시즌의류,니트풀오버,KP,1766935,1236854,1124416,1124416,428733,695683
V,4.0,자사몰,과시즌의류,다운점퍼,DJ,5368763,3029953,2754501,2754501,869678,1884823
V,4.0,자사몰,과시즌의류,레깅스,LG,407754,176693,160631,160631,63375,97256
V,4.0,자사몰,과시즌의류,맨투맨,MT,849488,541973,492703,492703,209317,283386
V,4.0,자사몰,과시즌의류,반바지,SP,1664996,749384,681259,681259,259291,421968
V,4.0,자사몰,과시즌의류,반팔다운,DH,3363972,2112506,1920461,1920461,603564,1316897
V,4.0,자사몰,과시즌의류,방수자켓,JK,2344586,1055064,959150,959150,359904,599246
V,4.0,자사몰,과시즌의류,방풍자켓,WJ,0,0,0,0,0,0
V,4.0,자사몰,과시즌의류,소프트쉘,SS,1461119,789140,717399,717399,239640,477759
V,4.0,자사몰,과시즌의류,스커트,SK,1325201,715608,650555,650555,164587,485968
V,4.0,자사몰,과시즌의류,팬츠,PT,3907644,1810394,1645808,1645808,375759,1270049
V,4.0,자사몰,당시즌의류,니트가디건,KC,1325201,1185885,1078078,1078078,203880,874198
V,4.0,자사몰,당시즌의류,니트풀오버,KP,2174689,2048964,1862692,1862692,406867,1455825
V,4.0,자사몰,당시즌의류,다운점퍼,DJ,16819858,14753835,13412572,13412572,2411706,11000866
V,4.0,자사몰,당시즌의류,맨투맨,MT,1698976,1698976,1544525,1544525,411128,1133397
V,4.0,자사몰,당시즌의류,반팔다운,DH,0,-95143,-86495,-86495,22855,-109350
V,4.0,자사몰,당시즌의류,우븐셔츠,WS,1664996,1664996,1513634,1513634,460018,1053616
V,4.0,자사몰,당시즌의류,팬츠,PT,-135918,-106560,-96872,-96872,-38614,-58258
V,4.0,자사몰,당시즌의류,후드티,HD,1970812,1723916,1567200,1567200,615658,951542
V,4.0,자사몰,차시즌의류,니트가디건,KC,2242648,2067347,1879407,1879407,443297,1436110
V,4.0,자사몰,차시즌의류,다운점퍼,DJ,2004791,1994088,1812807,1812807,717610,1095197
V,4.0,자사몰,차시즌의류,반팔다운,DH,11111300,10734127,9758297,9758297,1865312,7892985
V,4.0,자사몰,차시즌의류,방풍자켓,WJ,2344586,2065954,1878139,1878139,330791,1547348
V,4.0,자사몰,차시즌의류,후드티,HD,985406,972663,884239,884239,244523,639716
V,5.0,제휴몰,Acc_etc,머플러(스카프),MF,1121324,1121324,1019385,1019385,292805,726580
V,5.0,제휴몰,Acc_etc,양말,SO,1783924,1094140,994669,994669,273848,720821
V,5.0,제휴몰,Acc_etc,장갑,AG,3194074,2528076,2298252,2298252,392300,1905952
V,5.0,제휴몰,Acc_etc,토시,ML,509693,509693,463358,463358,90304,373054
V,5.0,제휴몰,Bag,벨트백,TA,985406,394162,358331,358331,71666,286665
V,5.0,제휴몰,Bag,크로스백,CR,2208668,1179089,1071901,1071901,361155,710746
V,5.0,제휴몰,Bag,토드백,TG,12164665,11770502,10700457,10700457,1984193,8716264
V,5.0,제휴몰,Bag,힙색,HS,1495098,598039,543672,543672,184488,359184
V,5.0,제휴몰,Headwear,방한모,WM,509693,509693,463358,463358,83036,380322
V,5.0,제휴몰,Headwear,비니,BN,2072750,876671,796972,796972,138616,658356
V,5.0,제휴몰,Headwear,선캡,SC,237857,336397,305816,305816,87450,218366
V,5.0,제휴몰,Headwear,운동모,CP,3574644,1992558,1811414,1811414,466267,1345147
V,5.0,제휴몰,Headwear,햇,HT,2922238,1753343,1593945,1593945,430245,1163700
V,5.0,제휴몰,Shoes,뮬,MU,608233,364940,331762,331762,133879,197883
V,5.0,제휴몰,Shoes,방한화,WB,33174196,32118113,29198304,29198304,8050317,21147987
V,5.0,제휴몰,Shoes,신발,SH,10530250,6318150,5743774,5743774,2746564,2997210
V,5.0,제휴몰,과시즌의류,긴팔카라티셔츠,TL,781529,547070,497338,497338,115449,381889
V,5.0,제휴몰,과시즌의류,긴팔티셔츠,RL,1291221,903855,821686,821686,161539,660147
V,5.0,제휴몰,과시즌의류,니트풀오버,KP,12504460,5079937,4618125,4618125,1532099,3086026
V,5.0,제휴몰,과시즌의류,다운베스트,DV,26843813,12881632,11710569,11710569,3514647,8195922
V,5.0,제휴몰,과시즌의류,다운점퍼,DJ,87293362,41189962,37445424,37445424,12135650,25309774
V,5.0,제휴몰,과시즌의류,라운드티,RT,849488,254846,231679,231679,54061,177618
V,5.0,제휴몰,과시즌의류,레깅스,LG,645611,519887,472618,472618,181831,290787
V,5.0,제휴몰,과시즌의류,맨투맨,MT,22222600,11695747,10632512,10632512,3674575,6957937
V,5.0,제휴몰,과시즌의류,반바지,SP,10023956,5514875,5013520,5013520,1789636,3223884
V,5.0,제휴몰,과시즌의류,반팔다운,DH,8732734,6112914,5557193,5557193,1594145,3963048
V,5.0,제휴몰,과시즌의류,반팔카라티셔츠,TS,5973598,3484939,3168120,3168120,1179905,1988215
V,5.0,제휴몰,과시즌의류,반팔티셔츠,RS,16072308,8834673,8031533,8031533,2532456,5499077
V,5.0,제휴몰,과시즌의류,방수자켓,JK,50595491,25297745,22997924,22997924,7980034,15017890
V,5.0,제휴몰,과시즌의류,방풍자켓,WJ,60041795,27754464,25231326,25231326,6699057,18532269
V,5.0,제휴몰,과시즌의류,브라,BR,747549,373775,339795,339795,92941,246854
V,5.0,제휴몰,과시즌의류,소프트쉘,SS,985406,638815,580740,580740,324586,256154
V,5.0,제휴몰,과시즌의류,스커트,SK,3160094,2069352,1881228,1881228,655832,1225396
V,5.0,제휴몰,과시즌의류,우븐셔츠,WS,1427139,458723,417020,417020,138925,278095
V,5.0,제휴몰,과시즌의류,원피스,OP,4281418,2568851,2335317,2335317,532106,1803211
V,5.0,제휴몰,과시즌의류,집업티,ZT,7203656,3601828,3274391,3274391,1077487,2196904
V,5.0,제휴몰,과시즌의류,트레이닝 숏팬츠,TB,1325201,397560,361420,361420,84334,277086
V,5.0,제휴몰,과시즌의류,트레이닝(상의),TR,611631,244652,222413,222413,75700,146713
V,5.0,제휴몰,과시즌의류,트레이닝(하의),TP,5266824,1974210,1794743,1794743,588491,1206252
V,5.0,제휴몰,과시즌의류,패딩,PD,1664996,832498,756815,756815,258496,498319
V,5.0,제휴몰,과시즌의류,팬츠,PT,18654751,6615811,6014387,6014387,1207455,4806932
V,5.0,제휴몰,과시즌의류,후드티,HD,5708558,2283423,2075839,2075839,621108,1454731
V,5.0,제휴몰,당시즌의류,니트가디건,KC,2650402,2650402,2409453,2409453,483206,1926247
V,5.0,제휴몰,당시즌의류,니트베스트,KV,1664996,1664996,1513634,1513634,411088,1102546
V,5.0,제휴몰,당시즌의류,니트풀오버,KP,-339795,-339795,-308904,-308904,-219759,-89145
V,5.0,제휴몰,당시즌의류,다운베스트,DV,4009582,4009582,3645077,3645077,698225,2946852
V,5.0,제휴몰,당시즌의류,다운점퍼,DJ,196979222,196979222,179071992,179071992,34888445,144183547
V,5.0,제휴몰,당시즌의류,반팔다운,DH,10431710,10431710,9483372,9483372,1732282,7751090
V,5.0,제휴몰,당시즌의류,방풍자켓,WJ,2684381,2684381,2440347,2440347,603299,1837048
V,5.0,제휴몰,당시즌의류,팬츠,PT,5606619,5606619,5096927,5096927,1442298,3654629
V,5.0,제휴몰,당시즌의류,후드티,HD,985406,985406,895822,895822,307831,587991
V,5.0,제휴몰,차시즌의류,다운점퍼,DJ,12096706,12096706,10997006,10997006,2819830,8177176
V,5.0,제휴몰,차시즌의류,반팔다운,DH,22222600,22222600,20202362,20202362,3600360,16602002
V,5.0,제휴몰,차시즌의류,팬츠,PT,2820299,2820299,2563907,2563907,654479,1909428
V,5.0,제휴몰,차시즌의류,후드티,HD,985406,985406,895822,895822,244523,651299
V,7.0,아울렛,Acc_etc,양말,SO,203877,114171,103790,103790,32294,71496
V,7.0,아울렛,Acc_etc,장갑,AG,-509693,-509693,-463358,-463358,-47143,-416215
V,7.0,아울렛,Bag,크로스백,CR,2174689,1263018,1148198,1148198,390955,757243
V,7.0,아울렛,Bag,토드백,TG,3499890,3149901,2863542,2863542,711460,2152082
V,7.0,아울렛,Headwear,비니,BN,1155303,907253,824774,824774,275543,549231
V,7.0,아울렛,Headwear,햇,HT,1155303,832498,756815,756815,165208,591607
V,7.0,아울렛,Shoes,방한화,WB,812110,730899,664452,664452,164801,499651
V,7.0,아울렛,Shoes,신발,SH,9514263,2684381,2440340,2440340,2469291,-28951
V,7.0,아울렛,과시즌의류,니트풀오버,KP,16480063,6052770,5502499,5502499,1541368,3961131
V,7.0,아울렛,과시즌의류,다운베스트,DV,52396405,19217452,17470409,17470409,5619779,11850630
V,7.0,아울렛,과시즌의류,다운점퍼,DJ,866953227,335867752,305334229,305334229,92098959,213235270
V,7.0,아울렛,과시즌의류,맨투맨,MT,7475492,4351076,3955511,3955511,1657021,2298490
V,7.0,아울렛,과시즌의류,반바지,SP,1325201,357804,325276,325276,84334,240942
V,7.0,아울렛,과시즌의류,반팔다운,DH,10057935,5070423,4609473,4609473,1257996,3351477
V,7.0,아울렛,과시즌의류,반팔티셔츠,RS,883467,397560,361420,361420,136312,225108
V,7.0,아울렛,과시즌의류,방수자켓,JK,9378345,4454714,4049732,4049732,1496087,2553645
V,7.0,아울렛,과시즌의류,방풍자켓,WJ,32450432,14789582,13445060,13445060,4673521,8771539
V,7.0,아울렛,과시즌의류,소프트쉘,SS,23106067,11628468,10571318,10571318,4155565,6415753
V,7.0,아울렛,과시즌의류,스커트,SK,5266824,1422043,1292767,1292767,383044,909723
V,7.0,아울렛,과시즌의류,집업티,ZT,4077541,1834894,1668085,1668085,612192,1055893
V,7.0,아울렛,과시즌의류,트레이닝 숏팬츠,TB,2548463,688085,625532,625532,162177,463355
V,7.0,아울렛,과시즌의류,트레이닝(상의),TR,2446525,981668,892424,892424,302098,590326
V,7.0,아울렛,과시즌의류,트레이닝(하의),TP,2820299,1091762,992511,992511,351831,640680
V,7.0,아울렛,과시즌의류,패딩,PD,9989976,4495489,4086807,4086807,1550974,2535833
V,7.0,아울렛,과시즌의류,팬츠,PT,6965800,3096893,2815352,2815352,1054129,1761223
V,7.0,아울렛,과시즌의류,후드티,HD,951426,475713,432467,432467,146489,285978
V,7.0,아울렛,당시즌의류,니트풀오버,KP,1189283,1070355,973047,973047,173180,799867
V,7.0,아울렛,당시즌의류,다운베스트,DV,-2344586,-2110128,-1918296,-1918296,-519295,-1399001
V,7.0,아울렛,당시즌의류,다운점퍼,DJ,104215158,93467099,84970074,84970074,17797234,67172840
V,7.0,아울렛,당시즌의류,방풍자켓,WJ,3703767,3333390,3030354,3030354,664914,2365440
V,7.0,아울렛,당시즌의류,집업티,ZT,0,-169898,-154450,-154450,0,-154450
V,7.0,아울렛,차시즌의류,다운점퍼,DJ,3024176,2721759,2474323,2474323,675822,1798501
V,7.0,아울렛,차시즌의류,반팔다운,DH,7407533,6666780,6060708,6060708,1214591,4846117
V,11.0,직영몰,Acc_etc,머플러(스카프),MF,781529,703376,639433,639433,141997,497436
V,11.0,직영몰,Bag,크로스백,CR,985406,886865,806242,806242,180489,625753
V,11.0,직영몰,Bag,토드백,TG,2174689,1957220,1779293,1779293,341222,1438071
V,11.0,직영몰,Shoes,방한화,WB,846090,761481,692254,692254,206915,485339
V,11.0,직영몰,과시즌의류,반팔티셔츠,RS,509693,254846,231679,231679,78313,153366
V,11.0,직영몰,당시즌의류,니트풀오버,KP,3431931,3207666,2916060,2916060,554668,2361392
V,11.0,직영몰,당시즌의류,다운점퍼,DJ,122122360,109910124,99918313,99918313,21137702,78780611
V,11.0,직영몰,당시즌의류,맨투맨,MT,1325201,1192681,1084256,1084256,265438,818818
V,11.0,직영몰,당시즌의류,반팔다운,DH,3363972,3027574,2752340,2752340,631893,2120447
V,11.0,직영몰,당시즌의류,베스트,VT,1800914,1620823,1473474,1473474,466882,1006592
V,11.0,직영몰,당시즌의류,팬츠,PT,3228053,2905248,2641136,2641136,849060,1792076
V,11.0,직영몰,당시즌의류,후드티,HD,2854279,2568851,2335320,2335320,699186,1636134
V,11.0,직영몰,차시즌의류,다운점퍼,DJ,33707674,30336907,27579018,27579018,5635512,21943506
V,11.0,직영몰,차시즌의류,반팔다운,DH,7407533,6666780,6060708,6060708,1214591,4846117
V,11.0,직영몰,차시즌의류,방풍자켓,WJ,3703767,3333390,3030354,3030354,666403,2363951
V,11.0,직영몰,차시즌의류,팬츠,PT,985406,886865,806242,806242,226919,579323
W,4.0,자사몰,Acc_etc,양말,SO,173296,81415,74014,74014,23160,50854
W,4.0,자사몰,Bag,가방,BG,3299410,430860,391685,391685,1041982,-650297
W,4.0,자사몰,Bag,크로스백,CR,302418,88687,80623,80623,87056,-6433
W,4.0,자사몰,Headwear,비니,BN,761141,187227,170210,170210,111996,58214
W,4.0,자사몰,Headwear,선캡,SC,166500,58105,52821,52821,33674,19147
W,4.0,자사몰,Headwear,운동모,CP,6445913,1947706,1770625,1770625,1400567,370058
W,4.0,자사몰,Headwear,햇,HT,669396,309893,281721,281721,181587,100134
W,4.0,자사몰,Shoes,슬리퍼,LP,268438,64561,58693,58693,17085,41608
W,4.0,자사몰,Shoes,신발,SH,7910430,2058479,1871340,1871340,1240191,631149
W,4.0,자사몰,과시즌의류,긴팔티셔츠,RL,2551861,582409,529465,529465,232209,297256
W,4.0,자사몰,과시즌의류,다운점퍼,DJ,2643606,972494,884082,884082,353285,530797
W,4.0,자사몰,과시즌의류,맨투맨,MT,19344535,3837986,3489067,3489067,1604451,1884616
W,4.0,자사몰,과시즌의류,반바지,SP,907253,204896,186265,186265,57735,128530
W,4.0,자사몰,과시즌의류,반팔티셔츠,RS,3717358,1290202,1172901,1172901,758443,414458
W,4.0,자사몰,과시즌의류,방풍자켓,WJ,11801084,3555616,3232379,3232379,3060864,171515
W,4.0,자사몰,과시즌의류,소프트쉘,SS,676192,268438,244034,244034,90365,153669
W,4.0,자사몰,과시즌의류,스커트,SK,1012589,380910,346282,346282,253623,92659
W,4.0,자사몰,과시즌의류,우븐반바지,SM,1641210,615165,559235,559235,623660,-64425
W,4.0,자사몰,과시즌의류,우븐팬츠,WP,1484905,622165,565613,565613,609341,-43728
W,4.0,자사몰,과시즌의류,점퍼,JP,11709339,2217503,2015909,2015909,1088211,927698
W,4.0,자사몰,과시즌의류,탱크탑,TK,404356,64561,58693,58693,7353,51340
W,4.0,자사몰,과시즌의류,트레이닝 숏팬츠,TB,2222260,367998,334542,334542,20204,314338
W,4.0,자사몰,과시즌의류,트레이닝(상의),TR,2432933,374454,340414,340414,204591,135823
W,4.0,자사몰,과시즌의류,트레이닝(하의),TP,608233,58105,52821,52821,11060,41761
W,4.0,자사몰,과시즌의류,패딩,PD,744151,272176,247432,247432,283559,-36127
W,4.0,자사몰,과시즌의류,팬츠,PT,7822083,1801254,1637507,1637507,753917,883590
W,4.0,자사몰,과시즌의류,폴라폴리스점퍼,FD,1760139,400958,364505,364505,128011,236494
W,4.0,자사몰,과시즌의류,폴로 티셔츠,PQ,404356,88687,80623,80623,47789,32834
W,4.0,자사몰,과시즌의류,후드티,HD,5256630,1865475,1695894,1695894,1205532,490362
W,4.0,자사몰,당시즌의류,반팔티셔츠,RS,332999,129122,117386,117386,72920,44466
W,5.0,제휴몰,Acc_etc,양말,SO,173296,91745,83406,83406,23160,60246
W,5.0,제휴몰,Bag,가방,BG,3428533,676192,614730,614730,1050466,-435736
W,5.0,제휴몰,Bag,백팩,BK,1484905,533478,484976,484976,384342,100634
W,5.0,제휴몰,Bag,크로스백,CR,336397,98541,89584,89584,94395,-4811
W,5.0,제휴몰,Bag,토드백,TG,404356,98541,89584,89584,116006,-26422
W,5.0,제휴몰,Headwear,운동모,CP,3612022,757743,688870,688870,711096,-22226
W,5.0,제휴몰,Headwear,햇,HT,502897,129122,117386,117386,94871,22515
W,5.0,제휴몰,Shoes,신발,SH,7604614,2167893,1970795,1970795,1324494,646301
W,5.0,제휴몰,과시즌의류,다운점퍼,DJ,8708949,2490698,2264272,2264272,845940,1418332
W,5.0,제휴몰,과시즌의류,레깅스,LG,536876,61163,55604,55604,4883,50721
W,5.0,제휴몰,과시즌의류,맨투맨,MT,5426528,975212,886566,886566,415743,470823
W,5.0,제휴몰,과시즌의류,반팔티셔츠,RS,1141712,394162,358334,358334,178117,180217
W,5.0,제휴몰,과시즌의류,방풍자켓,WJ,3214462,801916,729010,729010,497232,231778
W,5.0,제휴몰,과시즌의류,소프트쉘,SS,676192,268438,244034,244034,90365,153669
W,5.0,제휴몰,과시즌의류,우븐반바지,SM,1039773,360183,327444,327444,288690,38754
W,5.0,제휴몰,과시즌의류,우븐팬츠,WP,2531474,1036375,942153,942153,620520,321633
W,5.0,제휴몰,과시즌의류,점퍼,JP,2300413,533478,484983,484983,157481,327502
W,5.0,제휴몰,과시즌의류,진바지,DP,540274,132520,120474,120474,63851,56623
W,5.0,제휴몰,과시즌의류,탱크탑,TK,336397,30582,27802,27802,6116,21686
W,5.0,제휴몰,과시즌의류,트레이닝(상의),TR,2432933,462121,420116,420116,204594,215522
W,5.0,제휴몰,과시즌의류,트레이닝(하의),TP,944630,163102,148276,148276,67527,80749
W,5.0,제휴몰,과시즌의류,패딩,PD,2976605,1209671,1099699,1099699,1134236,-34537
W,5.0,제휴몰,과시즌의류,팬츠,PT,6884249,1753343,1593965,1593965,627143,966822
W,5.0,제휴몰,과시즌의류,폴라폴리스점퍼,FD,880069,200479,182253,182253,64007,118246
W,5.0,제휴몰,과시즌의류,후드티,HD,2799912,863080,784617,784617,489682,294935
X,1.0,백화점,Acc_etc,기타소품류,AC,4046960,2383527,2166812,1453592,809603,643989
X,1.0,백화점,Acc_etc,다운 스카프,DC,26188009,17966666,16333472,10676783,5369361,5307422
X,1.0,백화점,Acc_etc,마스크,MK,1090742,763588,694113,454092,264677,189415
X,1.0,백화점,Acc_etc,멀티스카프,MS,1233456,825804,750737,493060,244527,248533
X,1.0,백화점,Acc_etc,양말,SO,4796208,4122904,3748069,2452220,1109390,1342830
X,1.0,백화점,Acc_etc,장갑,GL,12735520,9557349,8688551,5852774,3065179,2787595
X,1.0,백화점,Acc_etc,토시,ML,339795,101973,92672,62556,45767,16789
X,1.0,백화점,Bag,가방,BG,45437401,23803972,21639980,14953234,10401502,4551732
X,1.0,백화점,Bag,메신저백,MR,62828115,45880018,41709105,27286787,13950607,13336180
X,1.0,백화점,Bag,바디백,BZ,1413548,1413548,1285044,831292,332931,498361
X,1.0,백화점,Bag,백팩,BK,2461013609,2086611325,1896917810,1239560927,574818356,664742571
X,1.0,백화점,Bag,보스톤백,BW,2120321,999711,908799,652454,456583,195871
X,1.0,백화점,Bag,슬링백,SG,37584736,27175963,24705449,16369476,8178569,8190907
X,1.0,백화점,Bag,크로스백,CR,72345775,43030463,39118504,26061425,15535082,10526343
X,1.0,백화점,Bag,토드백,TG,50323655,29419630,26745300,17371614,11170693,6200921
X,1.0,백화점,Bag,힙색,HS,1338793,977794,888901,605654,290120,315534
X,1.0,백화점,Headwear,메시캡,MC,166500,166500,151365,136227,38390,97837
X,1.0,백화점,Headwear,방한모,WM,6955606,6181213,5619314,3667337,1463362,2203975
X,1.0,백화점,Headwear,비니,BN,29558776,19253436,17503060,11907831,5735150,6172681
X,1.0,백화점,Headwear,운동모,CP,36449821,26474252,24067222,16043793,7040555,9003238
X,1.0,백화점,Headwear,햇,HT,5861466,3002769,2729795,1872679,1233137,639542
X,1.0,백화점,Shoes,슬리퍼,LP,36446423,32440952,29491531,19567730,9407374,10160356
X,1.0,백화점,Shoes,신발,SH,1039372059,742295656,674814611,442432382,221614261,220818121
X,1.0,백화점,과시즌의류,긴팔카라티셔츠,TL,2055760,1145789,1041625,803276,289482,513794
X,1.0,백화점,과시즌의류,긴팔티셔츠,RL,5511477,3206680,2915133,2115303,812549,1302754
X,1.0,백화점,과시즌의류,다운베스트,DV,32083454,19006541,17278544,13007747,4672930,8334817
X,1.0,백화점,과시즌의류,다운점퍼,DJ,5268723560,2626447136,2387677222,1623059699,762329856,860729843
X,1.0,백화점,과시즌의류,레깅스,LG,16051921,6420768,5837055,4320835,2349272,1971563
X,1.0,백화점,과시즌의류,맨투맨,MT,76443704,44734705,40667877,29615634,12262899,17352735
X,1.0,백화점,과시즌의류,반바지,SP,2555259,1533156,1393778,1039477,431353,608124
X,1.0,백화점,과시즌의류,반팔카라티셔츠,TS,1481507,888904,808087,618186,238067,380119
X,1.0,백화점,과시즌의류,반팔티셔츠,RS,15035933,10307447,9370475,7044122,2749218,4294904
X,1.0,백화점,과시즌의류,방풍자켓,WJ,112006660,39758711,36143971,26283865,14818342,11465523
X,1.0,백화점,과시즌의류,브라,BR,0,0,0,0,0,0
X,1.0,백화점,과시즌의류,소프트쉘,SS,120318048,56372789,51247697,35954338,17542928,18411410
X,1.0,백화점,과시즌의류,스커트,SK,8056542,3694796,3359014,2501249,1167828,1333421
X,1.0,백화점,과시즌의류,원피스,OP,26385090,10641737,9674323,7170404,3884130,3286274
X,1.0,백화점,과시즌의류,집업티,ZT,2473708,1263698,1148803,731280,367485,363795
X,1.0,백화점,과시즌의류,트레이닝 숏팬츠,TB,2616422,1831360,1664979,1195413,558793,636620
X,1.0,백화점,과시즌의류,트레이닝(상의),TR,700141015,302995770,275450511,197087191,104974043,92113148
X,1.0,백화점,과시즌의류,트레이닝(하의),TP,341004774,153439678,139490311,100761661,50115476,50646185
X,1.0,백화점,과시즌의류,패딩,PD,13523845,9243514,8403126,6379405,2732503,3646902
X,1.0,백화점,과시즌의류,팬츠,PT,82023140,41099985,37364016,26692530,12056443,14636087
X,1.0,백화점,과시즌의류,후드티,HD,50024635,25248781,22953390,17076583,7708249,9368334
X,1.0,백화점,당시즌의류,긴팔카라티셔츠,TL,4345979,3952395,3593085,2495527,678180,1817347
X,1.0,백화점,당시즌의류,긴팔티셔츠,RL,13105897,10560560,9600462,6487742,2421322,4066420
X,1.0,백화점,당시즌의류,다운베스트,DV,78332965,71616133,65105693,43571416,18262397,25309019
X,1.0,백화점,당시즌의류,다운점퍼,DJ,4256042406,3651044020,3319129622,2184736509,1139884718,1044851791
X,1.0,백화점,당시즌의류,레깅스,LG,944630,661309,601128,392270,234635,157635
X,1.0,백화점,당시즌의류,맨투맨,MT,75560237,57053297,51866926,34510213,17737427,16772786
X,1.0,백화점,당시즌의류,반팔티셔츠,RS,0,0,0,0,0,0
X,1.0,백화점,당시즌의류,방풍자켓,WJ,14859240,11939313,10853976,7321273,3891643,3429630
X,1.0,백화점,당시즌의류,상하의 세트,AZ,13625784,10693828,9721670,6262580,3099013,3163567
X,1.0,백화점,당시즌의류,소프트쉘,SS,91683515,83713213,76102815,50428502,20388049,30040453
X,1.0,백화점,당시즌의류,스커트,SK,3778522,2783228,2530240,1748596,834870,913726
X,1.0,백화점,당시즌의류,원피스,OP,-101939,-71357,-64870,-50534,-19375,-31159
X,1.0,백화점,당시즌의류,점퍼,JP,3119319,2183523,1985022,1588019,739139,848880
X,1.0,백화점,당시즌의류,집업티,ZT,11892829,8325116,7568165,5120287,2397370,2722917
X,1.0,백화점,당시즌의류,트레이닝(상의),TR,54829338,42172480,38338653,25110185,12472366,12637819
X,1.0,백화점,당시즌의류,트레이닝(하의),TP,56993833,45394451,41267436,27257058,12288055,14969003
X,1.0,백화점,당시즌의류,패딩,PD,21189623,14832532,13484293,8888469,6086998,2801471
X,1.0,백화점,당시즌의류,팬츠,PT,31182997,27105048,24640935,16942493,6785202,10157291
X,1.0,백화점,당시즌의류,후드티,HD,34791621,26305068,23913634,15557662,8540814,7016848
X,1.0,백화점,차시즌의류,긴팔티셔츠,RL,17084898,16829440,15299478,10088364,3697555,6390809
X,1.0,백화점,차시즌의류,맨투맨,MT,61434955,60511426,55010364,36173887,14926180,21247707
X,1.0,백화점,차시즌의류,반팔티셔츠,RS,22293957,22021781,20019810,13178668,5163700,8014968
X,1.0,백화점,차시즌의류,방풍자켓,WJ,52036222,51114188,46467473,29958341,12610894,17347447
X,1.0,백화점,차시즌의류,상하의 세트,AZ,25382694,24999643,22726927,14676790,7428373,7248417
X,1.0,백화점,차시즌의류,소프트쉘,SS,2161097,2127117,1933747,1252332,425872,826460
X,1.0,백화점,차시즌의류,트레이닝 숏팬츠,TB,2147505,2128137,1934671,1255271,547536,707735
X,1.0,백화점,차시즌의류,트레이닝(상의),TR,59797142,58987037,53624530,35316441,13867728,21448713
X,1.0,백화점,차시즌의류,트레이닝(하의),TP,57965647,57048064,51861829,34391791,12591074,21800717
X,1.0,백화점,차시즌의류,패딩,PD,100613330,98631611,89665033,58515520,25859726,32655794
X,1.0,백화점,차시즌의류,팬츠,PT,27869994,27465061,24968229,16208172,6306699,9901473
X,1.0,백화점,차시즌의류,후드티,HD,16164053,16051751,14592484,9590948,4426018,5164930
X,2.0,면세점,Acc_etc,기타소품류,AC,499499,349649,317865,190717,91153,99564
X,2.0,면세점,Acc_etc,다운 스카프,DC,3306206,1752663,1593323,956003,792535,163468
X,2.0,면세점,Acc_etc,장갑,GL,693182,417948,379945,227969,159055,68914
X,2.0,면세점,Bag,메신저백,MR,404356,242614,220558,132333,81333,51000
X,2.0,면세점,Bag,백팩,BK,371222753,361554563,328686026,197211237,88058836,109152401
X,2.0,면세점,Bag,보스톤백,BW,672794,336397,305816,183489,140485,43004
X,2.0,면세점,Bag,슬링백,SG,3462512,2635791,2396184,1437707,738963,698744
X,2.0,면세점,Bag,크로스백,CR,26612753,15942677,14493355,8696026,5606561,3089465
X,2.0,면세점,Bag,토드백,TG,672794,269118,244652,146791,144844,1947
X,2.0,면세점,Bag,힙색,HS,268438,161063,146418,87851,59885,27966
X,2.0,면세점,Headwear,비니,BN,3007187,2823697,2567026,1540213,633290,906923
X,2.0,면세점,Headwear,운동모,CP,15250004,13196147,11996483,7197859,2969616,4228243
X,2.0,면세점,Headwear,햇,HT,220867,132520,120474,72285,49029,23256
X,2.0,면세점,Shoes,슬리퍼,LP,11281197,11281299,10255764,6153451,3163683,2989768
X,2.0,면세점,Shoes,신발,SH,187814948,157238927,142943964,85766340,39720186,46046154
X,2.0,면세점,당시즌의류,긴팔티셔츠,RL,41268115,29098456,26453134,15871822,6932486,8939336
X,2.0,면세점,당시즌의류,다운베스트,DV,11284595,10310063,9372789,5623670,2540148,3083522
X,2.0,면세점,당시즌의류,다운점퍼,DJ,1621223602,1369050171,1244590577,746754250,462853045,283901205
X,2.0,면세점,당시즌의류,레깅스,LG,1009191,706434,642213,385328,271772,113556
X,2.0,면세점,당시즌의류,맨투맨,MT,71424931,51920896,47200765,28320519,15422046,12898473
X,2.0,면세점,당시즌의류,방풍자켓,WJ,72943815,53423572,48566805,29140118,18821601,10318517
X,2.0,면세점,당시즌의류,소프트쉘,SS,168201974,131421771,119474310,71684680,36209963,35474717
X,2.0,면세점,당시즌의류,스커트,SK,3102329,2171631,1974193,1184516,609942,574574
X,2.0,면세점,당시즌의류,점퍼,JP,5966802,4176761,3797047,2278231,1682992,595239
X,2.0,면세점,당시즌의류,집업티,ZT,115982263,81186734,73806113,44283661,23611162,20672499
X,2.0,면세점,당시즌의류,트레이닝(상의),TR,18182436,13011094,11828223,7096933,3862247,3234686
X,2.0,면세점,당시즌의류,트레이닝(하의),TP,26925364,19170832,17428030,10456776,5606235,4850541
X,2.0,면세점,당시즌의류,패딩,PD,43894731,30726380,27933088,16759853,12501408,4258445
X,2.0,면세점,당시즌의류,팬츠,PT,37870164,27237942,24761746,14857096,9930706,4926390
X,2.0,면세점,당시즌의류,후드티,HD,91761668,64566404,58696658,35217931,18993921,16224010
X,2.0,면세점,차시즌의류,긴팔티셔츠,RL,2205270,2205270,2004815,1202881,501079,701802
X,2.0,면세점,차시즌의류,맨투맨,MT,1209671,1209671,1099699,659814,286644,373170
X,2.0,면세점,차시즌의류,반팔티셔츠,RS,3537267,3537267,3215688,1929387,899862,1029525
X,2.0,면세점,차시즌의류,방풍자켓,WJ,7709951,7709951,7009045,4205427,1829997,2375430
X,2.0,면세점,차시즌의류,트레이닝(상의),TR,3877062,3877062,3524610,2114762,837595,1277167
X,2.0,면세점,차시즌의류,트레이닝(하의),TP,1617425,1617425,1470389,882230,362986,519244
X,2.0,면세점,차시즌의류,패딩,PD,1760139,1760139,1600129,960077,439253,520824
X,2.0,면세점,차시즌의류,후드티,HD,302418,302418,274925,164954,87528,77426
X,3.0,직영점(가두),Acc_etc,기타소품류,AC,530080,490324,445743,445743,108969,336774
X,3.0,직영점(가두),Acc_etc,다운 스카프,DC,2813503,2813503,2557712,2557712,404737,2152975
X,3.0,직영점(가두),Acc_etc,마스크,MK,265040,185528,168661,168661,56304,112357
X,3.0,직영점(가두),Acc_etc,멀티스카프,MS,0,0,0,0,0,0
X,3.0,직영점(가두),Acc_etc,양말,SO,339795,276593,251438,251438,72125,179313
X,3.0,직영점(가두),Acc_etc,장갑,GL,3618818,3618818,3289821,3289821,887229,2402592
X,3.0,직영점(가두),Acc_etc,토시,ML,84949,59464,54058,54058,17547,36511
X,3.0,직영점(가두),Bag,가방,BG,1009191,1009191,917447,917447,213775,703672
X,3.0,직영점(가두),Bag,백팩,BK,11349156,11142901,10129883,10129883,2680351,7449532
X,3.0,직영점(가두),Bag,슬링백,SG,1043171,942252,856589,856589,222294,634295
X,3.0,직영점(가두),Bag,크로스백,CR,2076148,1715286,1559340,1559340,461625,1097715
X,3.0,직영점(가두),Bag,힙색,HS,234459,164121,149201,149201,50490,98711
X,3.0,직영점(가두),Headwear,방한모,WM,3853276,3679981,3345402,3345402,802385,2543017
X,3.0,직영점(가두),Headwear,비니,BN,6721147,5869281,5335643,5335643,1432338,3903305
X,3.0,직영점(가두),Headwear,운동모,CP,2116923,1979306,1799354,1799354,430266,1369088
X,3.0,직영점(가두),Shoes,슬리퍼,LP,665998,665998,605447,605447,166914,438533
X,3.0,직영점(가두),Shoes,신발,SH,22756078,20774053,18885380,18885380,5011760,13873620
X,3.0,직영점(가두),과시즌의류,다운점퍼,DJ,1355782,813469,739516,739516,197244,542272
X,3.0,직영점(가두),당시즌의류,긴팔티셔츠,RL,468917,328242,298401,298401,97059,201342
X,3.0,직영점(가두),당시즌의류,다운베스트,DV,5100325,5100325,4636647,4636647,1143523,3493124
X,3.0,직영점(가두),당시즌의류,다운점퍼,DJ,434190183,390828251,355298004,355298004,114574237,240723767
X,3.0,직영점(가두),당시즌의류,레깅스,LG,336397,235478,214071,214071,74670,139401
X,3.0,직영점(가두),당시즌의류,맨투맨,MT,3296013,2468272,2243868,2243868,703288,1540580
X,3.0,직영점(가두),당시즌의류,방풍자켓,WJ,3180482,2419001,2199089,2199089,873222,1325867
X,3.0,직영점(가두),당시즌의류,상하의 세트,AZ,438336,306835,278938,278938,93862,185076
X,3.0,직영점(가두),당시즌의류,소프트쉘,SS,7835675,7156764,6506138,6506138,1731039,4775099
X,3.0,직영점(가두),당시즌의류,점퍼,JP,2983401,2088381,1898524,1898524,841496,1057028
X,3.0,직영점(가두),당시즌의류,집업티,ZT,1685384,1179769,1072512,1072512,351848,720664
X,3.0,직영점(가두),당시즌의류,트레이닝(상의),TR,2663994,2390798,2173452,2173452,577624,1595828
X,3.0,직영점(가두),당시즌의류,트레이닝(하의),TP,2759136,2254541,2049576,2049576,591780,1457796
X,3.0,직영점(가두),당시즌의류,패딩,PD,846090,592263,538422,538422,257470,280952
X,3.0,직영점(가두),당시즌의류,팬츠,PT,3003789,2817921,2561739,2561739,661228,1900511
X,3.0,직영점(가두),당시즌의류,후드티,HD,2188280,1622522,1475017,1475017,492400,982617
X,3.0,직영점(가두),차시즌의류,긴팔티셔츠,RL,1773730,1773730,1612474,1612474,387920,1224554
X,3.0,직영점(가두),차시즌의류,맨투맨,MT,2517882,2517882,2288979,2288979,608716,1680263
X,3.0,직영점(가두),차시즌의류,반팔티셔츠,RS,234459,234459,213143,213143,49722,163421
X,3.0,직영점(가두),차시즌의류,방풍자켓,WJ,1930036,1930036,1754580,1754580,482614,1271966
X,3.0,직영점(가두),차시즌의류,소프트쉘,SS,1080548,1080548,982314,982314,212936,769378
X,3.0,직영점(가두),차시즌의류,트레이닝(상의),TR,3268829,3268829,2971644,2971644,781838,2189806
X,3.0,직영점(가두),차시즌의류,트레이닝(하의),TP,3907644,3907644,3552378,3552378,812549,2739829
X,3.0,직영점(가두),차시즌의류,패딩,PD,2606228,2606228,2369293,2369293,628278,1741015
X,3.0,직영점(가두),차시즌의류,팬츠,PT,0,0,0,0,0,0
X,3.0,직영점(가두),차시즌의류,후드티,HD,0,0,0,0,0,0
X,4.0,자사몰,Acc_etc,기타소품류,AC,1094140,471975,429069,429069,213456,215613
X,4.0,자사몰,Acc_etc,다운 스카프,DC,1423741,1044190,949265,949265,259818,689447
X,4.0,자사몰,Acc_etc,마스크,MK,584448,337756,307049,307049,138314,168735
X,4.0,자사몰,Acc_etc,멀티스카프,MS,132520,121511,110464,110464,27785,82679
X,4.0,자사몰,Acc_etc,양말,SO,3128833,1881819,1710736,1710736,730661,980075
X,4.0,자사몰,Acc_etc,장갑,GL,2901850,1032162,938341,938341,649831,288510
X,4.0,자사몰,Acc_etc,토시,ML,84949,59464,54058,54058,17547,36511
X,4.0,자사몰,Bag,가방,BG,3914440,2154131,1958307,1958307,903964,1054343
X,4.0,자사몰,Bag,메신저백,MR,2490698,2144107,1949190,1949190,597788,1351402
X,4.0,자사몰,Bag,바디백,BZ,-370377,-318524,-289567,-289567,-84092,-205475
X,4.0,자사몰,Bag,백팩,BK,290524814,252785124,229866661,229866661,68838128,161028533
X,4.0,자사몰,Bag,보스톤백,BW,5348375,2694303,2449365,2449365,1126095,1323270
X,4.0,자사몰,Bag,슬링백,SG,13690345,9445047,8586405,8586405,2930379,5656026
X,4.0,자사몰,Bag,크로스백,CR,5059549,3417693,3107001,3107001,1104202,2002799
X,4.0,자사몰,Bag,토드백,TG,3737746,2479825,2254371,2254371,901979,1352392
X,4.0,자사몰,Headwear,방한모,WM,2776126,2347882,2134437,2134437,571607,1562830
X,4.0,자사몰,Headwear,비니,BN,2918840,2373775,2157988,2157988,615637,1542351
X,4.0,자사몰,Headwear,운동모,CP,3081942,2246759,2042502,2042502,646199,1396303
X,4.0,자사몰,Headwear,햇,HT,1814506,991896,901731,901731,431577,470154
X,4.0,자사몰,Shoes,슬리퍼,LP,8189062,6943543,6312295,6312295,2003765,4308530
X,4.0,자사몰,Shoes,신발,SH,207767716,163486903,148710202,148710202,43614625,105095577
X,4.0,자사몰,과시즌의류,긴팔티셔츠,RL,2259637,1298323,1180288,1180288,474126,706162
X,4.0,자사몰,과시즌의류,맨투맨,MT,907253,633786,576167,576167,155235,420932
X,4.0,자사몰,과시즌의류,방풍자켓,WJ,8005573,4886423,4442206,4442206,1846820,2595386
X,4.0,자사몰,과시즌의류,스윔웨어,SW,19687728,11923342,10839399,10839399,3669318,7170081
X,4.0,자사몰,과시즌의류,스윔웨어 하의,SB,13697141,8637693,7852447,7852447,2770214,5082233
X,4.0,자사몰,과시즌의류,트레이닝(상의),TR,6330383,4009446,3644945,3644945,1308316,2336629
X,4.0,자사몰,과시즌의류,트레이닝(하의),TP,7570635,4727128,4297382,4297382,1502272,2795110
X,4.0,자사몰,과시즌의류,패딩,PD,1488303,1041812,947104,947104,329904,617200
X,4.0,자사몰,과시즌의류,팬츠,PT,1681986,961416,874014,874014,349479,524535
X,4.0,자사몰,과시즌의류,후드티,HD,808712,472791,429810,429810,163438,266372
X,4.0,자사몰,당시즌의류,긴팔카라티셔츠,TL,1953822,1509914,1372653,1372653,331147,1041506
X,4.0,자사몰,당시즌의류,긴팔티셔츠,RL,9344365,6585569,5986870,5986870,1717477,4269393
X,4.0,자사몰,당시즌의류,다운베스트,DV,9052142,8013966,7285421,7285421,2139805,5145616
X,4.0,자사몰,당시즌의류,다운점퍼,DJ,429762653,357023089,324566398,324566398,113628546,210937852
X,4.0,자사몰,당시즌의류,레깅스,LG,672794,464194,421995,421995,181182,240813
X,4.0,자사몰,당시즌의류,맨투맨,MT,20143054,14286651,12987907,12987907,4721980,8265927
X,4.0,자사몰,당시즌의류,반팔티셔츠,RS,200479,184849,168046,168046,42060,125986
X,4.0,자사몰,당시즌의류,방풍자켓,WJ,10346761,7652186,6956533,6956533,2613459,4343074
X,4.0,자사몰,당시즌의류,상하의 세트,AZ,1889261,1707674,1552429,1552429,429718,1122711
X,4.0,자사몰,당시즌의류,소프트쉘,SS,28447646,22763452,20694038,20694038,6164709,14529329
X,4.0,자사몰,당시즌의류,스커트,SK,944630,644252,585684,585684,208682,377002
X,4.0,자사몰,당시즌의류,원피스,OP,-101939,-45601,-41455,-41455,-19375,-22080
X,4.0,자사몰,당시즌의류,집업티,ZT,5997384,4163204,3784733,3784733,1187866,2596867
X,4.0,자사몰,당시즌의류,트레이닝(상의),TR,21094480,17769483,16154094,16154094,4538446,11615648
X,4.0,자사몰,당시즌의류,트레이닝(하의),TP,36324097,29579741,26890688,26890688,7446882,19443806
X,4.0,자사몰,당시즌의류,패딩,PD,4872662,3135629,2850575,2850575,1363791,1486784
X,4.0,자사몰,당시즌의류,팬츠,PT,18824649,15312968,13920892,13920892,4077769,9843123
X,4.0,자사몰,당시즌의류,후드티,HD,13428702,9318371,8471241,8471241,3267928,5203313
X,4.0,자사몰,차시즌의류,긴팔티셔츠,RL,6017771,5684534,5167753,5167753,1290600,3877153
X,4.0,자사몰,차시즌의류,맨투맨,MT,5776517,5461153,4964682,4964682,1373557,3591125
X,4.0,자사몰,차시즌의류,반팔티셔츠,RS,5232845,4876094,4432804,4432804,1226616,3206188
X,4.0,자사몰,차시즌의류,방풍자켓,WJ,5083335,4872696,4429722,4429722,1393483,3036239
X,4.0,자사몰,차시즌의류,소프트쉘,SS,540274,540274,491157,491157,106468,384689
X,4.0,자사몰,차시즌의류,트레이닝 숏팬츠,TB,268438,258040,234581,234581,68442,166139
X,4.0,자사몰,차시즌의류,트레이닝(상의),TR,6609015,6213697,5648808,5648808,1472533,4176275
X,4.0,자사몰,차시즌의류,트레이닝(하의),TP,6466301,6132860,5575327,5575327,1290270,4285057
X,4.0,자사몰,차시즌의류,패딩,PD,6024567,5932415,5393109,5393109,1415094,3978015
X,4.0,자사몰,차시즌의류,팬츠,PT,5694966,5501758,5001607,5001607,1266906,3734701
X,4.0,자사몰,차시즌의류,후드티,HD,941232,917821,834380,834380,264415,569965
X,5.0,제휴몰,Acc_etc,기타소품류,AC,8117705,4224673,3840653,3840653,1675071,2165582
X,5.0,제휴몰,Acc_etc,다운 스카프,DC,90871405,84027591,76388637,76388637,14703926,61684711
X,5.0,제휴몰,Acc_etc,마스크,MK,132520,92764,84330,84330,28152,56178
X,5.0,제휴몰,Acc_etc,멀티스카프,MS,6034761,2707148,2461068,2461068,1203945,1257123
X,5.0,제휴몰,Acc_etc,양말,SO,5542058,3309944,3009076,3009076,1116580,1892496
X,5.0,제휴몰,Acc_etc,장갑,GL,19973156,8523760,7748854,7748854,4252695,3496159
X,5.0,제휴몰,Acc_etc,토시,ML,679590,407754,370682,370682,129166,241516
X,5.0,제휴몰,Bag,가방,BG,3778522,2225658,2023320,2023320,874109,1149211
X,5.0,제휴몰,Bag,메신저백,MR,14981566,12728045,11570951,11570951,3506611,8064340
X,5.0,제휴몰,Bag,바디백,BZ,672794,672794,611631,611631,160105,451526
X,5.0,제휴몰,Bag,백팩,BK,647078612,528027727,480024255,480024255,144892421,335131834
X,5.0,제휴몰,Bag,보스톤백,BW,1882465,1062199,965630,965630,430323,535307
X,5.0,제휴몰,Bag,슬링백,SG,24342921,18405002,16731783,16731783,5133472,11598311
X,5.0,제휴몰,Bag,크로스백,CR,30326713,17984335,16349381,16349381,6434951,9914430
X,5.0,제휴몰,Bag,토드백,TG,33585348,17955453,16323081,16323081,7201159,9121922
X,5.0,제휴몰,Bag,힙색,HS,6680372,3853276,3502965,3502965,1432233,2070732
X,5.0,제휴몰,Headwear,방한모,WM,3754736,3668088,3334627,3334627,796463,2538164
X,5.0,제휴몰,Headwear,비니,BN,10982178,5540019,5036402,5036402,2171342,2865060
X,5.0,제휴몰,Headwear,운동모,CP,22154641,11933944,10849070,10849070,4264993,6584077
X,5.0,제휴몰,Headwear,햇,HT,4199867,2243667,2039708,2039708,838873,1200835
X,5.0,제휴몰,Shoes,슬리퍼,LP,23639545,23333764,21212481,21212481,5857439,15355042
X,5.0,제휴몰,Shoes,신발,SH,450361032,341136649,310124494,310124494,94929136,215195358
X,5.0,제휴몰,과시즌의류,긴팔티셔츠,RL,3985797,2723458,2475856,2475856,845621,1630235
X,5.0,제휴몰,과시즌의류,다운베스트,DV,1352385,811431,737661,737661,195008,542653
X,5.0,제휴몰,과시즌의류,다운점퍼,DJ,756193615,395503152,359548106,359548106,109778338,249769768
X,5.0,제휴몰,과시즌의류,레깅스,LG,6887647,3360574,3055071,3055071,1147726,1907345
X,5.0,제휴몰,과시즌의류,맨투맨,MT,19827044,9571688,8701561,8701561,3103437,5598124
X,5.0,제휴몰,과시즌의류,반바지,SP,1478109,1034676,940614,940614,329686,610928
X,5.0,제휴몰,과시즌의류,반팔티셔츠,RS,38074041,25564145,23240065,23240065,7135055,16105010
X,5.0,제휴몰,과시즌의류,방풍자켓,WJ,32844595,16024057,14567325,14567325,5183833,9383492
X,5.0,제휴몰,과시즌의류,브라,BR,366979,220187,200170,200170,113889,86281
X,5.0,제휴몰,과시즌의류,상하의 세트,AZ,2932432,1759459,1599501,1599501,457979,1141522
X,5.0,제휴몰,과시즌의류,소프트쉘,SS,19453270,10047741,9134270,9134270,2825627,6308643
X,5.0,제휴몰,과시즌의류,스윔웨어,SW,64346999,41378209,37616507,37616507,12666702,24949805
X,5.0,제휴몰,과시즌의류,스윔웨어 하의,SB,28719482,18956149,17232828,17232828,6110518,11122310
X,5.0,제휴몰,과시즌의류,스커트,SK,2361576,1180788,1073447,1073447,343275,730172
X,5.0,제휴몰,과시즌의류,원피스,OP,3676583,2138331,1943941,1943941,638342,1305599
X,5.0,제휴몰,과시즌의류,트레이닝 숏팬츠,TB,1474711,818227,743839,743839,296366,447473
X,5.0,제휴몰,과시즌의류,트레이닝(상의),TR,35104232,14910209,13554729,13554729,5272254,8282475
X,5.0,제휴몰,과시즌의류,트레이닝(하의),TP,32314514,13581950,12347237,12347237,4700980,7646257
X,5.0,제휴몰,과시즌의류,패딩,PD,20866817,13271038,12064598,12064598,4346982,7717616
X,5.0,제휴몰,과시즌의류,팬츠,PT,12140879,6016412,5469468,5469468,1871204,3598264
X,5.0,제휴몰,과시즌의류,후드티,HD,4040164,2289539,2081405,2081405,796167,1285238
X,5.0,제휴몰,당시즌의류,긴팔카라티셔츠,TL,3098931,2603510,2366826,2366826,510342,1856484
X,5.0,제휴몰,당시즌의류,긴팔티셔츠,RL,11355952,8239691,7490617,7490617,1975895,5514722
X,5.0,제휴몰,당시즌의류,다운베스트,DV,26388488,25749333,23408488,23408488,6085431,17323057
X,5.0,제휴몰,당시즌의류,다운점퍼,DJ,1589969249,1376026810,1250933094,1250933094,398709231,852223863
X,5.0,제휴몰,당시즌의류,레깅스,LG,1420344,994240,903855,903855,317430,586425
X,5.0,제휴몰,당시즌의류,맨투맨,MT,68179888,49779031,45253769,45253769,16207027,29046742
X,5.0,제휴몰,당시즌의류,반팔티셔츠,RS,1002396,1002396,911263,911263,210299,700964
X,5.0,제휴몰,당시즌의류,방풍자켓,WJ,18882414,14992440,13629487,13629487,4888262,8741225
X,5.0,제휴몰,당시즌의류,상하의 세트,AZ,2293617,2030616,1846005,1846005,510012,1335993
X,5.0,제휴몰,당시즌의류,소프트쉘,SS,47360642,45474779,41340662,41340662,10487324,30853338
X,5.0,제휴몰,당시즌의류,스커트,SK,4118317,3571926,3247204,3247204,1012559,2234645
X,5.0,제휴몰,당시즌의류,원피스,OP,506295,354406,322187,322187,106142,216045
X,5.0,제휴몰,당시즌의류,집업티,ZT,7614808,5330366,4845784,4845784,1626806,3218978
X,5.0,제휴몰,당시즌의류,트레이닝(상의),TR,14699536,12149034,11044574,11044574,3356340,7688234
X,5.0,제휴몰,당시즌의류,트레이닝(하의),TP,26391886,21835233,19850215,19850215,5641890,14208325
X,5.0,제휴몰,당시즌의류,패딩,PD,18002345,12601641,11456070,11456070,5280671,6175399
X,5.0,제휴몰,당시즌의류,팬츠,PT,26157427,23333730,21212464,21212464,5992528,15219936
X,5.0,제휴몰,당시즌의류,후드티,HD,22338130,16393075,14902791,14902791,5575453,9327338
X,5.0,제휴몰,차시즌의류,긴팔티셔츠,RL,1603833,1603833,1458020,1458020,374682,1083338
X,5.0,제휴몰,차시즌의류,맨투맨,MT,3591634,3591634,3265115,3265115,873464,2391651
X,5.0,제휴몰,차시즌의류,반팔티셔츠,RS,4176082,4176082,3796429,3796429,1061136,2735293
X,5.0,제휴몰,차시즌의류,방풍자켓,WJ,2096536,2096536,1905941,1905941,510950,1394991
X,5.0,제휴몰,차시즌의류,트레이닝 숏팬츠,TB,268438,268438,244034,244034,68442,175592
X,5.0,제휴몰,차시즌의류,트레이닝(상의),TR,3605226,3605226,3277480,3277480,843327,2434153
X,5.0,제휴몰,차시즌의류,트레이닝(하의),TP,2592637,2592637,2356945,2356945,569483,1787462
X,5.0,제휴몰,차시즌의류,패딩,PD,7342972,7342972,6675438,6675438,1769921,4905517
X,5.0,제휴몰,차시즌의류,팬츠,PT,2762534,2762534,2511398,2511398,625386,1886012
X,5.0,제휴몰,차시즌의류,후드티,HD,1410150,1410150,1281952,1281952,388396,893556
X,6.0,대리점,Acc_etc,기타소품류,AC,3156697,2163272,1966663,1327226,601149,726077
X,6.0,대리점,Acc_etc,다운 스카프,DC,22633752,19881344,18073980,11998818,3434669,8564149
X,6.0,대리점,Acc_etc,마스크,MK,1743149,1259926,1145412,782596,425237,357359
X,6.0,대리점,Acc_etc,멀티스카프,MS,5711956,4075604,3705078,2453453,1150373,1303080
X,6.0,대리점,Acc_etc,양말,SO,13569038,11235257,10213575,6862920,2856926,4005994
X,6.0,대리점,Acc_etc,장갑,GL,13374335,11634890,10577166,7011152,3261268,3749884
X,6.0,대리점,Acc_etc,토시,ML,84949,77371,70334,47826,14047,33779
X,6.0,대리점,Bag,가방,BG,6609015,4300175,3909248,2655094,1540312,1114782
X,6.0,대리점,Bag,메신저백,MR,16561613,14457398,13143071,8634316,3947845,4686471
X,6.0,대리점,Bag,바디백,BZ,740753,672794,611631,403677,168185,235492
X,6.0,대리점,Bag,백팩,BK,656157937,594867667,540788189,355596476,155523770,200072706
X,6.0,대리점,Bag,보스톤백,BW,336397,168233,152908,102448,70242,32206
X,6.0,대리점,Bag,슬링백,SG,18162048,14889787,13536224,8968606,3910338,5058268
X,6.0,대리점,Bag,크로스백,CR,47469376,36804839,33458710,22351929,10486787,11865142
X,6.0,대리점,Bag,토드백,TG,16442685,11616439,10560400,6973360,3743451,3229909
X,6.0,대리점,Bag,힙색,HS,6785708,3601013,3273688,2235033,1445584,789449
X,6.0,대리점,Headwear,메시캡,MC,166500,150665,136965,91765,38390,53375
X,6.0,대리점,Headwear,방한모,WM,13088907,11884606,10804261,7177791,2737600,4440191
X,6.0,대리점,Headwear,비니,BN,36534770,30674901,27886410,18549303,7760944,10788359
X,6.0,대리점,Headwear,운동모,CP,57663229,50833755,46212579,30500702,11242226,19258476
X,6.0,대리점,Headwear,햇,HT,6823086,4291238,3900848,2646317,1385409,1260908
X,6.0,대리점,Shoes,슬리퍼,LP,27414669,25729727,23390533,15379826,6798739,8581087
X,6.0,대리점,Shoes,신발,SH,586462563,510129734,463754199,307371800,125722850,181648950
X,6.0,대리점,과시즌의류,긴팔카라티셔츠,TL,1987801,1024142,931042,632974,284996,347978
X,6.0,대리점,과시즌의류,긴팔티셔츠,RL,4723152,3092135,2811013,1883372,998760,884612
X,6.0,대리점,과시즌의류,다운베스트,DV,4261031,2170951,1973588,1341654,615376,726278
X,6.0,대리점,과시즌의류,다운점퍼,DJ,572901340,293665336,266968450,182161725,82652176,99509549
X,6.0,대리점,과시즌의류,레깅스,LG,771335,288146,261955,172388,130770,41618
X,6.0,대리점,과시즌의류,맨투맨,MT,37329890,25058598,22780469,15381889,7088727,8293162
X,6.0,대리점,과시즌의류,반팔티셔츠,RS,33248951,22812518,20738660,13918103,6364274,7553829
X,6.0,대리점,과시즌의류,방풍자켓,WJ,51529927,31387146,28533771,19199881,11210969,7988912
X,6.0,대리점,과시즌의류,소프트쉘,SS,36728453,18416623,16742293,11614700,5362490,6252210
X,6.0,대리점,과시즌의류,스커트,SK,370377,148151,134681,90236,53477,36759
X,6.0,대리점,과시즌의류,집업티,ZT,200479,100240,91126,61054,28995,32059
X,6.0,대리점,과시즌의류,트레이닝(상의),TR,62848502,32858696,29871269,20233755,11183170,9050585
X,6.0,대리점,과시즌의류,트레이닝(하의),TP,77072325,41411509,37646695,25397581,13168110,12229471
X,6.0,대리점,과시즌의류,패딩,PD,54893899,35828675,32571481,21854221,11155365,10698856
X,6.0,대리점,과시즌의류,팬츠,PT,24655533,12884758,11713352,7996721,3884697,4112024
X,6.0,대리점,과시즌의류,후드티,HD,19915391,11507501,10461350,7090199,3621013,3469186
X,6.0,대리점,당시즌의류,긴팔카라티셔츠,TL,9398733,8688527,7898710,5262244,1539370,3722874
X,6.0,대리점,당시즌의류,긴팔티셔츠,RL,22086682,16187635,14715999,10062828,4359014,5703814
X,6.0,대리점,당시즌의류,다운베스트,DV,188368814,159817734,145288884,97249824,44452492,52797332
X,6.0,대리점,당시즌의류,다운점퍼,DJ,4088880205,3430949320,3119044867,2081911147,1094793021,987118126
X,6.0,대리점,당시즌의류,레깅스,LG,4223653,2956591,2687779,1824598,1033579,791019
X,6.0,대리점,당시즌의류,맨투맨,MT,129220680,99189045,90171821,60814832,29530947,31283885
X,6.0,대리점,당시즌의류,반팔티셔츠,RS,400958,366979,333614,205607,84120,121487
X,6.0,대리점,당시즌의류,방풍자켓,WJ,28478228,21821676,19837870,13385552,7221003,6164549
X,6.0,대리점,당시즌의류,상하의 세트,AZ,7587625,6885438,6259427,4218543,1439240,2779303
X,6.0,대리점,당시즌의류,소프트쉘,SS,141048947,121653307,110593714,74070766,31144420,42926346
X,6.0,대리점,당시즌의류,스커트,SK,4621213,3234849,2940764,2034279,971563,1062716
X,6.0,대리점,당시즌의류,원피스,OP,0,0,0,0,0,0
X,6.0,대리점,당시즌의류,점퍼,JP,50999847,35699893,32454452,22172178,12407319,9764859
X,6.0,대리점,당시즌의류,집업티,ZT,31403863,21982738,19984291,13730226,6363424,7366802
X,6.0,대리점,당시즌의류,트레이닝(상의),TR,110385837,88229939,80208964,54212562,24370652,29841910
X,6.0,대리점,당시즌의류,트레이닝(하의),TP,143182861,121096349,110087586,73770832,29565249,44205583
X,6.0,대리점,당시즌의류,패딩,PD,28260759,19382796,17620744,12080195,7775830,4304365
X,6.0,대리점,당시즌의류,팬츠,PT,127725581,111378719,101253616,67365416,27248047,40117369
X,6.0,대리점,당시즌의류,후드티,HD,73198661,54942252,49947410,33799286,17707511,16091775
X,6.0,대리점,차시즌의류,긴팔티셔츠,RL,39355069,38473301,34975837,22872295,8222912,14649383
X,6.0,대리점,차시즌의류,맨투맨,MT,90395691,88348392,80316641,52572755,21709156,30863599
X,6.0,대리점,차시즌의류,반팔티셔츠,RS,42854958,41811312,38010102,24813887,10064765,14749122
X,6.0,대리점,차시즌의류,방풍자켓,WJ,58974838,57671860,52428923,34163285,14104538,20058747
X,6.0,대리점,차시즌의류,상하의 세트,AZ,13088907,12826008,11660045,7695911,3848883,3847028
X,6.0,대리점,차시즌의류,소프트쉘,SS,3781920,3781920,3438111,2249512,745276,1504236
X,6.0,대리점,차시즌의류,스커트,SK,404356,404356,367597,246290,69977,176313
X,6.0,대리점,차시즌의류,트레이닝 숏팬츠,TB,2147505,2131535,1937746,1290824,547539,743285
X,6.0,대리점,차시즌의류,트레이닝(상의),TR,89569989,87256630,79324141,52266702,20699686,31567016
X,6.0,대리점,차시즌의류,트레이닝(하의),TP,113039637,110032994,100030116,65836786,23721280,42115506
X,6.0,대리점,차시즌의류,패딩,PD,92193207,90127559,81934066,53832943,22108357,31724586
X,6.0,대리점,차시즌의류,팬츠,PT,28658319,28129972,25572708,16794288,6387961,10406327
X,6.0,대리점,차시즌의류,후드티,HD,30163611,29477769,26798039,17529530,7786432,9743098
X,7.0,아울렛,Acc_etc,기타소품류,AC,2385362,993901,903553,903553,455971,447582
X,7.0,아울렛,Acc_etc,다운 스카프,DC,4587234,2420700,2200649,2200649,1077633,1123016
X,7.0,아울렛,Acc_etc,멀티스카프,MS,767937,263681,239708,239708,148086,91622
X,7.0,아울렛,Acc_etc,양말,SO,288826,156985,142711,142711,56447,86264
X,7.0,아울렛,Acc_etc,장갑,GL,2752340,1113848,1012593,1012593,561545,451048
X,7.0,아울렛,Acc_etc,짐백,GY,-574254,-172276,-156615,-156615,-120209,-36406
X,7.0,아울렛,Bag,메신저백,MR,27829219,16511324,15010306,15010306,6123696,8886610
X,7.0,아울렛,Bag,백팩,BK,769411645,659257038,599323448,599323448,181079424,418244024
X,7.0,아울렛,Bag,보스톤백,BW,1749945,965698,877901,877901,390951,486950
X,7.0,아울렛,Bag,슬링백,SG,9174468,5598804,5089825,5089825,2041985,3047840
X,7.0,아울렛,Bag,크로스백,CR,11233626,6560424,5964002,5964002,2445617,3518385
X,7.0,아울렛,Bag,토드백,TG,20860021,13130091,11936448,11936448,4533570,7402878
X,7.0,아울렛,Bag,힙색,HS,3832889,1694218,1540196,1540196,810000,730196
X,7.0,아울렛,Headwear,비니,BN,12232624,4983095,4530108,4530108,2401927,2128181
X,7.0,아울렛,Headwear,운동모,CP,15090301,8253963,7503546,7503546,3006565,4496981
X,7.0,아울렛,Headwear,햇,HT,5008580,2587200,2352011,2352011,1023663,1328348
X,7.0,아울렛,Shoes,슬리퍼,LP,10197251,8378906,7617163,7617163,2508303,5108860
X,7.0,아울렛,Shoes,신발,SH,315503152,237926740,216297052,216297052,66506257,149790795
X,7.0,아울렛,과시즌의류,긴팔카라티셔츠,TL,8698755,3259994,2963645,2963645,888455,2075190
X,7.0,아울렛,과시즌의류,긴팔티셔츠,RL,16942184,9208787,8371600,8371600,2960431,5411169
X,7.0,아울렛,과시즌의류,니트,KT,1352385,405715,368834,368834,116985,251849
X,7.0,아울렛,과시즌의류,다운베스트,DV,4998386,2836610,2578736,2578736,725177,1853559
X,7.0,아울렛,과시즌의류,다운점퍼,DJ,1855974447,936203367,851093678,851093678,257565178,593528500
X,7.0,아울렛,과시즌의류,레깅스,LG,1141712,456685,415165,415165,166812,248353
X,7.0,아울렛,과시즌의류,맨투맨,MT,243374845,156584380,142349095,142349095,45361783,96987312
X,7.0,아울렛,과시즌의류,반팔티셔츠,RS,81628978,55935031,50849913,50849913,16002803,34847110
X,7.0,아울렛,과시즌의류,방풍자켓,WJ,397913658,228882244,208074690,208074690,76567849,131506841
X,7.0,아울렛,과시즌의류,브라,BR,601437,360862,328059,328059,183734,144325
X,7.0,아울렛,과시즌의류,소프트쉘,SS,125510117,59672438,54247663,54247663,17601227,36646436
X,7.0,아울렛,과시즌의류,스커트,SK,2426137,1064918,968103,968103,351216,616887
X,7.0,아울렛,과시즌의류,원피스,OP,7563839,3025536,2750478,2750478,1097847,1652631
X,7.0,아울렛,과시즌의류,집업티,ZT,400958,200479,182253,182253,57989,124264
X,7.0,아울렛,과시즌의류,트레이닝 숏팬츠,TB,-234459,-140675,-127885,-127885,-56172,-71713
X,7.0,아울렛,과시즌의류,트레이닝(상의),TR,320661241,149599212,135999137,135999137,52939785,83059352
X,7.0,아울렛,과시즌의류,트레이닝(하의),TP,287548208,157066821,142788124,142788124,49375691,93412433
X,7.0,아울렛,과시즌의류,패딩,PD,199762143,129148983,117408145,117408145,38878241,78529904
X,7.0,아울렛,과시즌의류,팬츠,PT,177491972,73549670,66863222,66863222,23517178,43346044
X,7.0,아울렛,과시즌의류,후드티,HD,97480419,57781478,52528623,52528623,19419052,33109571
X,7.0,아울렛,당시즌의류,긴팔카라티셔츠,TL,4549856,3184900,2895357,2895357,734603,2160754
X,7.0,아울렛,당시즌의류,긴팔티셔츠,RL,9089519,6362663,5784234,5784234,1660847,4123387
X,7.0,아울렛,당시즌의류,다운베스트,DV,59110756,51163390,46512197,46512197,13505659,33006538
X,7.0,아울렛,당시즌의류,다운점퍼,DJ,2982616083,2438498411,2216816164,2216816164,781325894,1435490270
X,7.0,아울렛,당시즌의류,맨투맨,MT,63667409,45258465,41144216,41144216,14205124,26939092
X,7.0,아울렛,당시즌의류,방풍자켓,WJ,19099883,13369918,12154457,12154457,5355042,6799415
X,7.0,아울렛,당시즌의류,상하의 세트,AZ,876671,613670,557882,557882,187723,370159
X,7.0,아울렛,당시즌의류,소프트쉘,SS,91493230,74770553,67973183,67973183,19778151,48195032
X,7.0,아울렛,당시즌의류,스커트,SK,876671,613670,557882,557882,168532,389350
X,7.0,아울렛,당시즌의류,원피스,OP,506295,354406,322187,322187,106142,216045
X,7.0,아울렛,당시즌의류,점퍼,JP,14104895,9873426,8975841,8975841,3527712,5448129
X,7.0,아울렛,당시즌의류,집업티,ZT,27503016,19252111,17501911,17501911,5535249,11966662
X,7.0,아울렛,당시즌의류,트레이닝(상의),TR,22195416,15536791,14124345,14124345,5069206,9055139
X,7.0,아울렛,당시즌의류,트레이닝(하의),TP,24230789,16981940,15438132,15438132,5616823,9821309
X,7.0,아울렛,당시즌의류,패딩,PD,10564230,7394961,6722703,6722703,2682907,4039796
X,7.0,아울렛,당시즌의류,팬츠,PT,15831054,11312289,10283882,10283882,3168630,7115252
X,7.0,아울렛,당시즌의류,후드티,HD,20479451,14392361,13083960,13083960,4677799,8406161
X,7.0,아울렛,차시즌의류,맨투맨,MT,1644608,1624560,1476872,1476872,405763,1071109
X,7.0,아울렛,차시즌의류,반팔티셔츠,RS,1080548,1026181,932890,932890,241747,691143
X,7.0,아울렛,차시즌의류,방풍자켓,WJ,2871269,2823358,2566690,2566690,743302,1823388
X,7.0,아울렛,차시즌의류,상하의 세트,AZ,1620823,1620823,1473470,1473470,468540,1004930
X,7.0,아울렛,차시즌의류,소프트쉘,SS,2161097,2059158,1871965,1871965,425872,1446093
X,7.0,아울렛,차시즌의류,트레이닝(상의),TR,5192069,4931956,4483590,4483590,1251989,3231601
X,7.0,아울렛,차시즌의류,트레이닝(하의),TP,7339574,6954077,6321891,6321891,1607696,4714195
X,7.0,아울렛,차시즌의류,패딩,PD,17961569,17723713,16112472,16112472,4489645,11622827
X,7.0,아울렛,차시즌의류,팬츠,PT,876671,842692,766085,766085,191546,574539
X,7.0,아울렛,차시즌의류,후드티,HD,336397,302418,274925,274925,89356,185569
X,8.0,사입,Shoes,신발,SH,1222242987,574457568,522234153,522234153,248013510,274220643
X,8.0,사입,과시즌의류,긴팔카라티셔츠,TL,37044462,4815576,4377811,4377811,5301782,-923971
X,8.0,사입,과시즌의류,맨투맨,MT,864044581,112325592,102114205,102114205,119301259,-17187054
X,8.0,사입,과시즌의류,방풍자켓,WJ,8591872101,1116945038,1015404550,1015404550,1186184118,-170779568
X,8.0,사입,과시즌의류,브라,BR,209955997,27294721,24813371,24813371,30602399,-5789028
X,8.0,사입,과시즌의류,트레이닝 숏팬츠,TB,945337162,122900695,111727892,111727892,125463032,-13735140
X,8.0,사입,과시즌의류,트레이닝(상의),TR,3056035611,397282727,361166020,361166020,412408067,-51242047
X,8.0,사입,과시즌의류,트레이닝(하의),TP,2568898554,333959089,303599157,303599157,350855434,-47256277
X,8.0,사입,과시즌의류,패딩,PD,881594998,114605481,104186813,104186813,120553329,-16366516
X,8.0,사입,과시즌의류,팬츠,PT,672695764,87449464,79499438,79499438,91410612,-11911174
X,8.0,사입,과시즌의류,후드티,HD,702658897,91346132,83041921,83041921,98006976,-14965055
X,11.0,직영몰,Acc_etc,기타소품류,AC,285428,199800,181634,181634,57514,124120
X,11.0,직영몰,Acc_etc,다운 스카프,DC,818906,768956,699047,699047,131783,567264
X,11.0,직영몰,Acc_etc,양말,SO,268438,235206,213826,213826,48305,165521
X,11.0,직영몰,Acc_etc,장갑,GL,737355,698177,634707,634707,179476,455231
X,11.0,직영몰,Bag,메신저백,MR,4006184,3803598,3457820,3457820,951341,2506479
X,11.0,직영몰,Bag,백팩,BK,128462937,120698279,109725544,109725544,30534739,79190805
X,11.0,직영몰,Bag,슬링백,SG,2827095,2464330,2240300,2240300,616429,1623871
X,11.0,직영몰,Bag,크로스백,CR,1913046,1524729,1386109,1386109,416796,969313
X,11.0,직영몰,Bag,토드백,TG,1804312,1758304,1598451,1598451,446416,1152035
X,11.0,직영몰,Headwear,방한모,WM,475713,455631,414210,414210,97766,316444
X,11.0,직영몰,Headwear,비니,BN,1369374,1270052,1154597,1154597,289988,864609
X,11.0,직영몰,Headwear,운동모,CP,4566846,4300447,3909485,3909485,888666,3020819
X,11.0,직영몰,Shoes,슬리퍼,LP,4125113,3981515,3619572,3619572,1067497,2552075
X,11.0,직영몰,Shoes,신발,SH,63259654,58404390,53094942,53094942,13443416,39651526
X,11.0,직영몰,과시즌의류,다운점퍼,DJ,41162779,22751321,20683019,20683019,5974634,14708385
X,11.0,직영몰,과시즌의류,소프트쉘,SS,10302588,4715676,4286981,4286981,1489648,2797333
X,11.0,직영몰,과시즌의류,트레이닝(상의),TR,4461510,1784604,1622372,1622372,661897,960475
X,11.0,직영몰,당시즌의류,긴팔카라티셔츠,TL,876671,613670,557882,557882,174043,383839
X,11.0,직영몰,당시즌의류,긴팔티셔츠,RL,468917,328242,298401,298401,77647,220754
X,11.0,직영몰,당시즌의류,다운베스트,DV,10577822,9831088,8937355,8937355,2479655,6457700
X,11.0,직영몰,당시즌의류,다운점퍼,DJ,346516251,304398512,276725891,276725891,89907035,186818856
X,11.0,직영몰,당시즌의류,맨투맨,MT,5440120,4049678,3681537,3681537,1266902,2414635
X,11.0,직영몰,당시즌의류,소프트쉘,SS,8413327,7244669,6586058,6586058,1833286,4752772
X,11.0,직영몰,당시즌의류,점퍼,JP,4475102,3132571,2847792,2847792,1137862,1709930
X,11.0,직영몰,당시즌의류,집업티,ZT,4077541,2854279,2594798,2594798,842998,1751800
X,11.0,직영몰,당시즌의류,트레이닝(상의),TR,2867871,2089026,1899115,1899115,614869,1284246
X,11.0,직영몰,당시즌의류,트레이닝(하의),TP,4784315,3725887,3387166,3387166,998559,2388607
X,11.0,직영몰,당시즌의류,팬츠,PT,5062947,4526105,4114643,4114643,1190214,2924429
X,11.0,직영몰,당시즌의류,후드티,HD,2256239,1757420,1597655,1597655,519757,1077898
X,11.0,직영몰,차시즌의류,긴팔티셔츠,RL,2708167,2708167,2461955,2461955,561144,1900811
X,11.0,직영몰,차시즌의류,맨투맨,MT,8263817,8173737,7430660,7430660,1948929,5481731
X,11.0,직영몰,차시즌의류,반팔티셔츠,RS,2222260,2177849,1979857,1979857,501368,1478489
X,11.0,직영몰,차시즌의류,방풍자켓,WJ,13805875,13681102,12437367,12437367,3306655,9130712
X,11.0,직영몰,차시즌의류,상하의 세트,AZ,540274,506295,460269,460269,159663,300606
X,11.0,직영몰,차시즌의류,스커트,SK,404356,404356,367597,367597,69977,297620
X,11.0,직영몰,차시즌의류,트레이닝(상의),TR,7145891,7073753,6430694,6430694,1590910,4839784
X,11.0,직영몰,차시즌의류,트레이닝(하의),TP,9164274,8946839,8133499,8133499,1841982,6291517
X,11.0,직영몰,차시즌의류,패딩,PD,5008580,5008580,4553261,4553261,1111731,3441530
X,11.0,직영몰,차시즌의류,팬츠,PT,1855281,1821302,1655733,1655733,410106,1245627
X,11.0,직영몰,차시즌의류,후드티,HD,1882465,1861398,1692180,1692180,528827,1163353
X,12.0,아울렛,Acc_etc,기타소품류,AC,662600,265040,240949,240949,114606,126343
X,12.0,아울렛,Acc_etc,다운 스카프,DC,234459,140675,127885,127885,55342,72543
X,12.0,아울렛,Acc_etc,양말,SO,81551,40775,37072,37072,15525,21547
X,12.0,아울렛,Bag,메신저백,MR,370377,185188,168351,168351,81333,87018
X,12.0,아울렛,Bag,백팩,BK,5871659,2780204,2527464,2527464,942000,1585464
X,12.0,아울렛,Bag,크로스백,CR,1749945,874972,795430,795430,367849,427581
X,12.0,아울렛,Bag,토드백,TG,1722761,934776,849800,849800,292774,557026
X,12.0,아울렛,Bag,힙색,HS,268438,161063,146421,146421,59885,86536
X,12.0,아울렛,Headwear,비니,BN,458723,122326,111208,111208,78595,32613
X,12.0,아울렛,Headwear,운동모,CP,703376,298000,270908,270908,125503,145405
X,12.0,아울렛,Headwear,햇,HT,992202,464500,422274,422274,200642,221632
X,12.0,아울렛,Shoes,신발,SH,7608012,3018060,2743703,2743703,1614934,1128769
X,12.0,아울렛,과시즌의류,긴팔카라티셔츠,TL,1753343,526003,478187,478187,141841,336346
X,12.0,아울렛,과시즌의류,긴팔티셔츠,RL,16894613,6609694,6008852,6008852,2223052,3785800
X,12.0,아울렛,과시즌의류,니트,KT,2028577,608573,553251,553251,175477,377774
X,12.0,아울렛,과시즌의류,다운베스트,DV,2432933,824343,749398,749398,201206,548192
X,12.0,아울렛,과시즌의류,다운점퍼,DJ,121218505,39544675,35949707,35949707,10985671,24964036
X,12.0,아울렛,과시즌의류,맨투맨,MT,37608522,15621740,14201604,14201604,5279118,8922486
X,12.0,아울렛,과시즌의류,반팔티셔츠,RS,8345368,5607299,5097528,5097528,1611448,3486080
X,12.0,아울렛,과시즌의류,방풍자켓,WJ,55967652,18422671,16747848,16747848,6704137,10043711
X,12.0,아울렛,과시즌의류,소프트쉘,SS,1620823,540274,491160,491160,168025,323135
X,12.0,아울렛,과시즌의류,트레이닝(상의),TR,89250582,27322245,24838502,24838502,11016939,13821563
X,12.0,아울렛,과시즌의류,트레이닝(하의),TP,57139945,20036018,18214496,18214496,7926020,10288476
X,12.0,아울렛,과시즌의류,패딩,PD,24115258,8909088,8099190,8099190,3383272,4715918
X,12.0,아울렛,과시즌의류,팬츠,PT,28733074,8133675,7394254,7394254,2972755,4421499
X,12.0,아울렛,과시즌의류,후드티,HD,19055709,7655244,6959289,6959289,2657361,4301928
X,99.0,기타,Bag,백팩,BK,1722761,1205933,1096301,1096301,391682,704619
X,99.0,기타,당시즌의류,다운베스트,DV,438336,306835,278941,278941,104708,174233
X,99.0,기타,당시즌의류,다운점퍼,DJ,7359962,5151973,4683613,4683613,2331355,2352258
X,99.0,기타,당시즌의류,팬츠,PT,608233,425763,387057,387057,143900,243157
X,99.0,기타,차시즌의류,방풍자켓,WJ,0,0,0,0,0,0
X,99.0,기타,차시즌의류,트레이닝(상의),TR,0,0,0,0,0,0
X,99.0,기타,차시즌의류,패딩,PD,608233,425763,387057,387057,198202,188855
X,99.0,기타,차시즌의류,팬츠,PT,438336,306835,278938,278938,95425,183513
