브랜드,유통채널,채널명,아이템_중분류,아이템_소분류,아이템코드,합계 : 판매금액(TAG가),합계 : 실판매액,합계 : 실판매액(V-),합계 : 출고매출액(V-) Actual,매출원가(평가감환입반영),매출총이익
I,1.0,백화점,Acc_etc,기타,ET,611000,541740,492497,314963,154370,160593
I,1.0,백화점,Acc_etc,머플러(스카프),MF,573000,478800,435271,274220,110948,163272
I,1.0,백화점,Acc_etc,양말,SO,2463700,2381370,2164855,1379257,572739,806518
I,1.0,백화점,Acc_etc,장갑,GL,1210000,1147990,1043634,661609,298478,363131
I,1.0,백화점,Bag,가방,BG,396000,363620,330553,210798,99709,111089
I,1.0,백화점,Bag,백팩,BK,202453000,165991920,150901896,96016903,46024377,49992526
I,1.0,백화점,Bag,보조가방,UB,3283000,2912400,2647642,1683503,814664,868839
I,1.0,백화점,Bag,슬링백,SG,395000,355500,323181,203532,86645,116887
I,1.0,백화점,Bag,크로스백,CR,451206000,438336730,398487943,251909501,114660383,137249118
I,1.0,백화점,Bag,힙색,HS,236000,212400,193089,123094,46369,76725
I,1.0,백화점,Headwear,방한모,WM,4460000,4018640,3653311,2319323,866590,1452733
I,1.0,백화점,Headwear,비니,BN,9169000,8480570,7709579,4898918,1766964,3131954
I,1.0,백화점,Headwear,와이어캡,WR,441000,383110,348276,221196,83777,137419
I,1.0,백화점,Headwear,운동모,CP,34910000,32467040,29515418,18783174,7425377,11357797
I,1.0,백화점,Headwear,햇,HT,825000,669340,608504,387203,156988,230215
I,1.0,백화점,Shoes,런닝화,RN,63740000,51206910,46551738,29719339,15830471,13888868
I,1.0,백화점,Shoes,방한화,WB,7293000,6347040,5770028,3640796,1804719,1836077
I,1.0,백화점,Shoes,스니커즈,SX,11757000,10344820,9404421,5975202,2565028,3410174
I,1.0,백화점,Shoes,신발,SH,38886000,36188550,32898663,21018576,8851397,12167179
I,1.0,백화점,과시즌의류,맨투맨,MT,29382000,14690930,13355364,8616899,7559500,1057399
I,1.0,백화점,과시즌의류,맨투맨셋트,S2,86037000,43018300,39107524,26328568,23174783,3153785
I,1.0,백화점,과시즌의류,반팔카라티셔츠,TS,792000,744890,677181,428724,186318,242406
I,1.0,백화점,과시즌의류,베이비,BV,1239000,1210640,1100578,700747,373506,327241
I,1.0,백화점,과시즌의류,점퍼,JP,1611000,805500,732267,518284,454738,63546
I,1.0,백화점,당시즌의류,다운베스트,DV,3147000,2804300,2549366,1607184,868568,738616
I,1.0,백화점,당시즌의류,다운점퍼,DJ,84877000,74833820,68030726,43419539,21523038,21896501
I,1.0,백화점,당시즌의류,레깅스,LG,158000,142200,129272,82878,44992,37886
I,1.0,백화점,당시즌의류,맨투맨,MT,13314000,11506270,10460216,6633662,3688510,2945152
I,1.0,백화점,당시즌의류,맨투맨셋트,S2,19353000,17367200,15788365,10105111,5330485,4774626
I,1.0,백화점,당시즌의류,반팔카라티셔츠,TS,234000,187200,170184,107214,62839,44375
I,1.0,백화점,당시즌의류,우븐팬츠,WP,6723000,5635790,5123420,3238210,1758314,1479896
I,1.0,백화점,당시즌의류,점퍼,JP,1242000,1058200,962002,611071,330155,280916
I,1.0,백화점,당시즌의류,진바지,DP,4471000,3934030,3576392,2253209,1100754,1152455
I,1.0,백화점,당시즌의류,패딩,PD,1749000,1685400,1532184,973950,498971,474979
I,1.0,백화점,당시즌의류,팬츠,PT,5779000,5145110,4677351,2984241,1507899,1476342
I,1.0,백화점,당시즌의류,폴라폴리스점퍼,FD,1251000,1098100,998273,636871,349011,287860
I,1.0,백화점,당시즌의류,후드티,HD,2882000,2576900,2342637,1476572,793182,683390
I,1.0,백화점,차시즌의류,맨투맨,MT,35505000,32327720,29388850,18686568,9206427,9480141
I,1.0,백화점,차시즌의류,맨투맨셋트,S2,119399000,110740340,100672934,64209847,30215122,33994725
I,1.0,백화점,차시즌의류,반바지,SP,441000,349790,317994,200781,92028,108753
I,1.0,백화점,차시즌의류,반팔카라티셔츠,TS,15358000,13410490,12191362,7765967,3744782,4021185
I,1.0,백화점,차시즌의류,방풍자켓,WJ,11406000,10307510,9370479,5972599,2737353,3235246
I,1.0,백화점,차시즌의류,스커트,SK,721000,671600,610543,386887,174219,212668
I,1.0,백화점,차시즌의류,우븐반바지,SM,392000,281170,255609,161835,97819,64016
I,1.0,백화점,차시즌의류,우븐셔츠,WS,2226000,2084210,1894739,1204379,466093,738286
I,1.0,백화점,차시즌의류,우븐팬츠,WP,13820000,12437080,11306423,7204002,3383979,3820023
I,1.0,백화점,차시즌의류,점퍼,JP,81488000,75702650,68820595,43833376,19410215,24423161
I,1.0,백화점,차시즌의류,진바지,DP,22784000,20629200,18753770,11935976,5874843,6061133
I,1.0,백화점,차시즌의류,팬츠,PT,11546000,10422020,9474575,6039556,2773150,3266406
I,1.0,백화점,차시즌의류,폴로 티셔츠,PQ,2225000,1975840,1796221,1167219,506708,660511
I,1.0,백화점,차시즌의류,후드티,HD,18437000,16888610,15353261,9781940,4540292,5241648
I,2.0,면세점,Acc_etc,머플러(스카프),MF,413000,413000,375459,225274,97806,127468
I,2.0,면세점,Acc_etc,양말,SO,695100,695100,631904,379139,167852,211287
I,2.0,면세점,Bag,백팩,BK,20488000,19831000,18028188,10816914,4460049,6356865
I,2.0,면세점,Bag,보조가방,UB,245000,245000,222725,133635,60796,72839
I,2.0,면세점,Bag,슬링백,SG,237000,237000,215454,129273,51987,77286
I,2.0,면세점,Bag,크로스백,CR,53806000,53805940,48914480,29348672,12991358,16357314
I,2.0,면세점,Headwear,방한모,WM,1216000,1216000,1105453,663269,230654,432615
I,2.0,면세점,Headwear,비니,BN,8050000,8050000,7318163,4390895,1658534,2732361
I,2.0,면세점,Headwear,와이어캡,WR,637000,637000,579085,347451,117315,230136
I,2.0,면세점,Headwear,운동모,CP,60585000,60584990,55076929,33046102,12493911,20552191
I,2.0,면세점,Headwear,햇,HT,1161000,1161000,1055462,633273,214415,418858
I,2.0,면세점,Shoes,런닝화,RN,12940000,12940000,11763610,7058149,3133158,3924991
I,2.0,면세점,Shoes,방한화,WB,247000,247000,224544,134726,59255,75471
I,2.0,면세점,Shoes,스니커즈,SX,9381000,9381000,8528140,5116878,1994033,3122845
I,2.0,면세점,Shoes,신발,SH,8205000,8205000,7459066,4475435,1854499,2620936
I,2.0,면세점,과시즌의류,베이비,BV,177000,177000,160911,96546,53358,43188
I,2.0,면세점,당시즌의류,다운베스트,DV,278000,278000,252726,151636,76899,74737
I,2.0,면세점,당시즌의류,다운점퍼,DJ,29819000,29819000,27108190,16264912,7644189,8620723
I,2.0,면세점,당시즌의류,맨투맨,MT,2729000,2729000,2480907,1488532,764935,723597
I,2.0,면세점,당시즌의류,맨투맨셋트,S2,1966000,1966000,1787276,1072367,536599,535768
I,2.0,면세점,당시즌의류,반팔카라티셔츠,TS,295000,295000,268185,160910,89279,71631
I,2.0,면세점,당시즌의류,반팔티 & 스웨트팬츠,S1,159000,159000,144545,86727,44660,42067
I,2.0,면세점,당시즌의류,우븐팬츠,WP,1050000,1050000,954538,572723,265999,306724
I,2.0,면세점,당시즌의류,점퍼,JP,358000,358000,325454,195272,82130,113142
I,2.0,면세점,당시즌의류,팬츠,PT,178000,178000,161818,97091,47317,49774
I,2.0,면세점,당시즌의류,폴라폴리스점퍼,FD,695000,695000,631815,379090,193895,185195
I,2.0,면세점,당시즌의류,후드티,HD,444000,444000,403635,242180,129787,112393
I,2.0,면세점,차시즌의류,맨투맨,MT,15025000,15025000,13659033,8195397,3642612,4552785
I,2.0,면세점,차시즌의류,맨투맨셋트,S2,16892000,16892000,15356400,9213826,4181106,5032720
I,2.0,면세점,차시즌의류,반팔카라티셔츠,TS,19493000,19492980,17720846,10632500,4732965,5899535
I,2.0,면세점,차시즌의류,방풍자켓,WJ,5361000,5361000,4873643,2924191,1261152,1663039
I,2.0,면세점,차시즌의류,스커트,SK,445000,445000,404545,242725,105906,136819
I,2.0,면세점,차시즌의류,우븐반바지,SM,539000,539000,489995,293997,134502,159495
I,2.0,면세점,차시즌의류,우븐셔츠,WS,477000,477000,433635,260181,99876,160305
I,2.0,면세점,차시즌의류,우븐팬츠,WP,1562000,1562000,1419998,852001,374931,477070
I,2.0,면세점,차시즌의류,점퍼,JP,13170000,13170000,11972703,7183608,3206775,3976833
I,2.0,면세점,차시즌의류,진바지,DP,1624000,1624000,1476360,885816,450268,435548
I,2.0,면세점,차시즌의류,팬츠,PT,2038000,2038000,1852740,1111637,454135,657502
I,2.0,면세점,차시즌의류,후드티,HD,4703000,4703000,4275443,2565255,1163317,1401938
I,3.0,직영점(가두),Acc_etc,기타,ET,49000,49000,44545,44545,8964,35581
I,3.0,직영점(가두),Acc_etc,양말,SO,110900,110900,100819,100819,27581,73238
I,3.0,직영점(가두),Acc_etc,장갑,GL,236000,236000,214544,214544,61678,152866
I,3.0,직영점(가두),Bag,백팩,BK,2993000,2993000,2720909,2720909,627702,2093207
I,3.0,직영점(가두),Bag,크로스백,CR,306000,306000,278181,278181,57418,220763
I,3.0,직영점(가두),Bag,힙색,HS,59000,59000,53636,53636,11592,42044
I,3.0,직영점(가두),Headwear,방한모,WM,69000,69000,62727,62727,11948,50779
I,3.0,직영점(가두),Headwear,비니,BN,1057000,1057000,960906,960906,228794,732112
I,3.0,직영점(가두),Headwear,와이어캡,WR,49000,49000,44545,44545,9024,35521
I,3.0,직영점(가두),Headwear,운동모,CP,3751000,3751000,3409994,3409994,786813,2623181
I,3.0,직영점(가두),Headwear,햇,HT,53000,53000,48182,48182,9288,38894
I,3.0,직영점(가두),Shoes,런닝화,RN,1428000,1428000,1298182,1298182,347972,950210
I,3.0,직영점(가두),Shoes,방한화,WB,376000,376000,341818,341818,82553,259265
I,3.0,직영점(가두),Shoes,스니커즈,SX,336000,336000,305454,305454,78067,227387
I,3.0,직영점(가두),Shoes,신발,SH,2127000,2127000,1933638,1933638,488413,1445225
I,3.0,직영점(가두),과시즌의류,베이비,BV,531000,531000,482724,482724,160074,322650
I,3.0,직영점(가두),당시즌의류,다운베스트,DV,139000,139000,126364,126364,38449,87915
I,3.0,직영점(가두),당시즌의류,다운점퍼,DJ,5072000,5072000,4610909,4610909,1290921,3319988
I,3.0,직영점(가두),당시즌의류,맨투맨,MT,770000,770000,699998,699998,215199,484799
I,3.0,직영점(가두),당시즌의류,맨투맨셋트,S2,854000,854000,776366,776366,231628,544738
I,3.0,직영점(가두),당시즌의류,진바지,DP,228000,228000,207273,207273,55207,152066
I,3.0,직영점(가두),당시즌의류,폴라폴리스점퍼,FD,139000,139000,126364,126364,38779,87585
I,3.0,직영점(가두),당시즌의류,후드티,HD,99000,99000,90000,90000,24797,65203
I,3.0,직영점(가두),차시즌의류,맨투맨,MT,1184000,1184000,1076360,1076360,311669,764691
I,3.0,직영점(가두),차시즌의류,맨투맨셋트,S2,4923000,4923000,4475466,4475466,1235994,3239472
I,3.0,직영점(가두),차시즌의류,반바지,SP,49000,49000,44545,44545,10225,34320
I,3.0,직영점(가두),차시즌의류,반팔카라티셔츠,TS,1424000,1424000,1294538,1294538,346407,948131
I,3.0,직영점(가두),차시즌의류,방풍자켓,WJ,834000,834000,758183,758183,208079,550104
I,3.0,직영점(가두),차시즌의류,스커트,SK,138000,138000,125454,125454,34156,91298
I,3.0,직영점(가두),차시즌의류,우븐반바지,SM,49000,49000,44545,44545,12227,32318
I,3.0,직영점(가두),차시즌의류,우븐팬츠,WP,267000,267000,242727,242727,67611,175116
I,3.0,직영점(가두),차시즌의류,점퍼,JP,3880000,3880000,3527270,3527270,923396,2603874
I,3.0,직영점(가두),차시즌의류,진바지,DP,515000,515000,468182,468182,136531,331651
I,3.0,직영점(가두),차시즌의류,팬츠,PT,424000,424000,385453,385453,102504,282949
I,3.0,직영점(가두),차시즌의류,폴로 티셔츠,PQ,89000,89000,80909,80909,20268,60641
I,3.0,직영점(가두),차시즌의류,후드티,HD,405000,405000,368181,368181,95821,272360
I,4.0,자사몰,Acc_etc,기타,ET,89000,74000,67273,67273,25993,41280
I,4.0,자사몰,Acc_etc,머플러(스카프),MF,65000,65000,59091,59091,11857,47234
I,4.0,자사몰,Acc_etc,양말,SO,222600,179160,162872,162872,50961,111911
I,4.0,자사몰,Acc_etc,장갑,GL,236000,211060,191873,191873,57114,134759
I,4.0,자사몰,Bag,가방,BG,132000,115390,104900,104900,33237,71663
I,4.0,자사몰,Bag,백팩,BK,23811000,20136070,18305512,18305512,5252536,13052976
I,4.0,자사몰,Bag,보조가방,UB,441000,394570,358699,358699,109434,249265
I,4.0,자사몰,Bag,슬링백,SG,79000,74050,67318,67318,17329,49989
I,4.0,자사몰,Bag,크로스백,CR,353000,322650,293319,293319,70679,222640
I,4.0,자사몰,Headwear,방한모,WM,384000,329540,299582,299582,83247,216335
I,4.0,자사몰,Headwear,비니,BN,445000,317040,288219,288219,80237,207982
I,4.0,자사몰,Headwear,운동모,CP,1240000,978662,894569,894569,256812,637757
I,4.0,자사몰,Headwear,햇,HT,531000,498300,453002,453002,109858,343144
I,4.0,자사몰,Shoes,런닝화,RN,1684000,1464630,1331482,1331482,400740,930742
I,4.0,자사몰,Shoes,방한화,WB,455000,337060,306418,306418,109244,197174
I,4.0,자사몰,Shoes,샌들,SD,118000,38060,34600,34600,30225,4375
I,4.0,자사몰,Shoes,스니커즈,SX,105000,96940,88127,88127,21876,66251
I,4.0,자사몰,Shoes,신발,SH,4330000,3740390,3400348,3400348,1022723,2377625
I,4.0,자사몰,과시즌의류,맨투맨,MT,3476000,671400,610364,610364,385058,225306
I,4.0,자사몰,과시즌의류,반팔카라티셔츠,TS,636000,174800,158911,158911,70552,88359
I,4.0,자사몰,과시즌의류,방풍자켓,WJ,278000,131320,119382,119382,59208,60174
I,4.0,자사몰,과시즌의류,베이비,BV,10030000,8212170,7465611,7465611,3023638,4441973
I,4.0,자사몰,과시즌의류,팬츠,PT,2607000,518900,471728,471728,283214,188514
I,4.0,자사몰,당시즌의류,다운점퍼,DJ,3088000,3126020,2841838,2841838,778890,2062948
I,4.0,자사몰,당시즌의류,맨투맨,MT,414000,349260,317509,317509,110557,206952
I,4.0,자사몰,당시즌의류,맨투맨셋트,S2,2869000,2538130,2307392,2307392,810171,1497221
I,4.0,자사몰,당시즌의류,반팔카라티셔츠,TS,69000,58550,53227,53227,18700,34527
I,4.0,자사몰,당시즌의류,우븐팬츠,WP,10000,27480,24982,24982,-77,25059
I,4.0,자사몰,당시즌의류,점퍼,JP,358000,332450,302227,302227,82130,220097
I,4.0,자사몰,당시즌의류,진바지,DP,-10000,-11490,-10445,-10445,-3628,-6817
I,4.0,자사몰,당시즌의류,진자켓,DK,-169000,-139290,-126627,-126627,-41599,-85028
I,4.0,자사몰,당시즌의류,팬츠,PT,296000,278460,253145,253145,71578,181567
I,4.0,자사몰,당시즌의류,후드티,HD,653000,609590,554173,554173,190092,364081
I,4.0,자사몰,차시즌의류,맨투맨,MT,1339000,1241920,1129017,1129017,331400,797617
I,4.0,자사몰,차시즌의류,맨투맨셋트,S2,5725000,5452510,4956830,4956830,1448447,3508383
I,4.0,자사몰,차시즌의류,반팔카라티셔츠,TS,512000,450180,409255,409255,126937,282318
I,4.0,자사몰,차시즌의류,방풍자켓,WJ,268000,267950,243591,243591,77165,166426
I,4.0,자사몰,차시즌의류,스커트,SK,69000,52000,47273,47273,17078,30195
I,4.0,자사몰,차시즌의류,우븐팬츠,WP,0,17220,15655,15655,0,15655
I,4.0,자사몰,차시즌의류,점퍼,JP,1234000,1157310,1052101,1052101,279637,772464
I,4.0,자사몰,차시즌의류,진바지,DP,762000,706010,641828,641828,199889,441939
I,4.0,자사몰,차시즌의류,팬츠,PT,474000,420290,382083,382083,114923,267160
I,4.0,자사몰,차시즌의류,폴로 티셔츠,PQ,89000,63550,57773,57773,20268,37505
I,4.0,자사몰,차시즌의류,후드티,HD,989000,895950,814500,814500,241522,572978
I,5.0,제휴몰,Acc_etc,기타,ET,623000,623000,566363,566363,181951,384412
I,5.0,제휴몰,Acc_etc,머플러(스카프),MF,130000,130000,118182,118182,23715,94467
I,5.0,제휴몰,Acc_etc,양말,SO,770900,770900,700834,700834,183981,516853
I,5.0,제휴몰,Acc_etc,장갑,GL,108000,108000,98181,98181,22491,75690
I,5.0,제휴몰,Bag,가방,BG,429000,429000,390000,390000,108021,281979
I,5.0,제휴몰,Bag,백팩,BK,65602000,53406720,48551570,48551570,15206621,33344949
I,5.0,제휴몰,Bag,보조가방,UB,539000,539000,489995,489995,133751,356244
I,5.0,제휴몰,Bag,슬링백,SG,158000,158000,143636,143636,34658,108978
I,5.0,제휴몰,Bag,크로스백,CR,719000,719000,653634,653634,158270,495364
I,5.0,제휴몰,Bag,힙색,HS,118000,118000,107272,107272,23185,84087
I,5.0,제휴몰,Headwear,방한모,WM,2188000,2188000,1989082,1989082,432121,1556961
I,5.0,제휴몰,Headwear,비니,BN,2757000,2757000,2506362,2506362,519125,1987237
I,5.0,제휴몰,Headwear,운동모,CP,7476000,7476000,6796370,6796370,1580452,5215918
I,5.0,제휴몰,Headwear,햇,HT,236000,236000,214544,214544,48618,165926
I,5.0,제휴몰,Shoes,런닝화,RN,11579000,10129000,9208164,9208164,2822344,6385820
I,5.0,제휴몰,Shoes,방한화,WB,2938000,2938000,2670907,2670907,719829,1951078
I,5.0,제휴몰,Shoes,샌들,SD,118000,59000,53636,53636,30225,23411
I,5.0,제휴몰,Shoes,스니커즈,SX,2167000,2167000,1969996,1969996,541167,1428829
I,5.0,제휴몰,Shoes,신발,SH,18392000,18193980,16539979,16539979,4523744,12016235
I,5.0,제휴몰,과시즌의류,다운점퍼,DJ,2988000,1924190,1749264,1749264,429270,1319994
I,5.0,제휴몰,과시즌의류,맨투맨,MT,79000,39500,35909,35909,8751,27158
I,5.0,제휴몰,과시즌의류,반팔카라티셔츠,TS,6370000,3185020,2895485,2895485,1601865,1293620
I,5.0,제휴몰,과시즌의류,반팔티 & 스웨트팬츠,S1,43014000,21541440,19583088,19583088,10255958,9327130
I,5.0,제휴몰,과시즌의류,방풍자켓,WJ,2780000,1390000,1263640,1263640,592081,671559
I,5.0,제휴몰,과시즌의류,베이비,BV,7080000,7079990,6436320,6436320,2134330,4301990
I,5.0,제휴몰,과시즌의류,우븐반바지,SM,1311000,655500,595916,595916,294232,301684
I,5.0,제휴몰,과시즌의류,팬츠,PT,158000,79000,71818,71818,17164,54654
I,5.0,제휴몰,당시즌의류,다운점퍼,DJ,39112000,39112000,35556351,35556351,9863257,25693094
I,5.0,제휴몰,당시즌의류,레깅스,LG,237000,237000,215454,215454,67487,147967
I,5.0,제휴몰,당시즌의류,맨투맨,MT,8260000,8260000,7509067,7509067,2227340,5281727
I,5.0,제휴몰,당시즌의류,맨투맨셋트,S2,25143000,25142880,22857180,22857180,6980861,15876319
I,5.0,제휴몰,당시즌의류,반팔카라티셔츠,TS,285000,285000,259089,259089,84956,174133
I,5.0,제휴몰,당시즌의류,반팔티 & 스웨트팬츠,S1,278000,278000,252728,252728,74421,178307
I,5.0,제휴몰,당시즌의류,스커트,SK,178000,178000,161818,161818,49964,111854
I,5.0,제휴몰,당시즌의류,우븐반바지,SM,69000,69000,62727,62727,17696,45031
I,5.0,제휴몰,당시즌의류,우븐팬츠,WP,1337000,1337000,1215455,1215455,363371,852084
I,5.0,제휴몰,당시즌의류,점퍼,JP,6116000,6115990,5559992,5559992,1415594,4144398
I,5.0,제휴몰,당시즌의류,진바지,DP,0,0,0,0,0,0
I,5.0,제휴몰,당시즌의류,진자켓,DK,169000,169000,153636,153636,34910,118726
I,5.0,제휴몰,당시즌의류,패딩,PD,318000,318000,289090,289090,90722,198368
I,5.0,제휴몰,당시즌의류,팬츠,PT,2724000,2724000,2476356,2476356,751788,1724568
I,5.0,제휴몰,당시즌의류,폴로 티셔츠,PQ,89000,89000,80909,80909,24658,56251
I,5.0,제휴몰,당시즌의류,후드티,HD,3769000,3768990,3426352,3426352,1104937,2321415
I,5.0,제휴몰,차시즌의류,맨투맨,MT,3142000,3142000,2856349,2856349,795278,2061071
I,5.0,제휴몰,차시즌의류,맨투맨셋트,S2,26738000,26738040,24307343,24307343,6780818,17526525
I,5.0,제휴몰,차시즌의류,반팔카라티셔츠,TS,818000,818000,743633,743633,198122,545511
I,5.0,제휴몰,차시즌의류,방풍자켓,WJ,1181000,1181000,1073638,1073638,262725,810913
I,5.0,제휴몰,차시즌의류,우븐팬츠,WP,445000,445000,404545,404545,108711,295834
I,5.0,제휴몰,차시즌의류,점퍼,JP,7861000,7861000,7146361,7146361,1862545,5283816
I,5.0,제휴몰,차시즌의류,진바지,DP,713000,713000,648182,648182,190267,457915
I,5.0,제휴몰,차시즌의류,팬츠,PT,1201000,1201000,1091812,1091812,277862,813950
I,5.0,제휴몰,차시즌의류,폴로 티셔츠,PQ,267000,267000,242727,242727,60805,181922
I,5.0,제휴몰,차시즌의류,후드티,HD,1405000,1405000,1277272,1277272,340062,937210
I,6.0,대리점,Acc_etc,양말,SO,348900,342790,311644,200756,87293,113463
I,6.0,대리점,Acc_etc,장갑,GL,69000,59000,53636,35400,17311,18089
I,6.0,대리점,Bag,가방,BG,165000,152870,138972,90602,41545,49057
I,6.0,대리점,Bag,백팩,BK,25755000,23113170,21011918,13557530,5956236,7601294
I,6.0,대리점,Bag,보조가방,UB,392000,367500,334094,210433,97272,113161
I,6.0,대리점,Bag,슬링백,SG,474000,466100,423727,274633,103974,170659
I,6.0,대리점,Bag,크로스백,CR,4776000,4602060,4183698,2699091,1065309,1633782
I,6.0,대리점,Bag,힙색,HS,236000,230100,209183,136023,46369,89654
I,6.0,대리점,Headwear,방한모,WM,723000,697020,633664,409734,143544,266190
I,6.0,대리점,Headwear,비니,BN,2149000,2114170,1921969,1231557,440842,790715
I,6.0,대리점,Headwear,와이어캡,WR,392000,387100,351909,224777,74112,150665
I,6.0,대리점,Headwear,운동모,CP,9662000,9427950,8570859,5508086,2068113,3439973
I,6.0,대리점,Headwear,햇,HT,59000,59000,53636,34327,11708,22619
I,6.0,대리점,Shoes,런닝화,RN,7194000,6993240,6357467,4090939,1754093,2336846
I,6.0,대리점,Shoes,방한화,WB,158000,130120,118289,94817,13117,81700
I,6.0,대리점,Shoes,스니커즈,SX,543000,537100,488273,317769,136137,181632
I,6.0,대리점,Shoes,신발,SH,6448000,6233950,5667212,3650329,1519240,2131089
I,6.0,대리점,과시즌의류,베이비,BV,413000,401200,364727,237288,124502,112786
I,6.0,대리점,당시즌의류,다운베스트,DV,516000,491590,446901,286967,137970,148997
I,6.0,대리점,당시즌의류,다운점퍼,DJ,14953000,14433680,13121521,8471727,3800027,4671700
I,6.0,대리점,당시즌의류,맨투맨,MT,1621000,1516410,1378545,889881,440271,449610
I,6.0,대리점,당시즌의류,맨투맨셋트,S2,7595000,7197210,6542893,4204168,2062039,2142129
I,6.0,대리점,당시즌의류,반팔티 & 스웨트팬츠,S1,139000,139000,126364,80873,39158,41715
I,6.0,대리점,당시즌의류,우븐팬츠,WP,49000,49000,44545,28682,15597,13085
I,6.0,대리점,당시즌의류,점퍼,JP,0,0,0,0,0,0
I,6.0,대리점,당시즌의류,진바지,DP,1655000,1545340,1404855,905423,389681,515742
I,6.0,대리점,당시즌의류,팬츠,PT,10000,-50090,-45545,-39225,7967,-47192
I,6.0,대리점,당시즌의류,폴로 티셔츠,PQ,89000,84000,76364,48109,24658,23451
I,6.0,대리점,당시즌의류,후드티,HD,307000,297000,270000,173518,84418,89100
I,6.0,대리점,차시즌의류,맨투맨,MT,3131000,2966100,2696462,1744044,787803,956241
I,6.0,대리점,차시즌의류,맨투맨셋트,S2,18843000,18045870,16405348,10592020,4800173,5791847
I,6.0,대리점,차시즌의류,반바지,SP,98000,98000,89090,57018,20451,36567
I,6.0,대리점,차시즌의류,반팔카라티셔츠,TS,1034000,1028010,934556,605617,243438,362179
I,6.0,대리점,차시즌의류,방풍자켓,WJ,576000,501510,455909,295714,133301,162413
I,6.0,대리점,차시즌의류,스커트,SK,0,0,0,0,0,0
I,6.0,대리점,차시즌의류,우븐반바지,SM,196000,196000,178180,112254,48910,63344
I,6.0,대리점,차시즌의류,우븐셔츠,WS,0,0,0,0,0,0
I,6.0,대리점,차시즌의류,우븐팬츠,WP,524000,505100,459181,294695,119882,174813
I,6.0,대리점,차시즌의류,점퍼,JP,7699000,7164650,6513317,4163528,1874902,2288626
I,6.0,대리점,차시즌의류,진바지,DP,1891000,1777140,1615561,1039438,499651,539787
I,6.0,대리점,차시즌의류,팬츠,PT,1132000,1092270,992973,636640,250921,385719
I,6.0,대리점,차시즌의류,폴로 티셔츠,PQ,-89000,-89000,-80909,-55018,-20269,-34749
I,6.0,대리점,차시즌의류,후드티,HD,2153000,2000870,1818964,1160398,529513,630885
I,8.0,사입,Acc_etc,기타,ET,4282000,471020,428200,428200,574443,-146243
I,8.0,사입,Acc_etc,양말,SO,25622000,2818440,2562200,2562200,5227734,-2665534
I,8.0,사입,Acc_etc,토시,ML,2231000,245410,223100,223100,249838,-26738
I,8.0,사입,Bag,백팩,BK,1291000,322750,293413,293413,334750,-41337
I,8.0,사입,Bag,크로스백,CR,-69000,-20700,-18818,-18818,-19626,808
I,8.0,사입,Headwear,선캡,SC,4226000,464860,422600,422600,436281,-13681
I,8.0,사입,Headwear,와이어캡,WR,2078000,554430,504040,504040,424414,79626
I,8.0,사입,Headwear,운동모,CP,152825000,39255100,35686438,35686438,30965428,4721010
I,8.0,사입,Headwear,햇,HT,33229000,6470130,5881943,5881943,6016133,-134190
I,8.0,사입,Shoes,런닝화,RN,26283000,6570730,5973351,5973351,6518615,-545264
I,8.0,사입,Shoes,스니커즈,SX,139833000,37017900,33652576,33652576,29658148,3994428
I,8.0,사입,Shoes,신발,SH,345358000,91509850,83190717,83190717,78692652,4498065
I,8.0,사입,과시즌의류,니트가디건,KC,84067000,9247370,8406700,8406700,9030990,-624290
I,8.0,사입,과시즌의류,다운점퍼,DJ,-718000,-197450,-179500,-179500,-68422,-111078
I,8.0,사입,과시즌의류,레깅스,LG,8732000,960520,873200,873200,970253,-97053
I,8.0,사입,과시즌의류,맨투맨,MT,266148000,32055310,29141193,29141193,31733683,-2592490
I,8.0,사입,과시즌의류,맨투맨셋트,S2,218502000,24885340,22623031,22623031,24819158,-2196127
I,8.0,사입,과시즌의류,반팔카라티셔츠,TS,23599000,3210620,2918740,2918740,3253371,-334631
I,8.0,사입,과시즌의류,반팔티 & 스웨트팬츠,S1,175306000,20469610,18608740,18608740,20568671,-1959931
I,8.0,사입,과시즌의류,방풍자켓,WJ,12561000,2771390,2519444,2519444,2401845,117599
I,8.0,사입,과시즌의류,스커트,SK,149738000,16286380,14805798,14805798,16925032,-2119234
I,8.0,사입,과시즌의류,우븐셔츠,WS,45295000,5096550,4633225,4633225,5192798,-559573
I,8.0,사입,과시즌의류,우븐팬츠,WP,81298000,9543160,8675600,8675600,9394216,-718616
I,8.0,사입,과시즌의류,원피스,OP,130885000,15149000,13771822,13771822,15400092,-1628270
I,8.0,사입,과시즌의류,점퍼,JP,236133000,27289450,24808587,24808587,27099782,-2291195
I,8.0,사입,과시즌의류,진바지,DP,23222000,2699390,2453989,2453989,2708017,-254028
I,8.0,사입,과시즌의류,진자켓,DK,14925000,1781050,1619135,1619135,1776573,-157438
I,8.0,사입,과시즌의류,트레이닝(상의),TR,10197000,1121670,1019700,1019700,1133143,-113443
I,8.0,사입,과시즌의류,트레이닝(하의),TP,7426000,816860,742600,742600,817932,-75332
I,8.0,사입,과시즌의류,팬츠,PT,145382000,16393000,14902726,14902726,16341086,-1438360
I,8.0,사입,과시즌의류,폴로 티셔츠,PQ,35401000,4180680,3800621,3800621,4104372,-303751
I,8.0,사입,과시즌의류,후드티,HD,129947000,15004950,13640860,13640860,15036839,-1395979
I,11.0,직영몰,Acc_etc,기타,ET,116000,107300,97545,97545,28528,69017
I,11.0,직영몰,Acc_etc,양말,SO,242800,237890,216257,216257,62416,153841
I,11.0,직영몰,Acc_etc,장갑,GL,256000,242200,220182,220182,65461,154721
I,11.0,직영몰,Bag,가방,BG,0,-3300,-3000,-3000,0,-3000
I,11.0,직영몰,Bag,백팩,BK,26530000,22134800,20122530,20122530,6089129,14033401
I,11.0,직영몰,Bag,보조가방,UB,588000,539000,489996,489996,145910,344086
I,11.0,직영몰,Bag,슬링백,SG,79000,69000,62727,62727,17329,45398
I,11.0,직영몰,Bag,크로스백,CR,886000,854500,776816,776816,187913,588903
I,11.0,직영몰,Headwear,방한모,WM,802000,767500,697728,697728,163717,534011
I,11.0,직영몰,Headwear,비니,BN,1338000,1300900,1182636,1182636,251741,930895
I,11.0,직영몰,Headwear,와이어캡,WR,98000,98000,89090,89090,18688,70402
I,11.0,직영몰,Headwear,운동모,CP,7790000,7535100,6850081,6850081,1660011,5190070
I,11.0,직영몰,Headwear,햇,HT,289000,283700,257907,257907,61686,196221
I,11.0,직영몰,Shoes,런닝화,RN,7151000,6056300,5505719,5505719,1768471,3737248
I,11.0,직영몰,Shoes,방한화,WB,812000,751350,683049,683049,209755,473294
I,11.0,직영몰,Shoes,스니커즈,SX,1135000,1061200,964728,964728,248480,716248
I,11.0,직영몰,Shoes,신발,SH,6190000,5936900,5397176,5397176,1434558,3962618
I,11.0,직영몰,과시즌의류,베이비,BV,295000,283200,257453,257453,88930,168523
I,11.0,직영몰,당시즌의류,다운베스트,DV,516000,478300,434819,434819,137970,296849
I,11.0,직영몰,당시즌의류,다운점퍼,DJ,7093000,6531100,5937362,5937362,1826454,4110908
I,11.0,직영몰,당시즌의류,맨투맨,MT,712000,672470,611332,611332,192972,418360
I,11.0,직영몰,당시즌의류,맨투맨셋트,S2,3217000,3022400,2747635,2747635,884319,1863316
I,11.0,직영몰,당시즌의류,우븐팬츠,WP,416000,405100,368272,368272,113563,254709
I,11.0,직영몰,당시즌의류,진바지,DP,109000,98100,89182,89182,26162,63020
I,11.0,직영몰,당시즌의류,팬츠,PT,316000,300200,272908,272908,79894,193014
I,11.0,직영몰,당시즌의류,폴라폴리스점퍼,FD,0,0,0,0,0,0
I,11.0,직영몰,당시즌의류,후드티,HD,208000,198100,180091,180091,59621,120470
I,11.0,직영몰,차시즌의류,맨투맨,MT,2388000,2268600,2062359,2062359,620901,1441458
I,11.0,직영몰,차시즌의류,맨투맨셋트,S2,11731000,11246610,10224186,10224186,2975567,7248619
I,11.0,직영몰,차시즌의류,반바지,SP,49000,49000,44545,44545,10225,34320
I,11.0,직영몰,차시즌의류,반팔카라티셔츠,TS,808000,791900,719907,719907,195715,524192
I,11.0,직영몰,차시즌의류,방풍자켓,WJ,1737000,1672500,1520455,1520455,397701,1122754
I,11.0,직영몰,차시즌의류,스커트,SK,158000,142200,129273,129273,38259,91014
I,11.0,직영몰,차시즌의류,우븐반바지,SM,49000,49000,44545,44545,12227,32318
I,11.0,직영몰,차시즌의류,우븐셔츠,WS,477000,445200,404727,404727,99876,304851
I,11.0,직영몰,차시즌의류,우븐팬츠,WP,1216000,1148800,1044361,1044361,281445,762916
I,11.0,직영몰,차시즌의류,점퍼,JP,5830000,5480590,4982356,4982356,1424245,3558111
I,11.0,직영몰,차시즌의류,진바지,DP,2228000,2136900,1942636,1942636,592690,1349946
I,11.0,직영몰,차시즌의류,팬츠,PT,1559000,1462320,1329382,1329382,387226,942156
I,11.0,직영몰,차시즌의류,폴로 티셔츠,PQ,0,0,0,0,0,0
I,11.0,직영몰,차시즌의류,후드티,HD,1517000,1454500,1322273,1322273,373357,948916
I,99.0,기타,Acc_etc,양말,SO,37600,18800,17088,17088,9257,7831
I,99.0,기타,Headwear,운동모,CP,78000,39000,35454,35454,20644,14810
I,99.0,기타,당시즌의류,다운베스트,DV,139000,69500,63181,63181,38449,24732
I,99.0,기타,당시즌의류,다운점퍼,DJ,279000,139500,126818,126818,74722,52096
I,99.0,기타,당시즌의류,우븐팬츠,WP,99000,49500,45000,45000,22378,22622
I,99.0,기타,차시즌의류,맨투맨셋트,S2,149000,74500,67727,67727,38363,29364
I,99.0,기타,차시즌의류,방풍자켓,WJ,129000,64500,58636,58636,26912,31724
I,99.0,기타,차시즌의류,점퍼,JP,179000,89500,81364,81364,47897,33467
M,1.0,RF,Acc_etc,기타,ET,33000,33010,30000,19050,5149,13901
M,1.0,RF,Acc_etc,머플러(스카프),MF,99000,99000,90000,57600,10306,47294
M,1.0,RF,Acc_etc,양말,SO,23800,21650,19677,12592,5472,7120
M,1.0,RF,Acc_etc,캐리어(하드케이스),HH,269000,268990,244545,155286,84410,70876
M,1.0,RF,Acc_etc,파우치,PO,199000,199030,180910,114878,35040,79838
M,1.0,RF,Bag,버킷백,BM,1241000,1241010,1128182,716892,201626,515266
M,1.0,RF,Bag,쇼퍼백,OR,497000,497010,451818,286905,77558,209347
M,1.0,RF,Bag,숄더백,BQ,1972000,1961980,1783634,1134002,318545,815457
M,1.0,RF,Bag,크로스백,CR,7487000,6810610,6191475,3959346,1283695,2675651
M,1.0,RF,Bag,힙색,HS,99000,99000,90000,57600,16346,41254
M,1.0,RF,Headwear,방한모,WM,69000,69000,62727,39832,9877,29955
M,1.0,RF,Headwear,비니,BN,17005000,15607310,14188496,9015123,2378058,6637065
M,1.0,RF,Headwear,운동모,CP,88340000,81703980,74276283,47199812,14638588,32561224
M,1.0,RF,Headwear,햇,HT,1888000,1877950,1707268,1085506,258082,827424
M,1.0,RF,Shoes,런닝화,RN,1411000,1400970,1273634,812144,256285,555859
M,1.0,RF,Shoes,스니커즈,SX,31968000,31884020,28985680,18484145,5276676,13207469
M,1.0,RF,Shoes,신발,SH,47013000,42924330,39022092,24823196,9823494,14999702
M,1.0,RF,당시즌의류,다운점퍼,DJ,15907000,14722310,13383904,8529840,2814965,5714875
M,1.0,RF,당시즌의류,우븐팬츠,WP,874000,874040,794547,504537,168102,336435
M,1.0,RF,당시즌의류,팬츠,PT,1319000,1318960,1199087,761915,232812,529103
M,1.0,RF,차시즌의류,니트가디건,KC,1573000,1548890,1408107,895092,363329,531763
M,1.0,RF,차시즌의류,니트풀오버,KP,596000,596000,541820,344056,89035,255021
M,1.0,RF,차시즌의류,맨투맨,MT,3459000,3449370,3135844,1994372,577494,1416878
M,1.0,RF,차시즌의류,반팔카라티셔츠,TS,23304000,19394230,17631093,11269226,3909455,7359771
M,1.0,RF,차시즌의류,방풍자켓,WJ,3098000,3088010,2807272,1784789,618565,1166224
M,1.0,RF,차시즌의류,스커트,SK,99000,99010,90000,57150,16316,40834
M,1.0,RF,차시즌의류,우븐팬츠,WP,1519000,1519030,1380913,878774,260458,618316
M,1.0,RF,차시즌의류,점퍼,JP,6838000,6786110,6169159,3931907,1204760,2727147
M,1.0,RF,차시즌의류,진바지,DP,169000,169000,153636,98327,27823,70504
M,1.0,RF,차시즌의류,트레이닝(상의),TR,2313000,2312980,2102727,1336493,415527,920966
M,1.0,RF,차시즌의류,팬츠,PT,3431000,3413790,3103444,1975370,574780,1400590
M,1.0,RF,차시즌의류,폴로 티셔츠,PQ,556000,556040,505456,320964,82092,238872
M,1.0,RF,차시즌의류,후드티,HD,2244000,2244080,2040006,1296758,419309,877449
M,1.0,백화점,Acc_etc,기타,ET,1091100,1037350,943012,622047,205381,416666
M,1.0,백화점,Acc_etc,머플러(스카프),MF,2314000,1819080,1653646,1118249,230060,888189
M,1.0,백화점,Acc_etc,선글라스,GA,755000,739260,672052,462623,133005,329618
M,1.0,백화점,Acc_etc,양말,SO,3261000,3114920,2831778,1861620,562492,1299128
M,1.0,백화점,Acc_etc,장갑,GL,117000,110980,100890,66361,21042,45319
M,1.0,백화점,Acc_etc,캐리어(하드케이스),HH,269000,154000,140000,89600,84410,5190
M,1.0,백화점,Acc_etc,파우치,PO,3203000,3144030,2858129,1850058,598349,1251709
M,1.0,백화점,Bag,가방,BG,199000,139300,126636,81047,3658,77389
M,1.0,백화점,Bag,백팩,BK,1817000,1724560,1567782,1083074,292487,790587
M,1.0,백화점,Bag,버킷백,BM,12035000,11612760,10557038,6907642,1896398,5011244
M,1.0,백화점,Bag,쇼퍼백,OR,47177000,46533710,42303321,27195162,7099873,20095289
M,1.0,백화점,Bag,숄더백,BQ,186030000,185351970,168501767,108714097,29574042,79140055
M,1.0,백화점,Bag,크로스백,CR,11091000,10655570,9686897,6418874,1937843,4481031
M,1.0,백화점,Bag,힙색,HS,1425000,1425030,1295456,840982,203582,637400
M,1.0,백화점,Headwear,방한모,WM,7877000,7626600,6933249,4499215,1153833,3345382
M,1.0,백화점,Headwear,비니,BN,51581000,48137310,43761311,28377178,7176649,21200529
M,1.0,백화점,Headwear,운동모,CP,296887000,290084610,263712589,172041215,47189514,124851701
M,1.0,백화점,Headwear,햇,HT,11544000,10907030,9915538,6459390,1481116,4978274
M,1.0,백화점,Shoes,런닝화,RN,64279000,60953900,55412533,36086611,13550619,22535992
M,1.0,백화점,Shoes,뮬,MU,790000,395000,359090,228030,137688,90342
M,1.0,백화점,Shoes,방한화,WB,13293000,12759240,11599305,7630618,2295045,5335573
M,1.0,백화점,Shoes,스니커즈,SX,432197000,399491780,363174242,234006061,75377193,158628868
M,1.0,백화점,Shoes,슬리퍼,LP,649000,648990,589996,376794,116039,260755
M,1.0,백화점,Shoes,신발,SH,215584000,191800490,174363971,112687506,39591853,73095653
M,1.0,백화점,과시즌의류,니트가디건,KC,4179000,2089510,1899547,1251441,126903,1124538
M,1.0,백화점,과시즌의류,맨투맨,MT,109000,54500,49546,40842,12965,27877
M,1.0,백화점,과시즌의류,반팔카라티셔츠,TS,-99000,-49500,-45000,-28575,-3030,-25545
M,1.0,백화점,과시즌의류,원피스,OP,139000,69500,63182,39805,16548,23257
M,1.0,백화점,과시즌의류,트레이닝(상의),TR,258000,129000,117272,75054,30593,44461
M,1.0,백화점,당시즌의류,니트가디건,KC,498000,498000,452728,289746,77321,212425
M,1.0,백화점,당시즌의류,니트풀오버,KP,189000,189000,171819,109964,37123,72841
M,1.0,백화점,당시즌의류,다운베스트,DV,8502000,7927530,7206842,4689616,1647267,3042349
M,1.0,백화점,당시즌의류,다운점퍼,DJ,222748000,203544540,185040376,120959767,39753759,81206008
M,1.0,백화점,당시즌의류,맨투맨,MT,6662000,6477570,5888652,3836215,1161677,2674538
M,1.0,백화점,당시즌의류,반팔카라티셔츠,TS,-79000,-79000,-71819,-45964,-13707,-32257
M,1.0,백화점,당시즌의류,스커트,SK,149000,148990,135454,87368,29384,57984
M,1.0,백화점,당시즌의류,우븐셔츠,WS,845000,828730,753407,489168,146677,342491
M,1.0,백화점,당시즌의류,우븐팬츠,WP,5483000,5263360,4784862,3151983,1060461,2091522
M,1.0,백화점,당시즌의류,진바지,DP,537000,455830,414391,264321,99623,164698
M,1.0,백화점,당시즌의류,진스커트,DS,447000,447000,406364,258718,72081,186637
M,1.0,백화점,당시즌의류,트레이닝(상의),TR,1688000,1593650,1448753,958021,312021,646000
M,1.0,백화점,당시즌의류,패딩,PD,5572000,5073810,4612565,3086010,1145397,1940613
M,1.0,백화점,당시즌의류,팬츠,PT,20042000,19397280,17633880,11601706,3530132,8071574
M,1.0,백화점,당시즌의류,폴라폴리스점퍼,FD,1673000,1534790,1395267,914171,291192,622979
M,1.0,백화점,당시즌의류,후드티,HD,5992000,5859190,5326525,3509345,1095749,2413596
M,1.0,백화점,차시즌의류,니트가디건,KC,9697000,9293710,8448836,5498775,2200568,3298207
M,1.0,백화점,차시즌의류,니트풀오버,KP,1033000,1023010,930000,599450,160659,438791
M,1.0,백화점,차시즌의류,데님셔츠,DR,1055000,1038280,943889,606879,174319,432560
M,1.0,백화점,차시즌의류,맨투맨,MT,41638000,40427610,36752375,24094969,6918769,17176200
M,1.0,백화점,차시즌의류,반팔카라티셔츠,TS,131489000,127207980,115643546,75593635,22208255,53385380
M,1.0,백화점,차시즌의류,방풍자켓,WJ,47140000,45033210,40939261,26536071,8579802,17956269
M,1.0,백화점,차시즌의류,스커트,SK,1485000,1465940,1332655,861734,244743,616991
M,1.0,백화점,차시즌의류,우븐셔츠,WS,5577000,5090670,4627895,2992159,1115269,1876890
M,1.0,백화점,차시즌의류,우븐팬츠,WP,22587000,22109520,20099516,13275067,3868966,9406101
M,1.0,백화점,차시즌의류,점퍼,JP,45809000,44618570,40562342,26536729,8247453,18289276
M,1.0,백화점,차시즌의류,진바지,DP,2506000,2506000,2278181,1524662,412025,1112637
M,1.0,백화점,차시즌의류,진스커트,DS,159000,159000,144545,92509,24842,67667
M,1.0,백화점,차시즌의류,진자켓,DK,478000,478000,434546,288973,73268,215705
M,1.0,백화점,차시즌의류,트레이닝(상의),TR,18960000,18454600,16776896,11106113,3236075,7870038
M,1.0,백화점,차시즌의류,팬츠,PT,41206000,40103070,36457252,24055348,7147388,16907960
M,1.0,백화점,차시즌의류,폴로 티셔츠,PQ,695000,621680,565168,370553,102615,267938
M,1.0,백화점,차시즌의류,후드티,HD,19820000,19203860,17458039,11301675,3622758,7678917
M,2.0,면세점,Acc_etc,기타,ET,291000,291000,264543,164019,55177,108842
M,2.0,면세점,Acc_etc,머플러(스카프),MF,564000,564000,512727,317891,64077,253814
M,2.0,면세점,Acc_etc,양말,SO,1304700,1304780,1186090,735356,235157,500199
M,2.0,면세점,Acc_etc,파우치,PO,1224000,1224000,1112720,689886,214404,475482
M,2.0,면세점,Bag,가방,BG,491210000,245844220,223494758,138566504,9026479,129540025
M,2.0,면세점,Bag,백팩,BK,2631000,2631000,2391819,1482925,431860,1051065
M,2.0,면세점,Bag,버킷백,BM,72496000,72496080,65905563,40861316,10873596,29987720
M,2.0,면세점,Bag,쇼퍼백,OR,17245000,17244980,15677250,9719894,2754898,6964996
M,2.0,면세점,Bag,숄더백,BQ,58416000,58415930,53105359,32925268,9225487,23699781
M,2.0,면세점,Bag,크로스백,CR,21383000,21382990,19439085,12052210,3707396,8344814
M,2.0,면세점,Bag,힙색,HS,3267000,3267000,2970000,1841400,511327,1330073
M,2.0,면세점,Headwear,방한모,WM,760000,760000,690907,428362,113291,315071
M,2.0,면세점,Headwear,비니,BN,125098000,125098250,113725730,70508874,17501920,53006954
M,2.0,면세점,Headwear,운동모,CP,2050244000,2050234410,1863849909,1155594493,341853390,813741103
M,2.0,면세점,Headwear,햇,HT,19864000,19864000,18058120,11196058,2597767,8598291
M,2.0,면세점,Shoes,런닝화,RN,35170000,35170000,31972581,19822989,7655329,12167660
M,2.0,면세점,Shoes,뮬,MU,7410000,3704950,3368130,2088252,1313709,774543
M,2.0,면세점,Shoes,방한화,WB,1497000,1497000,1360908,843763,232241,611522
M,2.0,면세점,Shoes,스니커즈,SX,224516000,210626530,191478327,118716425,38600814,80115611
M,2.0,면세점,Shoes,신발,SH,159266000,138164030,125603611,77874213,29568284,48305929
M,2.0,면세점,당시즌의류,다운베스트,DV,2847000,2847000,2588183,1604676,535262,1069414
M,2.0,면세점,당시즌의류,다운점퍼,DJ,127622000,127622020,116019976,71932415,22017905,49914510
M,2.0,면세점,당시즌의류,맨투맨,MT,645000,645000,586365,363545,115908,247637
M,2.0,면세점,당시즌의류,우븐팬츠,WP,149000,149000,135455,83982,28451,55531
M,2.0,면세점,당시즌의류,진스커트,DS,149000,149000,135455,83982,24027,59955
M,2.0,면세점,당시즌의류,트레이닝(상의),TR,447000,447000,406365,251946,78139,173807
M,2.0,면세점,당시즌의류,패딩,PD,995000,995000,904545,560820,204535,356285
M,2.0,면세점,당시즌의류,팬츠,PT,2370000,2370000,2154548,1335815,418644,917171
M,2.0,면세점,당시즌의류,후드티,HD,377000,377000,342727,212491,68696,143795
M,2.0,면세점,차시즌의류,데님셔츠,DR,4020000,4020000,3654544,2265816,665577,1600239
M,2.0,면세점,차시즌의류,맨투맨,MT,15580000,15580000,14163652,8781460,2367080,6414380
M,2.0,면세점,차시즌의류,반팔카라티셔츠,TS,953258000,953269220,866608232,537294950,161060553,376234397
M,2.0,면세점,차시즌의류,방풍자켓,WJ,43522000,43522010,39565455,24530604,7929856,16600748
M,2.0,면세점,차시즌의류,우븐팬츠,WP,1807000,1807000,1642719,1018485,306270,712215
M,2.0,면세점,차시즌의류,점퍼,JP,8225000,8225000,7477275,4635900,1467200,3168700
M,2.0,면세점,차시즌의류,진바지,DP,1094000,1094000,994544,616616,188828,427788
M,2.0,면세점,차시즌의류,진자켓,DK,1773000,1773000,1611821,999328,267363,731965
M,2.0,면세점,차시즌의류,트레이닝(상의),TR,476000,476000,432728,268292,83848,184444
M,2.0,면세점,차시즌의류,팬츠,PT,891000,891000,810000,502200,149512,352688
M,2.0,면세점,차시즌의류,폴로 티셔츠,PQ,1529000,1529000,1389993,861795,225753,636042
M,2.0,면세점,차시즌의류,후드티,HD,1386000,1386000,1260000,781200,260796,520404
M,3.0,RF,Acc_etc,기타,ET,400000,400000,363632,363632,79784,283848
M,3.0,RF,Acc_etc,머플러(스카프),MF,297000,297000,270000,270000,30919,239081
M,3.0,RF,Acc_etc,양말,SO,164100,164100,149181,149181,30176,119005
M,3.0,RF,Acc_etc,파우치,PO,2001000,2001010,1819098,1819098,380616,1438482
M,3.0,RF,Bag,버킷백,BM,526000,526000,478181,478181,82632,395549
M,3.0,RF,Bag,쇼퍼백,OR,278000,278000,252728,252728,46150,206578
M,3.0,RF,Bag,숄더백,BQ,4644000,3426300,3114819,3114819,676182,2438637
M,3.0,RF,Bag,크로스백,CR,595000,595000,540910,540910,107699,433211
M,3.0,RF,Headwear,방한모,WM,1411000,1401000,1273632,1273632,203771,1069861
M,3.0,RF,Headwear,비니,BN,15248000,12058940,10962689,10962689,2175135,8787554
M,3.0,RF,Headwear,운동모,CP,318423000,228850710,208046030,208046030,52896636,155149394
M,3.0,RF,Headwear,햇,HT,1947000,1611000,1464547,1464547,240728,1223819
M,3.0,RF,Shoes,런닝화,RN,1023000,1023000,930002,930002,209937,720065
M,3.0,RF,Shoes,방한화,WB,773000,773000,702728,702728,130371,572357
M,3.0,RF,Shoes,스니커즈,SX,7650000,7642130,6947391,6947391,1266212,5681179
M,3.0,RF,Shoes,신발,SH,3974000,3974000,3612727,3612727,724045,2888682
M,3.0,RF,당시즌의류,다운베스트,DV,458000,458000,416364,416364,94150,322214
M,3.0,RF,당시즌의류,다운점퍼,DJ,7954000,7954000,7230903,7230903,1382342,5848561
M,3.0,RF,당시즌의류,맨투맨,MT,99000,99000,90000,90000,16624,73376
M,3.0,RF,당시즌의류,우븐셔츠,WS,169000,169000,153636,153636,28526,125110
M,3.0,RF,당시즌의류,트레이닝(상의),TR,298000,298000,270909,270909,55055,215854
M,3.0,RF,당시즌의류,패딩,PD,199000,199000,180909,180909,40907,140002
M,3.0,RF,당시즌의류,팬츠,PT,496000,486160,441962,441962,78942,363020
M,3.0,RF,당시즌의류,후드티,HD,119000,119000,108182,108182,23053,85129
M,3.0,RF,차시즌의류,니트가디건,KC,448000,448000,407273,407273,98630,308643
M,3.0,RF,차시즌의류,데님셔츠,DR,408000,408000,370909,370909,65346,305563
M,3.0,RF,차시즌의류,맨투맨,MT,1734000,1734000,1576365,1576365,279922,1296443
M,3.0,RF,차시즌의류,반팔카라티셔츠,TS,1940000,1940000,1763635,1763635,317602,1446033
M,3.0,RF,차시즌의류,방풍자켓,WJ,1644000,1644000,1494546,1494546,353333,1141213
M,3.0,RF,차시즌의류,우븐팬츠,WP,963000,963000,875457,875457,165725,709732
M,3.0,RF,차시즌의류,점퍼,JP,1784000,1784000,1621818,1621818,316372,1305446
M,3.0,RF,차시즌의류,진바지,DP,905000,905000,822726,822726,151388,671338
M,3.0,RF,차시즌의류,진자켓,DK,239000,239000,217273,217273,36634,180639
M,3.0,RF,차시즌의류,트레이닝(상의),TR,844000,844000,767273,767273,144833,622440
M,3.0,RF,차시즌의류,팬츠,PT,912000,912000,829092,829092,155342,673750
M,3.0,RF,차시즌의류,후드티,HD,1866000,1859160,1690148,1690148,340047,1350101
M,3.0,직영점(가두),Acc_etc,기타,ET,1357700,1343600,1221444,1221444,249746,971698
M,3.0,직영점(가두),Acc_etc,머플러(스카프),MF,495000,485000,440909,440909,51532,389377
M,3.0,직영점(가두),Acc_etc,선글라스,GA,3616000,3616000,3287270,3287270,638426,2648844
M,3.0,직영점(가두),Acc_etc,양말,SO,1742900,1739530,1581359,1581359,297944,1283415
M,3.0,직영점(가두),Acc_etc,장갑,GL,156000,156000,141820,141820,28058,113762
M,3.0,직영점(가두),Acc_etc,파우치,PO,4859000,4829000,4389988,4389988,874663,3515325
M,3.0,직영점(가두),Bag,가방,BG,199000,139300,126636,126636,3658,122978
M,3.0,직영점(가두),Bag,백팩,BK,586000,586000,532727,532727,100471,432256
M,3.0,직영점(가두),Bag,버킷백,BM,6303000,6303000,5729999,5729999,969244,4760755
M,3.0,직영점(가두),Bag,쇼퍼백,OR,3974000,3974000,3612723,3612723,637454,2975269
M,3.0,직영점(가두),Bag,숄더백,BQ,19621000,18700230,17000181,17000181,3125935,13874246
M,3.0,직영점(가두),Bag,크로스백,CR,7402000,7392000,6719983,6719983,1380191,5339792
M,3.0,직영점(가두),Headwear,방한모,WM,6346000,6336000,5759982,5759982,919384,4840598
M,3.0,직영점(가두),Headwear,비니,BN,59316000,56196750,51087811,51087811,8601468,42486343
M,3.0,직영점(가두),Headwear,운동모,CP,495211000,403400190,366726759,366726759,79088088,287638671
M,3.0,직영점(가두),Headwear,햇,HT,5234000,5210180,4736527,4736527,700527,4036000
M,3.0,직영점(가두),Shoes,런닝화,RN,11382000,11334410,10303998,10303998,2304780,7999218
M,3.0,직영점(가두),Shoes,방한화,WB,7873000,7873000,7157264,7157264,1414481,5742783
M,3.0,직영점(가두),Shoes,스니커즈,SX,74726000,74653350,67866585,67866585,12314745,55551840
M,3.0,직영점(가두),Shoes,신발,SH,31018000,30953400,28139443,28139443,5543857,22595586
M,3.0,직영점(가두),과시즌의류,탱크탑,TK,59000,59000,53636,53636,12615,41021
M,3.0,직영점(가두),당시즌의류,다운베스트,DV,1891000,1807400,1643091,1643091,365952,1277139
M,3.0,직영점(가두),당시즌의류,다운점퍼,DJ,72271000,71516200,65014689,65014689,12651082,52363607
M,3.0,직영점(가두),당시즌의류,맨투맨,MT,931000,931000,846360,846360,159650,686710
M,3.0,직영점(가두),당시즌의류,우븐팬츠,WP,3784000,3784000,3439997,3439997,726884,2713113
M,3.0,직영점(가두),당시즌의류,진바지,DP,179000,179000,162727,162727,32025,130702
M,3.0,직영점(가두),당시즌의류,트레이닝(상의),TR,854000,846360,769421,769421,157755,611666
M,3.0,직영점(가두),당시즌의류,패딩,PD,3980000,3940200,3581998,3581998,818148,2763850
M,3.0,직영점(가두),당시즌의류,팬츠,PT,4256000,4256000,3869083,3869083,728853,3140230
M,3.0,직영점(가두),당시즌의류,폴라폴리스점퍼,FD,199000,199000,180909,180909,38475,142434
M,3.0,직영점(가두),당시즌의류,후드티,HD,754000,754000,685454,685454,131541,553913
M,3.0,직영점(가두),차시즌의류,니트가디건,KC,6023000,6023000,5475446,5475446,1217813,4257633
M,3.0,직영점(가두),차시즌의류,니트풀오버,KP,278000,278000,252728,252728,44578,208150
M,3.0,직영점(가두),차시즌의류,데님셔츠,DR,1881000,1881000,1709997,1709997,303407,1406590
M,3.0,직영점(가두),차시즌의류,맨투맨,MT,15103000,15084790,13713419,13713419,2531047,11182372
M,3.0,직영점(가두),차시즌의류,반팔카라티셔츠,TS,22966000,22924250,20840152,20840152,3757260,17082892
M,3.0,직영점(가두),차시즌의류,방풍자켓,WJ,12323000,12290870,11173508,11173508,2216157,8957351
M,3.0,직영점(가두),차시즌의류,스커트,SK,495000,495000,450000,450000,81582,368418
M,3.0,직영점(가두),차시즌의류,우븐셔츠,WS,507000,507000,460908,460908,101388,359520
M,3.0,직영점(가두),차시즌의류,우븐팬츠,WP,4944000,4940990,4491810,4491810,850200,3641610
M,3.0,직영점(가두),차시즌의류,점퍼,JP,29315000,29232620,26575094,26575094,5239719,21335375
M,3.0,직영점(가두),차시즌의류,진바지,DP,2059000,2059000,1871816,1871816,347139,1524677
M,3.0,직영점(가두),차시즌의류,진자켓,DK,1574000,1574000,1430907,1430907,257481,1173426
M,3.0,직영점(가두),차시즌의류,트레이닝(상의),TR,9860000,9850000,8954526,8954526,1748889,7205637
M,3.0,직영점(가두),차시즌의류,팬츠,PT,15387000,15366990,13969973,13969973,2663922,11306051
M,3.0,직영점(가두),차시즌의류,폴로 티셔츠,PQ,278000,278000,252728,252728,41046,211682
M,3.0,직영점(가두),차시즌의류,후드티,HD,9566000,9544310,8676641,8676641,1753882,6922759
M,4.0,RF,Bag,쇼퍼백,OR,1790000,1127700,1025182,1025182,266059,759123
M,4.0,RF,Bag,숄더백,BQ,1980000,1247400,1134000,1134000,299880,834120
M,4.0,RF,Bag,크로스백,CR,1390000,875700,796091,796091,231694,564397
M,4.0,RF,Headwear,운동모,CP,79440000,50047200,45497460,45497460,11786810,33710650
M,4.0,RF,Headwear,햇,HT,1060000,667800,607090,607090,152777,454313
M,4.0,RF,Shoes,스니커즈,SX,53221000,33529230,30481115,30481115,9882464,20598651
M,4.0,RF,Shoes,신발,SH,16632000,10478160,9525600,9525600,3557675,5967925
M,4.0,자사몰,Acc_etc,기타,ET,71800,71894,69870,69870,12424,57446
M,4.0,자사몰,Acc_etc,선글라스,GA,308000,308000,280000,280000,53202,226798
M,4.0,자사몰,Acc_etc,양말,SO,415700,387247,359896,359896,69270,290626
M,4.0,자사몰,Acc_etc,캐리어(하드케이스),HH,269000,188300,171182,171182,84410,86772
M,4.0,자사몰,Acc_etc,파우치,PO,385000,315855,292377,292377,63881,228496
M,4.0,자사몰,Bag,가방,BG,199000,139300,126636,126636,3658,122978
M,4.0,자사몰,Bag,버킷백,BM,318000,251840,228945,228945,48846,180099
M,4.0,자사몰,Bag,쇼퍼백,OR,793000,670528,623566,623566,137338,486228
M,4.0,자사몰,Bag,숄더백,BQ,4264000,2898369,2671343,2671343,409428,2261915
M,4.0,자사몰,Bag,크로스백,CR,1527000,1435525,1326708,1326708,261700,1065008
M,4.0,자사몰,Bag,힙색,HS,297000,282000,256364,256364,49038,207326
M,4.0,자사몰,Headwear,방한모,WM,413000,253410,230372,230372,49730,180642
M,4.0,자사몰,Headwear,비니,BN,19317000,16360550,14873216,14873216,2763489,12109727
M,4.0,자사몰,Headwear,운동모,CP,36216000,30670851,27950647,27950647,5865024,22085623
M,4.0,자사몰,Headwear,햇,HT,726000,643000,584542,584542,87704,496838
M,4.0,자사몰,Shoes,런닝화,RN,7150000,6638309,6077461,6077461,1547280,4530181
M,4.0,자사몰,Shoes,뮬,MU,650000,297498,278797,278797,115237,163560
M,4.0,자사몰,Shoes,방한화,WB,1239000,1070850,973498,973498,234182,739316
M,4.0,자사몰,Shoes,샌들,SD,-221000,-66778,-52978,-52978,5592,-58570
M,4.0,자사몰,Shoes,스니커즈,SX,11275000,9742584,8959413,8959413,1896080,7063333
M,4.0,자사몰,Shoes,슬리퍼,LP,59000,96584,100245,100245,20221,80024
M,4.0,자사몰,Shoes,신발,SH,17212000,11626404,10676399,10676399,2894719,7781680
M,4.0,자사몰,과시즌의류,레깅스,LG,89000,79070,71882,71882,14835,57047
M,4.0,자사몰,과시즌의류,맨투맨,MT,386000,175880,159891,159891,36515,123376
M,4.0,자사몰,과시즌의류,반팔카라티셔츠,TS,69000,33500,30455,30455,10365,20090
M,4.0,자사몰,과시즌의류,팬츠,PT,99000,44500,40455,40455,11833,28622
M,4.0,자사몰,과시즌의류,후드티,HD,357000,294690,267900,267900,32119,235781
M,4.0,자사몰,당시즌의류,니트풀오버,KP,189000,167000,151818,151818,37123,114695
M,4.0,자사몰,당시즌의류,다운베스트,DV,179000,157000,142728,142728,54124,88604
M,4.0,자사몰,당시즌의류,다운점퍼,DJ,6353000,5700020,5181829,5181829,1143270,4038559
M,4.0,자사몰,당시즌의류,맨투맨,MT,941000,892260,811147,811147,165103,646044
M,4.0,자사몰,당시즌의류,우븐셔츠,WS,169000,163120,148291,148291,28526,119765
M,4.0,자사몰,당시즌의류,우븐팬츠,WP,1758000,1661590,1510537,1510537,330589,1179948
M,4.0,자사몰,당시즌의류,점퍼,JP,837000,765020,695472,695472,159326,536146
M,4.0,자사몰,당시즌의류,진바지,DP,0,-8000,-7273,-7273,0,-7273
M,4.0,자사몰,당시즌의류,트레이닝(상의),TR,258000,238000,216364,216364,47380,168984
M,4.0,자사몰,당시즌의류,패딩,PD,1990000,1695960,1541781,1541781,409074,1132707
M,4.0,자사몰,당시즌의류,팬츠,PT,2657000,2463410,2239463,2239463,463837,1775626
M,4.0,자사몰,당시즌의류,폴라폴리스점퍼,FD,179000,179000,162727,162727,27780,134947
M,4.0,자사몰,당시즌의류,후드티,HD,535000,536600,487819,487819,106602,381217
M,4.0,자사몰,차시즌의류,니트가디건,KC,438000,406000,369091,369091,66928,302163
M,4.0,자사몰,차시즌의류,니트풀오버,KP,169000,165000,150000,150000,26067,123933
M,4.0,자사몰,차시즌의류,맨투맨,MT,3714000,3565522,3253669,3253669,621046,2632623
M,4.0,자사몰,차시즌의류,반팔카라티셔츠,TS,2981000,2876242,2636887,2636887,486872,2150015
M,4.0,자사몰,차시즌의류,방풍자켓,WJ,6249000,5936980,5397254,5397254,1124030,4273224
M,4.0,자사몰,차시즌의류,스커트,SK,99000,99000,90000,90000,16316,73684
M,4.0,자사몰,차시즌의류,우븐셔츠,WS,169000,168000,152727,152727,33796,118931
M,4.0,자사몰,차시즌의류,우븐팬츠,WP,576000,567700,516092,516092,97264,418828
M,4.0,자사몰,차시즌의류,점퍼,JP,2741000,2605660,2368781,2368781,445195,1923586
M,4.0,자사몰,차시즌의류,진바지,DP,169000,160060,145509,145509,28527,116982
M,4.0,자사몰,차시즌의류,진자켓,DK,20000,16000,14545,14545,2184,12361
M,4.0,자사몰,차시즌의류,트레이닝(상의),TR,2086000,2040470,1854974,1854974,353722,1501252
M,4.0,자사몰,차시즌의류,팬츠,PT,1726000,1600350,1454864,1454864,300433,1154431
M,4.0,자사몰,차시즌의류,후드티,HD,3939000,3763840,3421675,3421675,712516,2709159
M,5.0,제휴몰,Acc_etc,기타,ET,508000,508000,461817,461817,92687,369130
M,5.0,제휴몰,Acc_etc,머플러(스카프),MF,267000,267000,242727,242727,33158,209569
M,5.0,제휴몰,Acc_etc,선글라스,GA,149000,149000,135455,135455,26601,108854
M,5.0,제휴몰,Acc_etc,양말,SO,565100,565100,513725,513725,98579,415146
M,5.0,제휴몰,Acc_etc,파우치,PO,658000,658000,598188,598188,112031,486157
M,5.0,제휴몰,Bag,가방,BG,119000,119000,108182,108182,1653,106529
M,5.0,제휴몰,Bag,백팩,BK,129000,129000,117273,117273,20029,97244
M,5.0,제휴몰,Bag,버킷백,BM,169000,169000,153636,153636,28303,125333
M,5.0,제휴몰,Bag,쇼퍼백,OR,1320000,1254600,1140547,1140547,220443,920104
M,5.0,제휴몰,Bag,숄더백,BQ,7028000,6069800,5518000,5518000,1008711,4509289
M,5.0,제휴몰,Bag,크로스백,CR,2433000,2433000,2211816,2211816,456534,1755282
M,5.0,제휴몰,Bag,힙색,HS,198000,198000,180000,180000,27584,152416
M,5.0,제휴몰,Headwear,방한모,WM,2399000,2399000,2180903,2180903,335161,1845742
M,5.0,제휴몰,Headwear,비니,BN,41442000,41441960,37674556,37674556,5843131,31831425
M,5.0,제휴몰,Headwear,운동모,CP,153871000,153851000,139864541,139864541,25324702,114539839
M,5.0,제휴몰,Headwear,햇,HT,2327000,2327000,2115449,2115449,294354,1821095
M,5.0,제휴몰,Shoes,런닝화,RN,10137000,10137000,9215473,9215473,2183228,7032245
M,5.0,제휴몰,Shoes,뮬,MU,3993000,1996490,1814973,1814973,707435,1107538
M,5.0,제휴몰,Shoes,방한화,WB,4132000,4167700,3788822,3788822,720914,3067908
M,5.0,제휴몰,Shoes,샌들,SD,540000,511500,465000,465000,49029,415971
M,5.0,제휴몰,Shoes,스니커즈,SX,86466000,84973520,77248690,77248690,14505948,62742742
M,5.0,제휴몰,Shoes,슬리퍼,LP,236000,236000,214544,214544,42196,172348
M,5.0,제휴몰,Shoes,신발,SH,62340000,45426890,41297192,41297192,11029120,30268072
M,5.0,제휴몰,과시즌의류,맨투맨,MT,1474000,737000,670005,670005,71882,598123
M,5.0,제휴몰,과시즌의류,탱크탑,TK,177000,177000,160908,160908,37846,123062
M,5.0,제휴몰,과시즌의류,팬츠,PT,0,0,0,0,0,0
M,5.0,제휴몰,당시즌의류,다운베스트,DV,1115000,1115000,1013637,1013637,202509,811128
M,5.0,제휴몰,당시즌의류,다운점퍼,DJ,91841000,91841000,83491788,83491788,16344406,67147382
M,5.0,제휴몰,당시즌의류,맨투맨,MT,1674000,1674000,1521819,1521819,297074,1224745
M,5.0,제휴몰,당시즌의류,반팔카라티셔츠,TS,79000,79000,71818,71818,13707,58111
M,5.0,제휴몰,당시즌의류,스커트,SK,149000,149000,135455,135455,29384,106071
M,5.0,제휴몰,당시즌의류,우븐팬츠,WP,4499000,4499000,4090010,4090010,840181,3249829
M,5.0,제휴몰,당시즌의류,원피스,OP,258000,258000,234546,234546,51397,183149
M,5.0,제휴몰,당시즌의류,진바지,DP,358000,358000,325454,325454,65009,260445
M,5.0,제휴몰,당시즌의류,트레이닝(상의),TR,2421000,2421000,2200911,2200911,443122,1757789
M,5.0,제휴몰,당시즌의류,패딩,PD,19104000,19104000,17367264,17367264,3927112,13440152
M,5.0,제휴몰,당시즌의류,팬츠,PT,5470000,5470000,4972731,4972731,951654,4021077
M,5.0,제휴몰,당시즌의류,폴라폴리스점퍼,FD,478000,478000,434545,434545,77110,357435
M,5.0,제휴몰,당시즌의류,후드티,HD,2222000,2222000,2020004,2020004,399306,1620698
M,5.0,제휴몰,차시즌의류,니트가디건,KC,438000,438000,398182,398182,66928,331254
M,5.0,제휴몰,차시즌의류,맨투맨,MT,7677000,7677000,6979086,6979086,1298454,5680632
M,5.0,제휴몰,차시즌의류,반팔카라티셔츠,TS,3630000,3630000,3299986,3299986,595556,2704430
M,5.0,제휴몰,차시즌의류,방풍자켓,WJ,4308000,4308000,3916361,3916361,769597,3146764
M,5.0,제휴몰,차시즌의류,스커트,SK,99000,99000,90000,90000,16316,73684
M,5.0,제휴몰,차시즌의류,우븐셔츠,WS,676000,676000,614544,614544,135184,479360
M,5.0,제휴몰,차시즌의류,우븐팬츠,WP,536000,536000,487274,487274,92791,394483
M,5.0,제휴몰,차시즌의류,점퍼,JP,3987000,3987000,3624545,3624545,695486,2929059
M,5.0,제휴몰,차시즌의류,진바지,DP,716000,716000,650908,650908,119745,531163
M,5.0,제휴몰,차시즌의류,진스커트,DS,159000,159000,144545,144545,24842,119703
M,5.0,제휴몰,차시즌의류,트레이닝(상의),TR,1876000,1876000,1705457,1705457,326853,1378604
M,5.0,제휴몰,차시즌의류,팬츠,PT,3371000,3371000,3064550,3064550,589154,2475396
M,5.0,제휴몰,차시즌의류,후드티,HD,4194000,4194000,3812733,3812733,774897,3037836
M,6.0,RF,Acc_etc,기타,ET,112000,109600,99635,64047,21675,42372
M,6.0,RF,Acc_etc,머플러(스카프),MF,168000,148200,134727,86040,22852,63188
M,6.0,RF,Acc_etc,양말,SO,248700,248700,226089,143034,43584,99450
M,6.0,RF,Acc_etc,장갑,GL,39000,39000,35455,23400,7014,16386
M,6.0,RF,Acc_etc,파우치,PO,301000,286600,260545,159965,50142,109823
M,6.0,RF,Bag,버킷백,BM,1439000,1385400,1259454,825947,221887,604060
M,6.0,RF,Bag,쇼퍼백,OR,3609000,3072000,2792729,1749658,556095,1193563
M,6.0,RF,Bag,숄더백,BQ,2529000,2217400,2015818,1286568,406010,880558
M,6.0,RF,Bag,크로스백,CR,1140000,1021000,928179,594628,203990,390638
M,6.0,RF,Bag,힙색,HS,495000,415800,378000,237960,76622,161338
M,6.0,RF,Headwear,방한모,WM,809000,749800,681635,439972,120841,319131
M,6.0,RF,Headwear,비니,BN,6801000,6039970,5490885,3623994,957297,2666697
M,6.0,RF,Headwear,운동모,CP,50481000,42032610,38211410,24399284,7407060,16992224
M,6.0,RF,Headwear,햇,HT,1284000,1205600,1095997,719395,162849,556546
M,6.0,RF,Shoes,런닝화,RN,4659000,4285400,3895823,2554406,896304,1658102
M,6.0,RF,Shoes,방한화,WB,357000,357000,324546,214200,65776,148424
M,6.0,RF,Shoes,스니커즈,SX,54314000,45134460,41031349,26545862,9329962,17215900
M,6.0,RF,Shoes,신발,SH,53235000,43089680,39172432,25510542,10853106,14657436
M,6.0,RF,당시즌의류,다운베스트,DV,637000,593200,539272,334418,125095,209323
M,6.0,RF,당시즌의류,다운점퍼,DJ,16851000,15674300,14249362,9274908,2987433,6287475
M,6.0,RF,당시즌의류,맨투맨,MT,515000,495200,450182,294240,88137,206103
M,6.0,RF,당시즌의류,우븐팬츠,WP,447000,447000,406365,251946,87726,164220
M,6.0,RF,당시즌의류,진바지,DP,537000,501200,455636,303324,97034,206290
M,6.0,RF,당시즌의류,패딩,PD,597000,537300,488454,311706,122721,188985
M,6.0,RF,당시즌의류,팬츠,PT,1597000,1424400,1294910,823042,293392,529650
M,6.0,RF,당시즌의류,폴라폴리스점퍼,FD,717000,677200,615637,400531,137262,263269
M,6.0,RF,당시즌의류,후드티,HD,238000,238000,216364,142800,47036,95764
M,6.0,RF,차시즌의류,니트가디건,KC,438000,438000,398182,250855,66928,183927
M,6.0,RF,차시즌의류,니트풀오버,KP,308000,280200,254727,164076,46896,117180
M,6.0,RF,차시즌의류,맨투맨,MT,2228000,2016000,1832726,1175565,368273,807292
M,6.0,RF,차시즌의류,반팔카라티셔츠,TS,4839000,4176050,3796400,2407588,808060,1599528
M,6.0,RF,차시즌의류,방풍자켓,WJ,1355000,1201600,1092364,711985,258144,453841
M,6.0,RF,차시즌의류,스커트,SK,99000,99000,90000,59400,16316,43084
M,6.0,RF,차시즌의류,우븐셔츠,WS,338000,338000,307272,202800,67592,135208
M,6.0,RF,차시즌의류,우븐팬츠,WP,814000,788200,716547,474796,139801,334995
M,6.0,RF,차시즌의류,점퍼,JP,7237000,6642800,6038910,3882943,1272484,2610459
M,6.0,RF,차시즌의류,진바지,DP,338000,270400,245818,152408,57055,95353
M,6.0,RF,차시즌의류,트레이닝(상의),TR,1052000,893200,812000,518886,176415,342471
M,6.0,RF,차시즌의류,팬츠,PT,2439000,2101470,1910427,1217898,430158,787740
M,6.0,RF,차시즌의류,폴로 티셔츠,PQ,417000,389200,353819,229476,61569,167907
M,6.0,RF,차시즌의류,후드티,HD,2134000,1919600,1745089,1117855,383820,734035
M,6.0,대리점,Acc_etc,기타,ET,559700,552770,502522,324466,106679,217787
M,6.0,대리점,Acc_etc,머플러(스카프),MF,900000,880000,800000,516763,109781,406982
M,6.0,대리점,Acc_etc,선글라스,GA,318000,169320,153922,100050,53202,46848
M,6.0,대리점,Acc_etc,양말,SO,2284500,2231600,2028676,1309728,392485,917243
M,6.0,대리점,Acc_etc,파우치,PO,899000,885700,805184,516512,167424,349088
M,6.0,대리점,Bag,가방,BG,199000,139300,126637,89912,3658,86254
M,6.0,대리점,Bag,백팩,BK,1242000,1054660,958783,624912,205564,419348
M,6.0,대리점,Bag,버킷백,BM,5728000,5531220,5028388,3186049,896666,2289383
M,6.0,대리점,Bag,쇼퍼백,OR,18911000,18474870,16795351,10794892,2905403,7889489
M,6.0,대리점,Bag,숄더백,BQ,91279000,90131090,81937346,51738045,14550872,37187173
M,6.0,대리점,Bag,크로스백,CR,8876000,8363620,7603294,4905072,1499753,3405319
M,6.0,대리점,Bag,힙색,HS,653000,646520,587748,376464,100304,276160
M,6.0,대리점,Headwear,방한모,WM,1708000,1665940,1514485,972736,253208,719528
M,6.0,대리점,Headwear,비니,BN,38493000,36213960,32921794,20821811,5384820,15436991
M,6.0,대리점,Headwear,운동모,CP,567992000,548353590,498502832,307433070,95052021,212381049
M,6.0,대리점,Headwear,햇,HT,3705000,3545870,3223516,2059084,468111,1590973
M,6.0,대리점,Shoes,런닝화,RN,41809000,40379600,36708709,23544783,8684804,14859979
M,6.0,대리점,Shoes,방한화,WB,6581000,6244350,5676682,3641501,1104359,2537142
M,6.0,대리점,Shoes,스니커즈,SX,547919000,509983490,463621322,293393092,95634852,197758240
M,6.0,대리점,Shoes,슬리퍼,LP,1003000,971900,883539,563032,179335,383697
M,6.0,대리점,Shoes,신발,SH,372658000,353239870,321127114,202663196,74319370,128343826
M,6.0,대리점,과시즌의류,니트가디건,KC,199000,99510,90455,67841,6043,61798
M,6.0,대리점,과시즌의류,레깅스,LG,89000,84150,76500,47430,10600,36830
M,6.0,대리점,과시즌의류,반팔카라티셔츠,TS,148000,103600,94182,65927,27044,38883
M,6.0,대리점,과시즌의류,점퍼,JP,339000,169500,154091,115568,10151,105417
M,6.0,대리점,당시즌의류,니트풀오버,KP,408000,339000,308182,200673,69168,131505
M,6.0,대리점,당시즌의류,다운베스트,DV,6530000,5994400,5449453,3500273,1244409,2255864
M,6.0,대리점,당시즌의류,다운점퍼,DJ,120481000,106177270,96524680,62326418,21852701,40473717
M,6.0,대리점,당시즌의류,맨투맨,MT,3952000,3825520,3477715,2230583,707823,1522760
M,6.0,대리점,당시즌의류,반팔카라티셔츠,TS,78000,72800,66182,43065,14988,28077
M,6.0,대리점,당시즌의류,방풍자켓,WJ,169000,169000,153636,98327,31302,67025
M,6.0,대리점,당시즌의류,우븐셔츠,WS,338000,328000,298182,192282,61099,131183
M,6.0,대리점,당시즌의류,우븐팬츠,WP,5115000,4928620,4480544,2893085,994364,1898721
M,6.0,대리점,당시즌의류,진바지,DP,537000,513800,467097,300569,97993,202576
M,6.0,대리점,당시즌의류,진스커트,DS,149000,149000,135454,88045,24027,64018
M,6.0,대리점,당시즌의류,진자켓,DK,259000,259000,235455,150691,39331,111360
M,6.0,대리점,당시즌의류,트레이닝(상의),TR,1788000,1745690,1586993,1021066,330329,690737
M,6.0,대리점,당시즌의류,패딩,PD,6766000,6228700,5662459,3683856,1390844,2293012
M,6.0,대리점,당시즌의류,팬츠,PT,12366000,12074070,10976410,7071280,2148351,4922929
M,6.0,대리점,당시즌의류,폴라폴리스점퍼,FD,438000,414940,377221,237831,76886,160945
M,6.0,대리점,당시즌의류,후드티,HD,4742000,4699660,4272420,2735143,875366,1859777
M,6.0,대리점,차시즌의류,니트가디건,KC,4261000,3989000,3626377,2293970,909308,1384662
M,6.0,대리점,차시즌의류,니트풀오버,KP,984000,974970,886339,573048,145324,427724
M,6.0,대리점,차시즌의류,데님셔츠,DR,876000,836790,760732,476251,139839,336412
M,6.0,대리점,차시즌의류,맨투맨,MT,30906000,29899040,27180946,17440883,5053101,12387782
M,6.0,대리점,차시즌의류,반팔카라티셔츠,TS,70712000,69932130,63574674,39905872,11801633,28104239
M,6.0,대리점,차시즌의류,방풍자켓,WJ,21741000,20540570,18673243,11892434,4009610,7882824
M,6.0,대리점,차시즌의류,스커트,SK,891000,891000,810000,525600,146847,378753
M,6.0,대리점,차시즌의류,우븐셔츠,WS,1183000,1108920,1008107,649865,236572,413293
M,6.0,대리점,차시즌의류,우븐팬츠,WP,7685000,7541250,6855691,4417993,1318462,3099531
M,6.0,대리점,차시즌의류,점퍼,JP,23117000,22309480,20281368,12912979,4166589,8746390
M,6.0,대리점,차시즌의류,진바지,DP,2098000,1952150,1774678,1148221,348864,799357
M,6.0,대리점,차시즌의류,진자켓,DK,239000,239000,217272,141227,36634,104593
M,6.0,대리점,차시즌의류,트레이닝(상의),TR,8726000,8470360,7700335,4937295,1483887,3453408
M,6.0,대리점,차시즌의류,팬츠,PT,22883000,21954620,19958726,12816479,3928608,8887871
M,6.0,대리점,차시즌의류,폴로 티셔츠,PQ,1112000,1112000,1010907,628026,164184,463842
M,6.0,대리점,차시즌의류,후드티,HD,16157000,15820030,14381839,9268442,2961346,6307096
M,8.0,사입,Acc_etc,양말,SO,26732000,6682570,6075098,6075098,4017483,2057615
M,8.0,사입,Acc_etc,캐리어(하드케이스),HH,7421000,1855250,1686597,1686597,2161159,-474562
M,8.0,사입,Bag,백팩,BK,212757000,54698130,49725594,49725594,31208062,18517532
M,8.0,사입,Bag,버킷백,BM,77642000,19410360,17645772,17645772,11781966,5863806
M,8.0,사입,Bag,쇼퍼백,OR,28740000,7184950,6531760,6531760,5704402,827358
M,8.0,사입,Bag,숄더백,BQ,311448000,79207780,72007049,72007049,50219902,21787147
M,8.0,사입,Bag,크로스백,CR,121770000,30442390,27674939,27674939,19160260,8514679
M,8.0,사입,Bag,힙색,HS,59499000,14874750,13522500,13522500,9824057,3698443
M,8.0,사입,Headwear,운동모,CP,390150000,103706710,94278863,94278863,56477827,37801036
M,8.0,사입,Headwear,햇,HT,228699000,62102480,56456814,56456814,32610185,23846629
M,8.0,사입,Shoes,런닝화,RN,243044000,59790350,54354860,54354860,40403175,13951685
M,8.0,사입,Shoes,샌들,SD,138020000,15182200,13802000,13802000,3371728,10430272
M,8.0,사입,Shoes,스니커즈,SX,730515000,179374370,163067677,163067677,132384290,30683387
M,8.0,사입,Shoes,슬리퍼,LP,127132000,13984520,12713200,12713200,3256013,9457187
M,8.0,사입,Shoes,신발,SH,256324000,53317160,48470123,48470123,40581018,7889105
M,8.0,사입,Shoes,아쿠아 슈즈,SQ,5049000,555390,504900,504900,539692,-34792
M,8.0,사입,과시즌의류,니트가디건,KC,59743000,6571730,5974300,5974300,6254893,-280593
M,8.0,사입,과시즌의류,니트풀오버,KP,56989000,6268790,5698900,5698900,5955873,-256973
M,8.0,사입,과시즌의류,데님셔츠,DR,8979000,987690,897900,897900,936071,-38171
M,8.0,사입,과시즌의류,데님원피스,DD,7968000,876480,796800,796800,830106,-33306
M,8.0,사입,과시즌의류,레깅스,LG,43123000,4743530,4312300,4312300,4509750,-197450
M,8.0,사입,과시즌의류,맨투맨,MT,198131000,25717020,23379095,23379095,22823059,556036
M,8.0,사입,과시즌의류,반팔카라티셔츠,TS,8009000,1699930,1545379,1545379,1145501,399878
M,8.0,사입,과시즌의류,방수자켓,JK,8580000,943800,858000,858000,913163,-55163
M,8.0,사입,과시즌의류,방풍자켓,WJ,35623000,7717400,7015821,7015821,5792246,1223575
M,8.0,사입,과시즌의류,스커트,SK,-199000,-49750,-45227,-45227,-6135,-39092
M,8.0,사입,과시즌의류,우븐셔츠,WS,23498000,2584780,2349800,2349800,2457600,-107800
M,8.0,사입,과시즌의류,우븐팬츠,WP,9508000,1259940,1145401,1145401,1094825,50576
M,8.0,사입,과시즌의류,원피스,OP,31178000,3429580,3117800,3117800,3265599,-147799
M,8.0,사입,과시즌의류,점퍼,JP,317881000,37364250,33967501,33967501,34702860,-735359
M,8.0,사입,과시즌의류,진바지,DP,18467000,2031370,1846700,1846700,1931025,-84325
M,8.0,사입,과시즌의류,진자켓,DK,8910000,980100,891000,891000,931248,-40248
M,8.0,사입,과시즌의류,트레이닝(상의),TR,79048000,9127200,8297453,8297453,8480919,-183466
M,8.0,사입,과시즌의류,팬츠,PT,130298000,17319950,15745420,15745420,15157696,587724
M,8.0,사입,과시즌의류,폴로 티셔츠,PQ,59623000,6558530,5962300,5962300,6236740,-274440
M,8.0,사입,과시즌의류,후드티,HD,129986000,17553320,15957563,15957563,15688029,269534
M,11.0,직영몰,Acc_etc,기타,ET,188900,55200,50180,50180,35105,15075
M,11.0,직영몰,Acc_etc,머플러(스카프),MF,69000,69000,62727,62727,12546,50181
M,11.0,직영몰,Acc_etc,선글라스,GA,914000,874000,794548,794548,159606,634942
M,11.0,직영몰,Acc_etc,양말,SO,257900,229100,208268,208268,40822,167446
M,11.0,직영몰,Acc_etc,파우치,PO,241000,238360,216695,216695,44895,171800
M,11.0,직영몰,Bag,백팩,BK,139000,125100,113727,113727,20958,92769
M,11.0,직영몰,Bag,버킷백,BM,258000,258000,234546,234546,39982,194564
M,11.0,직영몰,Bag,쇼퍼백,OR,357000,347000,315455,315455,58935,256520
M,11.0,직영몰,Bag,숄더백,BQ,863000,849150,771956,771956,137344,634612
M,11.0,직영몰,Bag,크로스백,CR,466000,448640,407851,407851,87495,320356
M,11.0,직영몰,Headwear,방한모,WM,79000,79000,71818,71818,8882,62936
M,11.0,직영몰,Headwear,비니,BN,4463000,4434560,4031423,4031423,639057,3392366
M,11.0,직영몰,Headwear,운동모,CP,30390000,30111670,27374187,27374187,4786989,22587198
M,11.0,직영몰,Headwear,햇,HT,602000,602000,547271,547271,78062,469209
M,11.0,직영몰,Shoes,런닝화,RN,2980000,2954260,2685694,2685694,603309,2082385
M,11.0,직영몰,Shoes,방한화,WB,1358000,1349550,1226865,1226865,241233,985632
M,11.0,직영몰,Shoes,스니커즈,SX,11146000,10958630,9962397,9962397,1868804,8093593
M,11.0,직영몰,Shoes,신발,SH,4449000,4352030,3956390,3956390,814255,3142135
M,11.0,직영몰,과시즌의류,팬츠,PT,-129000,-129000,-117273,-117273,-23298,-93975
M,11.0,직영몰,당시즌의류,니트풀오버,KP,358000,339180,308345,308345,64535,243810
M,11.0,직영몰,당시즌의류,다운베스트,DV,1334000,1220500,1109545,1109545,246340,863205
M,11.0,직영몰,당시즌의류,다운점퍼,DJ,14184000,12701500,11546816,11546816,2552761,8994055
M,11.0,직영몰,당시즌의류,맨투맨,MT,1050000,954090,867358,867358,187064,680294
M,11.0,직영몰,당시즌의류,반팔카라티셔츠,TS,118000,114120,103745,103745,21201,82544
M,11.0,직영몰,당시즌의류,우븐팬츠,WP,705000,661970,601791,601791,136360,465431
M,11.0,직영몰,당시즌의류,진바지,DP,179000,169000,153636,153636,32984,120652
M,11.0,직영몰,당시즌의류,트레이닝(상의),TR,298000,288540,262309,262309,55055,207254
M,11.0,직영몰,당시즌의류,패딩,PD,796000,756200,687454,687454,163628,523826
M,11.0,직영몰,당시즌의류,팬츠,PT,1329000,1280750,1164316,1164316,226562,937754
M,11.0,직영몰,당시즌의류,폴라폴리스점퍼,FD,558000,538000,489091,489091,98722,390369
M,11.0,직영몰,당시즌의류,후드티,HD,724000,640960,582688,582688,143006,439682
M,11.0,직영몰,차시즌의류,니트가디건,KC,906000,906000,823637,823637,233506,590131
M,11.0,직영몰,차시즌의류,맨투맨,MT,4119000,4041510,3674104,3674104,698666,2975438
M,11.0,직영몰,차시즌의류,반팔카라티셔츠,TS,2924000,2903990,2639981,2639981,478464,2161517
M,11.0,직영몰,차시즌의류,방풍자켓,WJ,2050000,1989120,1808290,1808290,369038,1439252
M,11.0,직영몰,차시즌의류,스커트,SK,99000,99000,90000,90000,16316,73684
M,11.0,직영몰,차시즌의류,우븐셔츠,WS,338000,329700,299727,299727,67592,232135
M,11.0,직영몰,차시즌의류,우븐팬츠,WP,953000,953000,866366,866366,163671,702695
M,11.0,직영몰,차시즌의류,점퍼,JP,7935000,7740610,7036916,7036916,1426340,5610576
M,11.0,직영몰,차시즌의류,진바지,DP,358000,348710,317009,317009,61721,255288
M,11.0,직영몰,차시즌의류,진스커트,DS,159000,159000,144545,144545,24842,119703
M,11.0,직영몰,차시즌의류,트레이닝(상의),TR,1320000,1289160,1171965,1171965,228487,943478
M,11.0,직영몰,차시즌의류,팬츠,PT,2249000,2233170,2030156,2030156,384160,1645996
M,11.0,직영몰,차시즌의류,후드티,HD,3264000,3248040,2952771,2952771,600665,2352106
M,99.0,기타,Acc_etc,기타,ET,58000,29000,26364,26364,10135,16229
M,99.0,기타,Acc_etc,선글라스,GA,149000,74500,67727,67727,26601,41126
M,99.0,기타,Acc_etc,양말,SO,53800,26900,24454,24454,8654,15800
M,99.0,기타,Acc_etc,파우치,PO,39000,19500,17727,17727,7385,10342
M,99.0,기타,Bag,쇼퍼백,OR,139000,69500,63181,63181,23075,40106
M,99.0,기타,Headwear,방한모,WM,79000,39500,35909,35909,11951,23958
M,99.0,기타,Headwear,비니,BN,231000,115500,104998,104998,31288,73710
M,99.0,기타,Headwear,운동모,CP,560000,280000,254543,254543,82223,172320
M,99.0,기타,Shoes,방한화,WB,109000,54500,49545,49545,13083,36462
M,99.0,기타,Shoes,스니커즈,SX,298000,149000,135455,135455,50205,85250
M,99.0,기타,당시즌의류,다운점퍼,DJ,279000,139500,126818,126818,44044,82774
M,99.0,기타,당시즌의류,팬츠,PT,238000,119000,108182,108182,40885,67297
M,99.0,기타,차시즌의류,맨투맨,MT,297000,148500,135000,135000,51020,83980
M,99.0,기타,차시즌의류,반팔카라티셔츠,TS,315000,157500,143181,143181,48777,94404
M,99.0,기타,차시즌의류,방풍자켓,WJ,189000,94500,85909,85909,33663,52246
ST,1.0,백화점,Acc_etc,양말,SO,19900,19900,18091,11940,4520,7420
ST,1.0,백화점,Headwear,비니,BN,-69000,-69000,-62727,-41400,-16000,-25400
ST,1.0,백화점,Headwear,선캡,SC,59000,53100,48272,32825,11860,20965
ST,1.0,백화점,Headwear,운동모,CP,108000,103100,93727,62662,20760,41902
ST,1.0,백화점,Shoes,신발,SH,129000,116100,105546,71771,29050,42721
ST,1.0,백화점,과시즌의류,팬츠,PT,129000,129000,117273,77400,17240,60160
ST,1.0,백화점,당시즌의류,니트반팔티셔츠,KU,159000,159000,144545,95400,33700,61700
ST,1.0,백화점,당시즌의류,다운점퍼,DJ,359000,323100,293727,199734,122540,77194
ST,1.0,백화점,당시즌의류,스커트,SK,179000,179000,162727,107400,48250,59150
ST,1.0,백화점,당시즌의류,폴로 티셔츠,PQ,0,0,0,0,0,0
ST,1.0,백화점,차시즌의류,트레이닝(상의),TR,149000,149000,135455,89400,41650,47750
ST,1.0,백화점,차시즌의류,팬츠,PT,109000,109000,99091,65400,30580,34820
ST,2.0,면세점,Headwear,선캡,SC,69000,69000,62727,35754,13700,22054
ST,2.0,면세점,Headwear,운동모,CP,118000,118000,107274,61146,19560,41586
ST,2.0,면세점,Shoes,신발,SH,996000,298800,271638,154833,63382,91451
ST,2.0,면세점,과시즌의류,반팔티셔츠,RS,69000,69000,62727,35754,16770,18984
ST,2.0,면세점,과시즌의류,스커트,SK,0,0,0,0,0,0
ST,2.0,면세점,당시즌의류,다운점퍼,DJ,299000,299000,271818,154936,99870,55066
ST,2.0,면세점,당시즌의류,맨투맨,MT,109000,109000,99091,56482,23770,32712
ST,2.0,면세점,당시즌의류,스커트,SK,278000,278000,252726,144054,57800,86254
ST,2.0,면세점,당시즌의류,윈드티셔츠,WT,0,0,0,0,0,0
ST,2.0,면세점,당시즌의류,팬츠,PT,109000,109000,99091,56482,20830,35652
ST,2.0,면세점,당시즌의류,폴로 티셔츠,PQ,357000,357000,324546,184992,68310,116682
ST,2.0,면세점,차시즌의류,반바지,SP,356000,356000,323636,184472,96200,88272
ST,2.0,면세점,차시즌의류,스커트,SK,556000,556000,505452,288108,125360,162748
ST,2.0,면세점,차시즌의류,폴로 티셔츠,PQ,595000,595000,540910,308320,127300,181020
ST,3.0,직영점(가두),Acc_etc,양말,SO,50000,50000,45454,45454,7680,37774
ST,3.0,직영점(가두),Acc_etc,헤드밴드,HB,29000,29000,26363,26363,6200,20163
ST,3.0,직영점(가두),Bag,보스톤백,BW,0,0,0,0,0,0
ST,3.0,직영점(가두),Headwear,선캡,SC,59000,53100,48272,48272,11860,36412
ST,3.0,직영점(가두),과시즌의류,반팔티셔츠,RS,207000,207000,188181,188181,51020,137161
ST,3.0,직영점(가두),과시즌의류,트레이닝(상의),TR,-159000,-159000,-144545,-144545,-21249,-123296
ST,3.0,직영점(가두),당시즌의류,니트가디건,KC,418000,400100,363726,363726,103660,260066
ST,3.0,직영점(가두),당시즌의류,니트풀오버,KP,179000,179000,162727,162727,58170,104557
ST,3.0,직영점(가두),당시즌의류,다운점퍼,DJ,299000,269100,244636,244636,99870,144766
ST,3.0,직영점(가두),당시즌의류,맨투맨,MT,735000,735000,668179,668179,157900,510279
ST,3.0,직영점(가두),당시즌의류,스커트,SK,179000,161100,146454,146454,48250,98204
ST,3.0,직영점(가두),당시즌의류,트레이닝(상의),TR,338000,338000,307272,307272,76020,231252
ST,3.0,직영점(가두),당시즌의류,팬츠,PT,258000,258000,234544,234544,59760,174784
ST,3.0,직영점(가두),당시즌의류,폴로 티셔츠,PQ,0,0,0,0,0,0
ST,3.0,직영점(가두),차시즌의류,니트가디건,KC,179000,179000,162727,162727,42260,120467
ST,3.0,직영점(가두),차시즌의류,니트베스트,KV,278000,278000,252726,252726,76100,176626
ST,3.0,직영점(가두),차시즌의류,맨투맨,MT,843000,843000,766358,766358,180480,585878
ST,3.0,직영점(가두),차시즌의류,반바지,SP,514000,514000,467272,467272,141860,325412
ST,3.0,직영점(가두),차시즌의류,반팔티셔츠,RS,621000,616780,560706,560706,169780,390926
ST,3.0,직영점(가두),차시즌의류,스커트,SK,534000,528560,480505,480505,156180,324325
ST,3.0,직영점(가두),차시즌의류,우븐셔츠,WS,159000,159000,144545,144545,44790,99755
ST,3.0,직영점(가두),차시즌의류,점퍼,JP,518000,518000,470908,470908,187760,283148
ST,3.0,직영점(가두),차시즌의류,트레이닝(상의),TR,845000,834660,758784,758784,215900,542884
ST,3.0,직영점(가두),차시즌의류,팬츠,PT,496000,431500,392270,392270,111040,281230
ST,3.0,직영점(가두),차시즌의류,폴로 티셔츠,PQ,357000,357000,324543,324543,74100,250443
ST,3.0,직영점(가두),차시즌의류,후드티,HD,240000,120000,109090,109090,57900,51190
ST,4.0,자사몰,Acc_etc,보호대,PR,90000,81010,73645,73645,11160,62485
ST,4.0,자사몰,Acc_etc,양말,SO,80000,77830,70754,70754,18160,52594
ST,4.0,자사몰,Acc_etc,헤드밴드,HB,29000,28980,26346,26346,6280,20066
ST,4.0,자사몰,Bag,백팩,BK,497000,496000,450908,450908,121940,328968
ST,4.0,자사몰,Bag,보스톤백,BW,478000,428200,389272,389272,105900,283372
ST,4.0,자사몰,Bag,토드백,TG,199000,179110,162827,162827,51500,111327
ST,4.0,자사몰,Headwear,선캡,SC,344000,245630,223301,223301,71640,151661
ST,4.0,자사몰,Headwear,운동모,CP,917000,815470,741337,741337,178500,562837
ST,4.0,자사몰,Shoes,신발,SH,1194000,1021210,928373,928373,313900,614473
ST,4.0,자사몰,과시즌의류,니트가디건,KC,-897000,-500420,-454927,-454927,-119872,-335055
ST,4.0,자사몰,과시즌의류,다운점퍼,DJ,439000,275570,250518,250518,58667,191851
ST,4.0,자사몰,과시즌의류,레깅스,LG,0,360,327,327,0,327
ST,4.0,자사몰,과시즌의류,맨투맨,MT,149000,95060,86418,86418,19912,66506
ST,4.0,자사몰,과시즌의류,브라,BR,89000,89000,80909,80909,24690,56219
ST,4.0,자사몰,과시즌의류,트레이닝(상의),TR,20000,-57740,-52491,-52491,2673,-55164
ST,4.0,자사몰,과시즌의류,팬츠,PT,764000,505720,459743,459743,102099,357644
ST,4.0,자사몰,당시즌의류,니트가디건,KC,358000,339100,308273,308273,88880,219393
ST,4.0,자사몰,당시즌의류,니트풀오버,KP,179000,161100,146455,146455,58170,88285
ST,4.0,자사몰,당시즌의류,다운점퍼,DJ,-60000,-66030,-60027,-60027,-22670,-37357
ST,4.0,자사몰,당시즌의류,맨투맨,MT,1231000,1131440,1028581,1028581,313180,715401
ST,4.0,자사몰,당시즌의류,반바지,SP,89000,80070,72791,72791,26130,46661
ST,4.0,자사몰,당시즌의류,반팔티셔츠,RS,312000,280720,255200,255200,59180,196020
ST,4.0,자사몰,당시즌의류,스커트,SK,497000,495310,450281,450281,74320,375961
ST,4.0,자사몰,당시즌의류,윈드티셔츠,WT,318000,285210,259282,259282,111140,148142
ST,4.0,자사몰,당시즌의류,트레이닝(상의),TR,129000,109600,99636,99636,28640,70996
ST,4.0,자사몰,당시즌의류,팬츠,PT,872000,763980,694529,694529,223620,470909
ST,4.0,자사몰,차시즌의류,레깅스,LG,109000,95130,86482,86482,33020,53462
ST,4.0,자사몰,차시즌의류,맨투맨,MT,2032000,1870380,1700347,1700347,417570,1282777
ST,4.0,자사몰,차시즌의류,반바지,SP,890000,809910,736281,736281,199900,536381
ST,4.0,자사몰,차시즌의류,반팔티셔츠,RS,276000,260730,237027,237027,61920,175107
ST,4.0,자사몰,차시즌의류,스커트,SK,751000,691600,628727,628727,227860,400867
ST,4.0,자사몰,차시즌의류,트레이닝(상의),TR,338000,273020,248200,248200,86360,161840
ST,4.0,자사몰,차시즌의류,팬츠,PT,714000,636100,578273,578273,171280,406993
ST,4.0,자사몰,차시즌의류,폴로 티셔츠,PQ,119000,105820,96200,96200,23750,72450
ST,4.0,자사몰,차시즌의류,후드티,HD,-62000,-84970,-77246,-77246,990,-78236
ST,5.0,제휴몰,Acc_etc,보호대,PR,25000,25000,22727,22727,3300,19427
ST,5.0,제휴몰,Acc_etc,양말,SO,491200,375700,341539,341539,76212,265327
ST,5.0,제휴몰,Acc_etc,헤드밴드,HB,54000,36500,33182,33182,7871,25311
ST,5.0,제휴몰,Bag,라켓백,RB,159000,79500,72272,72272,11564,60708
ST,5.0,제휴몰,Bag,백팩,BK,1224000,917600,834179,834179,343550,490629
ST,5.0,제휴몰,Bag,보스톤백,BW,757000,653400,594000,594000,186250,407750
ST,5.0,제휴몰,Headwear,선캡,SC,236000,236000,214544,214544,48330,166214
ST,5.0,제휴몰,Headwear,운동모,CP,236000,236000,214544,214544,40590,173954
ST,5.0,제휴몰,Headwear,햇,HT,138000,41400,37636,37636,8783,28853
ST,5.0,제휴몰,Shoes,신발,SH,11303000,3550100,3227358,3227358,851428,2375930
ST,5.0,제휴몰,과시즌의류,긴팔티셔츠,RL,703000,394000,358182,358182,74639,283543
ST,5.0,제휴몰,과시즌의류,니트반팔티셔츠,KU,199000,99500,90454,90454,23519,66935
ST,5.0,제휴몰,과시즌의류,니트베스트,KV,179000,71600,65090,65090,21155,43935
ST,5.0,제휴몰,과시즌의류,니트풀오버,KP,538000,215200,195636,195636,39128,156508
ST,5.0,제휴몰,과시즌의류,다운점퍼,DJ,1636000,893800,812544,812544,167588,644956
ST,5.0,제휴몰,과시즌의류,레깅스,LG,218000,87200,79272,79272,15855,63417
ST,5.0,제휴몰,과시즌의류,맨투맨,MT,6422000,2895200,2632002,2632002,624707,2007295
ST,5.0,제휴몰,과시즌의류,반바지,SP,871000,518600,471452,471452,172828,298624
ST,5.0,제휴몰,과시즌의류,반팔티셔츠,RS,1977000,1011000,919086,919086,264164,654922
ST,5.0,제휴몰,과시즌의류,방풍자켓,WJ,1454000,685100,622817,622817,162580,460237
ST,5.0,제휴몰,과시즌의류,브라,BR,237000,71100,64635,64635,15082,49553
ST,5.0,제휴몰,과시즌의류,스커트,SK,1718000,1092400,993087,993087,298138,694949
ST,5.0,제휴몰,과시즌의류,슬리브리스,SL,-118000,-82600,-75090,-75090,-34960,-40130
ST,5.0,제휴몰,과시즌의류,원피스,OP,2161000,998800,907999,907999,258223,649776
ST,5.0,제휴몰,과시즌의류,점퍼,JP,1037000,414800,377091,377091,75419,301672
ST,5.0,제휴몰,과시즌의류,트레이닝(상의),TR,1779000,797100,724635,724635,190539,534096
ST,5.0,제휴몰,과시즌의류,트레이닝(하의),TP,2154000,861600,783271,783271,156657,626614
ST,5.0,제휴몰,과시즌의류,패딩,PD,179000,107400,97636,97636,23921,73715
ST,5.0,제휴몰,과시즌의류,팬츠,PT,4081000,2110900,1918992,1918992,499829,1419163
ST,5.0,제휴몰,과시즌의류,폴라폴리스점퍼,FD,-239000,-95600,-86909,-86909,-17382,-69527
ST,5.0,제휴몰,과시즌의류,폴로 티셔츠,PQ,1489000,748200,680180,680180,190669,489511
ST,5.0,제휴몰,과시즌의류,후드티,HD,119000,116100,105546,105546,38558,66988
ST,5.0,제휴몰,당시즌의류,맨투맨,MT,536000,536000,487271,487271,122860,364411
ST,5.0,제휴몰,당시즌의류,스커트,SK,179000,179000,162727,162727,48250,114477
ST,5.0,제휴몰,당시즌의류,트레이닝(상의),TR,129000,129000,117273,117273,28640,88633
ST,5.0,제휴몰,당시즌의류,팬츠,PT,477000,477000,433635,433635,136590,297045
ST,5.0,제휴몰,차시즌의류,레깅스,LG,109000,109000,99091,99091,33020,66071
ST,5.0,제휴몰,차시즌의류,맨투맨,MT,843000,843000,766362,766362,172020,594342
ST,5.0,제휴몰,차시즌의류,반바지,SP,178000,178000,161818,161818,43160,118658
ST,5.0,제휴몰,차시즌의류,반팔티셔츠,RS,69000,69000,62727,62727,17010,45717
ST,5.0,제휴몰,차시즌의류,스커트,SK,594000,594000,539999,539999,172700,367299
ST,5.0,제휴몰,차시즌의류,점퍼,JP,259000,259000,235455,235455,93550,141905
ST,5.0,제휴몰,차시즌의류,팬츠,PT,258000,258000,234545,234545,53580,180965
ST,7.0,아울렛,Acc_etc,양말,SO,219600,199630,181483,181483,40630,140853
ST,7.0,아울렛,Acc_etc,헤드밴드,HB,29000,26100,23727,23727,6280,17447
ST,7.0,아울렛,Bag,토드백,TG,308000,205560,186872,186872,73970,112902
ST,7.0,아울렛,Headwear,선캡,SC,306000,216810,197100,197100,50753,146347
ST,7.0,아울렛,Headwear,운동모,CP,275000,196290,178445,178445,49550,128895
ST,7.0,아울렛,Shoes,신발,SH,418000,137340,124854,124854,55437,69417
ST,7.0,아울렛,과시즌의류,긴팔티셔츠,RL,89000,40050,36409,36409,10519,25890
ST,7.0,아울렛,과시즌의류,니트가디건,KC,239000,129060,117327,117327,31940,85387
ST,7.0,아울렛,과시즌의류,니트반팔티셔츠,KU,239000,107550,97773,97773,28246,69527
ST,7.0,아울렛,과시즌의류,니트베스트,KV,179000,64440,58582,58582,21155,37427
ST,7.0,아울렛,과시즌의류,니트풀오버,KP,239000,129060,117327,117327,31940,85387
ST,7.0,아울렛,과시즌의류,다운베스트,DV,907000,326520,296835,296835,65965,230870
ST,7.0,아울렛,과시즌의류,다운점퍼,DJ,13877000,6308880,5735338,5735338,1311775,4423563
ST,7.0,아울렛,과시즌의류,맨투맨,MT,3516000,1690900,1537175,1537175,413816,1123359
ST,7.0,아울렛,과시즌의류,반바지,SP,1059000,498350,453044,453044,180020,273024
ST,7.0,아울렛,과시즌의류,반팔티셔츠,RS,3350000,1672280,1520250,1520250,461156,1059094
ST,7.0,아울렛,과시즌의류,방풍자켓,WJ,2409000,1157490,1052265,1052265,402854,649411
ST,7.0,아울렛,과시즌의류,브라,BR,89000,48060,43691,43691,11894,31797
ST,7.0,아울렛,과시즌의류,스커트,SK,2682000,1560780,1418890,1418890,506091,912799
ST,7.0,아울렛,과시즌의류,원피스,OP,538000,258210,234736,234736,82196,152540
ST,7.0,아울렛,과시즌의류,점퍼,JP,558000,251100,228272,228272,65946,162326
ST,7.0,아울렛,과시즌의류,트레이닝(상의),TR,2286000,1217430,1106754,1106754,381656,725098
ST,7.0,아울렛,과시즌의류,트레이닝(하의),TP,129000,46440,42218,42218,9382,32836
ST,7.0,아울렛,과시즌의류,패딩,PD,2151000,1161540,1055943,1055943,287453,768490
ST,7.0,아울렛,과시즌의류,팬츠,PT,4655000,2289760,2081596,2081596,660238,1421358
ST,7.0,아울렛,과시즌의류,폴로 티셔츠,PQ,3860000,1716230,1560209,1560209,456015,1104194
ST,7.0,아울렛,과시즌의류,후드티,HD,586000,266400,242183,242183,65850,176333
ST,11.0,직영몰,Acc_etc,양말,SO,207800,193510,175918,175918,44120,131798
ST,11.0,직영몰,Acc_etc,헤드밴드,HB,58000,52200,47454,47454,12480,34974
ST,11.0,직영몰,Bag,백팩,BK,458000,412200,374728,374728,126720,248008
ST,11.0,직영몰,Bag,보스톤백,BW,537000,411700,374274,374274,121500,252774
ST,11.0,직영몰,Bag,토드백,TG,138000,124200,112910,112910,39220,73690
ST,11.0,직영몰,Headwear,비니,BN,59000,53100,48273,48273,11860,36413
ST,11.0,직영몰,Headwear,선캡,SC,128000,115200,104728,104728,25110,79618
ST,11.0,직영몰,Headwear,운동모,CP,693000,628200,571093,571093,136560,434533
ST,11.0,직영몰,Shoes,신발,SH,1352000,1157400,1052178,1052178,431409,620769
ST,11.0,직영몰,과시즌의류,긴팔티셔츠,RL,-99000,-59400,-54000,-54000,-13230,-40770
ST,11.0,직영몰,과시즌의류,니트가디건,KC,279000,167400,152182,152182,37285,114897
ST,11.0,직영몰,과시즌의류,다운베스트,DV,528000,263000,239091,239091,54176,184915
ST,11.0,직영몰,과시즌의류,다운점퍼,DJ,2833000,1354600,1231456,1231456,250988,980468
ST,11.0,직영몰,과시즌의류,맨투맨,MT,219000,123400,112182,112182,26830,85352
ST,11.0,직영몰,과시즌의류,반바지,SP,327000,211100,191909,191909,66159,125750
ST,11.0,직영몰,과시즌의류,반팔티셔츠,RS,158000,124400,113091,113091,33000,80091
ST,11.0,직영몰,과시즌의류,방풍자켓,WJ,1096000,563800,512546,512546,156250,356296
ST,11.0,직영몰,과시즌의류,스커트,SK,596000,514500,467727,467727,150884,316843
ST,11.0,직영몰,과시즌의류,원피스,OP,418000,256800,233455,233455,81605,151850
ST,11.0,직영몰,과시즌의류,트레이닝(상의),TR,159000,143100,130091,130091,21249,108842
ST,11.0,직영몰,과시즌의류,팬츠,PT,447000,312800,284363,284363,56971,227392
ST,11.0,직영몰,과시즌의류,폴로 티셔츠,PQ,1151000,746200,678365,678365,228406,449959
ST,11.0,직영몰,당시즌의류,니트가디건,KC,239000,215100,195545,195545,59220,136325
ST,11.0,직영몰,당시즌의류,다운점퍼,DJ,-1077000,-1077000,-979092,-979092,-381250,-597842
ST,11.0,직영몰,당시즌의류,맨투맨,MT,506000,455400,414000,414000,123530,290470
ST,11.0,직영몰,당시즌의류,스커트,SK,556000,500400,454908,454908,119260,335648
ST,11.0,직영몰,당시즌의류,트레이닝(상의),TR,-179000,-161100,-146455,-146455,-41100,-105355
ST,11.0,직영몰,당시즌의류,팬츠,PT,-40000,-25100,-22818,-22818,-1430,-21388
ST,11.0,직영몰,당시즌의류,폴로 티셔츠,PQ,427000,399200,362909,362909,96670,266239
ST,11.0,직영몰,차시즌의류,니트풀오버,KP,179000,161100,146455,146455,47810,98645
ST,11.0,직영몰,차시즌의류,맨투맨,MT,1250000,1125000,1022725,1022725,266820,755905
ST,11.0,직영몰,차시즌의류,반바지,SP,89000,80100,72818,72818,23170,49648
ST,11.0,직영몰,차시즌의류,반팔티셔츠,RS,276000,248400,225820,225820,70050,155770
ST,11.0,직영몰,차시즌의류,방풍자켓,WJ,239000,215100,195545,195545,66020,129525
ST,11.0,직영몰,차시즌의류,스커트,SK,1389000,1240100,1127362,1127362,393350,734012
ST,11.0,직영몰,차시즌의류,트레이닝(상의),TR,1014000,642200,583818,583818,270640,313178
ST,11.0,직영몰,차시즌의류,팬츠,PT,863000,776700,706089,706089,195290,510799
ST,11.0,직영몰,차시즌의류,폴로 티셔츠,PQ,1071000,987700,897912,897912,222300,675612
ST,11.0,직영몰,차시즌의류,후드티,HD,418000,376200,342000,342000,116790,225210
V,1.0,백화점,Acc_etc,머플러(스카프),MF,690000,621000,564546,406473,125367,281106
V,1.0,백화점,Acc_etc,양말,SO,85000,51000,46363,34310,13302,21008
V,1.0,백화점,Acc_etc,장갑,AG,300000,285000,259092,186546,27748,158798
V,1.0,백화점,Acc_etc,토시,ML,150000,135000,122728,88364,26576,61788
V,1.0,백화점,Bag,백팩,BK,1130000,1017000,924545,675245,238934,436311
V,1.0,백화점,Bag,크로스백,CR,220000,187000,170000,122400,45539,76861
V,1.0,백화점,Bag,토드백,TG,3090000,2781000,2528183,1857519,644342,1213177
V,1.0,백화점,Headwear,방한모,WM,300000,270000,245456,176728,48874,127854
V,1.0,백화점,Headwear,비니,BN,790000,489800,445273,345398,148345,197053
V,1.0,백화점,Headwear,운동모,CP,450000,370000,336365,243092,77458,165634
V,1.0,백화점,Headwear,햇,HT,1560000,1353600,1230545,910269,184492,725777
V,1.0,백화점,Shoes,방한화,WB,3686000,3320990,3019091,2245062,926557,1318505
V,1.0,백화점,과시즌의류,긴팔카라티셔츠,TL,230000,161000,146364,108309,33976,74333
V,1.0,백화점,과시즌의류,니트풀오버,KP,710000,495500,450454,352482,109611,242871
V,1.0,백화점,과시즌의류,다운베스트,DV,1180000,423900,385364,331413,109871,221542
V,1.0,백화점,과시즌의류,다운점퍼,DJ,23040000,11995700,10905182,9001339,3249827,5751512
V,1.0,백화점,과시즌의류,반팔다운,DH,-790000,-497700,-452455,-389111,-145761,-243350
V,1.0,백화점,과시즌의류,소프트쉘,SS,760000,532000,483636,352418,217788,134630
V,1.0,백화점,과시즌의류,팬츠,PT,1280000,889500,808636,609027,360882,248145
V,1.0,백화점,과시즌의류,후드티,HD,330000,148500,135000,116100,49739,66361
V,1.0,백화점,당시즌의류,긴팔티셔츠,RL,0,0,0,0,0,0
V,1.0,백화점,당시즌의류,니트가디건,KC,1170000,1053000,957270,689235,191104,498131
V,1.0,백화점,당시즌의류,니트베스트,KV,490000,441000,400909,296673,120981,175692
V,1.0,백화점,당시즌의류,니트풀오버,KP,3960000,3595000,3268181,2493481,1033768,1459713
V,1.0,백화점,당시즌의류,다운베스트,DV,2070000,1863000,1693637,1236355,458478,777877
V,1.0,백화점,당시즌의류,다운점퍼,DJ,333060000,300020000,272745432,199698090,61799942,137898148
V,1.0,백화점,당시즌의류,맨투맨,MT,1350000,1210000,1099999,829827,292390,537437
V,1.0,백화점,당시즌의류,반바지,SP,0,0,0,0,0,0
V,1.0,백화점,당시즌의류,반팔다운,DH,6240000,5507000,5006363,3703072,978245,2724827
V,1.0,백화점,당시즌의류,방풍자켓,WJ,1090000,981000,891819,766964,195681,571283
V,1.0,백화점,당시즌의류,베스트,VT,530000,477000,433636,312218,137401,174817
V,1.0,백화점,당시즌의류,집업티,ZT,1160000,1023000,930001,699492,273368,426124
V,1.0,백화점,당시즌의류,팬츠,PT,13940000,12593000,11448181,8529664,3730939,4798725
V,1.0,백화점,당시즌의류,후드티,HD,3360000,3069000,2789997,2022544,849022,1173522
V,1.0,백화점,차시즌의류,니트가디건,KC,990000,891000,810000,599400,195690,403710
V,1.0,백화점,차시즌의류,다운점퍼,DJ,21390000,19251000,17500911,12870492,4259706,8610786
V,1.0,백화점,차시즌의류,반팔다운,DH,32500000,29359000,26689997,19602260,5231380,14370880
V,1.0,백화점,차시즌의류,방풍자켓,WJ,6620000,5958000,5416364,4008846,1214323,2794523
V,1.0,백화점,차시즌의류,패딩,PD,3960000,3564000,3240000,2357100,571340,1785760
V,1.0,백화점,차시즌의류,팬츠,PT,2650000,2435000,2213638,1628765,651519,977246
V,1.0,백화점,차시즌의류,후드티,HD,580000,551000,500909,368300,143924,224376
V,3.0,직영점(가두),Bag,토드백,TG,640000,640000,581817,581817,106770,475047
V,3.0,직영점(가두),Headwear,햇,HT,190000,190000,172727,172727,19884,152843
V,3.0,직영점(가두),Shoes,방한화,WB,834000,834000,758179,758179,222084,536095
V,3.0,직영점(가두),당시즌의류,니트풀오버,KP,390000,390000,354545,354545,117719,236826
V,3.0,직영점(가두),당시즌의류,다운점퍼,DJ,8730000,8730000,7936361,7936361,1570170,6366191
V,3.0,직영점(가두),당시즌의류,반팔다운,DH,990000,990000,900000,900000,185963,714037
V,3.0,직영점(가두),당시즌의류,팬츠,PT,1010000,1010000,918181,918181,279939,638242
V,3.0,직영점(가두),당시즌의류,후드티,HD,390000,390000,354545,354545,97034,257511
V,3.0,직영점(가두),차시즌의류,다운점퍼,DJ,890000,890000,809090,809090,216040,593050
V,3.0,직영점(가두),차시즌의류,방풍자켓,WJ,790000,790000,718181,718181,165220,552961
V,3.0,직영점(가두),차시즌의류,팬츠,PT,910000,910000,827272,827272,195591,631681
V,4.0,자사몰,Acc_etc,머플러(스카프),MF,-330000,-237430,-215845,-215845,-86171,-129674
V,4.0,자사몰,Acc_etc,양말,SO,25000,15000,13636,13636,3798,9838
V,4.0,자사몰,Bag,백팩,BK,390000,313900,285364,285364,74161,211203
V,4.0,자사몰,Bag,토드백,TG,350000,350000,318182,318182,44380,273802
V,4.0,자사몰,Headwear,운동모,CP,360000,222000,201818,201818,36285,165533
V,4.0,자사몰,Headwear,햇,HT,190000,190000,172727,172727,19884,152843
V,4.0,자사몰,Shoes,방한화,WB,740000,650450,591316,591316,186980,404336
V,4.0,자사몰,과시즌의류,긴팔티셔츠,RL,-190000,-119450,-108591,-108591,-23770,-84821
V,4.0,자사몰,과시즌의류,니트풀오버,KP,520000,364000,330910,330910,126174,204736
V,4.0,자사몰,과시즌의류,다운점퍼,DJ,1580000,891700,810636,810636,255942,554694
V,4.0,자사몰,과시즌의류,레깅스,LG,120000,52000,47273,47273,18651,28622
V,4.0,자사몰,과시즌의류,맨투맨,MT,250000,159500,145000,145000,61601,83399
V,4.0,자사몰,과시즌의류,반바지,SP,490000,220540,200491,200491,76308,124183
V,4.0,자사몰,과시즌의류,반팔다운,DH,990000,621700,565182,565182,177626,387556
V,4.0,자사몰,과시즌의류,방수자켓,JK,690000,310500,282273,282273,105918,176355
V,4.0,자사몰,과시즌의류,방풍자켓,WJ,0,0,0,0,0,0
V,4.0,자사몰,과시즌의류,소프트쉘,SS,430000,232240,211127,211127,70525,140602
V,4.0,자사몰,과시즌의류,스커트,SK,390000,210600,191455,191455,48437,143018
V,4.0,자사몰,과시즌의류,팬츠,PT,1150000,532790,484353,484353,110584,373769
V,4.0,자사몰,당시즌의류,니트가디건,KC,390000,349000,317273,317273,60001,257272
V,4.0,자사몰,당시즌의류,니트풀오버,KP,640000,603000,548181,548181,119739,428442
V,4.0,자사몰,당시즌의류,다운점퍼,DJ,4950000,4341980,3947253,3947253,709753,3237500
V,4.0,자사몰,당시즌의류,맨투맨,MT,500000,500000,454546,454546,120993,333553
V,4.0,자사몰,당시즌의류,반팔다운,DH,0,-28000,-25455,-25455,6726,-32181
V,4.0,자사몰,당시즌의류,우븐셔츠,WS,490000,490000,445455,445455,135381,310074
V,4.0,자사몰,당시즌의류,팬츠,PT,-40000,-31360,-28509,-28509,-11364,-17145
V,4.0,자사몰,당시즌의류,후드티,HD,580000,507340,461219,461219,181185,280034
V,4.0,자사몰,차시즌의류,니트가디건,KC,660000,608410,553100,553100,130460,422640
V,4.0,자사몰,차시즌의류,다운점퍼,DJ,590000,586850,533500,533500,211189,322311
V,4.0,자사몰,차시즌의류,반팔다운,DH,3270000,3159000,2871818,2871818,548952,2322866
V,4.0,자사몰,차시즌의류,방풍자켓,WJ,690000,608000,552727,552727,97350,455377
V,4.0,자사몰,차시즌의류,후드티,HD,290000,286250,260227,260227,71962,188265
V,5.0,제휴몰,Acc_etc,머플러(스카프),MF,330000,330000,300000,300000,86171,213829
V,5.0,제휴몰,Acc_etc,양말,SO,525000,322000,292726,292726,80592,212134
V,5.0,제휴몰,Acc_etc,장갑,AG,940000,744000,676364,676364,115452,560912
V,5.0,제휴몰,Acc_etc,토시,ML,150000,150000,136364,136364,26576,109788
V,5.0,제휴몰,Bag,벨트백,TA,290000,116000,105455,105455,21091,84364
V,5.0,제휴몰,Bag,크로스백,CR,650000,347000,315455,315455,106286,209169
V,5.0,제휴몰,Bag,토드백,TG,3580000,3464000,3149091,3149091,583938,2565153
V,5.0,제휴몰,Bag,힙색,HS,440000,176000,160000,160000,54294,105706
V,5.0,제휴몰,Headwear,방한모,WM,150000,150000,136364,136364,24437,111927
V,5.0,제휴몰,Headwear,비니,BN,610000,258000,234545,234545,40794,193751
V,5.0,제휴몰,Headwear,선캡,SC,70000,99000,90000,90000,25736,64264
V,5.0,제휴몰,Headwear,운동모,CP,1052000,586400,533090,533090,137220,395870
V,5.0,제휴몰,Headwear,햇,HT,860000,516000,469090,469090,126619,342471
V,5.0,제휴몰,Shoes,뮬,MU,179000,107400,97636,97636,39400,58236
V,5.0,제휴몰,Shoes,방한화,WB,9763000,9452200,8592915,8592915,2369168,6223747
V,5.0,제휴몰,Shoes,신발,SH,3099000,1859400,1690364,1690364,808300,882064
V,5.0,제휴몰,과시즌의류,긴팔카라티셔츠,TL,230000,161000,146364,146364,33976,112388
V,5.0,제휴몰,과시즌의류,긴팔티셔츠,RL,380000,266000,241818,241818,47540,194278
V,5.0,제휴몰,과시즌의류,니트풀오버,KP,3680000,1495000,1359091,1359091,450889,908202
V,5.0,제휴몰,과시즌의류,다운베스트,DV,7900000,3791000,3446362,3446362,1034343,2412019
V,5.0,제휴몰,과시즌의류,다운점퍼,DJ,25690000,12122000,11020001,11020001,3571461,7448540
V,5.0,제휴몰,과시즌의류,라운드티,RT,250000,75000,68182,68182,15910,52272
V,5.0,제휴몰,과시즌의류,레깅스,LG,190000,153000,139089,139089,53512,85577
V,5.0,제휴몰,과시즌의류,맨투맨,MT,6540000,3442000,3129095,3129095,1081409,2047686
V,5.0,제휴몰,과시즌의류,반바지,SP,2950000,1623000,1475454,1475454,526681,948773
V,5.0,제휴몰,과시즌의류,반팔다운,DH,2570000,1799000,1635454,1635454,469149,1166305
V,5.0,제휴몰,과시즌의류,반팔카라티셔츠,TS,1758000,1025600,932362,932362,347240,585122
V,5.0,제휴몰,과시즌의류,반팔티셔츠,RS,4730000,2600000,2363640,2363640,745289,1618351
V,5.0,제휴몰,과시즌의류,방수자켓,JK,14890000,7445000,6768174,6768174,2348484,4419690
V,5.0,제휴몰,과시즌의류,방풍자켓,WJ,17670000,8168000,7425453,7425453,1971499,5453954
V,5.0,제휴몰,과시즌의류,브라,BR,220000,110000,100000,100000,27352,72648
V,5.0,제휴몰,과시즌의류,소프트쉘,SS,290000,188000,170909,170909,95524,75385
V,5.0,제휴몰,과시즌의류,스커트,SK,930000,609000,553636,553636,193008,360628
V,5.0,제휴몰,과시즌의류,우븐셔츠,WS,420000,135000,122727,122727,40885,81842
V,5.0,제휴몰,과시즌의류,원피스,OP,1260000,756000,687272,687272,156596,530676
V,5.0,제휴몰,과시즌의류,집업티,ZT,2120000,1060000,963637,963637,317099,646538
V,5.0,제휴몰,과시즌의류,트레이닝 숏팬츠,TB,390000,117000,106364,106364,24819,81545
V,5.0,제휴몰,과시즌의류,트레이닝(상의),TR,180000,72000,65455,65455,22278,43177
V,5.0,제휴몰,과시즌의류,트레이닝(하의),TP,1550000,581000,528184,528184,173190,354994
V,5.0,제휴몰,과시즌의류,패딩,PD,490000,245000,222727,222727,76074,146653
V,5.0,제휴몰,과시즌의류,팬츠,PT,5490000,1947000,1770004,1770004,355348,1414656
V,5.0,제휴몰,과시즌의류,후드티,HD,1680000,672000,610909,610909,182789,428120
V,5.0,제휴몰,당시즌의류,니트가디건,KC,780000,780000,709090,709090,142205,566885
V,5.0,제휴몰,당시즌의류,니트베스트,KV,490000,490000,445455,445455,120981,324474
V,5.0,제휴몰,당시즌의류,니트풀오버,KP,-100000,-100000,-90909,-90909,-64674,-26235
V,5.0,제휴몰,당시즌의류,다운베스트,DV,1180000,1180000,1072728,1072728,205484,867244
V,5.0,제휴몰,당시즌의류,다운점퍼,DJ,57970000,57970000,52699992,52699992,10267495,42432497
V,5.0,제휴몰,당시즌의류,반팔다운,DH,3070000,3070000,2790909,2790909,509802,2281107
V,5.0,제휴몰,당시즌의류,방풍자켓,WJ,790000,790000,718182,718182,177548,540634
V,5.0,제휴몰,당시즌의류,팬츠,PT,1650000,1650000,1500000,1500000,424461,1075539
V,5.0,제휴몰,당시즌의류,후드티,HD,290000,290000,263636,263636,90593,173043
V,5.0,제휴몰,차시즌의류,다운점퍼,DJ,3560000,3560000,3236364,3236364,829862,2406502
V,5.0,제휴몰,차시즌의류,반팔다운,DH,6540000,6540000,5945454,5945454,1059568,4885886
V,5.0,제휴몰,차시즌의류,팬츠,PT,830000,830000,754545,754545,192610,561935
V,5.0,제휴몰,차시즌의류,후드티,HD,290000,290000,263636,263636,71962,191674
V,7.0,아울렛,Acc_etc,양말,SO,60000,33600,30545,30545,9504,21041
V,7.0,아울렛,Acc_etc,장갑,AG,-150000,-150000,-136364,-136364,-13874,-122490
V,7.0,아울렛,Bag,크로스백,CR,640000,371700,337909,337909,115056,222853
V,7.0,아울렛,Bag,토드백,TG,1030000,927000,842726,842726,209379,633347
V,7.0,아울렛,Headwear,비니,BN,340000,267000,242727,242727,81091,161636
V,7.0,아울렛,Headwear,햇,HT,340000,245000,222727,222727,48620,174107
V,7.0,아울렛,Shoes,방한화,WB,239000,215100,195545,195545,48500,147045
V,7.0,아울렛,Shoes,신발,SH,2800000,790000,718180,718180,726700,-8520
V,7.0,아울렛,과시즌의류,니트풀오버,KP,4850000,1781300,1619358,1619358,453617,1165741
V,7.0,아울렛,과시즌의류,다운베스트,DV,15420000,5655600,5141454,5141454,1653873,3487581
V,7.0,아울렛,과시즌의류,다운점퍼,DJ,255140000,98844200,89858337,89858337,27104263,62754074
V,7.0,아울렛,과시즌의류,맨투맨,MT,2200000,1280500,1164087,1164087,487653,676434
V,7.0,아울렛,과시즌의류,반바지,SP,390000,105300,95727,95727,24819,70908
V,7.0,아울렛,과시즌의류,반팔다운,DH,2960000,1492200,1356545,1356545,370222,986323
V,7.0,아울렛,과시즌의류,반팔티셔츠,RS,260000,117000,106364,106364,40116,66248
V,7.0,아울렛,과시즌의류,방수자켓,JK,2760000,1311000,1191816,1191816,440291,751525
V,7.0,아울렛,과시즌의류,방풍자켓,WJ,9550000,4352500,3956814,3956814,1375394,2581420
V,7.0,아울렛,과시즌의류,소프트쉘,SS,6800000,3422200,3111086,3111086,1222962,1888124
V,7.0,아울렛,과시즌의류,스커트,SK,1550000,418500,380455,380455,112728,267727
V,7.0,아울렛,과시즌의류,집업티,ZT,1200000,540000,490909,490909,180165,310744
V,7.0,아울렛,과시즌의류,트레이닝 숏팬츠,TB,750000,202500,184091,184091,47728,136363
V,7.0,아울렛,과시즌의류,트레이닝(상의),TR,720000,288900,262636,262636,88906,173730
V,7.0,아울렛,과시즌의류,트레이닝(하의),TP,830000,321300,292091,292091,103542,188549
V,7.0,아울렛,과시즌의류,패딩,PD,2940000,1323000,1202727,1202727,456444,746283
V,7.0,아울렛,과시즌의류,팬츠,PT,2050000,911400,828544,828544,310225,518319
V,7.0,아울렛,과시즌의류,후드티,HD,280000,140000,127273,127273,43111,84162
V,7.0,아울렛,당시즌의류,니트풀오버,KP,350000,315000,286363,286363,50966,235397
V,7.0,아울렛,당시즌의류,다운베스트,DV,-690000,-621000,-564545,-564545,-152826,-411719
V,7.0,아울렛,당시즌의류,다운점퍼,DJ,30670000,27506900,25006268,25006268,5237637,19768631
V,7.0,아울렛,당시즌의류,방풍자켓,WJ,1090000,981000,891818,891818,195681,696137
V,7.0,아울렛,당시즌의류,집업티,ZT,0,-50000,-45454,-45454,0,-45454
V,7.0,아울렛,차시즌의류,다운점퍼,DJ,890000,801000,728181,728181,198891,529290
V,7.0,아울렛,차시즌의류,반팔다운,DH,2180000,1962000,1783636,1783636,357448,1426188
V,11.0,직영몰,Acc_etc,머플러(스카프),MF,230000,207000,188182,188182,41789,146393
V,11.0,직영몰,Bag,크로스백,CR,290000,261000,237273,237273,53117,184156
V,11.0,직영몰,Bag,토드백,TG,640000,576000,523637,523637,100420,423217
V,11.0,직영몰,Shoes,방한화,WB,249000,224100,203727,203727,60894,142833
V,11.0,직영몰,과시즌의류,반팔티셔츠,RS,150000,75000,68182,68182,23047,45135
V,11.0,직영몰,당시즌의류,니트풀오버,KP,1010000,944000,858182,858182,163236,694946
V,11.0,직영몰,당시즌의류,다운점퍼,DJ,35940000,32346000,29405460,29405460,6220720,23184740
V,11.0,직영몰,당시즌의류,맨투맨,MT,390000,351000,319091,319091,78117,240974
V,11.0,직영몰,당시즌의류,반팔다운,DH,990000,891000,810000,810000,185963,624037
V,11.0,직영몰,당시즌의류,베스트,VT,530000,477000,433636,433636,137401,296235
V,11.0,직영몰,당시즌의류,팬츠,PT,950000,855000,777273,777273,249874,527399
V,11.0,직영몰,당시즌의류,후드티,HD,840000,756000,687273,687273,205767,481506
V,11.0,직영몰,차시즌의류,다운점퍼,DJ,9920000,8928000,8116367,8116367,1658503,6457864
V,11.0,직영몰,차시즌의류,반팔다운,DH,2180000,1962000,1783636,1783636,357448,1426188
V,11.0,직영몰,차시즌의류,방풍자켓,WJ,1090000,981000,891818,891818,196119,695699
V,11.0,직영몰,차시즌의류,팬츠,PT,290000,261000,237273,237273,66781,170492
W,4.0,자사몰,Acc_etc,양말,SO,51000,23960,21782,21782,6816,14966
W,4.0,자사몰,Bag,가방,BG,971000,126800,115271,115271,306650,-191379
W,4.0,자사몰,Bag,크로스백,CR,89000,26100,23727,23727,25620,-1893
W,4.0,자사몰,Headwear,비니,BN,224000,55100,50092,50092,32960,17132
W,4.0,자사몰,Headwear,선캡,SC,49000,17100,15545,15545,9910,5635
W,4.0,자사몰,Headwear,운동모,CP,1897000,573200,521086,521086,412180,108906
W,4.0,자사몰,Headwear,햇,HT,197000,91200,82909,82909,53440,29469
W,4.0,자사몰,Shoes,슬리퍼,LP,79000,19000,17273,17273,5028,12245
W,4.0,자사몰,Shoes,신발,SH,2328000,605800,550726,550726,364982,185744
W,4.0,자사몰,과시즌의류,긴팔티셔츠,RL,751000,171400,155819,155819,68338,87481
W,4.0,자사몰,과시즌의류,다운점퍼,DJ,778000,286200,260181,260181,103970,156211
W,4.0,자사몰,과시즌의류,맨투맨,MT,5693000,1129500,1026815,1026815,472182,554633
W,4.0,자사몰,과시즌의류,반바지,SP,267000,60300,54817,54817,16991,37826
W,4.0,자사몰,과시즌의류,반팔티셔츠,RS,1094000,379700,345179,345179,223206,121973
W,4.0,자사몰,과시즌의류,방풍자켓,WJ,3473000,1046400,951273,951273,900797,50476
W,4.0,자사몰,과시즌의류,소프트쉘,SS,199000,79000,71818,71818,26594,45224
W,4.0,자사몰,과시즌의류,스커트,SK,298000,112100,101909,101909,74640,27269
W,4.0,자사몰,과시즌의류,우븐반바지,SM,483000,181040,164580,164580,183540,-18960
W,4.0,자사몰,과시즌의류,우븐팬츠,WP,437000,183100,166457,166457,179326,-12869
W,4.0,자사몰,과시즌의류,점퍼,JP,3446000,652600,593272,593272,320255,273017
W,4.0,자사몰,과시즌의류,탱크탑,TK,119000,19000,17273,17273,2164,15109
W,4.0,자사몰,과시즌의류,트레이닝 숏팬츠,TB,654000,108300,98454,98454,5946,92508
W,4.0,자사몰,과시즌의류,트레이닝(상의),TR,716000,110200,100182,100182,60210,39972
W,4.0,자사몰,과시즌의류,트레이닝(하의),TP,179000,17100,15545,15545,3255,12290
W,4.0,자사몰,과시즌의류,패딩,PD,219000,80100,72818,72818,83450,-10632
W,4.0,자사몰,과시즌의류,팬츠,PT,2302000,530100,481910,481910,221874,260036
W,4.0,자사몰,과시즌의류,폴라폴리스점퍼,FD,518000,118000,107272,107272,37673,69599
W,4.0,자사몰,과시즌의류,폴로 티셔츠,PQ,119000,26100,23727,23727,14064,9663
W,4.0,자사몰,과시즌의류,후드티,HD,1547000,549000,499093,499093,354782,144311
W,4.0,자사몰,당시즌의류,반팔티셔츠,RS,98000,38000,34546,34546,21460,13086
W,5.0,제휴몰,Acc_etc,양말,SO,51000,27000,24546,24546,6816,17730
W,5.0,제휴몰,Bag,가방,BG,1009000,199000,180912,180912,309147,-128235
W,5.0,제휴몰,Bag,백팩,BK,437000,157000,142726,142726,113110,29616
W,5.0,제휴몰,Bag,크로스백,CR,99000,29000,26364,26364,27780,-1416
W,5.0,제휴몰,Bag,토드백,TG,119000,29000,26364,26364,34140,-7776
W,5.0,제휴몰,Headwear,운동모,CP,1063000,223000,202731,202731,209272,-6541
W,5.0,제휴몰,Headwear,햇,HT,148000,38000,34546,34546,27920,6626
W,5.0,제휴몰,Shoes,신발,SH,2238000,638000,579995,579995,389792,190203
W,5.0,제휴몰,과시즌의류,다운점퍼,DJ,2563000,733000,666364,666364,248956,417408
W,5.0,제휴몰,과시즌의류,레깅스,LG,158000,18000,16364,16364,1437,14927
W,5.0,제휴몰,과시즌의류,맨투맨,MT,1597000,287000,260912,260912,122351,138561
W,5.0,제휴몰,과시즌의류,반팔티셔츠,RS,336000,116000,105456,105456,52419,53037
W,5.0,제휴몰,과시즌의류,방풍자켓,WJ,946000,236000,214544,214544,146333,68211
W,5.0,제휴몰,과시즌의류,소프트쉘,SS,199000,79000,71818,71818,26594,45224
W,5.0,제휴몰,과시즌의류,우븐반바지,SM,306000,106000,96365,96365,84960,11405
W,5.0,제휴몰,과시즌의류,우븐팬츠,WP,745000,305000,277271,277271,182616,94655
W,5.0,제휴몰,과시즌의류,점퍼,JP,677000,157000,142728,142728,46346,96382
W,5.0,제휴몰,과시즌의류,진바지,DP,159000,39000,35455,35455,18791,16664
W,5.0,제휴몰,과시즌의류,탱크탑,TK,99000,9000,8182,8182,1800,6382
W,5.0,제휴몰,과시즌의류,트레이닝(상의),TR,716000,136000,123638,123638,60211,63427
W,5.0,제휴몰,과시즌의류,트레이닝(하의),TP,278000,48000,43637,43637,19873,23764
W,5.0,제휴몰,과시즌의류,패딩,PD,876000,356000,323636,323636,333800,-10164
W,5.0,제휴몰,과시즌의류,팬츠,PT,2026000,516000,469096,469096,184565,284531
W,5.0,제휴몰,과시즌의류,폴라폴리스점퍼,FD,259000,59000,53636,53636,18837,34799
W,5.0,제휴몰,과시즌의류,후드티,HD,824000,254000,230909,230909,144111,86798
X,1.0,백화점,Acc_etc,기타소품류,AC,1191000,701460,637682,427785,238262,189523
X,1.0,백화점,Acc_etc,다운 스카프,DC,7707000,5287500,4806859,3142124,1580176,1561948
X,1.0,백화점,Acc_etc,마스크,MK,321000,224720,204274,133637,77893,55744
X,1.0,백화점,Acc_etc,멀티스카프,MS,363000,243030,220938,145105,71963,73142
X,1.0,백화점,Acc_etc,양말,SO,1411500,1213350,1103038,721676,326488,395188
X,1.0,백화점,Acc_etc,장갑,GL,3748000,2812680,2556997,1722442,902067,820375
X,1.0,백화점,Acc_etc,토시,ML,100000,30010,27273,18410,13469,4941
X,1.0,백화점,Bag,가방,BG,13372000,7005390,6368538,4400662,3061110,1339552
X,1.0,백화점,Bag,메신저백,MR,18490000,13502260,12274781,8030365,4105594,3924771
X,1.0,백화점,Bag,바디백,BZ,416000,416000,378182,244645,97980,146665
X,1.0,백화점,Bag,백팩,BK,724264000,614079280,558253427,364796583,169166168,195630415
X,1.0,백화점,Bag,보스톤백,BW,624000,294210,267455,192014,134370,57644
X,1.0,백화점,Bag,슬링백,SG,11061000,7997750,7270690,4817455,2406912,2410543
X,1.0,백화점,Bag,크로스백,CR,21291000,12663650,11512380,7669747,4571897,3097850
X,1.0,백화점,Bag,토드백,TG,14810000,8658050,7871008,5112379,3287479,1824900
X,1.0,백화점,Bag,힙색,HS,394000,287760,261599,178241,85381,92860
X,1.0,백화점,Headwear,메시캡,MC,49000,49000,44546,40091,11298,28793
X,1.0,백화점,Headwear,방한모,WM,2047000,1819100,1653736,1079279,430660,648619
X,1.0,백화점,Headwear,비니,BN,8699000,5666190,5151063,3504415,1687826,1816589
X,1.0,백화점,Headwear,운동모,CP,10727000,7791240,7082863,4721608,2072000,2649608
X,1.0,백화점,Headwear,햇,HT,1725000,883700,803365,551120,362906,188214
X,1.0,백화점,Shoes,슬리퍼,LP,10726000,9547210,8679210,5758685,2768543,2990142
X,1.0,백화점,Shoes,신발,SH,305882000,218453900,198594566,130205638,65219969,64985669
X,1.0,백화점,과시즌의류,긴팔카라티셔츠,TL,605000,337200,306545,236400,85193,151207
X,1.0,백화점,과시즌의류,긴팔티셔츠,RL,1622000,943710,857909,622523,239129,383394
X,1.0,백화점,과시즌의류,다운베스트,DV,9442000,5593530,5084989,3828115,1375220,2452895
X,1.0,백화점,과시즌의류,다운점퍼,DJ,1550559000,772950260,702681468,477658354,224349865,253308489
X,1.0,백화점,과시즌의류,레깅스,LG,4724000,1889600,1717816,1271600,691379,580221
X,1.0,백화점,과시즌의류,맨투맨,MT,22497000,13165200,11968353,8715733,3608910,5106823
X,1.0,백화점,과시즌의류,반바지,SP,752000,451200,410182,305913,126945,178968
X,1.0,백화점,과시즌의류,반팔카라티셔츠,TS,436000,261600,237816,181929,70062,111867
X,1.0,백화점,과시즌의류,반팔티셔츠,RS,4425000,3033430,2757684,2073050,809081,1263969
X,1.0,백화점,과시즌의류,방풍자켓,WJ,32963000,11700790,10636990,7735210,4360964,3374246
X,1.0,백화점,과시즌의류,브라,BR,0,0,0,0,0,0
X,1.0,백화점,과시즌의류,소프트쉘,SS,35409000,16590230,15081941,10581182,5162796,5418386
X,1.0,백화점,과시즌의류,스커트,SK,2371000,1087360,988541,736105,343686,392419
X,1.0,백화점,과시즌의류,원피스,OP,7765000,3131810,2847105,2110214,1143080,967134
X,1.0,백화점,과시즌의류,집업티,ZT,728000,371900,338087,215212,108149,107063
X,1.0,백화점,과시즌의류,트레이닝 숏팬츠,TB,770000,538960,489995,351804,164450,187354
X,1.0,백화점,과시즌의류,트레이닝(상의),TR,206048000,89170140,81063708,58001775,30893336,27108439
X,1.0,백화점,과시즌의류,트레이닝(하의),TP,100356000,45156530,41051301,29653653,14748734,14904919
X,1.0,백화점,과시즌의류,패딩,PD,3980000,2720320,2472998,1877427,804162,1073265
X,1.0,백화점,과시즌의류,팬츠,PT,24139000,12095520,10996043,7855478,3548151,4307327
X,1.0,백화점,과시즌의류,후드티,HD,14722000,7430590,6755068,5025553,2268499,2757054
X,1.0,백화점,당시즌의류,긴팔카라티셔츠,TL,1279000,1163170,1057427,734421,199585,534836
X,1.0,백화점,당시즌의류,긴팔티셔츠,RL,3857000,3107920,2825368,1909310,712583,1196727
X,1.0,백화점,당시즌의류,다운베스트,DV,23053000,21076270,19160280,12822850,5374532,7448318
X,1.0,백화점,당시즌의류,다운점퍼,DJ,1252532000,1074484000,976803252,642957031,335462373,307494658
X,1.0,백화점,당시즌의류,레깅스,LG,278000,194620,176909,115443,69052,46391
X,1.0,백화점,당시즌의류,맨투맨,MT,22237000,16790500,15264177,10156183,5220036,4936147
X,1.0,백화점,당시즌의류,반팔티셔츠,RS,0,0,0,0,0,0
X,1.0,백화점,당시즌의류,방풍자켓,WJ,4373000,3513680,3194271,2154614,1145291,1009323
X,1.0,백화점,당시즌의류,상하의 세트,AZ,4010000,3147140,2861039,1843046,912024,931022
X,1.0,백화점,당시즌의류,소프트쉘,SS,26982000,24636380,22396678,14840856,6000101,8840755
X,1.0,백화점,당시즌의류,스커트,SK,1112000,819090,744637,514603,245698,268905
X,1.0,백화점,당시즌의류,원피스,OP,-30000,-21000,-19091,-14872,-5702,-9170
X,1.0,백화점,당시즌의류,점퍼,JP,918000,642600,584182,467346,217525,249821
X,1.0,백화점,당시즌의류,집업티,ZT,3500000,2450040,2227273,1506875,705534,801341
X,1.0,백화점,당시즌의류,트레이닝(상의),TR,16136000,12411150,11282874,7389802,3670555,3719247
X,1.0,백화점,당시즌의류,트레이닝(하의),TP,16773000,13359360,12144800,8021616,3616313,4405303
X,1.0,백화점,당시즌의류,패딩,PD,6236000,4365140,3968360,2615832,1791373,824459
X,1.0,백화점,당시즌의류,팬츠,PT,9177000,7976880,7251704,4986091,1996851,2989240
X,1.0,백화점,당시즌의류,후드티,HD,10239000,7741450,7037663,4578542,2513519,2065023
X,1.0,백화점,차시즌의류,긴팔티셔츠,RL,5028000,4952820,4502560,2968955,1088172,1880783
X,1.0,백화점,차시즌의류,맨투맨,MT,18080000,17808210,16189275,10645794,4392700,6253094
X,1.0,백화점,차시즌의류,반팔티셔츠,RS,6561000,6480900,5891730,3878416,1519651,2358765
X,1.0,백화점,차시즌의류,방풍자켓,WJ,15314000,15042650,13675145,8816590,3711323,5105267
X,1.0,백화점,차시즌의류,상하의 세트,AZ,7470000,7357270,6688421,4319306,2186133,2133173
X,1.0,백화점,차시즌의류,소프트쉘,SS,636000,626000,569092,368555,125332,243223
X,1.0,백화점,차시즌의류,트레이닝 숏팬츠,TB,632000,626300,569364,369420,161137,208283
X,1.0,백화점,차시즌의류,트레이닝(상의),TR,17598000,17359590,15781431,10393452,4081203,6312249
X,1.0,백화점,차시즌의류,트레이닝(하의),TP,17059000,16788960,15262677,10121332,3705490,6415842
X,1.0,백화점,차시즌의류,패딩,PD,29610000,29026790,26387971,17220825,7610388,9610437
X,1.0,백화점,차시즌의류,팬츠,PT,8202000,8082830,7348025,4769984,1856030,2913954
X,1.0,백화점,차시즌의류,후드티,HD,4757000,4723950,4294495,2822568,1302555,1520013
X,2.0,면세점,Acc_etc,기타소품류,AC,147000,102900,93546,56127,26826,29301
X,2.0,면세점,Acc_etc,다운 스카프,DC,973000,515800,468907,281347,233239,48108
X,2.0,면세점,Acc_etc,장갑,GL,204000,123000,111816,67090,46809,20281
X,2.0,면세점,Bag,메신저백,MR,119000,71400,64909,38945,23936,15009
X,2.0,면세점,Bag,백팩,BK,109249000,106403700,96730654,58038281,25915275,32123006
X,2.0,면세점,Bag,보스톤백,BW,198000,99000,90000,54000,41344,12656
X,2.0,면세점,Bag,슬링백,SG,1019000,775700,705185,423110,217473,205637
X,2.0,면세점,Bag,크로스백,CR,7832000,4691850,4265322,2559197,1649983,909214
X,2.0,면세점,Bag,토드백,TG,198000,79200,72000,43200,42627,573
X,2.0,면세점,Bag,힙색,HS,79000,47400,43090,25854,17624,8230
X,2.0,면세점,Headwear,비니,BN,885000,831000,755463,453277,186374,266903
X,2.0,면세점,Headwear,운동모,CP,4488000,3883560,3530505,2118294,873943,1244351
X,2.0,면세점,Headwear,햇,HT,65000,39000,35455,21273,14429,6844
X,2.0,면세점,Shoes,슬리퍼,LP,3320000,3320030,3018220,1810930,931056,879874
X,2.0,면세점,Shoes,신발,SH,55273000,46274630,42067694,25240605,11689452,13551153
X,2.0,면세점,당시즌의류,긴팔티셔츠,RL,12145000,8563530,7785025,4670998,2040196,2630802
X,2.0,면세점,당시즌의류,다운베스트,DV,3321000,3034200,2758365,1655018,747553,907465
X,2.0,면세점,당시즌의류,다운점퍼,DJ,477118000,402904620,366276784,219766042,136215337,83550705
X,2.0,면세점,당시즌의류,레깅스,LG,297000,207900,189000,113400,79981,33419
X,2.0,면세점,당시즌의류,맨투맨,MT,21020000,15280060,13890949,8334587,4538631,3795956
X,2.0,면세점,당시즌의류,방풍자켓,WJ,21467000,15722290,14292968,8575791,5539103,3036688
X,2.0,면세점,당시즌의류,소프트쉘,SS,49501000,38676770,35160692,21096443,10656411,10440032
X,2.0,면세점,당시즌의류,스커트,SK,913000,639100,580995,348597,179503,169094
X,2.0,면세점,당시즌의류,점퍼,JP,1756000,1229200,1117452,670472,495296,175176
X,2.0,면세점,당시즌의류,집업티,ZT,34133000,23892850,21720770,13032460,6948647,6083813
X,2.0,면세점,당시즌의류,트레이닝(상의),TR,5351000,3829100,3480987,2088592,1136640,951952
X,2.0,면세점,당시즌의류,트레이닝(하의),TP,7924000,5641880,5128982,3077377,1649887,1427490
X,2.0,면세점,당시즌의류,패딩,PD,12918000,9042620,8220568,4932341,3679102,1253239
X,2.0,면세점,당시즌의류,팬츠,PT,11145000,8015990,7287258,4372369,2922557,1449812
X,2.0,면세점,당시즌의류,후드티,HD,27005000,19001570,17274133,10364461,5589816,4774645
X,2.0,면세점,차시즌의류,긴팔티셔츠,RL,649000,649000,590007,354002,147465,206537
X,2.0,면세점,차시즌의류,맨투맨,MT,356000,356000,323636,194180,84358,109822
X,2.0,면세점,차시즌의류,반팔티셔츠,RS,1041000,1041000,946361,567809,264825,302984
X,2.0,면세점,차시즌의류,방풍자켓,WJ,2269000,2269000,2062727,1237636,538559,699077
X,2.0,면세점,차시즌의류,트레이닝(상의),TR,1141000,1141000,1037275,622364,246500,375864
X,2.0,면세점,차시즌의류,트레이닝(하의),TP,476000,476000,432728,259636,106825,152811
X,2.0,면세점,차시즌의류,패딩,PD,518000,518000,470910,282546,129270,153276
X,2.0,면세점,차시즌의류,후드티,HD,89000,89000,80909,48545,25759,22786
X,3.0,직영점(가두),Acc_etc,기타소품류,AC,156000,144300,131180,131180,32069,99111
X,3.0,직영점(가두),Acc_etc,다운 스카프,DC,828000,828000,752722,752722,119112,633610
X,3.0,직영점(가두),Acc_etc,마스크,MK,78000,54600,49636,49636,16570,33066
X,3.0,직영점(가두),Acc_etc,멀티스카프,MS,0,0,0,0,0,0
X,3.0,직영점(가두),Acc_etc,양말,SO,100000,81400,73997,73997,21226,52771
X,3.0,직영점(가두),Acc_etc,장갑,GL,1065000,1065000,968178,968178,261107,707071
X,3.0,직영점(가두),Acc_etc,토시,ML,25000,17500,15909,15909,5164,10745
X,3.0,직영점(가두),Bag,가방,BG,297000,297000,270000,270000,62913,207087
X,3.0,직영점(가두),Bag,백팩,BK,3340000,3279300,2981174,2981174,788814,2192360
X,3.0,직영점(가두),Bag,슬링백,SG,307000,277300,252090,252090,65420,186670
X,3.0,직영점(가두),Bag,크로스백,CR,611000,504800,458906,458906,135854,323052
X,3.0,직영점(가두),Bag,힙색,HS,69000,48300,43909,43909,14859,29050
X,3.0,직영점(가두),Headwear,방한모,WM,1134000,1083000,984535,984535,236138,748397
X,3.0,직영점(가두),Headwear,비니,BN,1978000,1727300,1570253,1570253,421530,1148723
X,3.0,직영점(가두),Headwear,운동모,CP,623000,582500,529541,529541,126625,402916
X,3.0,직영점(가두),Shoes,슬리퍼,LP,196000,196000,178180,178180,49122,129058
X,3.0,직영점(가두),Shoes,신발,SH,6697000,6113700,5557873,5557873,1474936,4082937
X,3.0,직영점(가두),과시즌의류,다운점퍼,DJ,399000,239400,217636,217636,58048,159588
X,3.0,직영점(가두),당시즌의류,긴팔티셔츠,RL,138000,96600,87818,87818,28564,59254
X,3.0,직영점(가두),당시즌의류,다운베스트,DV,1501000,1501000,1364542,1364542,336533,1028009
X,3.0,직영점(가두),당시즌의류,다운점퍼,DJ,127780000,115018800,104562426,104562426,33718625,70843801
X,3.0,직영점(가두),당시즌의류,레깅스,LG,99000,69300,63000,63000,21975,41025
X,3.0,직영점(가두),당시즌의류,맨투맨,MT,970000,726400,660359,660359,206974,453385
X,3.0,직영점(가두),당시즌의류,방풍자켓,WJ,936000,711900,647181,647181,256985,390196
X,3.0,직영점(가두),당시즌의류,상하의 세트,AZ,129000,90300,82090,82090,27623,54467
X,3.0,직영점(가두),당시즌의류,소프트쉘,SS,2306000,2106200,1914724,1914724,509436,1405288
X,3.0,직영점(가두),당시즌의류,점퍼,JP,878000,614600,558726,558726,247648,311078
X,3.0,직영점(가두),당시즌의류,집업티,ZT,496000,347200,315635,315635,103547,212088
X,3.0,직영점(가두),당시즌의류,트레이닝(상의),TR,784000,703600,639636,639636,169992,469644
X,3.0,직영점(가두),당시즌의류,트레이닝(하의),TP,812000,663500,603180,603180,174158,429022
X,3.0,직영점(가두),당시즌의류,패딩,PD,249000,174300,158455,158455,75772,82683
X,3.0,직영점(가두),당시즌의류,팬츠,PT,884000,829300,753907,753907,194596,559311
X,3.0,직영점(가두),당시즌의류,후드티,HD,644000,477500,434090,434090,144911,289179
X,3.0,직영점(가두),차시즌의류,긴팔티셔츠,RL,522000,522000,474543,474543,114163,360380
X,3.0,직영점(가두),차시즌의류,맨투맨,MT,741000,741000,673635,673635,179142,494493
X,3.0,직영점(가두),차시즌의류,반팔티셔츠,RS,69000,69000,62727,62727,14633,48094
X,3.0,직영점(가두),차시즌의류,방풍자켓,WJ,568000,568000,516364,516364,142031,374333
X,3.0,직영점(가두),차시즌의류,소프트쉘,SS,318000,318000,289090,289090,62666,226424
X,3.0,직영점(가두),차시즌의류,트레이닝(상의),TR,962000,962000,874540,874540,230091,644449
X,3.0,직영점(가두),차시즌의류,트레이닝(하의),TP,1150000,1150000,1045447,1045447,239129,806318
X,3.0,직영점(가두),차시즌의류,패딩,PD,767000,767000,697271,697271,184899,512372
X,3.0,직영점(가두),차시즌의류,팬츠,PT,0,0,0,0,0,0
X,3.0,직영점(가두),차시즌의류,후드티,HD,0,0,0,0,0,0
X,4.0,자사몰,Acc_etc,기타소품류,AC,322000,138900,126273,126273,62819,63454
X,4.0,자사몰,Acc_etc,다운 스카프,DC,419000,307300,279364,279364,76463,202901
X,4.0,자사몰,Acc_etc,마스크,MK,172000,99400,90363,90363,40705,49658
X,4.0,자사몰,Acc_etc,멀티스카프,MS,39000,35760,32509,32509,8177,24332
X,4.0,자사몰,Acc_etc,양말,SO,920800,553810,503461,503461,215030,288431
X,4.0,자사몰,Acc_etc,장갑,GL,854000,303760,276149,276149,191242,84907
X,4.0,자사몰,Acc_etc,토시,ML,25000,17500,15909,15909,5164,10745
X,4.0,자사몰,Bag,가방,BG,1152000,633950,576320,576320,266032,310288
X,4.0,자사몰,Bag,메신저백,MR,733000,631000,573637,573637,175926,397711
X,4.0,자사몰,Bag,바디백,BZ,-109000,-93740,-85218,-85218,-24748,-60470
X,4.0,자사몰,Bag,백팩,BK,85500000,74393398,67648609,67648609,20258717,47389892
X,4.0,자사몰,Bag,보스톤백,BW,1574000,792920,720836,720836,331404,389432
X,4.0,자사몰,Bag,슬링백,SG,4029000,2779630,2526936,2526936,862396,1664540
X,4.0,자사몰,Bag,크로스백,CR,1489000,1005810,914375,914375,324961,589414
X,4.0,자사몰,Bag,토드백,TG,1100000,729800,663450,663450,265448,398002
X,4.0,자사몰,Headwear,방한모,WM,817000,690970,628154,628154,168221,459933
X,4.0,자사몰,Headwear,비니,BN,859000,698590,635085,635085,181179,453906
X,4.0,자사몰,Headwear,운동모,CP,907000,661210,601098,601098,190173,410925
X,4.0,자사몰,Headwear,햇,HT,534000,291910,265375,265375,127011,138364
X,4.0,자사몰,Shoes,슬리퍼,LP,2410000,2043450,1857677,1857677,589698,1267979
X,4.0,자사몰,Shoes,신발,SH,61145000,48113378,43764669,43764669,12835566,30929103
X,4.0,자사몰,과시즌의류,긴팔티셔츠,RL,665000,382090,347353,347353,139533,207820
X,4.0,자사몰,과시즌의류,맨투맨,MT,267000,186520,169563,169563,45685,123878
X,4.0,자사몰,과시즌의류,방풍자켓,WJ,2356000,1438050,1307319,1307319,543510,763809
X,4.0,자사몰,과시즌의류,스윔웨어,SW,5794000,3508980,3189981,3189981,1079862,2110119
X,4.0,자사몰,과시즌의류,스윔웨어 하의,SB,4031000,2542030,2310936,2310936,815260,1495676
X,4.0,자사몰,과시즌의류,트레이닝(상의),TR,1863000,1179960,1072689,1072689,385031,687658
X,4.0,자사몰,과시즌의류,트레이닝(하의),TP,2228000,1391170,1264698,1264698,442111,822587
X,4.0,자사몰,과시즌의류,패딩,PD,438000,306600,278728,278728,97089,181639
X,4.0,자사몰,과시즌의류,팬츠,PT,495000,282940,257218,257218,102850,154368
X,4.0,자사몰,과시즌의류,후드티,HD,238000,139140,126491,126491,48099,78392
X,4.0,자사몰,당시즌의류,긴팔카라티셔츠,TL,575000,444360,403965,403965,97455,306510
X,4.0,자사몰,당시즌의류,긴팔티셔츠,RL,2750000,1938100,1761906,1761906,505445,1256461
X,4.0,자사몰,당시즌의류,다운베스트,DV,2664000,2358470,2144063,2144063,629734,1514329
X,4.0,자사몰,당시즌의류,다운점퍼,DJ,126477000,105070110,95518268,95518268,33440313,62077955
X,4.0,자사몰,당시즌의류,레깅스,LG,198000,136610,124191,124191,53321,70870
X,4.0,자사몰,당시즌의류,맨투맨,MT,5928000,4204490,3822276,3822276,1389655,2432621
X,4.0,자사몰,당시즌의류,반팔티셔츠,RS,59000,54400,49455,49455,12378,37077
X,4.0,자사몰,당시즌의류,방풍자켓,WJ,3045000,2252000,2047273,2047273,769128,1278145
X,4.0,자사몰,당시즌의류,상하의 세트,AZ,556000,502560,456872,456872,126464,330408
X,4.0,자사몰,당시즌의류,소프트쉘,SS,8372000,6699170,6090152,6090152,1814243,4275909
X,4.0,자사몰,당시즌의류,스커트,SK,278000,189600,172364,172364,61414,110950
X,4.0,자사몰,당시즌의류,원피스,OP,-30000,-13420,-12200,-12200,-5702,-6498
X,4.0,자사몰,당시즌의류,집업티,ZT,1765000,1225210,1113828,1113828,349583,764245
X,4.0,자사몰,당시즌의류,트레이닝(상의),TR,6208000,5229470,4754069,4754069,1335642,3418427
X,4.0,자사몰,당시즌의류,트레이닝(하의),TP,10690000,8705170,7913795,7913795,2191580,5722215
X,4.0,자사몰,당시즌의류,패딩,PD,1434000,922800,838910,838910,401357,437553
X,4.0,자사몰,당시즌의류,팬츠,PT,5540000,4506530,4096849,4096849,1200067,2896782
X,4.0,자사몰,당시즌의류,후드티,HD,3952000,2742350,2493044,2493044,961735,1531309
X,4.0,자사몰,차시즌의류,긴팔티셔츠,RL,1771000,1672930,1520844,1520844,379817,1141027
X,4.0,자사몰,차시즌의류,맨투맨,MT,1700000,1607190,1461081,1461081,404231,1056850
X,4.0,자사몰,차시즌의류,반팔티셔츠,RS,1540000,1435010,1304552,1304552,360987,943565
X,4.0,자사몰,차시즌의류,방풍자켓,WJ,1496000,1434010,1303645,1303645,410095,893550
X,4.0,자사몰,차시즌의류,소프트쉘,SS,159000,159000,144545,144545,31333,113212
X,4.0,자사몰,차시즌의류,트레이닝 숏팬츠,TB,79000,75940,69036,69036,20142,48894
X,4.0,자사몰,차시즌의류,트레이닝(상의),TR,1945000,1828660,1662416,1662416,433359,1229057
X,4.0,자사몰,차시즌의류,트레이닝(하의),TP,1903000,1804870,1640791,1640791,379720,1261071
X,4.0,자사몰,차시즌의류,패딩,PD,1773000,1745880,1587165,1587165,416455,1170710
X,4.0,자사몰,차시즌의류,팬츠,PT,1676000,1619140,1471948,1471948,372844,1099104
X,4.0,자사몰,차시즌의류,후드티,HD,277000,270110,245554,245554,77816,167738
X,5.0,제휴몰,Acc_etc,기타소품류,AC,2389000,1243300,1130285,1130285,492965,637320
X,5.0,제휴몰,Acc_etc,다운 스카프,DC,26743000,24728900,22480794,22480794,4327292,18153502
X,5.0,제휴몰,Acc_etc,마스크,MK,39000,27300,24818,24818,8285,16533
X,5.0,제휴몰,Acc_etc,멀티스카프,MS,1776000,796700,724280,724280,354315,369965
X,5.0,제휴몰,Acc_etc,양말,SO,1631000,974100,885556,885556,328604,556952
X,5.0,제휴몰,Acc_etc,장갑,GL,5878000,2508500,2280449,2280449,1251547,1028902
X,5.0,제휴몰,Acc_etc,토시,ML,200000,120000,109090,109090,38013,71077
X,5.0,제휴몰,Bag,가방,BG,1112000,655000,595453,595453,257246,338207
X,5.0,제휴몰,Bag,메신저백,MR,4409000,3745800,3405273,3405273,1031978,2373295
X,5.0,제휴몰,Bag,바디백,BZ,198000,198000,180000,180000,47118,132882
X,5.0,제휴몰,Bag,백팩,BK,190432000,155395920,141268738,141268738,42641115,98627623
X,5.0,제휴몰,Bag,보스톤백,BW,554000,312600,284180,284180,126642,157538
X,5.0,제휴몰,Bag,슬링백,SG,7164000,5416500,4924080,4924080,1510755,3413325
X,5.0,제휴몰,Bag,크로스백,CR,8925000,5292700,4811541,4811541,1893774,2917767
X,5.0,제휴몰,Bag,토드백,TG,9884000,5284200,4803801,4803801,2119265,2684536
X,5.0,제휴몰,Bag,힙색,HS,1966000,1134000,1030905,1030905,421499,609406
X,5.0,제휴몰,Headwear,방한모,WM,1105000,1079500,981364,981364,234395,746969
X,5.0,제휴몰,Headwear,비니,BN,3232000,1630400,1482188,1482188,639015,843173
X,5.0,제휴몰,Headwear,운동모,CP,6520000,3512100,3192827,3192827,1255166,1937661
X,5.0,제휴몰,Headwear,햇,HT,1236000,660300,600276,600276,246876,353400
X,5.0,제휴몰,Shoes,슬리퍼,LP,6957000,6867010,6242727,6242727,1723815,4518912
X,5.0,제휴몰,Shoes,신발,SH,132539000,100394810,91268088,91268088,27937170,63330918
X,5.0,제휴몰,과시즌의류,긴팔티셔츠,RL,1173000,801500,728632,728632,248862,479770
X,5.0,제휴몰,과시즌의류,다운베스트,DV,398000,238800,217090,217090,57390,159700
X,5.0,제휴몰,과시즌의류,다운점퍼,DJ,222544000,116394600,105813210,105813210,32307216,73505994
X,5.0,제휴몰,과시즌의류,레깅스,LG,2027000,989000,899092,899092,337770,561322
X,5.0,제휴몰,과시즌의류,맨투맨,MT,5835000,2816900,2560826,2560826,913326,1647500
X,5.0,제휴몰,과시즌의류,반바지,SP,435000,304500,276818,276818,97025,179793
X,5.0,제휴몰,과시즌의류,반팔티셔츠,RS,11205000,7523400,6839435,6839435,2099811,4739624
X,5.0,제휴몰,과시즌의류,방풍자켓,WJ,9666000,4715800,4287091,4287091,1525576,2761515
X,5.0,제휴몰,과시즌의류,브라,BR,108000,64800,58909,58909,33517,25392
X,5.0,제휴몰,과시즌의류,상하의 세트,AZ,863000,517800,470725,470725,134781,335944
X,5.0,제휴몰,과시즌의류,소프트쉘,SS,5725000,2957000,2688170,2688170,831568,1856602
X,5.0,제휴몰,과시즌의류,스윔웨어,SW,18937000,12177400,11070350,11070350,3727747,7342603
X,5.0,제휴몰,과시즌의류,스윔웨어 하의,SB,8452000,5578700,5071535,5071535,1798295,3273240
X,5.0,제휴몰,과시즌의류,스커트,SK,695000,347500,315910,315910,101024,214886
X,5.0,제휴몰,과시즌의류,원피스,OP,1082000,629300,572092,572092,187861,384231
X,5.0,제휴몰,과시즌의류,트레이닝 숏팬츠,TB,434000,240800,218908,218908,87219,131689
X,5.0,제휴몰,과시즌의류,트레이닝(상의),TR,10331000,4388000,3989089,3989089,1551598,2437491
X,5.0,제휴몰,과시즌의류,트레이닝(하의),TP,9510000,3997100,3633730,3633730,1383475,2250255
X,5.0,제휴몰,과시즌의류,패딩,PD,6141000,3905600,3550551,3550551,1279295,2271256
X,5.0,제휴몰,과시즌의류,팬츠,PT,3573000,1770600,1609637,1609637,550686,1058951
X,5.0,제휴몰,과시즌의류,후드티,HD,1189000,673800,612547,612547,234308,378239
X,5.0,제휴몰,당시즌의류,긴팔카라티셔츠,TL,912000,766200,696545,696545,150191,546354
X,5.0,제휴몰,당시즌의류,긴팔티셔츠,RL,3342000,2424900,2204451,2204451,581496,1622955
X,5.0,제휴몰,당시즌의류,다운베스트,DV,7766000,7577900,6889001,6889001,1790912,5098089
X,5.0,제휴몰,당시즌의류,다운점퍼,DJ,467920000,404957810,368143355,368143355,117338133,250805222
X,5.0,제휴몰,당시즌의류,레깅스,LG,418000,292600,266000,266000,93418,172582
X,5.0,제휴몰,당시즌의류,맨투맨,MT,20065000,14649720,13317958,13317958,4769647,8548311
X,5.0,제휴몰,당시즌의류,반팔티셔츠,RS,295000,295000,268180,268180,61890,206290
X,5.0,제휴몰,당시즌의류,방풍자켓,WJ,5557000,4412200,4011090,4011090,1438591,2572499
X,5.0,제휴몰,당시즌의류,상하의 세트,AZ,675000,597600,543270,543270,150094,393176
X,5.0,제휴몰,당시즌의류,소프트쉘,SS,13938000,13383000,12166350,12166350,3086367,9079983
X,5.0,제휴몰,당시즌의류,스커트,SK,1212000,1051200,955636,955636,297991,657645
X,5.0,제휴몰,당시즌의류,원피스,OP,149000,104300,94818,94818,31237,63581
X,5.0,제휴몰,당시즌의류,집업티,ZT,2241000,1568700,1426090,1426090,478761,947329
X,5.0,제휴몰,당시즌의류,트레이닝(상의),TR,4326000,3575400,3250363,3250363,987754,2262609
X,5.0,제휴몰,당시즌의류,트레이닝(하의),TP,7767000,6426000,5841819,5841819,1660380,4181439
X,5.0,제휴몰,당시즌의류,패딩,PD,5298000,3708600,3371464,3371464,1554075,1817389
X,5.0,제휴몰,당시즌의류,팬츠,PT,7698000,6867000,6242722,6242722,1763571,4479151
X,5.0,제휴몰,당시즌의류,후드티,HD,6574000,4824400,4385817,4385817,1640828,2744989
X,5.0,제휴몰,차시즌의류,긴팔티셔츠,RL,472000,472000,429088,429088,110267,318821
X,5.0,제휴몰,차시즌의류,맨투맨,MT,1057000,1057000,960907,960907,257056,703851
X,5.0,제휴몰,차시즌의류,반팔티셔츠,RS,1229000,1229000,1117270,1117270,312287,804983
X,5.0,제휴몰,차시즌의류,방풍자켓,WJ,617000,617000,560909,560909,150370,410539
X,5.0,제휴몰,차시즌의류,트레이닝 숏팬츠,TB,79000,79000,71818,71818,20142,51676
X,5.0,제휴몰,차시즌의류,트레이닝(상의),TR,1061000,1061000,964546,964546,248187,716359
X,5.0,제휴몰,차시즌의류,트레이닝(하의),TP,763000,763000,693637,693637,167596,526041
X,5.0,제휴몰,차시즌의류,패딩,PD,2161000,2161000,1964548,1964548,520879,1443669
X,5.0,제휴몰,차시즌의류,팬츠,PT,813000,813000,739092,739092,184048,555044
X,5.0,제휴몰,차시즌의류,후드티,HD,415000,415000,377272,377272,114303,262969
X,6.0,대리점,Acc_etc,기타소품류,AC,929000,636640,578779,390596,176915,213681
X,6.0,대리점,Acc_etc,다운 스카프,DC,6661000,5850980,5319082,3531192,1010806,2520386
X,6.0,대리점,Acc_etc,마스크,MK,513000,370790,337089,230314,125145,105169
X,6.0,대리점,Acc_etc,멀티스카프,MS,1681000,1199430,1090386,722039,338549,383490
X,6.0,대리점,Acc_etc,양말,SO,3993300,3306480,3005804,2019723,840779,1178944
X,6.0,대리점,Acc_etc,장갑,GL,3936000,3424090,3112807,2063347,959775,1103572
X,6.0,대리점,Acc_etc,토시,ML,25000,22770,20699,14075,4134,9941
X,6.0,대리점,Bag,가방,BG,1945000,1265520,1150472,781381,453306,328075
X,6.0,대리점,Bag,메신저백,MR,4874000,4254740,3867940,2541036,1161831,1379205
X,6.0,대리점,Bag,바디백,BZ,218000,198000,180000,118800,49496,69304
X,6.0,대리점,Bag,백팩,BK,193104000,175066580,159151260,104650265,45769868,58880397
X,6.0,대리점,Bag,보스톤백,BW,99000,49510,45000,30150,20672,9478
X,6.0,대리점,Bag,슬링백,SG,5345000,4381990,3983643,2639416,1150793,1488623
X,6.0,대리점,Bag,크로스백,CR,13970000,10831480,9846731,6578061,3086209,3491852
X,6.0,대리점,Bag,토드백,TG,4839000,3418660,3107873,2052225,1101679,950546
X,6.0,대리점,Bag,힙색,HS,1997000,1059760,963430,657759,425428,232331
X,6.0,대리점,Headwear,메시캡,MC,49000,44340,40308,27006,11298,15708
X,6.0,대리점,Headwear,방한모,WM,3852000,3497580,3179640,2112388,805662,1306726
X,6.0,대리점,Headwear,비니,BN,10752000,9027470,8206831,5458967,2284007,3174960
X,6.0,대리점,Headwear,운동모,CP,16970000,14960120,13600131,8976204,3308531,5667673
X,6.0,대리점,Headwear,햇,HT,2008000,1262890,1148000,778798,407719,371079
X,6.0,대리점,Shoes,슬리퍼,LP,8068000,7572130,6883717,4526206,2000835,2525371
X,6.0,대리점,Shoes,신발,SH,172593000,150128630,136480542,90457984,36999606,53458378
X,6.0,대리점,과시즌의류,긴팔카라티셔츠,TL,585000,301400,274001,186281,83873,102408
X,6.0,대리점,과시즌의류,긴팔티셔츠,RL,1390000,910000,827267,554267,293930,260337
X,6.0,대리점,과시즌의류,다운베스트,DV,1254000,638900,580817,394842,181102,213740
X,6.0,대리점,과시즌의류,다운점퍼,DJ,168602000,86424240,78567480,53609285,24324122,29285163
X,6.0,대리점,과시즌의류,레깅스,LG,227000,84800,77092,50733,38485,12248
X,6.0,대리점,과시즌의류,맨투맨,MT,10986000,7374620,6704178,4526813,2086177,2440636
X,6.0,대리점,과시즌의류,반팔티셔츠,RS,9785000,6713610,6103284,4096028,1872974,2223054
X,6.0,대리점,과시즌의류,방풍자켓,WJ,15165000,9237080,8397346,5650429,3299332,2351097
X,6.0,대리점,과시즌의류,소프트쉘,SS,10809000,5419920,4927173,3418148,1578154,1839994
X,6.0,대리점,과시즌의류,스커트,SK,109000,43600,39636,26556,15738,10818
X,6.0,대리점,과시즌의류,집업티,ZT,59000,29500,26818,17968,8533,9435
X,6.0,대리점,과시즌의류,트레이닝(상의),TR,18496000,9670150,8790965,5954693,3291151,2663542
X,6.0,대리점,과시즌의류,트레이닝(하의),TP,22682000,12187200,11079234,7474381,3875309,3599072
X,6.0,대리점,과시즌의류,패딩,PD,16155000,10544200,9585624,6431588,3282968,3148620
X,6.0,대리점,과시즌의류,팬츠,PT,7256000,3791920,3447181,2353395,1143247,1210148
X,6.0,대리점,과시즌의류,후드티,HD,5861000,3386600,3078723,2086610,1065646,1020964
X,6.0,대리점,당시즌의류,긴팔카라티셔츠,TL,2766000,2556990,2324551,1548652,453029,1095623
X,6.0,대리점,당시즌의류,긴팔티셔츠,RL,6500000,4763940,4330845,2961440,1282836,1678604
X,6.0,대리점,당시즌의류,다운베스트,DV,55436000,47033560,42757792,28620137,13082146,15537991
X,6.0,대리점,당시즌의류,다운점퍼,DJ,1203337000,1009711230,917919309,612696041,322192112,290503929
X,6.0,대리점,당시즌의류,레깅스,LG,1243000,870110,791000,536970,304177,232793
X,6.0,대리점,당시즌의류,맨투맨,MT,38029000,29190840,26537116,17897501,8690810,9206691
X,6.0,대리점,당시즌의류,반팔티셔츠,RS,118000,108000,98181,60509,24756,35753
X,6.0,대리점,당시즌의류,방풍자켓,WJ,8381000,6422010,5838186,3939301,2125105,1814196
X,6.0,대리점,당시즌의류,상하의 세트,AZ,2233000,2026350,1842118,1241496,423561,817935
X,6.0,대리점,당시즌의류,소프트쉘,SS,41510000,35801960,32547177,21798656,9165647,12633009
X,6.0,대리점,당시즌의류,스커트,SK,1360000,952000,865452,598678,285926,312752
X,6.0,대리점,당시즌의류,원피스,OP,0,0,0,0,0,0
X,6.0,대리점,당시즌의류,점퍼,JP,15009000,10506300,9551183,6525161,3651412,2873749
X,6.0,대리점,당시즌의류,집업티,ZT,9242000,6469410,5881277,4040737,1872724,2168013
X,6.0,대리점,당시즌의류,트레이닝(상의),TR,32486000,25965630,23605097,15954486,7172161,8782325
X,6.0,대리점,당시즌의류,트레이닝(하의),TP,42138000,35638050,32398226,21710387,8700905,13009482
X,6.0,대리점,당시즌의류,패딩,PD,8317000,5704260,5185697,3555141,2288388,1266753
X,6.0,대리점,당시즌의류,팬츠,PT,37589000,32778200,29798433,19825305,8018964,11806341
X,6.0,대리점,당시즌의류,후드티,HD,21542000,16169230,14699273,9946961,5211232,4735729
X,6.0,대리점,차시즌의류,긴팔티셔츠,RL,11582000,11322500,10293214,6731202,2419962,4311240
X,6.0,대리점,차시즌의류,맨투맨,MT,26603000,26000490,23636786,15471899,6388896,9083003
X,6.0,대리점,차시즌의류,반팔티셔츠,RS,12612000,12304860,11186183,7302603,2962010,4340593
X,6.0,대리점,차시즌의류,방풍자켓,WJ,17356000,16972540,15429570,10054084,4150895,5903189
X,6.0,대리점,차시즌의류,상하의 세트,AZ,3852000,3774630,3431493,2264868,1132707,1132161
X,6.0,대리점,차시즌의류,소프트쉘,SS,1113000,1113000,1011819,662020,219331,442689
X,6.0,대리점,차시즌의류,스커트,SK,119000,119000,108182,72482,20594,51888
X,6.0,대리점,차시즌의류,트레이닝 숏팬츠,TB,632000,627300,570269,379883,161138,218745
X,6.0,대리점,차시즌의류,트레이닝(상의),TR,26360000,25679190,23344698,15381829,6091814,9290015
X,6.0,대리점,차시즌의류,트레이닝(하의),TP,33267000,32382160,29438363,19375437,6981054,12394383
X,6.0,대리점,차시즌의류,패딩,PD,27132000,26524090,24112786,15842766,6506379,9336387
X,6.0,대리점,차시즌의류,팬츠,PT,8434000,8278510,7525920,4942475,1879945,3062530
X,6.0,대리점,차시즌의류,후드티,HD,8877000,8675160,7886529,5158853,2291508,2867345
X,7.0,아울렛,Acc_etc,기타소품류,AC,702000,292500,265911,265911,134190,131721
X,7.0,아울렛,Acc_etc,다운 스카프,DC,1350000,712400,647640,647640,317142,330498
X,7.0,아울렛,Acc_etc,멀티스카프,MS,226000,77600,70545,70545,43581,26964
X,7.0,아울렛,Acc_etc,양말,SO,85000,46200,41999,41999,16612,25387
X,7.0,아울렛,Acc_etc,장갑,GL,810000,327800,298001,298001,165260,132741
X,7.0,아울렛,Acc_etc,짐백,GY,-169000,-50700,-46091,-46091,-35377,-10714
X,7.0,아울렛,Bag,메신저백,MR,8190000,4859200,4417458,4417458,1802173,2615285
X,7.0,아울렛,Bag,백팩,BK,226434000,194016050,176377894,176377894,53290769,123087125
X,7.0,아울렛,Bag,보스톤백,BW,515000,284200,258362,258362,115055,143307
X,7.0,아울렛,Bag,슬링백,SG,2700000,1647700,1497910,1497910,600946,896964
X,7.0,아울렛,Bag,크로스백,CR,3306000,1930700,1755176,1755176,719733,1035443
X,7.0,아울렛,Bag,토드백,TG,6139000,3864120,3512837,3512837,1334207,2178630
X,7.0,아울렛,Bag,힙색,HS,1128000,498600,453272,453272,238379,214893
X,7.0,아울렛,Headwear,비니,BN,3600000,1466500,1333188,1333188,706875,626313
X,7.0,아울렛,Headwear,운동모,CP,4441000,2429100,2208256,2208256,884817,1323439
X,7.0,아울렛,Headwear,햇,HT,1474000,761400,692185,692185,301259,390926
X,7.0,아울렛,Shoes,슬리퍼,LP,3001000,2465870,2241693,2241693,738181,1503512
X,7.0,아울렛,Shoes,신발,SH,92851000,70020650,63655141,63655141,19572459,44082682
X,7.0,아울렛,과시즌의류,긴팔카라티셔츠,TL,2560000,959400,872186,872186,261468,610718
X,7.0,아울렛,과시즌의류,긴팔티셔츠,RL,4986000,2710100,2463720,2463720,871240,1592480
X,7.0,아울렛,과시즌의류,니트,KT,398000,119400,108546,108546,34428,74118
X,7.0,아울렛,과시즌의류,다운베스트,DV,1471000,834800,758909,758909,213416,545493
X,7.0,아울렛,과시즌의류,다운점퍼,DJ,546204000,275519970,250472614,250472614,75800144,174672470
X,7.0,아울렛,과시즌의류,레깅스,LG,336000,134400,122181,122181,49092,73089
X,7.0,아울렛,과시즌의류,맨투맨,MT,71624000,46082000,41892627,41892627,13349746,28542881
X,7.0,아울렛,과시즌의류,반팔티셔츠,RS,24023000,16461400,14964875,14964875,4709545,10255330
X,7.0,아울렛,과시즌의류,방풍자켓,WJ,117104000,67358900,61235341,61235341,22533535,38701806
X,7.0,아울렛,과시즌의류,브라,BR,177000,106200,96546,96546,54072,42474
X,7.0,아울렛,과시즌의류,소프트쉘,SS,36937000,17561300,15964816,15964816,5179953,10784863
X,7.0,아울렛,과시즌의류,스커트,SK,714000,313400,284908,284908,103361,181547
X,7.0,아울렛,과시즌의류,원피스,OP,2226000,890400,809452,809452,323091,486361
X,7.0,아울렛,과시즌의류,집업티,ZT,118000,59000,53636,53636,17066,36570
X,7.0,아울렛,과시즌의류,트레이닝 숏팬츠,TB,-69000,-41400,-37636,-37636,-16531,-21105
X,7.0,아울렛,과시즌의류,트레이닝(상의),TR,94369000,44026300,40023866,40023866,15579914,24443952
X,7.0,아울렛,과시즌의류,트레이닝(하의),TP,84624000,46223980,42021831,42021831,14531019,27490812
X,7.0,아울렛,과시즌의류,패딩,PD,58789000,38007900,34552630,34552630,11441672,23110958
X,7.0,아울렛,과시즌의류,팬츠,PT,52235000,21645300,19677512,19677512,6920988,12756524
X,7.0,아울렛,과시즌의류,후드티,HD,28688000,17004800,15458911,15458911,5714930,9743981
X,7.0,아울렛,당시즌의류,긴팔카라티셔츠,TL,1339000,937300,852089,852089,216190,635899
X,7.0,아울렛,당시즌의류,긴팔티셔츠,RL,2675000,1872500,1702271,1702271,488779,1213492
X,7.0,아울렛,당시즌의류,다운베스트,DV,17396000,15057130,13688307,13688307,3974648,9713659
X,7.0,아울렛,당시즌의류,다운점퍼,DJ,877769000,717637890,652397913,652397913,229940304,422457609
X,7.0,아울렛,당시즌의류,맨투맨,MT,18737000,13319340,12108537,12108537,4180497,7928040
X,7.0,아울렛,당시즌의류,방풍자켓,WJ,5621000,3934700,3576996,3576996,1575962,2001034
X,7.0,아울렛,당시즌의류,상하의 세트,AZ,258000,180600,164182,164182,55246,108936
X,7.0,아울렛,당시즌의류,소프트쉘,SS,26926000,22004600,20004168,20004168,5820611,14183557
X,7.0,아울렛,당시즌의류,스커트,SK,258000,180600,164182,164182,49598,114584
X,7.0,아울렛,당시즌의류,원피스,OP,149000,104300,94818,94818,31237,63581
X,7.0,아울렛,당시즌의류,점퍼,JP,4151000,2905700,2641545,2641545,1038188,1603357
X,7.0,아울렛,당시즌의류,집업티,ZT,8094000,5665800,5150725,5150725,1628996,3521729
X,7.0,아울렛,당시즌의류,트레이닝(상의),TR,6532000,4572400,4156724,4156724,1491842,2664882
X,7.0,아울렛,당시즌의류,트레이닝(하의),TP,7131000,4997700,4543365,4543365,1653003,2890362
X,7.0,아울렛,당시즌의류,패딩,PD,3109000,2176300,1978458,1978458,789566,1188892
X,7.0,아울렛,당시즌의류,팬츠,PT,4659000,3329150,3026495,3026495,932512,2093983
X,7.0,아울렛,당시즌의류,후드티,HD,6027000,4235600,3850544,3850544,1376653,2473891
X,7.0,아울렛,차시즌의류,맨투맨,MT,484000,478100,434636,434636,119414,315222
X,7.0,아울렛,차시즌의류,반팔티셔츠,RS,318000,302000,274545,274545,71145,203400
X,7.0,아울렛,차시즌의류,방풍자켓,WJ,845000,830900,755364,755364,218750,536614
X,7.0,아울렛,차시즌의류,상하의 세트,AZ,477000,477000,433635,433635,137889,295746
X,7.0,아울렛,차시즌의류,소프트쉘,SS,636000,606000,550910,550910,125332,425578
X,7.0,아울렛,차시즌의류,트레이닝(상의),TR,1528000,1451450,1319498,1319498,368454,951044
X,7.0,아울렛,차시즌의류,트레이닝(하의),TP,2160000,2046550,1860501,1860501,473137,1387364
X,7.0,아울렛,차시즌의류,패딩,PD,5286000,5216000,4741820,4741820,1321280,3420540
X,7.0,아울렛,차시즌의류,팬츠,PT,258000,248000,225455,225455,56371,169084
X,7.0,아울렛,차시즌의류,후드티,HD,99000,89000,80909,80909,26297,54612
X,8.0,사입,Shoes,신발,SH,359700000,169059990,153690900,153690900,72989136,80701764
X,8.0,사입,과시즌의류,긴팔카라티셔츠,TL,10902000,1417200,1288368,1288368,1560288,-271920
X,8.0,사입,과시즌의류,맨투맨,MT,254284000,33056860,30051700,30051700,35109764,-5058064
X,8.0,사입,과시즌의류,방풍자켓,WJ,2528545000,328711340,298828482,298828482,349088055,-50259573
X,8.0,사입,과시즌의류,브라,BR,61789000,8032700,7302451,7302451,9006133,-1703682
X,8.0,사입,과시즌의류,트레이닝 숏팬츠,TB,278208000,36169060,32880960,32880960,36923143,-4042183
X,8.0,사입,과시즌의류,트레이닝(상의),TR,899376000,116918320,106289354,106289354,121369632,-15080278
X,8.0,사입,과시즌의류,트레이닝(하의),TP,756014000,98282490,89347714,89347714,103255000,-13907286
X,8.0,사입,과시즌의류,패딩,PD,259449000,33727820,30661658,30661658,35478242,-4816584
X,8.0,사입,과시즌의류,팬츠,PT,197971000,25735940,23396287,23396287,26901686,-3505399
X,8.0,사입,과시즌의류,후드티,HD,206789000,26882710,24438822,24438822,28842963,-4404141
X,11.0,직영몰,Acc_etc,기타소품류,AC,84000,58800,53454,53454,16926,36528
X,11.0,직영몰,Acc_etc,다운 스카프,DC,241000,226300,205726,205726,38783,166943
X,11.0,직영몰,Acc_etc,양말,SO,79000,69220,62928,62928,14216,48712
X,11.0,직영몰,Acc_etc,장갑,GL,217000,205470,186791,186791,52819,133972
X,11.0,직영몰,Bag,메신저백,MR,1179000,1119380,1017619,1017619,279975,737644
X,11.0,직영몰,Bag,백팩,BK,37806000,35520900,32291679,32291679,8986221,23305458
X,11.0,직영몰,Bag,슬링백,SG,832000,725240,659309,659309,181412,477897
X,11.0,직영몰,Bag,크로스백,CR,563000,448720,407925,407925,122661,285264
X,11.0,직영몰,Bag,토드백,TG,531000,517460,470416,470416,131378,339038
X,11.0,직영몰,Headwear,방한모,WM,140000,134090,121900,121900,28772,93128
X,11.0,직영몰,Headwear,비니,BN,403000,373770,339792,339792,85342,254450
X,11.0,직영몰,Headwear,운동모,CP,1344000,1265600,1150542,1150542,261530,889012
X,11.0,직영몰,Shoes,슬리퍼,LP,1214000,1171740,1065222,1065222,314159,751063
X,11.0,직영몰,Shoes,신발,SH,18617000,17188120,15625576,15625576,3956330,11669246
X,11.0,직영몰,과시즌의류,다운점퍼,DJ,12114000,6695600,6086909,6086909,1758305,4328604
X,11.0,직영몰,과시즌의류,소프트쉘,SS,3032000,1387800,1261637,1261637,438396,823241
X,11.0,직영몰,과시즌의류,트레이닝(상의),TR,1313000,525200,477456,477456,194793,282663
X,11.0,직영몰,당시즌의류,긴팔카라티셔츠,TL,258000,180600,164182,164182,51220,112962
X,11.0,직영몰,당시즌의류,긴팔티셔츠,RL,138000,96600,87818,87818,22851,64967
X,11.0,직영몰,당시즌의류,다운베스트,DV,3113000,2893240,2630219,2630219,729750,1900469
X,11.0,직영몰,당시즌의류,다운점퍼,DJ,101978000,89582960,81439046,81439046,26459191,54979855
X,11.0,직영몰,당시즌의류,맨투맨,MT,1601000,1191800,1083458,1083458,372843,710615
X,11.0,직영몰,당시즌의류,소프트쉘,SS,2476000,2132070,1938244,1938244,539527,1398717
X,11.0,직영몰,당시즌의류,점퍼,JP,1317000,921900,838091,838091,334867,503224
X,11.0,직영몰,당시즌의류,집업티,ZT,1200000,840000,763636,763636,248090,515546
X,11.0,직영몰,당시즌의류,트레이닝(상의),TR,844000,614790,558900,558900,180953,377947
X,11.0,직영몰,당시즌의류,트레이닝(하의),TP,1408000,1096510,996826,996826,293871,702955
X,11.0,직영몰,당시즌의류,팬츠,PT,1490000,1332010,1210919,1210919,350274,860645
X,11.0,직영몰,당시즌의류,후드티,HD,664000,517200,470182,470182,152962,317220
X,11.0,직영몰,차시즌의류,긴팔티셔츠,RL,797000,797000,724541,724541,165142,559399
X,11.0,직영몰,차시즌의류,맨투맨,MT,2432000,2405490,2186806,2186806,573560,1613246
X,11.0,직영몰,차시즌의류,반팔티셔츠,RS,654000,640930,582662,582662,147550,435112
X,11.0,직영몰,차시즌의류,방풍자켓,WJ,4063000,4026280,3660255,3660255,973132,2687123
X,11.0,직영몰,차시즌의류,상하의 세트,AZ,159000,149000,135455,135455,46988,88467
X,11.0,직영몰,차시즌의류,스커트,SK,119000,119000,108182,108182,20594,87588
X,11.0,직영몰,차시즌의류,트레이닝(상의),TR,2103000,2081770,1892521,1892521,468197,1424324
X,11.0,직영몰,차시즌의류,트레이닝(하의),TP,2697000,2633010,2393648,2393648,542086,1851562
X,11.0,직영몰,차시즌의류,패딩,PD,1474000,1474000,1340002,1340002,327177,1012825
X,11.0,직영몰,차시즌의류,팬츠,PT,546000,536000,487274,487274,120692,366582
X,11.0,직영몰,차시즌의류,후드티,HD,554000,547800,498000,498000,155631,342369
X,12.0,아울렛,Acc_etc,기타소품류,AC,195000,78000,70910,70910,33728,37182
X,12.0,아울렛,Acc_etc,다운 스카프,DC,69000,41400,37636,37636,16287,21349
X,12.0,아울렛,Acc_etc,양말,SO,24000,12000,10910,10910,4569,6341
X,12.0,아울렛,Bag,메신저백,MR,109000,54500,49545,49545,23936,25609
X,12.0,아울렛,Bag,백팩,BK,1728000,818200,743820,743820,277226,466594
X,12.0,아울렛,Bag,크로스백,CR,515000,257500,234091,234091,108256,125835
X,12.0,아울렛,Bag,토드백,TG,507000,275100,250092,250092,86162,163930
X,12.0,아울렛,Bag,힙색,HS,79000,47400,43091,43091,17624,25467
X,12.0,아울렛,Headwear,비니,BN,135000,36000,32728,32728,23130,9598
X,12.0,아울렛,Headwear,운동모,CP,207000,87700,79727,79727,36935,42792
X,12.0,아울렛,Headwear,햇,HT,292000,136700,124273,124273,59048,65225
X,12.0,아울렛,Shoes,신발,SH,2239000,888200,807458,807458,475267,332191
X,12.0,아울렛,과시즌의류,긴팔카라티셔츠,TL,516000,154800,140728,140728,41743,98985
X,12.0,아울렛,과시즌의류,긴팔티셔츠,RL,4972000,1945200,1768375,1768375,654233,1114142
X,12.0,아울렛,과시즌의류,니트,KT,597000,179100,162819,162819,51642,111177
X,12.0,아울렛,과시즌의류,다운베스트,DV,716000,242600,220544,220544,59214,161330
X,12.0,아울렛,과시즌의류,다운점퍼,DJ,35674000,11637800,10579819,10579819,3233028,7346791
X,12.0,아울렛,과시즌의류,맨투맨,MT,11068000,4597400,4179461,4179461,1553618,2625843
X,12.0,아울렛,과시즌의류,반팔티셔츠,RS,2456000,1650200,1500177,1500177,474241,1025936
X,12.0,아울렛,과시즌의류,방풍자켓,WJ,16471000,5421700,4928808,4928808,1972994,2955814
X,12.0,아울렛,과시즌의류,소프트쉘,SS,477000,159000,144546,144546,49449,95097
X,12.0,아울렛,과시즌의류,트레이닝(상의),TR,26266000,8040800,7309847,7309847,3242230,4067617
X,12.0,아울렛,과시즌의류,트레이닝(하의),TP,16816000,5896500,5360435,5360435,2332588,3027847
X,12.0,아울렛,과시즌의류,패딩,PD,7097000,2621900,2383551,2383551,995680,1387871
X,12.0,아울렛,과시즌의류,팬츠,PT,8456000,2393700,2176092,2176092,874867,1301225
X,12.0,아울렛,과시즌의류,후드티,HD,5608000,2252900,2048084,2048084,782048,1266036
X,99.0,기타,Bag,백팩,BK,507000,354900,322636,322636,115270,207366
X,99.0,기타,당시즌의류,다운베스트,DV,129000,90300,82091,82091,30815,51276
X,99.0,기타,당시즌의류,다운점퍼,DJ,2166000,1516200,1378364,1378364,686106,692258
X,99.0,기타,당시즌의류,팬츠,PT,179000,125300,113909,113909,42349,71560
X,99.0,기타,차시즌의류,방풍자켓,WJ,0,0,0,0,0,0
X,99.0,기타,차시즌의류,트레이닝(상의),TR,0,0,0,0,0,0
X,99.0,기타,차시즌의류,패딩,PD,179000,125300,113909,113909,58330,55579
X,99.0,기타,차시즌의류,팬츠,PT,129000,90300,82090,82090,28083,54007
