브랜드,유통채널,채널명,아이템_중분류,아이템_소분류,아이템코드,합계 : 판매금액(TAG가),합계 : 실판매액,합계 : 실판매액(V-),합계 : 출고매출액(V-) Actual,매출원가(평가감환입반영),매출총이익
I,1.0,백화점,Acc_etc,기타,ET,3412164,3082648,2802365,1785867,851374,934493
I,1.0,백화점,Acc_etc,머플러(스카프),MF,934124,807876,734430,462690,183312,279378
I,1.0,백화점,Acc_etc,양말,SO,10230060,9750413,8863795,5660665,2422304,3238361
I,1.0,백화점,Acc_etc,장갑,GL,1700721,1608368,1462162,926683,429338,497345
I,1.0,백화점,Bag,가방,BG,2255567,2123985,1930869,1227182,567936,659246
I,1.0,백화점,Bag,백팩,BK,750488505,626813996,569831411,363212921,170419943,192792978
I,1.0,백화점,Bag,보조가방,UB,10966905,9834391,8940373,5688255,2721421,2966834
I,1.0,백화점,Bag,슬링백,SG,1694020,1577556,1434140,908802,371591,537211
I,1.0,백화점,Bag,크로스백,CR,1505808452,1479780273,1345254837,850966942,382463520,468503422
I,1.0,백화점,Bag,힙색,HS,553505,506062,460052,295080,108752,186328
I,1.0,백화점,Headwear,방한모,WM,7491751,6819624,6199656,3962638,1465543,2497095
I,1.0,백화점,Headwear,비니,BN,18994738,17786851,16169799,10285276,3539051,6746225
I,1.0,백화점,Headwear,와이어캡,WR,1576082,1438832,1308017,834182,302267,531915
I,1.0,백화점,Headwear,운동모,CP,162144812,153113727,139193910,88995465,34268686,54726779
I,1.0,백화점,Headwear,햇,HT,2805051,2510246,2282072,1456801,550581,906220
I,1.0,백화점,Shoes,런닝화,RN,233928921,197485546,179532290,114653440,57802694,56850746
I,1.0,백화점,Shoes,방한화,WB,10966905,9315972,8469048,5332690,2707358,2625332
I,1.0,백화점,Shoes,스니커즈,SX,40632363,36731345,33392150,21285717,8944191,12341526
I,1.0,백화점,Shoes,신발,SH,178105324,167538591,152307919,97412605,40853809,56558796
I,1.0,백화점,과시즌의류,맨투맨,MT,65392667,32696173,29723738,20012500,16824449,3188051
I,1.0,백화점,과시즌의류,맨투맨셋트,S2,173678624,86838722,78944207,54971861,46781785,8190076
I,1.0,백화점,과시즌의류,반팔카라티셔츠,TS,1724845,1636231,1487505,941873,405767,536106
I,1.0,백화점,과시즌의류,반팔티 & 스웨트팬츠,S1,92474,83227,75660,47666,23519,24147
I,1.0,백화점,과시즌의류,베이비,BV,5693195,5507951,5007216,3182997,1716258,1466739
I,1.0,백화점,과시즌의류,점퍼,JP,15353399,7676673,6978766,4928771,4333818,594953
I,1.0,백화점,당시즌의류,다운베스트,DV,8500926,7748937,7044484,4488360,2326547,2161813
I,1.0,백화점,당시즌의류,다운점퍼,DJ,161143678,143536790,130487954,83245369,41004484,42240885
I,1.0,백화점,당시즌의류,레깅스,LG,211753,190577,173251,111074,60299,50775
I,1.0,백화점,당시즌의류,맨투맨,MT,29007417,25682352,23347537,14823158,7981469,6841689
I,1.0,백화점,당시즌의류,맨투맨셋트,S2,47045248,42654197,38776541,24703801,12855906,11847895
I,1.0,백화점,당시즌의류,반팔카라티셔츠,TS,643299,547608,497826,313628,172552,141076
I,1.0,백화점,당시즌의류,방풍자켓,WJ,186289,167660,152418,96023,47994,48029
I,1.0,백화점,당시즌의류,스커트,SK,119278,107350,97591,61482,33391,28091
I,1.0,백화점,당시즌의류,우븐팬츠,WP,12871338,11143155,10130107,6426362,3361537,3064825
I,1.0,백화점,당시즌의류,점퍼,JP,3463092,3089376,2808523,1777759,879852,897907
I,1.0,백화점,당시즌의류,진바지,DP,6722473,5943049,5402772,3434267,1645478,1788789
I,1.0,백화점,당시즌의류,패딩,PD,5114226,4870563,4427779,2808135,1459038,1349097
I,1.0,백화점,당시즌의류,팬츠,PT,10722987,9610188,8736469,5575104,2802913,2772191
I,1.0,백화점,당시즌의류,폴라폴리스점퍼,FD,2049175,1807000,1642727,1045076,571690,473386
I,1.0,백화점,당시즌의류,후드티,HD,5667731,5182952,4711773,2974558,1577909,1396649
I,1.0,백화점,차시즌의류,맨투맨,MT,132339973,123524380,112294879,71504474,34312675,37191799
I,1.0,백화점,차시즌의류,맨투맨셋트,S2,508547833,477088966,433716825,276957832,128710674,148247158
I,1.0,백화점,차시즌의류,반바지,SP,3823607,3413531,3103208,1967077,817047,1150030
I,1.0,백화점,차시즌의류,반팔카라티셔츠,TS,76935860,71150084,64681824,41199236,18276925,22922311
I,1.0,백화점,차시즌의류,반팔티 & 스웨트팬츠,S1,12135565,11380747,10346108,6668528,2943577,3724951
I,1.0,백화점,차시즌의류,방풍자켓,WJ,59534627,55544968,50495470,32216727,14309613,17907114
I,1.0,백화점,차시즌의류,스커트,SK,4536597,4193866,3812626,2423012,1099150,1323862
I,1.0,백화점,차시즌의류,우븐반바지,SM,5955875,5518003,5016360,3205978,1387645,1818333
I,1.0,백화점,차시즌의류,우븐셔츠,WS,8523710,8058832,7326221,4657086,1784748,2872338
I,1.0,백화점,차시즌의류,우븐팬츠,WP,67672357,63270169,57518217,36739086,16508203,20230883
I,1.0,백화점,차시즌의류,원피스,OP,2653608,2497782,2270685,1448599,688044,760555
I,1.0,백화점,차시즌의류,점퍼,JP,325566840,301841765,274401591,174759791,78361127,96398664
I,1.0,백화점,차시즌의류,진바지,DP,85061529,78915144,71740929,45686750,21861829,23824921
I,1.0,백화점,차시즌의류,진자켓,DK,1066804,986794,897087,574377,188734,385643
I,1.0,백화점,차시즌의류,팬츠,PT,53266484,49516078,45014585,28733315,12805056,15928259
I,1.0,백화점,차시즌의류,폴로 티셔츠,PQ,9661544,9046551,8224129,5282052,2200271,3081781
I,1.0,백화점,차시즌의류,후드티,HD,73602768,68347459,62134011,39640734,18117925,21522809
I,2.0,면세점,Acc_etc,기타,ET,38866,38866,35332,21199,9558,11641
I,2.0,면세점,Acc_etc,머플러(스카프),MF,711649,711649,646962,388175,168532,219643
I,2.0,면세점,Acc_etc,양말,SO,1213154,1225149,1113759,668251,306572,361679
I,2.0,면세점,Bag,백팩,BK,39446281,38037456,34579512,20747710,8714891,12032819
I,2.0,면세점,Bag,보조가방,UB,394021,394021,358197,214918,97775,117143
I,2.0,면세점,Bag,슬링백,SG,741134,741134,673756,404256,162572,241684
I,2.0,면세점,Bag,크로스백,CR,158188524,158188363,143807580,86284149,37479260,48804889
I,2.0,면세점,Headwear,방한모,WM,2252886,2225144,2022856,1213709,422275,791434
I,2.0,면세점,Headwear,비니,BN,13155461,13155461,11959482,7175685,2720457,4455228
I,2.0,면세점,Headwear,와이어캡,WR,1641752,1641752,1492487,895492,302361,593131
I,2.0,면세점,Headwear,운동모,CP,154001721,154001694,140000529,84000180,31889772,52110408
I,2.0,면세점,Headwear,햇,HT,2977938,2977938,2707236,1624331,553068,1071263
I,2.0,면세점,Shoes,런닝화,RN,29298241,29298241,26634687,15980777,7055171,8925606
I,2.0,면세점,Shoes,방한화,WB,331031,331031,300935,180561,79414,101147
I,2.0,면세점,Shoes,스니커즈,SX,17141234,17141234,15582866,9349709,3636117,5713592
I,2.0,면세점,Shoes,신발,SH,18603398,18603398,16912116,10147260,4207404,5939856
I,2.0,면세점,과시즌의류,반팔카라티셔츠,TS,-44227,-30959,-28144,-16887,-9857,-7030
I,2.0,면세점,과시즌의류,베이비,BV,316289,316289,287538,172522,95348,77174
I,2.0,면세점,과시즌의류,우븐반바지,SM,-65670,-32835,-29850,-17911,-14234,-3677
I,2.0,면세점,당시즌의류,다운베스트,DV,558866,558866,508057,304835,154591,150244
I,2.0,면세점,당시즌의류,다운점퍼,DJ,55223184,55223184,50202907,30121742,14109132,16012610
I,2.0,면세점,당시즌의류,맨투맨,MT,5959896,5959896,5418085,3250828,1650667,1600161
I,2.0,면세점,당시즌의류,맨투맨셋트,S2,3885257,3885257,3532058,2119238,1060234,1059004
I,2.0,면세점,당시즌의류,반팔카라티셔츠,TS,395361,395361,359423,215653,119652,96001
I,2.0,면세점,당시즌의류,반팔티 & 스웨트팬츠,S1,213093,213093,193720,116232,59854,56378
I,2.0,면세점,당시즌의류,우븐팬츠,WP,1699381,1699381,1544879,926928,434196,492732
I,2.0,면세점,당시즌의류,점퍼,JP,719691,719691,654263,392557,165107,227450
I,2.0,면세점,당시즌의류,진바지,DP,292165,292165,265602,159361,67589,91772
I,2.0,면세점,당시즌의류,패딩,PD,213093,213093,193720,116232,60793,55439
I,2.0,면세점,당시즌의류,팬츠,PT,477113,477113,433739,260244,126832,133412
I,2.0,면세점,당시즌의류,폴라폴리스점퍼,FD,1304020,1304020,1185467,711282,363803,347479
I,2.0,면세점,당시즌의류,후드티,HD,1098969,1098969,999059,599434,314373,285061
I,2.0,면세점,차시즌의류,맨투맨,MT,29890612,29890612,27173169,16303854,7263818,9040036
I,2.0,면세점,차시즌의류,맨투맨셋트,S2,46812052,46812052,42556514,25533875,11610777,13923098
I,2.0,면세점,차시즌의류,반바지,SP,394021,394021,358197,214918,82223,132695
I,2.0,면세점,차시즌의류,반팔카라티셔츠,TS,56507102,56507075,51369912,30821913,13619112,17202801
I,2.0,면세점,차시즌의류,반팔티 & 스웨트팬츠,S1,1990206,1990206,1809278,1085567,443312,642255
I,2.0,면세점,차시즌의류,방풍자켓,WJ,18667728,18667728,16970686,10182429,4471885,5710544
I,2.0,면세점,차시즌의류,스커트,SK,834948,834948,759043,455422,198711,256711
I,2.0,면세점,차시즌의류,우븐반바지,SM,3259381,3259381,2963045,1777826,797449,980377
I,2.0,면세점,차시즌의류,우븐셔츠,WS,1278556,1278556,1162320,697392,267711,429681
I,2.0,면세점,차시즌의류,우븐팬츠,WP,5036494,5036494,4578626,2747181,1253669,1493512
I,2.0,면세점,차시즌의류,원피스,OP,1990206,1990206,1809278,1085567,516036,569531
I,2.0,면세점,차시즌의류,점퍼,JP,35543601,35543601,32312291,19387341,8570209,10817132
I,2.0,면세점,차시즌의류,진바지,DP,4619690,4619690,4199708,2519826,1262478,1257348
I,2.0,면세점,차시즌의류,진자켓,DK,533402,533402,484911,290945,94367,196578
I,2.0,면세점,차시즌의류,팬츠,PT,4352989,4352989,3957293,2374361,963790,1410571
I,2.0,면세점,차시즌의류,후드티,HD,10004637,10004637,9095100,5457037,2468516,2988521
I,3.0,직영점(가두),Acc_etc,기타,ET,221134,221134,201032,201032,50248,150784
I,3.0,직영점(가두),Acc_etc,머플러(스카프),MF,79072,79072,71883,71883,18725,53158
I,3.0,직영점(가두),Acc_etc,양말,SO,310660,308274,280246,280246,77806,202440
I,3.0,직영점(가두),Acc_etc,장갑,GL,474433,474433,431300,431300,123992,307308
I,3.0,직영점(가두),Bag,백팩,BK,10592988,10374132,9431028,9431028,2275182,7155846
I,3.0,직영점(가두),Bag,보조가방,UB,328350,328350,298497,298497,81480,217017
I,3.0,직영점(가두),Bag,크로스백,CR,1482268,1482268,1347514,1347514,313671,1033843
I,3.0,직영점(가두),Bag,힙색,HS,158144,158144,143767,143767,31073,112694
I,3.0,직영점(가두),Headwear,방한모,WM,604433,604433,549483,549483,123945,425538
I,3.0,직영점(가두),Headwear,비니,BN,2338659,2338659,2126046,2126046,488840,1637206
I,3.0,직영점(가두),Headwear,와이어캡,WR,131340,131340,119399,119399,24188,95211
I,3.0,직영점(가두),Headwear,운동모,CP,12654224,12627420,11479457,11479457,2656921,8822536
I,3.0,직영점(가두),Headwear,햇,HT,221134,221134,201031,201031,40588,160443
I,3.0,직영점(가두),Shoes,런닝화,RN,6092576,6092576,5538706,5538706,1482288,4056418
I,3.0,직영점(가두),Shoes,방한화,WB,715670,715670,650608,650608,150395,500213
I,3.0,직영점(가두),Shoes,스니커즈,SX,1651134,1651134,1501029,1501029,383204,1117825
I,3.0,직영점(가두),Shoes,신발,SH,6747937,6736934,6124484,6124484,1565970,4558514
I,3.0,직영점(가두),과시즌의류,베이비,BV,2055876,2055876,1868965,1868965,619762,1249203
I,3.0,직영점(가두),당시즌의류,다운베스트,DV,186289,186289,169354,169354,51530,117824
I,3.0,직영점(가두),당시즌의류,다운점퍼,DJ,11256389,11256389,10233082,10233082,2853131,7379951
I,3.0,직영점(가두),당시즌의류,레깅스,LG,105876,105876,96251,96251,30149,66102
I,3.0,직영점(가두),당시즌의류,맨투맨,MT,2898865,2898865,2635326,2635326,803463,1831863
I,3.0,직영점(가두),당시즌의류,맨투맨셋트,S2,2062577,2062577,1875075,1875075,567304,1307771
I,3.0,직영점(가두),당시즌의류,우븐팬츠,WP,251959,244293,222079,222079,65507,156572
I,3.0,직영점(가두),당시즌의류,점퍼,JP,0,0,0,0,0,0
I,3.0,직영점(가두),당시즌의류,진바지,DP,784020,784020,712747,712747,194570,518177
I,3.0,직영점(가두),당시즌의류,패딩,PD,213093,213093,193720,193720,60793,132927
I,3.0,직영점(가두),당시즌의류,팬츠,PT,344433,344433,313120,313120,86821,226299
I,3.0,직영점(가두),당시즌의류,폴라폴리스점퍼,FD,372577,372577,338708,338708,103944,234764
I,3.0,직영점(가두),당시즌의류,후드티,HD,132680,132680,120619,120619,33233,87386
I,3.0,직영점(가두),차시즌의류,맨투맨,MT,4650515,4637112,4215540,4215540,1193912,3021628
I,3.0,직영점(가두),차시즌의류,맨투맨셋트,S2,16626595,16626595,15115124,15115124,4219461,10895663
I,3.0,직영점(가두),차시즌의류,반바지,SP,328350,328350,298497,298497,68522,229975
I,3.0,직영점(가두),차시즌의류,반팔카라티셔츠,TS,7168761,7168761,6517019,6517019,1642063,4874956
I,3.0,직영점(가두),차시즌의류,반팔티 & 스웨트팬츠,S1,1978144,1971094,1791900,1791900,506152,1285748
I,3.0,직영점(가두),차시즌의류,방풍자켓,WJ,4071546,4058143,3689228,3689228,982919,2706309
I,3.0,직영점(가두),차시즌의류,스커트,SK,369897,369897,336268,336268,90773,245495
I,3.0,직영점(가두),차시즌의류,우븐반바지,SM,632577,632577,575066,575066,146225,428841
I,3.0,직영점(가두),차시즌의류,우븐팬츠,WP,1909793,1909793,1736175,1736175,484022,1252153
I,3.0,직영점(가두),차시즌의류,원피스,OP,398041,398041,361856,361856,103207,258649
I,3.0,직영점(가두),차시즌의류,점퍼,JP,13546801,13546801,12315265,12315265,3265774,9049491
I,3.0,직영점(가두),차시즌의류,진바지,DP,2030412,2030412,1845829,1845829,550047,1295782
I,3.0,직영점(가두),차시즌의류,팬츠,PT,1822680,1816957,1651766,1651766,429649,1222117
I,3.0,직영점(가두),차시즌의류,폴로 티셔츠,PQ,238557,238557,216869,216869,54327,162542
I,3.0,직영점(가두),차시즌의류,후드티,HD,2679072,2672732,2429750,2429750,647311,1782439
I,4.0,자사몰,Acc_etc,기타,ET,197010,167700,152455,152455,53953,98502
I,4.0,자사몰,Acc_etc,머플러(스카프),MF,87113,87113,79194,79194,15891,63303
I,4.0,자사몰,Acc_etc,양말,SO,795412,659301,599363,599363,183433,415930
I,4.0,자사몰,Acc_etc,장갑,GL,395361,355235,322941,322941,88558,234383
I,4.0,자사몰,Bag,가방,BG,353814,318218,289290,289290,89090,200200
I,4.0,자사몰,Bag,백팩,BK,101249876,83788025,76170923,76170923,22386033,53784890
I,4.0,자사몰,Bag,보조가방,UB,2035773,1786066,1623689,1623689,505179,1118510
I,4.0,자사몰,Bag,슬링백,SG,105876,99242,90220,90220,23224,66996
I,4.0,자사몰,Bag,크로스백,CR,2345360,2092718,1902469,1902469,508711,1393758
I,4.0,자사몰,Bag,힙색,HS,158144,144756,131595,131595,31073,100522
I,4.0,자사몰,Headwear,방한모,WM,778660,691064,628239,628239,161428,466811
I,4.0,자사몰,Headwear,비니,BN,1539897,1221021,1110019,1110019,297532,812487
I,4.0,자사몰,Headwear,와이어캡,WR,262680,216028,196388,196388,50951,145437
I,4.0,자사몰,Headwear,운동모,CP,6609896,5022880,4572791,4572791,1382461,3190330
I,4.0,자사몰,Headwear,햇,HT,790721,725453,659506,659506,166655,492851
I,4.0,자사몰,Shoes,런닝화,RN,16233914,14191400,12901274,12901274,3962383,8938891
I,4.0,자사몰,Shoes,방한화,WB,755876,568328,516661,516661,181851,334810
I,4.0,자사몰,Shoes,샌들,SD,158144,51008,46371,46371,40508,5863
I,4.0,자사몰,Shoes,스니커즈,SX,3759278,3361223,3055652,3055652,811802,2243850
I,4.0,자사몰,Shoes,신발,SH,21511645,18282741,16620661,16620661,5112253,11508408
I,4.0,자사몰,과시즌의류,맨투맨,MT,4976185,965257,877508,877508,551243,326265
I,4.0,자사몰,과시즌의류,반팔카라티셔츠,TS,781340,200066,181881,181881,86674,95207
I,4.0,자사몰,과시즌의류,방풍자켓,WJ,1304020,597008,542736,542736,277730,265006
I,4.0,자사몰,과시즌의류,베이비,BV,34791745,28248793,25680725,25680725,10488299,15192426
I,4.0,자사몰,과시즌의류,팬츠,PT,4235051,845871,768974,768974,460079,308895
I,4.0,자사몰,당시즌의류,다운베스트,DV,918041,811093,737357,737357,253118,484239
I,4.0,자사몰,당시즌의류,다운점퍼,DJ,8955256,8735784,7941625,7941625,2327625,5614000
I,4.0,자사몰,당시즌의류,맨투맨,MT,1825360,1646724,1497021,1497021,491573,1005448
I,4.0,자사몰,당시즌의류,맨투맨셋트,S2,11175977,10164778,9240710,9240710,3150490,6090220
I,4.0,자사몰,당시즌의류,반팔카라티셔츠,TS,1227629,1130879,1028072,1028072,343111,684961
I,4.0,자사몰,당시즌의류,반팔티 & 스웨트팬츠,S1,1384433,1278074,1161883,1161883,373821,788062
I,4.0,자사몰,당시즌의류,방풍자켓,WJ,186289,155464,141331,141331,47994,93337
I,4.0,자사몰,당시즌의류,우븐팬츠,WP,424845,424792,386175,386175,115173,271002
I,4.0,자사몰,당시즌의류,점퍼,JP,1919175,1736277,1578433,1578433,440287,1138146
I,4.0,자사몰,당시즌의류,진바지,DP,-13402,-15399,-13998,-13998,-4862,-9136
I,4.0,자사몰,당시즌의류,진자켓,DK,-40206,-11043,-10039,-10039,-6653,-3386
I,4.0,자사몰,당시즌의류,패딩,PD,426185,388847,353497,353497,121586,231911
I,4.0,자사몰,당시즌의류,팬츠,PT,448969,352394,320357,320357,116830,203527
I,4.0,자사몰,당시즌의류,폴로 티셔츠,PQ,119278,118367,107606,107606,33047,74559
I,4.0,자사몰,당시즌의류,후드티,HD,1100309,1013450,921319,921319,315289,606030
I,4.0,자사몰,차시즌의류,맨투맨,MT,7050823,6318428,5744022,5744022,1804428,3939594
I,4.0,자사몰,차시즌의류,맨투맨셋트,S2,50943907,47243666,42948819,42948819,12875920,30072899
I,4.0,자사몰,차시즌의류,반팔카라티셔츠,TS,4051442,3661563,3328690,3328690,1004098,2324592
I,4.0,자사몰,차시즌의류,방풍자켓,WJ,2740721,2537104,2306457,2306457,733085,1573372
I,4.0,자사몰,차시즌의류,스커트,SK,304227,254854,231685,231685,73383,158302
I,4.0,자사몰,차시즌의류,우븐팬츠,WP,1523814,1479400,1344911,1344911,364240,980671
I,4.0,자사몰,차시즌의류,원피스,OP,132680,116062,105510,105510,34402,71108
I,4.0,자사몰,차시즌의류,점퍼,JP,10320926,9400311,8545737,8545737,2441576,6104161
I,4.0,자사몰,차시즌의류,진바지,DP,4046082,3770911,3428105,3428105,1072110,2355995
I,4.0,자사몰,차시즌의류,팬츠,PT,2932371,2617529,2379576,2379576,688820,1690756
I,4.0,자사몰,차시즌의류,폴로 티셔츠,PQ,834948,760299,691183,691183,190148,501035
I,4.0,자사몰,차시즌의류,후드티,HD,4444123,4090375,3718525,3718525,1080820,2637705
I,5.0,제휴몰,Acc_etc,기타,ET,1270515,1270515,1155014,1155014,367476,787538
I,5.0,제휴몰,Acc_etc,머플러(스카프),MF,261340,261340,237582,237582,47675,189907
I,5.0,제휴몰,Acc_etc,양말,SO,2420010,2420010,2200059,2200059,597769,1602290
I,5.0,제휴몰,Acc_etc,장갑,GL,210412,210412,191282,191282,48272,143010
I,5.0,제휴몰,Bag,가방,BG,1061443,1061443,964948,964948,267267,697681
I,5.0,제휴몰,Bag,백팩,BK,207725215,169549919,154136320,154136320,48765389,105370931
I,5.0,제휴몰,Bag,보조가방,UB,2889484,2889484,2626777,2626777,717026,1909751
I,5.0,제휴몰,Bag,슬링백,SG,211753,211753,192502,192502,46449,146053
I,5.0,제휴몰,Bag,크로스백,CR,3404123,3384422,3076733,3076733,799633,2277100
I,5.0,제휴몰,Bag,힙색,HS,158144,158144,143767,143767,31073,112694
I,5.0,제휴몰,Headwear,방한모,WM,3425566,3425566,3114137,3114137,694145,2419992
I,5.0,제휴몰,Headwear,비니,BN,5662370,5662370,5147604,5147604,1137161,4010443
I,5.0,제휴몰,Headwear,선캡,SC,115258,115258,104780,104780,25426,79354
I,5.0,제휴몰,Headwear,와이어캡,WR,262680,262680,238798,238798,50949,187849
I,5.0,제휴몰,Headwear,운동모,CP,25737314,25722840,23384411,23384411,5431191,17953220
I,5.0,제휴몰,Headwear,햇,HT,545464,545464,495874,495874,110796,385078
I,5.0,제휴몰,Shoes,런닝화,RN,59019988,48519461,44108499,44108499,14167432,29941067
I,5.0,제휴몰,Shoes,방한화,WB,4772473,4772473,4338608,4338608,1158089,3180519
I,5.0,제휴몰,Shoes,샌들,SD,790721,395361,359416,359416,202541,156875
I,5.0,제휴몰,Shoes,스니커즈,SX,7809380,7765823,7059825,7059825,1907750,5152075
I,5.0,제휴몰,Shoes,신발,SH,45686279,45288211,41171080,41171080,11097456,30073624
I,5.0,제휴몰,과시즌의류,다운점퍼,DJ,3684226,2418656,2198779,2198779,530656,1668123
I,5.0,제휴몰,과시즌의류,맨투맨,MT,317629,158814,144376,144376,35184,109192
I,5.0,제휴몰,과시즌의류,반팔카라티셔츠,TS,38811023,19405632,17641555,17641555,9759818,7881737
I,5.0,제휴몰,과시즌의류,반팔티 & 스웨트팬츠,S1,210708513,105446342,95860178,95860178,49506241,46353937
I,5.0,제휴몰,과시즌의류,방풍자켓,WJ,18442574,9221287,8383012,8383012,3927894,4455118
I,5.0,제휴몰,과시즌의류,베이비,BV,33210302,33210182,30190979,30190979,10011553,20179426
I,5.0,제휴몰,과시즌의류,우븐반바지,SM,9802266,4901160,4455624,4455624,2199955,2255669
I,5.0,제휴몰,과시즌의류,팬츠,PT,847010,423505,385004,385004,92013,292991
I,5.0,제휴몰,당시즌의류,다운베스트,DV,1317422,1317422,1197660,1197660,368319,829341
I,5.0,제휴몰,당시즌의류,다운점퍼,DJ,78781324,78781324,71619363,71619363,20054134,51565229
I,5.0,제휴몰,당시즌의류,레깅스,LG,1164639,1164639,1058760,1058760,331639,727121
I,5.0,제휴몰,당시즌의류,맨투맨,MT,18194635,18194635,16540509,16540509,5008662,11531847
I,5.0,제휴몰,당시즌의류,맨투맨셋트,S2,46070918,46070758,41882559,41882559,12892104,28990455
I,5.0,제휴몰,당시즌의류,반팔카라티셔츠,TS,1539897,1539897,1399895,1399895,467835,932060
I,5.0,제휴몰,당시즌의류,반팔티 & 스웨트팬츠,S1,2235463,2235463,2032245,2032245,577556,1454689
I,5.0,제휴몰,당시즌의류,방풍자켓,WJ,372577,372577,338708,338708,95990,242718
I,5.0,제휴몰,당시즌의류,스커트,SK,477113,477113,433739,433739,134104,299635
I,5.0,제휴몰,당시즌의류,우븐반바지,SM,92474,92474,84067,84067,23716,60351
I,5.0,제휴몰,당시즌의류,우븐팬츠,WP,4259174,4259174,3871977,3871977,1151840,2720137
I,5.0,제휴몰,당시즌의류,점퍼,JP,10303503,10303490,9366809,9366809,2400332,6966477
I,5.0,제휴몰,당시즌의류,진바지,DP,278763,278763,253421,253421,68215,185206
I,5.0,제휴몰,당시즌의류,진자켓,DK,1358969,1358969,1235423,1235423,280721,954702
I,5.0,제휴몰,당시즌의류,패딩,PD,1278556,1278556,1162320,1162320,364760,797560
I,5.0,제휴몰,당시즌의류,팬츠,PT,5724019,5724019,5203635,5203635,1600245,3603390
I,5.0,제휴몰,당시즌의류,폴로 티셔츠,PQ,596392,596392,542174,542174,165237,376937
I,5.0,제휴몰,당시즌의류,후드티,HD,9220617,9220603,8382354,8382354,2669772,5712582
I,5.0,제휴몰,차시즌의류,맨투맨,MT,15058554,15058540,13689509,13689509,3732055,9957454
I,5.0,제휴몰,차시즌의류,맨투맨셋트,S2,87811631,87811698,79828964,79828964,22250604,57578360
I,5.0,제휴몰,차시즌의류,반바지,SP,131340,131340,119399,119399,27407,91992
I,5.0,제휴몰,차시즌의류,반팔카라티셔츠,TS,4248453,4248453,3862212,3862212,1029617,2832595
I,5.0,제휴몰,차시즌의류,방풍자켓,WJ,4523195,4523195,4112001,4112001,1045655,3066346
I,5.0,제휴몰,차시즌의류,스커트,SK,489175,489175,444703,444703,118379,326324
I,5.0,제휴몰,차시즌의류,우븐팬츠,WP,1856185,1856185,1687440,1687440,474757,1212683
I,5.0,제휴몰,차시즌의류,원피스,OP,132680,132680,120619,120619,34402,86217
I,5.0,제휴몰,차시즌의류,점퍼,JP,32056385,32056385,29142152,29142152,7587109,21555043
I,5.0,제휴몰,차시즌의류,진바지,DP,2786288,2786288,2532989,2532989,756344,1776645
I,5.0,제휴몰,차시즌의류,팬츠,PT,4747009,4747009,4315436,4315436,1071610,3243826
I,5.0,제휴몰,차시즌의류,폴로 티셔츠,PQ,715670,715670,650608,650608,162982,487626
I,5.0,제휴몰,차시즌의류,후드티,HD,5917009,5917009,5379099,5379099,1416182,3962917
I,6.0,대리점,Acc_etc,기타,ET,0,-7559,-6863,-4530,0,-4530
I,6.0,대리점,Acc_etc,머플러(스카프),MF,87113,87113,79194,49892,15891,34001
I,6.0,대리점,Acc_etc,양말,SO,2106268,2037984,1852796,1191223,549578,641645
I,6.0,대리점,Acc_etc,장갑,GL,92474,79072,71883,47443,23200,24243
I,6.0,대리점,Bag,가방,BG,663402,633877,576251,368171,167037,201134
I,6.0,대리점,Bag,백팩,BK,144582754,130327318,118478886,76461795,32890737,43571058
I,6.0,대리점,Bag,보조가방,UB,2495463,2294888,2086265,1320130,619238,700892
I,6.0,대리점,Bag,슬링백,SG,1905773,1807737,1643342,1063263,418044,645219
I,6.0,대리점,Bag,크로스백,CR,18307213,17609140,16008376,10310373,4049531,6260842
I,6.0,대리점,Bag,힙색,HS,395361,387454,352232,228304,77680,150624
I,6.0,대리점,Headwear,방한모,WM,1594845,1550779,1409812,910173,311075,599098
I,6.0,대리점,Headwear,비니,BN,4901133,4802708,4366073,2804495,988439,1816056
I,6.0,대리점,Headwear,와이어캡,WR,1182062,1160350,1054863,673882,224554,449328
I,6.0,대리점,Headwear,운동모,CP,49535351,48232684,43847841,28123143,10647230,17475913
I,6.0,대리점,Headwear,햇,HT,553505,553505,503186,324196,109838,214358
I,6.0,대리점,Shoes,런닝화,RN,46011949,44416729,40378811,26014488,11210356,14804132
I,6.0,대리점,Shoes,방한화,WB,569588,523954,476325,337660,92774,244886
I,6.0,대리점,Shoes,스니커즈,SX,4702783,4559742,4145262,2678704,1130162,1548542
I,6.0,대리점,Shoes,신발,SH,43365043,41758712,37962383,24415303,10134664,14280639
I,6.0,대리점,과시즌의류,베이비,BV,1502371,1450773,1318883,854870,452901,401969
I,6.0,대리점,당시즌의류,다운베스트,DV,2180515,2129185,1935615,1250045,574440,675605
I,6.0,대리점,당시즌의류,다운점퍼,DJ,20373810,19279800,17527060,11340318,5155530,6184788
I,6.0,대리점,당시즌의류,맨투맨,MT,6268143,5970832,5428019,3484779,1704238,1780541
I,6.0,대리점,당시즌의류,맨투맨셋트,S2,25801644,24681795,22437935,14433461,7009056,7424405
I,6.0,대리점,당시즌의류,반팔티 & 스웨트팬츠,S1,186289,186289,169354,108386,52480,55906
I,6.0,대리점,당시즌의류,우븐팬츠,WP,834948,799862,727153,462417,227097,235320
I,6.0,대리점,당시즌의류,점퍼,JP,-399381,-399381,-363075,-239629,-108132,-131497
I,6.0,대리점,당시즌의류,진바지,DP,3824948,3635362,3304875,2141113,895262,1245851
I,6.0,대리점,당시즌의류,패딩,PD,426185,426185,387440,244088,121586,122502
I,6.0,대리점,당시즌의류,팬츠,PT,1310721,1167159,1061048,670052,357810,312242
I,6.0,대리점,당시즌의류,폴라폴리스점퍼,FD,186289,167673,152419,99072,51972,47100
I,6.0,대리점,당시즌의류,폴로 티셔츠,PQ,357835,313916,285385,180610,99142,81468
I,6.0,대리점,당시즌의류,후드티,HD,424845,411443,374039,237813,124359,113454
I,6.0,대리점,차시즌의류,맨투맨,MT,19396800,18408948,16735513,10816975,4932396,5884579
I,6.0,대리점,차시즌의류,맨투맨셋트,S2,114192244,109992106,99992818,64560492,28746444,35814048
I,6.0,대리점,차시즌의류,반바지,SP,867113,855587,777799,502934,184138,318796
I,6.0,대리점,차시즌의류,반팔카라티셔츠,TS,12484018,12185139,11077389,7154039,2839899,4314140
I,6.0,대리점,차시즌의류,반팔티 & 스웨트팬츠,S1,4860927,4739759,4308846,2784815,1142713,1642102
I,6.0,대리점,차시즌의류,방풍자켓,WJ,5919690,5392305,4902050,3189892,1308249,1881643
I,6.0,대리점,차시즌의류,스커트,SK,238557,238557,216869,136629,56775,79854
I,6.0,대리점,차시즌의류,우븐반바지,SM,1342886,1325611,1205104,773390,311243,462147
I,6.0,대리점,차시즌의류,우븐셔츠,WS,0,0,0,0,0,0
I,6.0,대리점,차시즌의류,우븐팬츠,WP,5710617,5552232,5047479,3257949,1314115,1943834
I,6.0,대리점,차시즌의류,원피스,OP,132680,132680,120619,79608,34402,45206
I,6.0,대리점,차시즌의류,점퍼,JP,58396792,55523886,50476313,32547336,14171672,18375664
I,6.0,대리점,차시즌의류,진바지,DP,15179172,14537870,13216147,8499523,4014975,4484548
I,6.0,대리점,차시즌의류,팬츠,PT,7361751,7066584,6424183,4147594,1633983,2513611
I,6.0,대리점,차시즌의류,폴로 티셔츠,PQ,834948,793254,721145,471618,190147,281471
I,6.0,대리점,차시즌의류,후드티,HD,20515872,19692677,17902406,11465758,4972144,6493614
I,8.0,사입,Acc_etc,기타,ET,6896700,920708,837018,837018,1060035,-223017
I,8.0,사입,Acc_etc,양말,SO,54829164,9242717,8402416,8402416,11628822,-3226406
I,8.0,사입,Acc_etc,토시,ML,2989999,328900,299000,299000,334834,-35834
I,8.0,사입,Bag,백팩,BK,-282783,-78000,-70901,-70901,-48423,-22478
I,8.0,사입,Bag,크로스백,CR,-184948,-55485,-50440,-50440,-52606,2166
I,8.0,사입,Headwear,선캡,SC,5663710,623008,566371,566371,584706,-18335
I,8.0,사입,Headwear,와이어캡,WR,3178968,861257,782980,782980,651500,131480
I,8.0,사입,Headwear,운동모,CP,281819839,73120710,66473357,66473357,57080607,9392750
I,8.0,사입,Headwear,햇,HT,62787307,13243097,12039184,12039184,11892381,146803
I,8.0,사입,Shoes,런닝화,RN,51504113,12875975,11705365,11705365,12783413,-1078048
I,8.0,사입,Shoes,스니커즈,SX,274869531,72820798,66200597,66200597,58300769,7899828
I,8.0,사입,Shoes,신발,SH,682415426,180656192,164232778,164232778,155237283,8995495
I,8.0,사입,과시즌의류,니트가디건,KC,120132037,13214524,12013204,12013204,12905309,-892105
I,8.0,사입,과시즌의류,다운점퍼,DJ,-1683299,-480933,-437213,-437213,-195864,-241349
I,8.0,사입,과시즌의류,레깅스,LG,12493399,1374274,1249340,1249340,1388199,-138859
I,8.0,사입,과시즌의류,맨투맨,MT,1084774725,228817416,208015871,208015871,212121101,-4105230
I,8.0,사입,과시즌의류,맨투맨셋트,S2,615205440,126506110,115005489,115005489,107898072,7107417
I,8.0,사입,과시즌의류,반팔카라티셔츠,TS,175723778,40120056,36472744,36472744,41035226,-4562482
I,8.0,사입,과시즌의류,반팔티 & 스웨트팬츠,S1,512075255,94973987,86340014,86340014,98259681,-11919667
I,8.0,사입,과시즌의류,방풍자켓,WJ,251662525,74163363,67421165,67421165,61209126,6212039
I,8.0,사입,과시즌의류,스커트,SK,312160760,49098350,44634837,44634837,50622695,-5987858
I,8.0,사입,과시즌의류,우븐셔츠,WS,100355959,16299826,14817983,14817983,17647256,-2829273
I,8.0,사입,과시즌의류,우븐팬츠,WP,252863350,53890993,48991801,48991801,44467282,4524519
I,8.0,사입,과시즌의류,원피스,OP,343543022,60949670,55408816,55408816,61577040,-6168224
I,8.0,사입,과시즌의류,점퍼,JP,725863562,156434798,142213436,142213436,125216886,16996550
I,8.0,사입,과시즌의류,진바지,DP,45156898,7242459,6584035,6584035,6912486,-328451
I,8.0,사입,과시즌의류,진자켓,DK,56850194,11729040,10662716,10662716,10868872,-206156
I,8.0,사입,과시즌의류,트레이닝(상의),TR,14064121,1547053,1406412,1406412,1562877,-156465
I,8.0,사입,과시즌의류,트레이닝(하의),TP,11011132,1211224,1101113,1101113,1212814,-111701
I,8.0,사입,과시즌의류,팬츠,PT,380461674,66847688,60770625,60770625,63324981,-2554356
I,8.0,사입,과시즌의류,폴로 티셔츠,PQ,123642036,24304380,22094912,22094912,22027043,67869
I,8.0,사입,과시즌의류,후드티,HD,357402091,67159045,61053662,61053662,65215890,-4162228
I,11.0,직영몰,Acc_etc,기타,ET,699587,652948,593588,593588,172056,421532
I,11.0,직영몰,Acc_etc,머플러(스카프),MF,87113,87113,79194,79194,15891,63303
I,11.0,직영몰,Acc_etc,양말,SO,1135154,1080045,981840,981840,266129,715711
I,11.0,직영몰,Acc_etc,장갑,GL,343093,324598,295089,295089,87731,207358
I,11.0,직영몰,Bag,가방,BG,398041,375928,341753,341753,100223,241530
I,11.0,직영몰,Bag,백팩,BK,110550905,93661496,85146759,85146759,25184969,59961790
I,11.0,직영몰,Bag,보조가방,UB,2889484,2593969,2358139,2358139,717024,1641115
I,11.0,직영몰,Bag,슬링백,SG,317629,304227,276569,276569,69673,206896
I,11.0,직영몰,Bag,크로스백,CR,3877216,3645105,3313726,3313726,805434,2508292
I,11.0,직영몰,Bag,힙색,HS,79072,71165,64696,64696,15536,49160
I,11.0,직영몰,Headwear,방한모,WM,1167319,1121082,1019166,1019166,237082,782084
I,11.0,직영몰,Headwear,비니,BN,3216494,3064649,2786046,2786046,604236,2181810
I,11.0,직영몰,Headwear,와이어캡,WR,656701,637000,579087,579087,122658,456429
I,11.0,직영몰,Headwear,운동모,CP,42031538,40260509,36600383,36600383,8918633,27681750
I,11.0,직영몰,Headwear,햇,HT,1383092,1275313,1159375,1159375,287249,872126
I,11.0,직영몰,Shoes,런닝화,RN,36599683,32743897,29767154,29767154,8953158,20813996
I,11.0,직영몰,Shoes,방한화,WB,2122886,2008500,1825913,1825913,537125,1288788
I,11.0,직영몰,Shoes,스니커즈,SX,6600514,6112545,5556861,5556861,1498240,4058621
I,11.0,직영몰,Shoes,신발,SH,34805147,32862117,29874606,29874606,8139404,21735202
I,11.0,직영몰,과시즌의류,맨투맨셋트,S2,-199691,-99845,-90768,-90768,-28564,-62204
I,11.0,직영몰,과시즌의류,반팔카라티셔츠,TS,132680,128258,116598,116598,31212,85386
I,11.0,직영몰,과시즌의류,베이비,BV,1186082,1133144,1030122,1030122,357554,672568
I,11.0,직영몰,당시즌의류,다운베스트,DV,2633505,2473886,2248989,2248989,709320,1539669
I,11.0,직영몰,당시즌의류,다운점퍼,DJ,18564532,17163079,15602794,15602794,4783961,10818833
I,11.0,직영몰,당시즌의류,맨투맨,MT,3047628,2830126,2572829,2572829,817558,1755271
I,11.0,직영몰,당시즌의류,맨투맨셋트,S2,8649689,8117332,7379388,7379388,2374916,5004472
I,11.0,직영몰,당시즌의류,반팔티 & 스웨트팬츠,S1,213093,191783,174347,174347,59854,114493
I,11.0,직영몰,당시즌의류,우븐팬츠,WP,1088247,1035175,941067,941067,294765,646302
I,11.0,직영몰,당시즌의류,점퍼,JP,199691,199691,181538,181538,54065,127473
I,11.0,직영몰,당시즌의류,진바지,DP,438247,394423,358565,358565,103920,254645
I,11.0,직영몰,당시즌의류,팬츠,PT,741134,674070,612798,612798,194109,418689
I,11.0,직영몰,당시즌의류,폴라폴리스점퍼,FD,0,0,0,0,0,0
I,11.0,직영몰,당시즌의류,후드티,HD,717010,659917,599926,599926,219921,380005
I,11.0,직영몰,차시즌의류,맨투맨,MT,15054533,14192244,12901995,12901995,3904300,8997695
I,11.0,직영몰,차시즌의류,맨투맨셋트,S2,71646068,67340884,61218960,61218960,18138060,43080900
I,11.0,직영몰,차시즌의류,반바지,SP,735773,681897,619904,619904,156732,463172
I,11.0,직영몰,차시즌의류,반팔카라티셔츠,TS,12827111,12051158,10955583,10955583,3093328,7862255
I,11.0,직영몰,차시즌의류,반팔티 & 스웨트팬츠,S1,4767112,4491526,4083201,4083201,1145985,2937216
I,11.0,직영몰,차시즌의류,방풍자켓,WJ,11958657,11091410,10083082,10083082,2828628,7254454
I,11.0,직영몰,차시즌의류,스커트,SK,939484,854783,777076,777076,227212,549864
I,11.0,직영몰,차시즌의류,우븐반바지,SM,2080000,1927216,1752012,1752012,483258,1268754
I,11.0,직영몰,차시즌의류,우븐셔츠,WS,1491649,1363794,1239812,1239812,312331,927481
I,11.0,직영몰,차시즌의류,우븐팬츠,WP,11413194,10577495,9615882,9615882,2758740,6857142
I,11.0,직영몰,차시즌의류,원피스,OP,398041,371505,337732,337732,103205,234527
I,11.0,직영몰,차시즌의류,점퍼,JP,43066177,39949514,36317741,36317741,10400427,25917314
I,11.0,직영몰,차시즌의류,진바지,DP,11347523,10615784,9650713,9650713,2950774,6699939
I,11.0,직영몰,차시즌의류,진자켓,DK,266701,240031,218210,218210,47183,171027
I,11.0,직영몰,차시즌의류,팬츠,PT,6213195,5824535,5295018,5295018,1522788,3772230
I,11.0,직영몰,차시즌의류,폴로 티셔츠,PQ,954227,882660,802416,802416,217312,585104
I,11.0,직영몰,차시즌의류,후드티,HD,10390616,9698132,8816472,8816472,2565271,6251201
I,99.0,기타,Acc_etc,양말,SO,95557,45031,40926,40926,22727,18199
I,99.0,기타,Bag,백팩,BK,1320103,551602,501446,501446,300723,200723
I,99.0,기타,Bag,보조가방,UB,65670,32835,29849,29849,16296,13553
I,99.0,기타,Headwear,방한모,WM,184948,44857,40774,40774,26539,14235
I,99.0,기타,Headwear,비니,BN,57629,52389,47628,47628,14304,33324
I,99.0,기타,Headwear,운동모,CP,170206,85103,77365,77365,40203,37162
I,99.0,기타,Shoes,방한화,WB,119278,108436,98578,98578,34323,64255
I,99.0,기타,Shoes,신발,SH,132680,66340,60309,60309,33679,26630
I,99.0,기타,과시즌의류,반팔카라티셔츠,TS,65670,59706,54273,54273,16848,37425
I,99.0,기타,과시즌의류,후드티,HD,159485,44160,40149,40149,23366,16783
I,99.0,기타,당시즌의류,다운베스트,DV,186289,93144,84676,84676,51530,33146
I,99.0,기타,당시즌의류,다운점퍼,DJ,10268658,3307173,3006512,3006512,2606620,399892
I,99.0,기타,당시즌의류,맨투맨,MT,715670,230020,209104,209104,198531,10573
I,99.0,기타,당시즌의류,맨투맨셋트,S2,1104330,339916,309009,309009,299205,9804
I,99.0,기타,당시즌의류,우븐팬츠,WP,132680,66340,60309,60309,29991,30318
I,99.0,기타,당시즌의류,팬츠,PT,635258,189947,172677,172677,168681,3996
I,99.0,기타,차시즌의류,맨투맨,MT,92474,27756,25233,25233,23139,2094
I,99.0,기타,차시즌의류,맨투맨셋트,S2,637938,279058,253690,253690,160061,93629
I,99.0,기타,차시즌의류,반팔카라티셔츠,TS,44227,22113,20103,20103,8912,11191
I,99.0,기타,차시즌의류,방풍자켓,WJ,172887,86443,78584,78584,36068,42516
I,99.0,기타,차시즌의류,점퍼,JP,239897,119948,109045,109045,64192,44853
M,1.0,RF,Acc_etc,기타,ET,429938,429951,390848,249067,82559,166508
M,1.0,RF,Acc_etc,머플러(스카프),MF,132680,132680,120619,77196,13812,63384
M,1.0,RF,Acc_etc,양말,SO,202371,199490,181347,116059,36246,79813
M,1.0,RF,Acc_etc,캐리어(하드케이스),HH,721031,721004,655481,416230,226254,189976
M,1.0,RF,Acc_etc,파우치,PO,794742,794849,722497,460252,139639,320613
M,1.0,RF,Bag,버킷백,BM,8708658,8131994,7392695,4697785,1433902,3263883
M,1.0,RF,Bag,쇼퍼백,OR,8529070,7761427,7055838,4512701,1303156,3209545
M,1.0,RF,Bag,숄더백,BQ,4726906,4713504,4285001,2723386,762806,1960580
M,1.0,RF,Bag,크로스백,CR,11031235,10124733,9204316,5884903,1895819,3989084
M,1.0,RF,Bag,힙색,HS,265361,265361,241237,154392,43814,110578
M,1.0,RF,Headwear,방한모,WM,92474,92474,84067,53383,13237,40146
M,1.0,RF,Headwear,비니,BN,75614417,68767587,62515948,39710528,10590044,29120484
M,1.0,RF,Headwear,운동모,CP,243563661,226395744,205814246,130799583,39554194,91245389
M,1.0,RF,Headwear,햇,HT,4818040,4804491,4367840,2777448,651781,2125667
M,1.0,RF,Shoes,런닝화,RN,4168040,4110385,3736806,2379962,769186,1610776
M,1.0,RF,Shoes,스니커즈,SX,435363209,400225664,363841959,231267004,79959034,151307970
M,1.0,RF,Shoes,신발,SH,105537195,97016514,88196777,56078926,21789171,34289755
M,1.0,RF,당시즌의류,다운점퍼,DJ,36666693,34862280,31692936,20216835,6564835,13652000
M,1.0,RF,당시즌의류,우븐팬츠,WP,1570721,1570775,1427930,906735,301418,605317
M,1.0,RF,당시즌의류,진바지,DP,719691,719691,654263,415458,131332,284126
M,1.0,RF,당시즌의류,트레이닝(상의),TR,213093,213079,193720,123012,39375,83637
M,1.0,RF,당시즌의류,팬츠,PT,2419072,2419005,2199151,1397123,432661,964462
M,1.0,RF,당시즌의류,후드티,HD,372577,372604,338708,215079,69898,145181
M,1.0,RF,차시즌의류,나시,TO,131340,131327,119399,76117,17353,58764
M,1.0,RF,차시즌의류,니트가디건,KC,5737421,5705029,5186490,3301478,1315816,1985662
M,1.0,RF,차시즌의류,니트풀오버,KP,1184742,1184769,1077042,683922,179029,504893
M,1.0,RF,차시즌의류,맨투맨,MT,12307111,12209678,11099585,7063965,2094943,4969022
M,1.0,RF,차시즌의류,반바지,SP,92474,92474,84067,53383,15928,37455
M,1.0,RF,차시즌의류,반팔카라티셔츠,TS,98263897,82485801,74987194,47923019,16446022,31476997
M,1.0,RF,차시즌의류,반팔티셔츠,RS,503917,503917,458109,290900,83091,207809
M,1.0,RF,차시즌의류,방풍자켓,WJ,53448752,45933427,41757626,26540652,9866721,16673931
M,1.0,RF,차시즌의류,스커트,SK,557526,557552,506842,321845,93327,228518
M,1.0,RF,차시즌의류,우븐셔츠,WS,1132474,1122101,1020114,650813,226468,424345
M,1.0,RF,차시즌의류,우븐팬츠,WP,6971751,6938782,6307841,4012945,1191269,2821676
M,1.0,RF,차시즌의류,점퍼,JP,26084428,25891277,23537427,14988248,4595928,10392320
M,1.0,RF,차시즌의류,진바지,DP,226495,226495,205904,131778,37289,94489
M,1.0,RF,차시즌의류,트레이닝(상의),TR,10032781,10010775,9100782,5791469,1776964,4014505
M,1.0,RF,차시즌의류,팬츠,PT,12504121,12371829,11247062,7159845,2124745,5035100
M,1.0,RF,차시즌의류,폴로 티셔츠,PQ,1862886,1862980,1693538,1076242,275052,801190
M,1.0,RF,차시즌의류,후드티,HD,6770720,6735071,6122587,3894270,1247726,2646544
M,1.0,백화점,Acc_etc,기타,ET,6053844,5857812,5325264,3507599,1147758,2359841
M,1.0,백화점,Acc_etc,머플러(스카프),MF,3630618,2861474,2601231,1763995,370481,1393514
M,1.0,백화점,Acc_etc,선글라스,GA,1411237,1390142,1263763,852378,249556,602822
M,1.0,백화점,Acc_etc,양말,SO,12109699,11629221,10572015,6970924,2093336,4877588
M,1.0,백화점,Acc_etc,장갑,GL,209072,200991,182729,119585,37601,81984
M,1.0,백화점,Acc_etc,캐리어(하드케이스),HH,1361649,1207526,1097748,702559,423517,279042
M,1.0,백화점,Acc_etc,파우치,PO,9893400,9672856,8793189,5727582,1796128,3931454
M,1.0,백화점,Bag,가방,BG,533402,373381,339437,225726,9805,215921
M,1.0,백화점,Bag,백팩,BK,5694535,5444024,4949088,3349149,901637,2447512
M,1.0,백화점,Bag,버킷백,BM,42095868,41222804,37475241,24756660,6775781,17980879
M,1.0,백화점,Bag,쇼퍼백,OR,200579237,197033950,179121689,114820688,30121802,84698886
M,1.0,백화점,Bag,숄더백,BQ,286871075,284843558,258948544,167441229,45619487,121821742
M,1.0,백화점,Bag,크로스백,CR,38677002,37695583,34268730,22673503,6650788,16022715
M,1.0,백화점,Bag,힙색,HS,3740515,3710896,3373497,2182103,556388,1625715
M,1.0,백화점,Headwear,방한모,WM,14857523,14425963,13114490,8517995,2183610,6334385
M,1.0,백화점,Headwear,비니,BN,120331728,114443922,104040258,67804890,16698794,51106096
M,1.0,백화점,Headwear,운동모,CP,1175663469,1150345465,1045766168,682850870,185660452,497190418
M,1.0,백화점,Headwear,햇,HT,28112159,27109136,24644946,16070559,3605974,12464585
M,1.0,백화점,Shoes,런닝화,RN,204762020,197227315,179297146,117224333,42746082,74478251
M,1.0,백화점,Shoes,뮬,MU,2223402,1111701,1010635,641775,387515,254260
M,1.0,백화점,Shoes,방한화,WB,23209686,22305060,20277340,13357592,4048430,9309162
M,1.0,백화점,Shoes,스니커즈,SX,2992383610,2852898839,2593543771,1667464850,539687727,1127777123
M,1.0,백화점,Shoes,슬리퍼,LP,1344227,1330811,1209832,775128,240343,534785
M,1.0,백화점,Shoes,신발,SH,977791448,880691332,800628152,519166971,189019294,330147677
M,1.0,백화점,과시즌의류,니트가디건,KC,13601750,6800928,6182623,4169024,413042,3755982
M,1.0,백화점,과시즌의류,다운점퍼,DJ,-507938,-406350,-369409,-265975,-61148,-204827
M,1.0,백화점,과시즌의류,맨투맨,MT,2043814,1021934,929008,675004,243832,431172
M,1.0,백화점,과시즌의류,반팔카라티셔츠,TS,-132680,-66340,-60309,-38296,-4061,-34235
M,1.0,백화점,과시즌의류,방풍자켓,WJ,520000,259987,236363,200909,15978,184931
M,1.0,백화점,과시즌의류,원피스,OP,186289,93144,84677,53347,22178,31169
M,1.0,백화점,과시즌의류,트레이닝(상의),TR,1728866,864433,785850,591744,205003,386741
M,1.0,백화점,당시즌의류,니트가디건,KC,667423,667423,606749,388319,103626,284693
M,1.0,백화점,당시즌의류,니트풀오버,KP,253299,253299,230273,147374,49752,97622
M,1.0,백화점,당시즌의류,다운베스트,DV,19449068,18316447,16651315,10845405,3717099,7128306
M,1.0,백화점,당시즌의류,다운점퍼,DJ,432371870,401866800,365333276,238796632,77095034,161701598
M,1.0,백화점,당시즌의류,맨투맨,MT,16526079,16055198,14595570,9497132,2899955,6597177
M,1.0,백화점,당시즌의류,반팔카라티셔츠,TS,-53608,-53608,-48735,-31191,-8327,-22864
M,1.0,백화점,당시즌의류,스커트,SK,199691,199677,181536,117091,39381,77710
M,1.0,백화점,당시즌의류,우븐셔츠,WS,1585464,1541022,1400951,920181,273040,647141
M,1.0,백화점,당시즌의류,우븐팬츠,WP,14216904,13870005,12609085,8248110,2764910,5483200
M,1.0,백화점,당시즌의류,진바지,DP,2398969,2276782,2069799,1314757,439100,875657
M,1.0,백화점,당시즌의류,진스커트,DS,1198144,1184755,1077040,686582,193207,493375
M,1.0,백화점,당시즌의류,트레이닝(상의),TR,5204020,5049186,4590109,3052973,959644,2093329
M,1.0,백화점,당시즌의류,패딩,PD,15201956,14267363,12970345,8614317,3124963,5489354
M,1.0,백화점,당시즌의류,팬츠,PT,53105659,51625415,46932245,30804008,9429360,21374648
M,1.0,백화점,당시즌의류,폴라폴리스점퍼,FD,3363917,3178674,2889717,1899562,603094,1296468
M,1.0,백화점,당시즌의류,후드티,HD,14466183,14093337,12812106,8443601,2639306,5804295
M,1.0,백화점,차시즌의류,나시,TO,65670,65670,59701,37612,8676,28936
M,1.0,백화점,차시즌의류,니트가디건,KC,32516076,31386188,28532911,18475351,7275120,11200231
M,1.0,백화점,차시즌의류,니트풀오버,KP,5896906,5829976,5299907,3415354,923695,2491659
M,1.0,백화점,차시즌의류,데님셔츠,DR,4347628,4325220,3932015,2550949,703951,1846998
M,1.0,백화점,차시즌의류,맨투맨,MT,154627597,150076981,136433181,89701452,25910954,63790498
M,1.0,백화점,차시즌의류,반바지,SP,1017216,976675,887884,585752,175212,410540
M,1.0,백화점,차시즌의류,반팔카라티셔츠,TS,447301763,437040048,397309232,258897584,74330548,184567036
M,1.0,백화점,차시즌의류,반팔티셔츠,RS,5305875,5214500,4740470,3090473,871602,2218871
M,1.0,백화점,차시즌의류,방풍자켓,WJ,226458613,217619312,197835794,129589692,40808696,88780996
M,1.0,백화점,차시즌의류,스커트,SK,8380308,8150636,7409623,4810272,1373171,3437101
M,1.0,백화점,차시즌의류,우븐셔츠,WS,18985357,17453636,15866948,10352226,3773221,6579005
M,1.0,백화점,차시즌의류,우븐팬츠,WP,109687812,106922177,97201606,63956106,18725011,45231095
M,1.0,백화점,차시즌의류,점퍼,JP,230775416,222374376,202158510,132227046,41159109,91067937
M,1.0,백화점,차시즌의류,진바지,DP,12301750,12049094,10953728,7275274,2030529,5244745
M,1.0,백화점,차시즌의류,진스커트,DS,639278,639278,581160,381629,99880,281749
M,1.0,백화점,차시즌의류,진자켓,DK,1321443,1321443,1201312,780488,208280,572208
M,1.0,백화점,차시즌의류,트레이닝(상의),TR,80149674,77806927,70733661,46324653,13827578,32497075
M,1.0,백화점,차시즌의류,팬츠,PT,164869451,159965329,145422508,95580261,28462508,67117753
M,1.0,백화점,차시즌의류,폴로 티셔츠,PQ,7824122,7628010,6934579,4588850,1155212,3433638
M,1.0,백화점,차시즌의류,후드티,HD,74598541,72259413,65690099,42926588,13609775,29316813
M,2.0,면세점,Acc_etc,기타,ET,1740927,1740927,1582644,981256,341487,639769
M,2.0,면세점,Acc_etc,머플러(스카프),MF,1021237,1021237,928397,575606,113502,462104
M,2.0,면세점,Acc_etc,양말,SO,3780721,3780895,3437010,2130899,675249,1455650
M,2.0,면세점,Acc_etc,파우치,PO,4315463,4315463,3923119,2432334,755872,1676462
M,2.0,면세점,Bag,가방,BG,659227184,330306505,300278658,186172439,12111104,174061335
M,2.0,면세점,Bag,백팩,BK,6625978,6625978,6023620,3734637,1100534,2634103
M,2.0,면세점,Bag,버킷백,BM,180158520,180158627,163780657,101543719,27361787,74181932
M,2.0,면세점,Bag,쇼퍼백,OR,35689683,35689657,32445111,20115981,5625739,14490242
M,2.0,면세점,Bag,숄더백,BQ,160835431,160835377,146213897,90652456,25299268,65353188
M,2.0,면세점,Bag,크로스백,CR,86827920,86827907,78934461,48939286,14195893,34743393
M,2.0,면세점,Bag,힙색,HS,11584740,11584726,10531571,6529565,1768187,4761378
M,2.0,면세점,Headwear,방한모,WM,2447216,2447216,2224735,1379335,348408,1030927
M,2.0,면세점,Headwear,비니,BN,215700780,215701142,196092119,121575341,30140664,91434677
M,2.0,면세점,Headwear,운동모,CP,5611840183,5611816234,5101652080,3163043105,932423792,2230619313
M,2.0,면세점,Headwear,햇,HT,64211946,64211946,58374274,36192145,8287943,27904202
M,2.0,면세점,Shoes,런닝화,RN,85687405,85687405,77897288,48296295,18568581,29727714
M,2.0,면세점,Shoes,뮬,MU,9930926,4965396,4513988,2798688,1760641,1038047
M,2.0,면세점,Shoes,방한화,WB,3255360,3255360,2959415,1834836,531894,1302942
M,2.0,면세점,Shoes,스니커즈,SX,402431670,383313941,348466484,216048942,68752857,147296085
M,2.0,면세점,Shoes,신발,SH,268452625,238950713,217227822,134681252,49712504,84968748
M,2.0,면세점,과시즌의류,맨투맨,MT,159485,159485,144986,89892,19015,70877
M,2.0,면세점,당시즌의류,다운베스트,DV,5149071,5149071,4680975,2902211,967901,1934310
M,2.0,면세점,당시즌의류,다운점퍼,DJ,247159434,247159447,224690321,139308058,42903139,96404919
M,2.0,면세점,당시즌의류,맨투맨,MT,1037319,1037319,943020,584670,188008,396662
M,2.0,면세점,당시즌의류,우븐팬츠,WP,399381,399381,363075,225106,76260,148846
M,2.0,면세점,당시즌의류,진스커트,DS,599072,599072,544613,337660,96603,241057
M,2.0,면세점,당시즌의류,트레이닝(상의),TR,599072,599072,544613,337660,104722,232938
M,2.0,면세점,당시즌의류,패딩,PD,2933711,2933711,2667008,1653551,603065,1050486
M,2.0,면세점,당시즌의류,팬츠,PT,5939793,5939793,5399818,3347877,1052598,2295279
M,2.0,면세점,당시즌의류,후드티,HD,664742,664742,604311,374673,122963,251710
M,2.0,면세점,차시즌의류,데님셔츠,DR,18084739,18084739,16440668,10193201,2935457,7257744
M,2.0,면세점,차시즌의류,맨투맨,MT,41909579,41909579,38099662,23621790,6382366,17239424
M,2.0,면세점,차시즌의류,반팔카라티셔츠,TS,1431398880,1431414427,1301285400,806793959,241568897,565225062
M,2.0,면세점,차시즌의류,방풍자켓,WJ,111038740,111038753,100944305,62585484,20116602,42468882
M,2.0,면세점,차시즌의류,우븐팬츠,WP,11545874,11545874,10496221,6507643,1970085,4537558
M,2.0,면세점,차시즌의류,점퍼,JP,34833292,34833292,31666639,19633271,6213673,13419598
M,2.0,면세점,차시즌의류,진바지,DP,5677112,5677112,5161002,3199817,937676,2262141
M,2.0,면세점,차시즌의류,진스커트,DS,426185,426185,387440,240213,66585,173628
M,2.0,면세점,차시즌의류,진자켓,DK,5473401,5473401,4975828,3085011,823628,2261383
M,2.0,면세점,차시즌의류,트레이닝(상의),TR,3668144,3668144,3334682,2067508,646149,1421359
M,2.0,면세점,차시즌의류,팬츠,PT,4378453,4378453,3980412,2467855,734721,1733134
M,2.0,면세점,차시즌의류,폴로 티셔츠,PQ,7265256,7265256,6604745,4094939,1072699,3022240
M,2.0,면세점,차시즌의류,후드티,HD,4113092,4113092,3739174,2318288,776755,1541533
M,3.0,RF,Acc_etc,기타,ET,1735567,1735567,1577769,1577769,343370,1234399
M,3.0,RF,Acc_etc,머플러(스카프),MF,398041,398041,361856,361856,41438,320418
M,3.0,RF,Acc_etc,선글라스,GA,812165,812165,738333,738333,142603,595730
M,3.0,RF,Acc_etc,양말,SO,1362989,1110495,1009548,1009548,253118,756430
M,3.0,RF,Acc_etc,파우치,PO,3299587,3299600,2999635,2999635,626832,2372803
M,3.0,RF,Bag,백팩,BK,186289,186289,169354,169354,28088,141266
M,3.0,RF,Bag,버킷백,BM,2888144,2488494,2262264,2262264,464535,1797729
M,3.0,RF,Bag,쇼퍼백,OR,1597525,1302010,1183648,1183648,258574,925074
M,3.0,RF,Bag,숄더백,BQ,9888039,7838328,7125752,7125752,1504039,5621713
M,3.0,RF,Bag,크로스백,CR,1608247,1572464,1429513,1429513,277156,1152357
M,3.0,RF,Headwear,방한모,WM,5011030,4363174,3966514,3966514,714511,3252003
M,3.0,RF,Headwear,비니,BN,30417313,25587265,23261198,23261198,4343786,18917412
M,3.0,RF,Headwear,운동모,CP,519734532,386775679,351614096,351614096,84411466,267202630
M,3.0,RF,Headwear,햇,HT,4747009,4056267,3687519,3687519,607462,3080057
M,3.0,RF,Shoes,런닝화,RN,3300927,3231639,2937860,2937860,673712,2264148
M,3.0,RF,Shoes,방한화,WB,11848760,8704678,7913341,7913341,2121865,5791476
M,3.0,RF,Shoes,스니커즈,SX,51091330,44763373,40693967,40693967,8355815,32338152
M,3.0,RF,Shoes,신발,SH,20202264,18554628,16867837,16867837,3634902,13232935
M,3.0,RF,당시즌의류,다운베스트,DV,2081340,1696969,1542699,1542699,416322,1126377
M,3.0,RF,당시즌의류,다운점퍼,DJ,25812366,24292974,22084513,22084513,4448734,17635779
M,3.0,RF,당시즌의류,맨투맨,MT,305567,305567,277788,277788,50949,226839
M,3.0,RF,당시즌의류,우븐셔츠,WS,452990,452990,411808,411808,76463,335345
M,3.0,RF,당시즌의류,우븐팬츠,WP,625876,506062,460055,460055,127183,332872
M,3.0,RF,당시즌의류,진바지,DP,1199484,839639,763308,763308,214600,548708
M,3.0,RF,당시즌의류,트레이닝(상의),TR,585670,585670,532428,532428,108195,424233
M,3.0,RF,당시즌의류,패딩,PD,1866907,1466855,1333502,1333502,383769,949733
M,3.0,RF,당시즌의류,팬츠,PT,2897525,2641090,2400991,2400991,482871,1918120
M,3.0,RF,당시즌의류,폴라폴리스점퍼,FD,613814,613814,558013,558013,117761,440252
M,3.0,RF,당시즌의류,후드티,HD,637938,637938,579945,579945,118884,461061
M,3.0,RF,차시즌의류,나시,TO,131340,131340,119399,119399,17353,102046
M,3.0,RF,차시즌의류,니트가디건,KC,2708556,2708556,2462325,2462325,631300,1831025
M,3.0,RF,차시즌의류,니트풀오버,KP,452990,452990,411808,411808,65957,345851
M,3.0,RF,차시즌의류,데님셔츠,DR,546804,546804,497094,497094,87577,409517
M,3.0,RF,차시즌의류,맨투맨,MT,23004634,18524460,16840423,16840423,3740332,13100091
M,3.0,RF,차시즌의류,반바지,SP,184948,184948,168134,168134,31857,136277
M,3.0,RF,차시즌의류,반팔카라티셔츠,TS,16890615,14561391,13237624,13237624,2712051,10525573
M,3.0,RF,차시즌의류,반팔티셔츠,RS,357835,357835,325304,325304,58350,266954
M,3.0,RF,차시즌의류,방풍자켓,WJ,15985976,13980090,12709178,12709178,3109386,9599792
M,3.0,RF,차시즌의류,스커트,SK,1526495,1168257,1062053,1062053,250861,811192
M,3.0,RF,차시즌의류,우븐셔츠,WS,1585464,1245721,1132470,1132470,317055,815415
M,3.0,RF,차시즌의류,우븐팬츠,WP,8886905,7787226,7079307,7079307,1521248,5558059
M,3.0,RF,차시즌의류,점퍼,JP,16445667,14549141,13226487,13226487,2918936,10307551
M,3.0,RF,차시즌의류,진바지,DP,5185257,4153566,3775968,3775968,864689,2911279
M,3.0,RF,차시즌의류,진스커트,DS,1278556,894990,813628,813628,199759,613869
M,3.0,RF,차시즌의류,진자켓,DK,1014536,806268,732971,732971,153149,579822
M,3.0,RF,차시즌의류,트레이닝(상의),TR,7372473,6494383,5903981,5903981,1258800,4645181
M,3.0,RF,차시즌의류,팬츠,PT,15360100,12289434,11172225,11172225,2632032,8540193
M,3.0,RF,차시즌의류,후드티,HD,7233091,6266615,5696927,5696927,1305780,4391147
M,3.0,직영점(가두),Acc_etc,기타,ET,8486184,8425312,7659314,7659314,1558915,6100399
M,3.0,직영점(가두),Acc_etc,머플러(스카프),MF,796082,782680,711527,711527,82876,628651
M,3.0,직영점(가두),Acc_etc,선글라스,GA,15577213,15563811,14148917,14148917,2745125,11403792
M,3.0,직영점(가두),Acc_etc,양말,SO,6904205,6859817,6236088,6236088,1192307,5043781
M,3.0,직영점(가두),Acc_etc,장갑,GL,209072,209072,190068,190068,37603,152465
M,3.0,직영점(가두),Acc_etc,파우치,PO,15736698,15647775,14225228,14225228,2814948,11410280
M,3.0,직영점(가두),Bag,가방,BG,266701,186691,169718,169718,4902,164816
M,3.0,직영점(가두),Bag,백팩,BK,1517113,1517113,1379195,1379195,245759,1133436
M,3.0,직영점(가두),Bag,버킷백,BM,19335151,19308347,17553025,17553025,3029271,14523754
M,3.0,직영점(가두),Bag,쇼퍼백,OR,12754740,12722441,11565855,11565855,2054414,9511441
M,3.0,직영점(가두),Bag,숄더백,BQ,77722561,76413247,69466508,69466508,12500168,56966340
M,3.0,직영점(가두),Bag,크로스백,CR,30697416,30643808,27857934,27857934,5650135,22207799
M,3.0,직영점(가두),Bag,힙색,HS,398041,398041,361856,361856,58875,302981
M,3.0,직영점(가두),Headwear,방한모,WM,13226492,13199688,11999678,11999678,1940925,10058753
M,3.0,직영점(가두),Headwear,비니,BN,185894601,181340219,164854395,164854395,26804271,138050124
M,3.0,직영점(가두),Headwear,운동모,CP,1144923166,1018185897,925621424,925621424,178539048,747082376
M,3.0,직영점(가두),Headwear,햇,HT,18817831,18751357,17046655,17046655,2459026,14587629
M,3.0,직영점(가두),Shoes,런닝화,RN,47211434,47065110,42786442,42786442,9548872,33237570
M,3.0,직영점(가두),Shoes,방한화,WB,16373296,16319687,14836071,14836071,2888751,11947320
M,3.0,직영점(가두),Shoes,스니커즈,SX,309079627,308518362,280470935,280470935,51115985,229354950
M,3.0,직영점(가두),Shoes,슬리퍼,LP,79072,79072,71883,71883,14138,57745
M,3.0,직영점(가두),Shoes,신발,SH,119469975,119231499,108392235,108392235,21264161,87128074
M,3.0,직영점(가두),과시즌의류,레깅스,LG,609794,609794,554357,554357,99938,454419
M,3.0,직영점(가두),과시즌의류,탱크탑,TK,79072,79072,71883,71883,16907,54976
M,3.0,직영점(가두),당시즌의류,다운베스트,DV,6001442,5835793,5305264,5305264,1141857,4163407
M,3.0,직영점(가두),당시즌의류,다운점퍼,DJ,166271306,165152502,150138541,150138541,28980342,121158199
M,3.0,직영점(가두),당시즌의류,맨투맨,MT,2349381,2349381,2135794,2135794,402288,1733506
M,3.0,직영점(가두),당시즌의류,우븐셔츠,WS,226495,226495,205904,205904,38231,167673
M,3.0,직영점(가두),당시즌의류,우븐팬츠,WP,10741750,10725587,9750531,9750531,2103787,7646744
M,3.0,직영점(가두),당시즌의류,진바지,DP,959587,959587,872351,872351,172966,699385
M,3.0,직영점(가두),당시즌의류,진스커트,DS,599072,592384,538527,538527,96603,441924
M,3.0,직영점(가두),당시즌의류,트레이닝(상의),TR,2768865,2754753,2504325,2504325,511530,1992795
M,3.0,직영점(가두),당시즌의류,패딩,PD,10668039,10614699,9649721,9649721,2192974,7456747
M,3.0,직영점(가두),당시즌의류,팬츠,PT,9823709,9808686,8916977,8916977,1669838,7247139
M,3.0,직영점(가두),당시즌의류,폴라폴리스점퍼,FD,1200824,1200824,1091658,1091658,220804,870854
M,3.0,직영점(가두),당시즌의류,후드티,HD,2872061,2872061,2610966,2610966,517015,2093951
M,3.0,직영점(가두),차시즌의류,나시,TO,1510412,1510412,1373088,1373088,199562,1173526
M,3.0,직영점(가두),차시즌의류,니트가디건,KC,22295666,22245703,20223332,20223332,4446689,15776643
M,3.0,직영점(가두),차시즌의류,니트풀오버,KP,5670411,5670411,5154916,5154916,877122,4277794
M,3.0,직영점(가두),차시즌의류,데님셔츠,DR,4988246,4983087,4530074,4530074,792913,3737161
M,3.0,직영점(가두),차시즌의류,맨투맨,MT,67890811,67731688,61574201,61574201,11519859,50054342
M,3.0,직영점(가두),차시즌의류,반바지,SP,554845,554845,504403,504403,95571,408832
M,3.0,직영점(가두),차시즌의류,반팔카라티셔츠,TS,130700901,130328350,118479799,118479799,21120178,97359621
M,3.0,직영점(가두),차시즌의류,반팔티셔츠,RS,5458659,5453539,4957758,4957758,897398,4060360
M,3.0,직영점(가두),차시즌의류,방풍자켓,WJ,89312662,89119136,81017360,81017360,16387374,64629986
M,3.0,직영점(가두),차시즌의류,스커트,SK,3571649,3571649,3246954,3246954,585029,2661925
M,3.0,직영점(가두),차시즌의류,우븐셔츠,WS,6328452,6328452,5753125,5753125,1257742,4495383
M,3.0,직영점(가두),차시즌의류,우븐팬츠,WP,37891642,37844373,34403962,34403962,6453558,27950404
M,3.0,직영점(가두),차시즌의류,점퍼,JP,139081208,138617484,126015824,126015824,24801152,101214672
M,3.0,직영점(가두),차시즌의류,진바지,DP,11118348,11081747,10074302,10074302,1852120,8222182
M,3.0,직영점(가두),차시즌의류,진스커트,DS,213093,213093,193720,193720,33293,160427
M,3.0,직영점(가두),차시즌의류,진자켓,DK,9024947,9024947,8204483,8204483,1457655,6746828
M,3.0,직영점(가두),차시즌의류,트레이닝(상의),TR,42650713,42487690,38625091,38625091,7581999,31043092
M,3.0,직영점(가두),차시즌의류,팬츠,PT,68386687,68284938,62077082,62077082,11652487,50424595
M,3.0,직영점(가두),차시즌의류,폴로 티셔츠,PQ,6147525,6130356,5573047,5573047,907671,4665376
M,3.0,직영점(가두),차시즌의류,후드티,HD,38179786,38087231,34624749,34624749,6893782,27730967
M,4.0,RF,Bag,버킷백,BM,3457731,2178371,1980336,1980336,500610,1479726
M,4.0,RF,Bag,쇼퍼백,OR,2398969,1511350,1373955,1373955,356574,1017381
M,4.0,RF,Bag,숄더백,BQ,2653608,1671773,1519794,1519794,401901,1117893
M,4.0,RF,Bag,크로스백,CR,1862886,1173618,1066926,1066926,310518,756408
M,4.0,RF,Headwear,비니,BN,2881443,1815309,1650281,1650281,403655,1246626
M,4.0,RF,Headwear,운동모,CP,184760787,116399296,105817548,105817548,27281115,78536433
M,4.0,RF,Headwear,햇,HT,2841237,1789979,1627251,1627251,409505,1217746
M,4.0,RF,Shoes,스니커즈,SX,155945019,98245362,89313957,89313957,28826454,60487503
M,4.0,RF,Shoes,신발,SH,47499578,29924734,27204304,27204304,10160419,17043885
M,4.0,자사몰,Acc_etc,기타,ET,773701,651030,602456,602456,142304,460152
M,4.0,자사몰,Acc_etc,선글라스,GA,1038660,1028621,935110,935110,178254,756856
M,4.0,자사몰,Acc_etc,양말,SO,1876690,1533017,1404173,1404173,312732,1091441
M,4.0,자사몰,Acc_etc,캐리어(하드케이스),HH,360515,252361,229419,229419,113127,116292
M,4.0,자사몰,Acc_etc,파우치,PO,1679278,1471358,1349184,1349184,296164,1053020
M,4.0,자사몰,Bag,가방,BG,426185,315350,286682,286682,7118,279564
M,4.0,자사몰,Bag,백팩,BK,399381,171546,155952,155952,62188,93764
M,4.0,자사몰,Bag,버킷백,BM,879175,757350,688499,688499,141329,547170
M,4.0,자사몰,Bag,쇼퍼백,OR,6902060,5981608,5500141,5500141,1155890,4344251
M,4.0,자사몰,Bag,숄더백,BQ,16125357,11529873,10687954,10687954,1665371,9022583
M,4.0,자사몰,Bag,크로스백,CR,5445257,5189287,4799532,4799532,971845,3827687
M,4.0,자사몰,Bag,힙색,HS,928763,867113,788285,788285,139659,648626
M,4.0,자사몰,Headwear,방한모,WM,1400515,1098446,998586,998586,208686,789900
M,4.0,자사몰,Headwear,비니,BN,61020915,52364563,47610736,47610736,8769005,38841731
M,4.0,자사몰,Headwear,운동모,CP,162390070,137695378,125349881,125349881,25850296,99499585
M,4.0,자사몰,Headwear,햇,HT,3705669,3234023,2956201,2956201,476020,2480181
M,4.0,자사몰,Shoes,런닝화,RN,24023191,22208326,20265629,20265629,5165905,15099724
M,4.0,자사몰,Shoes,뮬,MU,2738041,1206746,1108216,1108216,484786,623430
M,4.0,자사몰,Shoes,방한화,WB,2417731,2120876,1928067,1928067,444183,1483884
M,4.0,자사몰,Shoes,샌들,SD,140722,153510,149913,149913,13529,136384
M,4.0,자사몰,Shoes,스니커즈,SX,34787725,31320666,28652931,28652931,5808454,22844477
M,4.0,자사몰,Shoes,슬리퍼,LP,632577,562463,528005,528005,126066,401939
M,4.0,자사몰,Shoes,신발,SH,54377515,36596532,33528802,33528802,9138809,24389993
M,4.0,자사몰,과시즌의류,니트가디건,KC,4000515,1914632,1740575,1740575,121482,1619093
M,4.0,자사몰,과시즌의류,레깅스,LG,238557,217207,197462,197462,39763,157699
M,4.0,자사몰,과시즌의류,맨투맨,MT,1525154,702657,638778,638778,169552,469226
M,4.0,자사몰,과시즌의류,반팔카라티셔츠,TS,92474,44897,40816,40816,13891,26925
M,4.0,자사몰,과시즌의류,방풍자켓,WJ,1653814,948772,862520,862520,83897,778623
M,4.0,자사몰,과시즌의류,원피스,OP,1237010,570552,518682,518682,145880,372802
M,4.0,자사몰,과시즌의류,트레이닝(상의),TR,345773,167057,151869,151869,41001,110868
M,4.0,자사몰,과시즌의류,팬츠,PT,265361,125979,114527,114527,31719,82808
M,4.0,자사몰,과시즌의류,후드티,HD,1195464,839224,762931,762931,129449,633482
M,4.0,자사몰,당시즌의류,니트풀오버,KP,253299,223814,203467,203467,49752,153715
M,4.0,자사몰,당시즌의류,다운베스트,DV,1387113,1365469,1241338,1241338,283403,957935
M,4.0,자사몰,당시즌의류,다운점퍼,DJ,17721543,16356704,14869719,14869719,3198850,11670869
M,4.0,자사몰,당시즌의류,맨투맨,MT,2495463,2371575,2155979,2155979,438700,1717279
M,4.0,자사몰,당시즌의류,반팔카라티셔츠,TS,369897,389298,361031,361031,65154,295877
M,4.0,자사몰,당시즌의류,스커트,SK,199691,194625,176931,176931,39381,137550
M,4.0,자사몰,당시즌의류,우븐셔츠,WS,226495,218614,198740,198740,38231,160509
M,4.0,자사몰,당시즌의류,우븐팬츠,WP,4698762,4434312,4031196,4031196,872049,3159147
M,4.0,자사몰,당시즌의류,점퍼,JP,1121752,1025284,932076,932076,213530,718546
M,4.0,자사몰,당시즌의류,진바지,DP,0,-10722,-9747,-9747,0,-9747
M,4.0,자사몰,당시즌의류,진스커트,DS,199691,199691,181538,181538,32201,149337
M,4.0,자사몰,당시즌의류,트레이닝(상의),TR,1888350,1772838,1611673,1611673,346229,1265444
M,4.0,자사몰,당시즌의류,패딩,PD,6667524,6104370,5549425,5549425,1370610,4178815
M,4.0,자사몰,당시즌의류,팬츠,PT,6868555,6480633,5891486,5891486,1189791,4701695
M,4.0,자사몰,당시즌의류,폴라폴리스점퍼,FD,719691,688866,626241,626241,111694,514547
M,4.0,자사몰,당시즌의류,후드티,HD,3694948,3492831,3175308,3175308,742227,2433081
M,4.0,자사몰,차시즌의류,나시,TO,853711,796886,724438,724438,112797,611641
M,4.0,자사몰,차시즌의류,니트가디건,KC,880515,837629,761481,761481,131502,629979
M,4.0,자사몰,차시즌의류,니트풀오버,KP,452990,430206,391096,391096,67914,323182
M,4.0,자사몰,차시즌의류,데님셔츠,DR,1080206,1055841,959857,959857,176386,783471
M,4.0,자사몰,차시즌의류,맨투맨,MT,20271955,19217724,17487125,17487125,3485406,14001719
M,4.0,자사몰,차시즌의류,반바지,SP,739794,703608,639643,639643,127431,512212
M,4.0,자사몰,차시즌의류,반팔카라티셔츠,TS,15763502,14876942,13583896,13583896,2592095,10991801
M,4.0,자사몰,차시즌의류,반팔티셔츠,RS,423505,385805,350732,350732,70585,280147
M,4.0,자사몰,차시즌의류,방풍자켓,WJ,47214114,44601624,40546923,40546923,8546608,32000315
M,4.0,자사몰,차시즌의류,스커트,SK,2563814,2357261,2142965,2142965,435213,1707752
M,4.0,자사몰,차시즌의류,우븐셔츠,WS,439588,423090,384627,384627,80105,304522
M,4.0,자사몰,차시즌의류,우븐팬츠,WP,7968864,7702110,7001925,7001925,1351401,5650524
M,4.0,자사몰,차시즌의류,점퍼,JP,25085974,24084157,21894688,21894688,4310637,17584051
M,4.0,자사몰,차시즌의류,진바지,DP,959587,909625,826930,826930,161731,665199
M,4.0,자사몰,차시즌의류,진스커트,DS,213093,213093,193720,193720,33293,160427
M,4.0,자사몰,차시즌의류,진자켓,DK,373917,367216,333832,333832,54954,278878
M,4.0,자사몰,차시즌의류,트레이닝(상의),TR,11851441,11232976,10211801,10211801,2067914,8143887
M,4.0,자사몰,차시즌의류,팬츠,PT,14588141,13705710,12459738,12459738,2491021,9968717
M,4.0,자사몰,차시즌의류,후드티,HD,14412574,13520520,12291390,12291390,2676106,9615284
M,5.0,제휴몰,Acc_etc,기타,ET,2056546,2056546,1869581,1869581,386088,1483493
M,5.0,제휴몰,Acc_etc,머플러(스카프),MF,357835,357835,325304,325304,44439,280865
M,5.0,제휴몰,Acc_etc,선글라스,GA,199691,199691,181538,181538,35651,145887
M,5.0,제휴몰,Acc_etc,양말,SO,2336649,2325927,2114474,2114474,403996,1710478
M,5.0,제휴몰,Acc_etc,장갑,GL,52268,52268,47517,47517,9400,38117
M,5.0,제휴몰,Acc_etc,파우치,PO,3071752,3071765,2792527,2792527,521506,2271021
M,5.0,제휴몰,Bag,가방,BG,478454,478454,434958,434958,6647,428311
M,5.0,제휴몰,Bag,백팩,BK,1144536,1044691,949719,949719,174386,775333
M,5.0,제휴몰,Bag,버킷백,BM,666082,666082,605528,605528,108596,496932
M,5.0,제휴몰,Bag,쇼퍼백,OR,4828762,4478164,4071064,4071064,796002,3275062
M,5.0,제휴몰,Bag,숄더백,BQ,27561335,22519346,20472136,20472136,3542337,16929799
M,5.0,제휴몰,Bag,크로스백,CR,8441957,8441957,7674497,7674497,1599324,6075173
M,5.0,제휴몰,Bag,힙색,HS,503917,503917,458107,458107,71323,386784
M,5.0,제휴몰,Headwear,방한모,WM,5398349,5398349,4907577,4907577,765878,4141699
M,5.0,제휴몰,Headwear,비니,BN,118866883,114554663,104140726,104140726,15564543,88576183
M,5.0,제휴몰,Headwear,운동모,CP,648230794,648202703,589275174,589275174,106378162,482897012
M,5.0,제휴몰,Headwear,햇,HT,6474535,6474535,5885924,5885924,824319,5061605
M,5.0,제휴몰,Shoes,런닝화,RN,38441126,38441126,34946551,34946551,8298700,26647851
M,5.0,제휴몰,Shoes,뮬,MU,16472471,8236195,7487383,7487383,2914339,4573044
M,5.0,제휴몰,Shoes,방한화,WB,11914431,11866585,10787815,10787815,2039347,8748468
M,5.0,제휴몰,Shoes,샌들,SD,1799897,1632371,1483974,1483974,148003,1335971
M,5.0,제휴몰,Shoes,스니커즈,SX,205182844,202300236,183909391,183909391,34679844,149229547
M,5.0,제휴몰,Shoes,슬리퍼,LP,1502371,1502371,1365782,1365782,268623,1097159
M,5.0,제휴몰,Shoes,신발,SH,283832828,201856493,183505944,183505944,51115725,132390219
M,5.0,제휴몰,Shoes,아쿠아 슈즈,SQ,119278,119278,108435,108435,26563,81872
M,5.0,제휴몰,과시즌의류,니트가디건,KC,1333505,666752,606142,606142,40494,565648
M,5.0,제휴몰,과시즌의류,맨투맨,MT,6128762,3064381,2785806,2785806,593284,2192522
M,5.0,제휴몰,과시즌의류,방풍자켓,WJ,1799897,899948,818135,818135,55113,763022
M,5.0,제휴몰,과시즌의류,원피스,OP,704948,352474,320430,320430,83093,237337
M,5.0,제휴몰,과시즌의류,점퍼,JP,1362989,681495,619541,619541,39820,579721
M,5.0,제휴몰,과시즌의류,탱크탑,TK,632577,632577,575066,575066,135259,439807
M,5.0,제휴몰,과시즌의류,트레이닝(상의),TR,1555979,777990,707259,707259,184502,522757
M,5.0,제휴몰,과시즌의류,팬츠,PT,0,0,0,0,0,0
M,5.0,제휴몰,과시즌의류,후드티,HD,982371,491185,446532,446532,89520,357012
M,5.0,제휴몰,당시즌의류,다운베스트,DV,3547525,3547525,3225022,3225022,661835,2563187
M,5.0,제휴몰,당시즌의류,다운점퍼,DJ,203771607,203771607,185246843,185246843,35992538,149254305
M,5.0,제휴몰,당시즌의류,맨투맨,MT,6679586,6679586,6072356,6072356,1233130,4839226
M,5.0,제휴몰,당시즌의류,반팔카라티셔츠,TS,741134,741134,673756,673756,128591,545165
M,5.0,제휴몰,당시즌의류,스커트,SK,558866,558866,508061,508061,111695,396366
M,5.0,제휴몰,당시즌의류,우븐팬츠,WP,11884946,11884946,10804523,10804523,2178388,8626135
M,5.0,제휴몰,당시즌의류,원피스,OP,691546,691546,628680,628680,137766,490914
M,5.0,제휴몰,당시즌의류,진바지,DP,719691,719691,654263,654263,130046,524217
M,5.0,제휴몰,당시즌의류,진스커트,DS,199691,199691,181538,181538,32201,149337
M,5.0,제휴몰,당시즌의류,트레이닝(상의),TR,9413606,9413606,8557834,8557834,1722316,6835518
M,5.0,제휴몰,당시즌의류,패딩,PD,72809366,72809366,66190300,66190300,14967059,51223241
M,5.0,제휴몰,당시즌의류,팬츠,PT,11874224,11874224,10794758,10794758,2048617,8746141
M,5.0,제휴몰,당시즌의류,폴라폴리스점퍼,FD,3307628,3307628,3006933,3006933,562254,2444679
M,5.0,제휴몰,당시즌의류,후드티,HD,8160514,8160514,7418662,7418662,1502410,5916252
M,5.0,제휴몰,차시즌의류,니트가디건,KC,1507732,1507732,1370666,1370666,275099,1095567
M,5.0,제휴몰,차시즌의류,니트풀오버,KP,199691,199691,181538,181538,29830,151708
M,5.0,제휴몰,차시즌의류,데님셔츠,DR,759897,759897,690814,690814,132186,558628
M,5.0,제휴몰,차시즌의류,맨투맨,MT,32789478,32789478,29808596,29808596,5514556,24294040
M,5.0,제휴몰,차시즌의류,반팔카라티셔츠,TS,17872986,17872999,16248139,16248139,2854187,13393952
M,5.0,제휴몰,차시즌의류,반팔티셔츠,RS,317629,317629,288753,288753,53780,234973
M,5.0,제휴몰,차시즌의류,방풍자켓,WJ,28527623,28527623,25934193,25934193,5147281,20786912
M,5.0,제휴몰,차시즌의류,스커트,SK,265361,265361,241237,241237,43735,197502
M,5.0,제휴몰,차시즌의류,우븐셔츠,WS,1585464,1585464,1441327,1441327,317055,1124272
M,5.0,제휴몰,차시즌의류,우븐팬츠,WP,2581237,2581237,2346585,2346585,439228,1907357
M,5.0,제휴몰,차시즌의류,점퍼,JP,27543912,27543912,25039919,25039919,4840962,20198957
M,5.0,제휴몰,차시즌의류,진바지,DP,1412577,1412577,1284158,1284158,236648,1047510
M,5.0,제휴몰,차시즌의류,진스커트,DS,426185,426185,387440,387440,66587,320853
M,5.0,제휴몰,차시즌의류,진자켓,DK,360515,360515,327741,327741,60989,266752
M,5.0,제휴몰,차시즌의류,트레이닝(상의),TR,10215049,10215049,9286423,9286423,1756195,7530228
M,5.0,제휴몰,차시즌의류,팬츠,PT,10854328,10854328,9867584,9867584,1879481,7988103
M,5.0,제휴몰,차시즌의류,후드티,HD,21143088,21143088,19221020,19221020,3901128,15319892
M,6.0,RF,Acc_etc,기타,ET,1065196,1001670,910604,559894,207491,352403
M,6.0,RF,Acc_etc,머플러(스카프),MF,357835,331299,301180,192990,44439,148551
M,6.0,RF,Acc_etc,양말,SO,877299,877299,797540,506664,154092,352572
M,6.0,RF,Acc_etc,장갑,GL,156804,156804,142551,94082,28202,65880
M,6.0,RF,Acc_etc,파우치,PO,1372371,1332165,1211054,741831,241498,500333
M,6.0,RF,Bag,백팩,BK,172887,172887,157170,94302,30514,63788
M,6.0,RF,Bag,버킷백,BM,4909174,4577648,4161504,2662733,780716,1882017
M,6.0,RF,Bag,쇼퍼백,OR,10965565,9507689,8643354,5285662,1693795,3591867
M,6.0,RF,Bag,숄더백,BQ,10221750,9346864,8497137,5353589,1645064,3708525
M,6.0,RF,Bag,크로스백,CR,3188350,2962391,2693079,1726239,552842,1173397
M,6.0,RF,Bag,힙색,HS,1432680,1273464,1157694,716810,221249,495561
M,6.0,RF,Headwear,방한모,WM,2062577,1885402,1714000,1110261,299780,810481
M,6.0,RF,Headwear,비니,BN,17216285,15620368,14200362,9232258,2425245,6807013
M,6.0,RF,Headwear,운동모,CP,174371510,149095428,135541089,85106562,26802463,58304099
M,6.0,RF,Headwear,햇,HT,4819380,4494783,4086152,2657707,621586,2036121
M,6.0,RF,Shoes,런닝화,RN,18665048,16824945,15295414,9987063,3571635,6415428
M,6.0,RF,Shoes,방한화,WB,2152371,2006288,1823901,1180401,370958,809443
M,6.0,RF,Shoes,스니커즈,SX,225576758,188253403,171139454,109808440,39049968,70758472
M,6.0,RF,Shoes,슬리퍼,LP,158144,158144,143767,94887,28276,66611
M,6.0,RF,Shoes,신발,SH,111809358,91747950,83407218,53034286,22269666,30764620
M,6.0,RF,당시즌의류,다운베스트,DV,1120412,1008371,916700,568447,217761,350686
M,6.0,RF,당시즌의류,다운점퍼,DJ,37036590,34804705,31640637,20489183,6583585,13905598
M,6.0,RF,당시즌의류,맨투맨,MT,955567,929031,844574,551629,162682,388947
M,6.0,RF,당시즌의류,우븐셔츠,WS,226495,181196,164723,102129,38231,63898
M,6.0,RF,당시즌의류,우븐팬츠,WP,2369484,2249670,2045156,1301876,461654,840222
M,6.0,RF,당시즌의류,진바지,DP,1439381,1391402,1264909,834841,258806,576035
M,6.0,RF,당시즌의류,트레이닝(상의),TR,372577,372577,338708,223546,68820,154726
M,6.0,RF,당시즌의류,패딩,PD,1333505,1200154,1091048,690269,274119,416150
M,6.0,RF,당시즌의류,팬츠,PT,4373092,3996186,3632897,2328716,789937,1538779
M,6.0,RF,당시즌의류,폴라폴리스점퍼,FD,613814,560474,509522,324646,117761,206885
M,6.0,RF,당시즌의류,후드티,HD,797423,765526,695933,452356,151026,301330
M,6.0,RF,차시즌의류,니트가디건,KC,-1254433,-1254433,-1140395,-603459,-440409,-163050
M,6.0,RF,차시즌의류,니트풀오버,KP,1198144,1120948,1019043,647739,182217,465522
M,6.0,RF,차시즌의류,데님셔츠,DR,1026598,1026598,933270,615959,178204,437755
M,6.0,RF,차시즌의류,맨투맨,MT,11029895,10125765,9205249,5815877,1859455,3956422
M,6.0,RF,차시즌의류,반바지,SP,92474,92474,84067,52962,15928,37034
M,6.0,RF,차시즌의류,반팔카라티셔츠,TS,23543397,21434235,19485652,12330283,3902920,8427363
M,6.0,RF,차시즌의류,반팔티셔츠,RS,993093,993093,902810,579225,167031,412194
M,6.0,RF,차시즌의류,방풍자켓,WJ,12872678,12386987,11260891,7275868,2393086,4882782
M,6.0,RF,차시즌의류,스커트,SK,544124,517588,470534,295107,90397,204710
M,6.0,RF,차시즌의류,우븐셔츠,WS,2038453,1993154,1811954,1186009,407644,778365
M,6.0,RF,차시즌의류,우븐팬츠,WP,6772060,6402432,5820387,3742727,1149162,2593565
M,6.0,RF,차시즌의류,점퍼,JP,26273397,24328530,22116847,14085178,4605477,9479701
M,6.0,RF,차시즌의류,진바지,DP,2652267,2460350,2236680,1441574,444632,996942
M,6.0,RF,차시즌의류,진자켓,DK,721031,576825,524388,325121,121978,203143
M,6.0,RF,차시즌의류,트레이닝(상의),TR,4973504,4555896,4141731,2705742,899509,1806233
M,6.0,RF,차시즌의류,팬츠,PT,9578452,8785948,7987226,5092518,1661780,3430738
M,6.0,RF,차시즌의류,폴로 티셔츠,PQ,1676598,1639340,1490306,934830,247545,687285
M,6.0,RF,차시즌의류,후드티,HD,8207421,7344824,6677106,4253879,1493369,2760510
M,6.0,대리점,Acc_etc,기타,ET,3470463,3391471,3083173,1992858,664202,1328656
M,6.0,대리점,Acc_etc,머플러(스카프),MF,2331958,2267642,2061479,1329361,300262,1029099
M,6.0,대리점,Acc_etc,선글라스,GA,426185,226924,206287,134088,71302,62786
M,6.0,대리점,Acc_etc,양말,SO,8371194,8132691,7393275,4744443,1450836,3293607
M,6.0,대리점,Acc_etc,장갑,GL,52268,52268,47516,29935,9400,20535
M,6.0,대리점,Acc_etc,캐리어(하드케이스),HH,320309,320309,291191,192186,98631,93555
M,6.0,대리점,Acc_etc,파우치,PO,5573916,5461031,4964554,3184990,999609,2185381
M,6.0,대리점,Bag,가방,BG,533402,373381,339439,241001,9805,231196
M,6.0,대리점,Bag,백팩,BK,4113092,3756276,3414791,2199121,662744,1536377
M,6.0,대리점,Bag,버킷백,BM,70559161,60235702,54759684,34645364,11553094,23092270
M,6.0,대리점,Bag,쇼퍼백,OR,54049164,53193443,48357700,30977525,8356107,22621418
M,6.0,대리점,Bag,숄더백,BQ,222052016,219635652,199668765,125964001,35414921,90549080
M,6.0,대리점,Bag,크로스백,CR,34551849,33111301,30101148,19338151,5935457,13402694
M,6.0,대리점,Bag,힙색,HS,2998041,2911075,2646435,1700627,457557,1243070
M,6.0,대리점,Headwear,방한모,WM,4193504,4104421,3731294,2401715,608650,1793065
M,6.0,대리점,Headwear,비니,BN,80031736,76322783,69384335,43955611,11180373,32775238
M,6.0,대리점,Headwear,운동모,CP,1478064850,1435589838,1305079856,817639040,246732948,570906092
M,6.0,대리점,Headwear,햇,HT,13774636,13308204,12098343,7745633,1753173,5992460
M,6.0,대리점,Shoes,런닝화,RN,165591822,160618626,146016795,93860100,34458141,59401959
M,6.0,대리점,Shoes,방한화,WB,12860616,12201328,11092111,7097769,2195783,4901986
M,6.0,대리점,Shoes,스니커즈,SX,1330887458,1240606081,1127823565,715265152,232417327,482847825
M,6.0,대리점,Shoes,슬리퍼,LP,2372164,2309202,2099265,1338730,424138,914592
M,6.0,대리점,Shoes,신발,SH,786987673,746439046,678580786,428327742,155318873,273008869
M,6.0,대리점,과시즌의류,니트가디건,KC,266701,133364,121228,90921,8099,82822
M,6.0,대리점,과시즌의류,다운베스트,DV,293505,293505,266823,176103,35054,141049
M,6.0,대리점,과시즌의류,레깅스,LG,119278,112778,102526,63566,14206,49360
M,6.0,대리점,과시즌의류,맨투맨,MT,159485,159485,144986,95691,19126,76565
M,6.0,대리점,과시즌의류,반팔카라티셔츠,TS,198350,138845,126223,88356,36245,52111
M,6.0,대리점,과시즌의류,우븐팬츠,WP,132680,132680,120619,79608,15920,63688
M,6.0,대리점,과시즌의류,점퍼,JP,454330,227165,206514,154885,13604,141281
M,6.0,대리점,과시즌의류,폴로 티셔츠,PQ,0,0,0,0,0,0
M,6.0,대리점,당시즌의류,니트가디건,KC,1254433,1254433,1140391,743557,197958,545599
M,6.0,대리점,당시즌의류,니트풀오버,KP,1320103,1214575,1104155,720602,239024,481578
M,6.0,대리점,당시즌의류,다운베스트,DV,16086492,15159860,13781695,8858721,3044688,5814033
M,6.0,대리점,당시즌의류,다운점퍼,DJ,220075212,197306950,179369883,115563448,39516669,76046779
M,6.0,대리점,당시즌의류,맨투맨,MT,14021234,13686317,12442072,7984100,2443857,5540243
M,6.0,대리점,당시즌의류,반팔카라티셔츠,TS,210412,192896,175359,111446,37571,73875
M,6.0,대리점,당시즌의류,방풍자켓,WJ,452990,452990,411808,263557,84594,178963
M,6.0,대리점,당시즌의류,스커트,SK,199691,199691,181538,116184,39381,76803
M,6.0,대리점,당시즌의류,우븐셔츠,WS,679484,620783,564349,366415,120116,246299
M,6.0,대리점,당시즌의류,우븐팬츠,WP,16957625,16448950,14953543,9655436,3299368,6356068
M,6.0,대리점,당시즌의류,점퍼,JP,2590618,2463057,2239129,1463672,491027,972645
M,6.0,대리점,당시즌의류,진바지,DP,1439381,1384299,1258461,807595,261376,546219
M,6.0,대리점,당시즌의류,진스커트,DS,199691,199691,181536,117998,32201,85797
M,6.0,대리점,당시즌의류,진자켓,DK,347113,347113,315558,201957,52712,149245
M,6.0,대리점,당시즌의류,트레이닝(상의),TR,6123401,5965096,5422810,3488342,1135672,2352670
M,6.0,대리점,당시즌의류,패딩,PD,15735358,14896509,13542286,8836193,3234616,5601577
M,6.0,대리점,당시즌의류,팬츠,PT,37682570,36746208,33405615,21536594,6553067,14983527
M,6.0,대리점,당시즌의류,폴라폴리스점퍼,FD,2935051,2726046,2478227,1589571,516754,1072817
M,6.0,대리점,당시즌의류,후드티,HD,16299584,15817874,14379845,9224247,2997841,6226406
M,6.0,대리점,차시즌의류,나시,TO,65670,56208,51091,33209,8676,24533
M,6.0,대리점,차시즌의류,니트가디건,KC,16558244,15764668,14331537,9077196,3357641,5719555
M,6.0,대리점,차시즌의류,니트풀오버,KP,7044122,6851494,6228635,3980166,1068377,2911789
M,6.0,대리점,차시즌의류,데님셔츠,DR,7561442,7264801,6604415,4220887,1221858,2999029
M,6.0,대리점,차시즌의류,맨투맨,MT,124584201,120766357,109787513,70379034,20464269,49914765
M,6.0,대리점,차시즌의류,반바지,SP,277423,277423,252203,163931,47785,116146
M,6.0,대리점,차시즌의류,반팔카라티셔츠,TS,218783254,214216650,194742616,123766852,36167880,87598972
M,6.0,대리점,차시즌의류,반팔티셔츠,RS,4645154,4530928,4119034,2640704,757500,1883204
M,6.0,대리점,차시즌의류,방풍자켓,WJ,147048733,139405257,126732038,81288069,26589673,54698396
M,6.0,대리점,차시즌의류,스커트,SK,6625978,6508335,5916673,3811552,1081183,2730369
M,6.0,대리점,차시즌의류,우븐셔츠,WS,5888865,5484927,4986300,3190970,1177634,2013336
M,6.0,대리점,차시즌의류,우븐팬츠,WP,52140711,50733669,46121482,29701635,8895369,20806266
M,6.0,대리점,차시즌의류,점퍼,JP,136660797,131548903,119589949,76563015,24561684,52001331
M,6.0,대리점,차시즌의류,진바지,DP,13060307,12480185,11345623,7328005,2179943,5148062
M,6.0,대리점,차시즌의류,진스커트,DS,852371,813505,739551,471022,133174,337848
M,6.0,대리점,차시즌의류,진자켓,DK,1722165,1649927,1499937,965783,281160,684623
M,6.0,대리점,차시즌의류,트레이닝(상의),TR,45455764,43903001,39911765,25535833,7802077,17733756
M,6.0,대리점,차시즌의류,팬츠,PT,105584102,101664697,92422393,59317838,18087337,41230501
M,6.0,대리점,차시즌의류,폴로 티셔츠,PQ,7265256,7196597,6542345,4168627,1072697,3095930
M,6.0,대리점,차시즌의류,후드티,HD,62001946,60288962,54808046,35239997,11366289,23873708
M,8.0,사입,Acc_etc,양말,SO,35826384,8956020,8141882,8141882,5384254,2757628
M,8.0,사입,Acc_etc,캐리어(하드케이스),HH,9945668,2486417,2260387,2260387,2896398,-636011
M,8.0,사입,Bag,백팩,BK,467347223,120241505,109310520,109310520,68502424,40808096
M,8.0,사입,Bag,버킷백,BM,160129142,40031910,36392624,36392624,24407858,11984766
M,8.0,사입,Bag,보스톤백,BW,0,0,-3,-3,0,-3
M,8.0,사입,Bag,쇼퍼백,OR,64016275,16003948,14549021,14549021,12691566,1857455
M,8.0,사입,Bag,숄더백,BQ,486033714,124268516,112971316,112971316,77985491,34985825
M,8.0,사입,Bag,크로스백,CR,245942527,61485230,55895716,55895716,38961610,16934106
M,8.0,사입,Bag,힙색,HS,79740911,19935228,18122934,18122934,13166259,4956675
M,8.0,사입,Headwear,메시캡,MC,106629463,26629422,24208567,24208567,13801155,10407412
M,8.0,사입,Headwear,비니,BN,-79072,-19768,-17971,-17971,-9377,-8594
M,8.0,사입,Headwear,선캡,SC,24289892,5871388,5337654,5337654,3206224,2131430
M,8.0,사입,Headwear,운동모,CP,1334701684,352929261,320844819,320844819,186883684,133961135
M,8.0,사입,Headwear,햇,HT,474109902,126407055,114915521,114915521,66695760,48219761
M,8.0,사입,Shoes,런닝화,RN,567925656,139379860,126708974,126708974,94374168,32334806
M,8.0,사입,Shoes,샌들,SD,370613841,40767523,37061384,37061384,9048628,28012756
M,8.0,사입,Shoes,스니커즈,SX,1709487586,418622724,380566244,380566244,308930419,71635825
M,8.0,사입,Shoes,슬리퍼,LP,339970033,37396704,33997003,33997003,8714836,25282167
M,8.0,사입,Shoes,신발,SH,631521107,128944789,117222490,117222490,100370460,16852030
M,8.0,사입,Shoes,아쿠아 슈즈,SQ,13533399,1488674,1353340,1353340,1446597,-93257
M,8.0,사입,과시즌의류,니트가디건,KC,423346923,99466116,90423728,90423728,63427550,26996178
M,8.0,사입,과시즌의류,니트풀오버,KP,286285405,60878505,55344054,55344054,43678585,11665469
M,8.0,사입,과시즌의류,데님셔츠,DR,406751153,102892231,93538334,93538334,68687806,24850528
M,8.0,사입,과시즌의류,데님원피스,DD,10678761,1174664,1067876,1067876,1112513,-44637
M,8.0,사입,과시즌의류,레깅스,LG,57793699,6357307,5779370,5779370,6043994,-264624
M,8.0,사입,과시즌의류,맨투맨,MT,771447985,167893022,152629944,152629944,124607190,28022754
M,8.0,사입,과시즌의류,반팔카라티셔츠,TS,121220284,35180566,31982282,31982282,19748753,12233529
M,8.0,사입,과시즌의류,반팔티셔츠,RS,0,0,0,0,0,0
M,8.0,사입,과시즌의류,방수자켓,JK,11498967,1264886,1149897,1149897,1223826,-73929
M,8.0,사입,과시즌의류,방풍자켓,WJ,557090091,139235547,126577756,126577756,100718310,25859446
M,8.0,사입,과시즌의류,스커트,SK,110639359,27660000,25145390,25145390,20914902,4230488
M,8.0,사입,과시즌의류,우븐셔츠,WS,232041911,53601549,48728575,48728575,41334186,7394389
M,8.0,사입,과시즌의류,우븐팬츠,WP,523893191,130666940,118788159,118788159,103512341,15275818
M,8.0,사입,과시즌의류,원피스,OP,41784940,4596343,4178494,4178494,4376575,-198081
M,8.0,사입,과시즌의류,점퍼,JP,912220534,188420353,171291183,171291183,139879247,31411936
M,8.0,사입,과시즌의류,진바지,DP,280647159,73431222,66755671,66755671,45192710,21562961
M,8.0,사입,과시즌의류,진스커트,DS,54768855,13692160,12447449,12447449,9437750,3009699
M,8.0,사입,과시즌의류,진자켓,DK,246154279,60907842,55370779,55370779,39121933,16248846
M,8.0,사입,과시즌의류,트레이닝(상의),TR,239681085,48728225,44298406,44298406,33077914,11220492
M,8.0,사입,과시즌의류,팬츠,PT,398159093,83123229,75566573,75566573,60913597,14652976
M,8.0,사입,과시즌의류,폴로 티셔츠,PQ,265706543,55238892,50217147,50217147,41070910,9146237
M,8.0,사입,과시즌의류,후드티,HD,583036478,125732061,114301885,114301885,104404329,9897556
M,11.0,직영몰,Acc_etc,기타,ET,1120144,216872,197152,197152,210629,-13477
M,11.0,직영몰,Acc_etc,머플러(스카프),MF,410103,410103,372820,372820,64255,308565
M,11.0,직영몰,Acc_etc,선글라스,GA,2649587,2576090,2341905,2341905,463461,1878444
M,11.0,직영몰,Acc_etc,양말,SO,1122288,985654,896052,896052,192648,703404
M,11.0,직영몰,Acc_etc,장갑,GL,104536,104536,95034,95034,18802,76232
M,11.0,직영몰,Acc_etc,파우치,PO,1277216,1196000,1087277,1087277,229630,857647
M,11.0,직영몰,Bag,가방,BG,266701,186691,169718,169718,4902,164816
M,11.0,직영몰,Bag,백팩,BK,1117732,1099103,999185,999185,173806,825379
M,11.0,직영몰,Bag,버킷백,BM,2195257,2181855,1983505,1983505,347753,1635752
M,11.0,직영몰,Bag,쇼퍼백,OR,2289072,2211996,2010905,2010905,365087,1645818
M,11.0,직영몰,Bag,숄더백,BQ,5128968,4900423,4454937,4454937,813946,3640991
M,11.0,직영몰,Bag,크로스백,CR,3294226,3203025,2911839,2911839,601259,2310580
M,11.0,직영몰,Bag,힙색,HS,503917,437577,397797,397797,78168,319629
M,11.0,직영몰,Headwear,방한모,WM,635258,625072,568246,568246,84315,483931
M,11.0,직영몰,Headwear,비니,BN,14982162,14779429,13435863,13435863,2115378,11320485
M,11.0,직영몰,Headwear,운동모,CP,169840274,168001525,152728410,152728410,26652117,126076293
M,11.0,직영몰,Headwear,햇,HT,2807731,2780177,2527426,2527426,370268,2157158
M,11.0,직영몰,Shoes,런닝화,RN,14362987,14156247,12869331,12869331,2927790,9941541
M,11.0,직영몰,Shoes,방한화,WB,3028865,2971464,2701334,2701334,508769,2192565
M,11.0,직영몰,Shoes,스니커즈,SX,54811741,53674845,48795356,48795356,9090719,39704637
M,11.0,직영몰,Shoes,슬리퍼,LP,237216,237216,215650,215650,42413,173237
M,11.0,직영몰,Shoes,신발,SH,22420305,21923651,19930591,19930591,4035162,15895429
M,11.0,직영몰,과시즌의류,레깅스,LG,251959,251959,229053,229053,41495,187558
M,11.0,직영몰,과시즌의류,맨투맨,MT,265361,132680,120619,120619,31570,89049
M,11.0,직영몰,과시즌의류,팬츠,PT,-172887,-172887,-157170,-157170,-31224,-125946
M,11.0,직영몰,당시즌의류,니트풀오버,KP,706289,658644,598766,598766,123228,475538
M,11.0,직영몰,당시즌의류,다운베스트,DV,3441649,3264004,2967276,2967276,648125,2319151
M,11.0,직영몰,당시즌의류,다운점퍼,DJ,33356385,31087269,28261147,28261147,5992851,22268296
M,11.0,직영몰,당시즌의류,맨투맨,MT,1818659,1650155,1500146,1500146,327757,1172389
M,11.0,직영몰,당시즌의류,반팔카라티셔츠,TS,408763,315686,286986,286986,63041,223945
M,11.0,직영몰,당시즌의류,방풍자켓,WJ,253299,228076,207342,207342,49379,157963
M,11.0,직영몰,당시즌의류,스커트,SK,599072,545919,496290,496290,118142,378148
M,11.0,직영몰,당시즌의류,우븐팬츠,WP,3074432,2922359,2656693,2656693,590920,2065773
M,11.0,직영몰,당시즌의류,점퍼,JP,347113,347113,315558,315558,64523,251035
M,11.0,직영몰,당시즌의류,진바지,DP,1199484,1116727,1015206,1015206,218872,796334
M,11.0,직영몰,당시즌의류,트레이닝(상의),TR,745154,716528,651390,651390,137284,514106
M,11.0,직영몰,당시즌의류,패딩,PD,2933711,2850189,2591079,2591079,603067,1988012
M,11.0,직영몰,당시즌의류,팬츠,PT,5967937,5786460,5260425,5260425,1034498,4225927
M,11.0,직영몰,당시즌의류,폴라폴리스점퍼,FD,1094948,1068144,971041,971041,198506,772535
M,11.0,직영몰,당시즌의류,후드티,HD,1794536,1625268,1477522,1477522,324046,1153476
M,11.0,직영몰,차시즌의류,나시,TO,197010,185297,168452,168452,26029,142423
M,11.0,직영몰,차시즌의류,니트가디건,KC,5764226,5563007,5057286,5057286,1492619,3564667
M,11.0,직영몰,차시즌의류,니트풀오버,KP,558866,558866,508061,508061,89616,418445
M,11.0,직영몰,차시즌의류,데님셔츠,DR,506598,506598,460543,460543,88124,372419
M,11.0,직영몰,차시즌의류,맨투맨,MT,23051542,22653836,20594400,20594400,3937124,16657276
M,11.0,직영몰,차시즌의류,반바지,SP,184948,179748,163407,163407,31857,131550
M,11.0,직영몰,차시즌의류,반팔카라티셔츠,TS,25753397,24975555,22704971,22704971,4234594,18470377
M,11.0,직영몰,차시즌의류,반팔티셔츠,RS,1194123,1194123,1085567,1085567,195492,890075
M,11.0,직영몰,차시즌의류,방풍자켓,WJ,20068243,19487773,17716148,17716148,3594621,14121527
M,11.0,직영몰,차시즌의류,스커트,SK,1580103,1568952,1426321,1426321,258248,1168073
M,11.0,직영몰,차시즌의류,우븐셔츠,WS,1358969,1327434,1206756,1206756,271762,934994
M,11.0,직영몰,차시즌의류,우븐팬츠,WP,7903194,7809045,7099144,7099144,1344789,5754355
M,11.0,직영몰,차시즌의류,점퍼,JP,38375456,37585324,34168473,34168473,6791756,27376717
M,11.0,직영몰,차시즌의류,진바지,DP,2185876,2136489,1942256,1942256,365264,1576992
M,11.0,직영몰,차시즌의류,진스커트,DS,639278,639278,581160,581160,99880,481280
M,11.0,직영몰,차시즌의류,진자켓,DK,360515,360515,327741,327741,60989,266752
M,11.0,직영몰,차시즌의류,트레이닝(상의),TR,11535152,11289747,10263419,10263419,1987472,8275947
M,11.0,직영몰,차시즌의류,팬츠,PT,16008760,15798656,14362432,14362432,2756518,11605914
M,11.0,직영몰,차시즌의류,폴로 티셔츠,PQ,1304020,1285391,1168540,1168540,192535,976005
M,11.0,직영몰,차시즌의류,후드티,HD,12421028,12240127,11127407,11127407,2260263,8867144
M,99.0,기타,Acc_etc,기타,ET,111237,55619,50563,50563,20265,30298
M,99.0,기타,Acc_etc,선글라스,GA,199691,99845,90768,90768,35651,55117
M,99.0,기타,Acc_etc,양말,SO,400454,181665,165144,165144,64249,100895
M,99.0,기타,Acc_etc,파우치,PO,91134,45567,41424,41424,15914,25510
M,99.0,기타,Bag,쇼퍼백,OR,426185,213093,193719,193719,67434,126285
M,99.0,기타,Headwear,방한모,WM,198350,99175,90160,90160,29254,60906
M,99.0,기타,Headwear,비니,BN,482474,264811,240736,240736,68813,171923
M,99.0,기타,Headwear,운동모,CP,4795257,2376989,2160896,2160896,780142,1380754
M,99.0,기타,Shoes,런닝화,RN,585670,369039,335496,335496,111411,224085
M,99.0,기타,Shoes,방한화,WB,146082,73041,66401,66401,17534,48867
M,99.0,기타,Shoes,샌들,SD,132680,60309,54828,54828,2150,52678
M,99.0,기타,Shoes,스니커즈,SX,1584123,733146,666495,666495,261325,405170
M,99.0,기타,Shoes,신발,SH,1065464,392211,356555,356555,177835,178720
M,99.0,기타,과시즌의류,맨투맨,MT,119278,54225,49290,49290,1583,47707
M,99.0,기타,당시즌의류,다운점퍼,DJ,774639,551253,501138,501138,130228,370910
M,99.0,기타,당시즌의류,맨투맨,MT,637938,373247,339316,339316,117885,221431
M,99.0,기타,당시즌의류,반팔카라티셔츠,TS,52268,26134,23758,23758,10044,13714
M,99.0,기타,당시즌의류,우븐팬츠,WP,399381,199691,181536,181536,78131,103405
M,99.0,기타,당시즌의류,트레이닝(상의),TR,186289,93144,84677,84677,34410,50267
M,99.0,기타,당시즌의류,팬츠,PT,478454,239227,217479,217479,82191,135288
M,99.0,기타,당시즌의류,후드티,HD,505258,383111,348290,348290,91445,256845
M,99.0,기타,차시즌의류,니트가디건,KC,306907,153454,139503,139503,90381,49122
M,99.0,기타,차시즌의류,맨투맨,MT,398041,199021,180928,180928,68377,112551
M,99.0,기타,차시즌의류,반팔카라티셔츠,TS,1702062,851031,773663,773663,266507,507156
M,99.0,기타,차시즌의류,방풍자켓,WJ,520000,260000,236363,236363,94131,142232
M,99.0,기타,차시즌의류,점퍼,JP,333711,166856,151687,151687,57061,94626
M,99.0,기타,차시즌의류,팬츠,PT,305567,152783,138892,138892,51492,87400
M,99.0,기타,차시즌의류,후드티,HD,505258,252629,229662,229662,93256,136406
ST,1.0,백화점,Acc_etc,양말,SO,80010,74676,67888,45680,18093,27587
ST,1.0,백화점,Headwear,비니,BN,-92474,-92474,-84067,-55485,-21443,-34042
ST,1.0,백화점,Headwear,선캡,SC,79072,71165,64694,43992,15895,28097
ST,1.0,백화점,Headwear,운동모,CP,144742,138175,125613,83980,27823,56157
ST,1.0,백화점,Shoes,신발,SH,345773,311196,282905,189547,77866,111681
ST,1.0,백화점,과시즌의류,트레이닝(상의),TR,412783,412783,375258,247670,55163,192507
ST,1.0,백화점,과시즌의류,팬츠,PT,332371,332371,302156,199423,44417,155006
ST,1.0,백화점,당시즌의류,니트반팔티셔츠,KU,213093,213093,193720,127856,45165,82691
ST,1.0,백화점,당시즌의류,니트풀오버,KP,239897,239897,218088,143938,62574,81364
ST,1.0,백화점,당시즌의류,다운점퍼,DJ,481134,433021,393655,267685,164229,103456
ST,1.0,백화점,당시즌의류,맨투맨,MT,159485,159485,144986,95691,41734,53957
ST,1.0,백화점,당시즌의류,스커트,SK,239897,239897,218088,143938,64665,79273
ST,1.0,백화점,당시즌의류,트레이닝(상의),TR,412783,371505,337731,226829,93466,133363
ST,1.0,백화점,당시즌의류,패딩,PD,333711,333711,303374,200227,124116,76111
ST,1.0,백화점,당시즌의류,팬츠,PT,199691,179722,163383,111100,41265,69835
ST,1.0,백화점,당시즌의류,폴로 티셔츠,PQ,159485,159485,144986,95691,27890,67801
ST,1.0,백화점,당시즌의류,후드티,HD,199691,179722,163383,111100,45956,65144
ST,1.0,백화점,차시즌의류,트레이닝(상의),TR,0,0,0,0,0,0
ST,1.0,백화점,차시즌의류,팬츠,PT,146082,131474,119522,81275,40983,40292
ST,2.0,면세점,Acc_etc,양말,SO,317361,317361,288514,164451,60403,104048
ST,2.0,면세점,Acc_etc,헤드밴드,HB,77732,77732,70664,40279,16833,23446
ST,2.0,면세점,Bag,보스톤백,BW,479794,479794,436175,248619,108557,140062
ST,2.0,면세점,Headwear,선캡,SC,184948,184948,168134,95835,36722,59113
ST,2.0,면세점,Headwear,운동모,CP,302887,302887,275355,156952,54788,102164
ST,2.0,면세점,Shoes,신발,SH,2295773,875422,795842,453629,199886,253743
ST,2.0,면세점,과시즌의류,긴팔티셔츠,RL,159485,95691,86991,49585,21313,28272
ST,2.0,면세점,과시즌의류,맨투맨,MT,239897,143938,130854,74586,32059,42527
ST,2.0,면세점,과시즌의류,반바지,SP,159485,111639,101490,57849,37285,20564
ST,2.0,면세점,과시즌의류,반팔티셔츠,RS,331031,259464,235875,134448,83347,51101
ST,2.0,면세점,과시즌의류,방풍자켓,WJ,479794,335856,305323,174034,117590,56444
ST,2.0,면세점,과시즌의류,스커트,SK,0,0,0,0,0,0
ST,2.0,면세점,과시즌의류,슬리브리스,SL,265361,185753,168866,96254,77920,18334
ST,2.0,면세점,과시즌의류,트레이닝(상의),TR,226495,226495,205905,117366,30269,87097
ST,2.0,면세점,과시즌의류,팬츠,PT,505258,505258,459323,261815,67521,194294
ST,2.0,면세점,과시즌의류,폴로 티셔츠,PQ,849691,576155,523777,298552,173860,124692
ST,2.0,면세점,당시즌의류,니트가디건,KC,239897,239897,218088,124309,59559,64750
ST,2.0,면세점,당시즌의류,니트풀오버,KP,479794,479794,436175,248619,140534,108085
ST,2.0,면세점,당시즌의류,다운점퍼,DJ,400722,400722,364292,207646,133846,73800
ST,2.0,면세점,당시즌의류,맨투맨,MT,1064123,1064123,967382,551409,231306,320103
ST,2.0,면세점,당시즌의류,반바지,SP,292165,292165,265605,151395,107431,43964
ST,2.0,면세점,당시즌의류,스커트,SK,2289072,2289072,2080965,1186151,500902,685249
ST,2.0,면세점,당시즌의류,윈드티셔츠,WT,0,0,0,0,0,0
ST,2.0,면세점,당시즌의류,트레이닝(상의),TR,172887,172887,157169,89586,38383,51203
ST,2.0,면세점,당시즌의류,팬츠,PT,584330,584330,531209,302790,145439,157351
ST,2.0,면세점,당시즌의류,폴로 티셔츠,PQ,797423,797423,724931,413212,147329,265883
ST,2.0,면세점,차시즌의류,니트베스트,KV,186289,186289,169352,96531,50995,45536
ST,2.0,면세점,차시즌의류,레깅스,LG,146082,146082,132802,75698,44254,31444
ST,2.0,면세점,차시즌의류,맨투맨,MT,2951133,2951133,2682838,1529218,605505,923713
ST,2.0,면세점,차시즌의류,반바지,SP,1312062,1312062,1192782,679884,334422,345462
ST,2.0,면세점,차시즌의류,반팔티셔츠,RS,92474,92474,84067,47918,22797,25121
ST,2.0,면세점,차시즌의류,스커트,SK,3308968,3308968,3008144,1714642,875208,839434
ST,2.0,면세점,차시즌의류,점퍼,JP,347113,347113,315557,179868,125376,54492
ST,2.0,면세점,차시즌의류,트레이닝(상의),TR,1358969,1358969,1235431,704195,347221,356974
ST,2.0,면세점,차시즌의류,팬츠,PT,1010515,1010515,918645,523628,220625,303003
ST,2.0,면세점,차시즌의류,폴로 티셔츠,PQ,1435361,1435361,1304875,743782,305567,438215
ST,3.0,직영점(가두),Acc_etc,양말,SO,179588,176237,160212,160212,32004,128208
ST,3.0,직영점(가두),Acc_etc,헤드밴드,HB,77732,77732,70664,70664,16619,54045
ST,3.0,직영점(가두),Bag,백팩,BK,692886,692886,629895,629895,167271,462624
ST,3.0,직영점(가두),Bag,보스톤백,BW,0,0,0,0,0,0
ST,3.0,직영점(가두),Bag,토드백,TG,92474,92474,84067,84067,26281,57786
ST,3.0,직영점(가두),Headwear,선캡,SC,79072,71165,64694,64694,15895,48799
ST,3.0,직영점(가두),Headwear,운동모,CP,158144,158144,143767,143767,29123,114644
ST,3.0,직영점(가두),Shoes,신발,SH,439588,353144,321040,321040,109696,211344
ST,3.0,직영점(가두),과시즌의류,긴팔티셔츠,RL,0,0,0,0,0,0
ST,3.0,직영점(가두),과시즌의류,반바지,SP,186289,186289,169352,169352,42029,127323
ST,3.0,직영점(가두),과시즌의류,반팔티셔츠,RS,369897,360649,327861,327861,89888,237973
ST,3.0,직영점(가두),과시즌의류,트레이닝(상의),TR,-213093,-213093,-193720,-193720,-28478,-165242
ST,3.0,직영점(가두),과시즌의류,팬츠,PT,385979,385979,350889,350889,68775,282114
ST,3.0,직영점(가두),당시즌의류,니트가디건,KC,1066804,1042814,948011,948011,269368,678643
ST,3.0,직영점(가두),당시즌의류,니트반팔티셔츠,KU,213093,213093,193720,193720,45165,148555
ST,3.0,직영점(가두),당시즌의류,니트풀오버,KP,452990,452990,411808,411808,129102,282706
ST,3.0,직영점(가두),당시즌의류,다운점퍼,DJ,881855,841783,765256,765256,298075,467181
ST,3.0,직영점(가두),당시즌의류,맨투맨,MT,2262268,2226350,2023945,2023945,491882,1532063
ST,3.0,직영점(가두),당시즌의류,반팔티셔츠,RS,146082,146082,132801,132801,40474,92327
ST,3.0,직영점(가두),당시즌의류,방풍자켓,WJ,640618,608588,553260,553260,233812,319448
ST,3.0,직영점(가두),당시즌의류,스커트,SK,239897,215907,196279,196279,64665,131614
ST,3.0,직영점(가두),당시즌의류,트레이닝(상의),TR,452990,452990,411808,411808,101882,309926
ST,3.0,직영점(가두),당시즌의류,패딩,PD,667423,667423,606746,606746,248233,358513
ST,3.0,직영점(가두),당시즌의류,팬츠,PT,491856,477247,433858,433858,118916,314942
ST,3.0,직영점(가두),당시즌의류,폴로 티셔츠,PQ,0,0,0,0,0,0
ST,3.0,직영점(가두),차시즌의류,니트가디건,KC,239897,239897,218088,218088,56637,161451
ST,3.0,직영점(가두),차시즌의류,니트베스트,KV,558866,558866,508057,508057,152985,355072
ST,3.0,직영점(가두),차시즌의류,니트풀오버,KP,239897,239897,218088,218088,64075,154013
ST,3.0,직영점(가두),차시즌의류,맨투맨,MT,2857319,2818158,2561950,2561950,626774,1935176
ST,3.0,직영점(가두),차시즌의류,반바지,SP,1471546,1450344,1318499,1318499,396741,921758
ST,3.0,직영점(가두),차시즌의류,반팔티셔츠,RS,1017216,1011561,919596,919596,274327,645269
ST,3.0,직영점(가두),차시즌의류,방풍자켓,WJ,1933917,1908587,1735076,1735076,579679,1155397
ST,3.0,직영점(가두),차시즌의류,스커트,SK,3908040,3734390,3394889,3394889,1045615,2349274
ST,3.0,직영점(가두),차시즌의류,우븐셔츠,WS,426185,415584,377797,377797,120056,257741
ST,3.0,직영점(가두),차시즌의류,점퍼,JP,1735567,1735567,1577784,1577784,628650,949134
ST,3.0,직영점(가두),차시즌의류,트레이닝(상의),TR,2491443,2432286,2211168,2211168,636571,1574597
ST,3.0,직영점(가두),차시즌의류,팬츠,PT,1635051,1459230,1326560,1326560,409982,916578
ST,3.0,직영점(가두),차시즌의류,폴로 티셔츠,PQ,3177628,3139245,2853847,2853847,643312,2210535
ST,3.0,직영점(가두),차시즌의류,후드티,HD,482474,321649,292406,292406,116397,176009
ST,4.0,자사몰,Acc_etc,기타소품류,AC,33371,30007,27280,27280,7693,19587
ST,4.0,자사몰,Acc_etc,보호대,PR,254639,235622,214201,214201,32647,181554
ST,4.0,자사몰,Acc_etc,양말,SO,1146948,1090311,991192,991192,251878,739314
ST,4.0,자사몰,Acc_etc,헤드밴드,HB,116598,116370,105792,105792,25035,80757
ST,4.0,자사몰,Bag,라켓백,RB,0,-34711,-31556,-31556,0,-31556
ST,4.0,자사몰,Bag,백팩,BK,1119072,1094613,995102,995102,273657,721445
ST,4.0,자사몰,Bag,보스톤백,BW,2348041,2133072,1939153,1939153,540384,1398769
ST,4.0,자사몰,Bag,크로스백,CR,211753,208281,189347,189347,60979,128368
ST,4.0,자사몰,Bag,토드백,TG,359175,328498,298634,298634,95302,203332
ST,4.0,자사몰,Headwear,비니,BN,79072,79072,71883,71883,15895,55988
ST,4.0,자사몰,Headwear,선캡,SC,2176494,1930486,1754985,1754985,446758,1308227
ST,4.0,자사몰,Headwear,운동모,CP,2268969,2072159,1883783,1883783,444426,1439357
ST,4.0,자사몰,Shoes,신발,SH,3200412,2888760,2626144,2626144,841381,1784763
ST,4.0,자사몰,과시즌의류,긴팔티셔츠,RL,119278,119278,108435,108435,15940,92495
ST,4.0,자사몰,과시즌의류,니트가디건,KC,-1202165,-670666,-609696,-609696,-160653,-449043
ST,4.0,자사몰,과시즌의류,다운점퍼,DJ,1123093,723537,657761,657761,150087,507674
ST,4.0,자사몰,과시즌의류,레깅스,LG,119278,107833,98029,98029,15940,82089
ST,4.0,자사몰,과시즌의류,맨투맨,MT,399381,305393,277629,277629,53372,224257
ST,4.0,자사몰,과시즌의류,방풍자켓,WJ,533402,533402,484911,484911,71283,413628
ST,4.0,자사몰,과시즌의류,브라,BR,238557,201835,183486,183486,66179,117307
ST,4.0,자사몰,과시즌의류,스커트,SK,372577,283320,257563,257563,82557,175006
ST,4.0,자사몰,과시즌의류,트레이닝(상의),TR,879175,723899,658089,658089,117490,540599
ST,4.0,자사몰,과시즌의류,팬츠,PT,2673711,2131061,1937324,1937324,357306,1580018
ST,4.0,자사몰,당시즌의류,긴팔티셔츠,RL,530722,491856,447141,447141,127212,319929
ST,4.0,자사몰,당시즌의류,니트가디건,KC,1387113,1323051,1202774,1202774,348735,854039
ST,4.0,자사몰,당시즌의류,니트풀오버,KP,479794,429134,390122,390122,155920,234202
ST,4.0,자사몰,당시즌의류,다운점퍼,DJ,400722,341846,310770,310770,133846,176924
ST,4.0,자사몰,당시즌의류,맨투맨,MT,5293813,4796610,4360554,4360554,1235924,3124630
ST,4.0,자사몰,당시즌의류,반바지,SP,650000,638032,580029,580029,224887,355142
ST,4.0,자사몰,당시즌의류,반팔티셔츠,RS,627216,549525,499568,499568,119252,380316
ST,4.0,자사몰,당시즌의류,방풍자켓,WJ,400722,400722,364292,364292,106037,258255
ST,4.0,자사몰,당시즌의류,스커트,SK,1731546,1705693,1550630,1550630,342208,1208422
ST,4.0,자사몰,당시즌의류,원피스,OP,186289,185243,168404,168404,37311,131093
ST,4.0,자사몰,당시즌의류,윈드티셔츠,WT,639278,658323,598476,598476,223426,375050
ST,4.0,자사몰,당시즌의류,트레이닝(상의),TR,692886,609030,553663,553663,156965,396698
ST,4.0,자사몰,당시즌의류,팬츠,PT,1900412,1714968,1559064,1559064,497900,1061164
ST,4.0,자사몰,당시즌의류,폴로 티셔츠,PQ,399381,398189,361990,361990,103129,258861
ST,4.0,자사몰,차시즌의류,긴팔티셔츠,RL,530722,511677,465160,465160,90866,374294
ST,4.0,자사몰,차시즌의류,레깅스,LG,876495,807662,734239,734239,265522,468717
ST,4.0,자사몰,차시즌의류,맨투맨,MT,9338555,8554642,7776955,7776955,1961780,5815175
ST,4.0,자사몰,차시즌의류,반바지,SP,4969484,4499875,4090792,4090792,1200181,2890611
ST,4.0,자사몰,차시즌의류,반팔티셔츠,RS,1849484,1773669,1612425,1612425,463939,1148486
ST,4.0,자사몰,차시즌의류,방풍자켓,WJ,2188556,2050354,1863956,1863956,623906,1240050
ST,4.0,자사몰,차시즌의류,스커트,SK,9288967,8710829,7918930,7918930,2563090,5355840
ST,4.0,자사몰,차시즌의류,점퍼,JP,694227,624804,568003,568003,251195,316808
ST,4.0,자사몰,차시즌의류,트레이닝(상의),TR,2890824,2579333,2344851,2344851,755367,1589484
ST,4.0,자사몰,차시즌의류,팬츠,PT,4864947,4392404,3993094,3993094,1267299,2725795
ST,4.0,자사몰,차시즌의류,폴로 티셔츠,PQ,1887010,1752467,1593154,1593154,397277,1195877
ST,4.0,자사몰,차시즌의류,후드티,HD,715670,645644,586950,586950,236774,350176
ST,5.0,제휴몰,Acc_etc,보호대,PR,67010,67010,60918,60918,8845,52073
ST,5.0,제휴몰,Acc_etc,양말,SO,1367278,1128051,1025485,1025485,227554,797931
ST,5.0,제휴몰,Acc_etc,헤드밴드,HB,485155,227165,206512,206512,48704,157808
ST,5.0,제휴몰,Bag,라켓백,RB,213093,130536,118669,118669,-18410,137079
ST,5.0,제휴몰,Bag,백팩,BK,3559587,2919505,2654086,2654086,965860,1688226
ST,5.0,제휴몰,Bag,보스톤백,BW,1655154,1516309,1378463,1378463,395910,982553
ST,5.0,제휴몰,Bag,크로스백,CR,132680,79608,72371,72371,34336,38035
ST,5.0,제휴몰,Bag,토드백,TG,1494330,827175,751975,751975,250919,501056
ST,5.0,제휴몰,Headwear,선캡,SC,948866,948866,862599,862599,191100,671499
ST,5.0,제휴몰,Headwear,운동모,CP,1647113,1610123,1463738,1463738,298839,1164899
ST,5.0,제휴몰,Headwear,햇,HT,607113,182134,165574,165574,38638,126936
ST,5.0,제휴몰,Shoes,신발,SH,47072052,14628347,13298469,13298469,3465640,9832829
ST,5.0,제휴몰,과시즌의류,긴팔티셔츠,RL,1659175,873278,793890,793890,197327,596563
ST,5.0,제휴몰,과시즌의류,니트가디건,KC,454330,272598,247816,247816,60715,187101
ST,5.0,제휴몰,과시즌의류,니트반팔티셔츠,KU,826907,384103,349183,349183,97726,251457
ST,5.0,제휴몰,과시즌의류,니트베스트,KV,0,0,0,0,0,0
ST,5.0,제휴몰,과시즌의류,니트풀오버,KP,1442062,576825,524385,524385,104879,419506
ST,5.0,제휴몰,과시즌의류,다운베스트,DV,494536,197814,179832,179832,35967,143865
ST,5.0,제휴몰,과시즌의류,다운점퍼,DJ,4866288,2427783,2207073,2207073,451627,1755446
ST,5.0,제휴몰,과시즌의류,레깅스,LG,1326804,597196,542903,542903,148081,394822
ST,5.0,제휴몰,과시즌의류,맨투맨,MT,20671336,9877720,8979744,8979744,2165377,6814367
ST,5.0,제휴몰,과시즌의류,반바지,SP,4578143,2665670,2423330,2423330,926384,1496946
ST,5.0,제휴몰,과시즌의류,반팔카라티셔츠,TS,266701,80010,72737,72737,16972,55765
ST,5.0,제휴몰,과시즌의류,반팔티셔츠,RS,9869276,4652927,4229923,4229923,1132016,3097907
ST,5.0,제휴몰,과시즌의류,방풍자켓,WJ,9207215,4615133,4195570,4195570,1168182,3027388
ST,5.0,제휴몰,과시즌의류,브라,BR,635258,190577,173248,173248,40429,132819
ST,5.0,제휴몰,과시즌의류,스커트,SK,9239380,5111947,4647212,4647212,1463067,3184145
ST,5.0,제휴몰,과시즌의류,슬리브리스,SL,211753,117804,107095,107095,37252,69843
ST,5.0,제휴몰,과시즌의류,원피스,OP,4789896,2208123,2007383,2007383,572787,1434596
ST,5.0,제휴몰,과시즌의류,윈드티셔츠,WT,639278,404876,368069,368069,193566,174503
ST,5.0,제휴몰,과시즌의류,점퍼,JP,3634638,1491247,1355680,1355680,298334,1057346
ST,5.0,제휴몰,과시즌의류,트레이닝(상의),TR,8858761,4181710,3801552,3801552,1033313,2768239
ST,5.0,제휴몰,과시즌의류,트레이닝(하의),TP,8047936,3219175,2926515,2926515,585308,2341207
ST,5.0,제휴몰,과시즌의류,패딩,PD,1440721,864433,785848,785848,192535,593313
ST,5.0,제휴몰,과시즌의류,팬츠,PT,18933089,9628441,8753095,8753095,2212546,6540549
ST,5.0,제휴몰,과시즌의류,폴라폴리스점퍼,FD,320309,128124,116476,116476,23295,93181
ST,5.0,제휴몰,과시즌의류,폴로 티셔츠,PQ,11304637,5732731,5211569,5211569,1425111,3786458
ST,5.0,제휴몰,과시즌의류,후드티,HD,2782267,1427051,1297317,1297317,319128,978189
ST,5.0,제휴몰,당시즌의류,니트가디건,KC,320309,320309,291189,291189,79367,211822
ST,5.0,제휴몰,당시즌의류,니트베스트,KV,186289,186289,169354,169354,42163,127191
ST,5.0,제휴몰,당시즌의류,맨투맨,MT,1690000,1690000,1536360,1536360,371961,1164399
ST,5.0,제휴몰,당시즌의류,반팔티셔츠,RS,156804,156804,142551,142551,29860,112691
ST,5.0,제휴몰,당시즌의류,스커트,SK,612474,612474,556795,556795,142129,414666
ST,5.0,제휴몰,당시즌의류,트레이닝(상의),TR,345773,345773,314340,314340,76767,237573
ST,5.0,제휴몰,당시즌의류,팬츠,PT,985051,985051,895499,895499,252240,643259
ST,5.0,제휴몰,당시즌의류,폴로 티셔츠,PQ,918041,918041,834584,834584,230824,603760
ST,5.0,제휴몰,차시즌의류,레깅스,LG,146082,146082,132802,132802,44254,88548
ST,5.0,제휴몰,차시즌의류,맨투맨,MT,2484742,2484742,2258850,2258850,505673,1753177
ST,5.0,제휴몰,차시즌의류,반바지,SP,1192783,1192783,1084347,1084347,272169,812178
ST,5.0,제휴몰,차시즌의류,반팔티셔츠,RS,462371,462371,420335,420335,112256,308079
ST,5.0,제휴몰,차시즌의류,스커트,SK,3895979,3895979,3541790,3541790,1125089,2416701
ST,5.0,제휴몰,차시즌의류,점퍼,JP,347113,347113,315558,315558,125376,190182
ST,5.0,제휴몰,차시즌의류,트레이닝(상의),TR,452990,452990,411808,411808,115740,296068
ST,5.0,제휴몰,차시즌의류,팬츠,PT,997113,997113,906466,906466,254492,651974
ST,5.0,제휴몰,차시즌의류,폴로 티셔츠,PQ,318969,318969,289972,289972,63660,226312
ST,7.0,아울렛,Acc_etc,보호대,PR,33505,30155,27413,27413,4423,22990
ST,7.0,아울렛,Acc_etc,양말,SO,738319,653739,594308,594308,133581,460727
ST,7.0,아울렛,Acc_etc,헤드밴드,HB,72371,44026,40023,40023,10549,29474
ST,7.0,아울렛,Bag,라켓백,RB,186289,167660,152418,152418,51531,100887
ST,7.0,아울렛,Bag,백팩,BK,213093,191783,174347,174347,40260,134087
ST,7.0,아울렛,Bag,보스톤백,BW,347113,187441,170400,170400,89325,81075
ST,7.0,아울렛,Bag,토드백,TG,412783,275493,250447,250447,99135,151312
ST,7.0,아울렛,Headwear,선캡,SC,859072,666967,606333,606333,143933,462400
ST,7.0,아울렛,Headwear,운동모,CP,1263814,978176,889248,889248,225677,663571
ST,7.0,아울렛,Shoes,신발,SH,2187216,1138089,1034622,1034622,423871,610751
ST,7.0,아울렛,과시즌의류,긴팔티셔츠,RL,1365670,956210,869280,869280,212262,657018
ST,7.0,아울렛,과시즌의류,니트가디건,KC,1869587,947097,860998,860998,244482,616516
ST,7.0,아울렛,과시즌의류,니트반팔티셔츠,KU,2240824,825393,750354,750354,189189,561165
ST,7.0,아울렛,과시즌의류,니트베스트,KV,239897,86363,78512,78512,28352,50160
ST,7.0,아울렛,과시즌의류,니트풀오버,KP,2535670,1369262,1244781,1244781,338860,905921
ST,7.0,아울렛,과시즌의류,다운베스트,DV,2644226,1014402,922180,922180,213452,708728
ST,7.0,아울렛,과시즌의류,다운점퍼,DJ,44249579,20046344,18223918,18223918,4160908,14063010
ST,7.0,아울렛,과시즌의류,레깅스,LG,211753,114346,103950,103950,58540,45410
ST,7.0,아울렛,과시즌의류,맨투맨,MT,21098862,9530459,8664024,8664024,2541743,6122281
ST,7.0,아울렛,과시즌의류,반바지,SP,5292473,2706948,2460859,2460859,932184,1528675
ST,7.0,아울렛,과시즌의류,반팔티셔츠,RS,19481233,7953720,7230613,7230613,2072072,5158541
ST,7.0,아울렛,과시즌의류,방풍자켓,WJ,14530512,7374027,6703658,6703658,2537216,4166442
ST,7.0,아울렛,과시즌의류,브라,BR,357835,193231,175663,175663,63128,112535
ST,7.0,아울렛,과시즌의류,스커트,SK,8759586,5247951,4770858,4770858,1752485,3018373
ST,7.0,아울렛,과시즌의류,슬리브리스,SL,398041,214942,195402,195402,105501,89901
ST,7.0,아울렛,과시즌의류,원피스,OP,2002268,744819,677104,677104,199699,477405
ST,7.0,아울렛,과시즌의류,점퍼,JP,1990206,851084,773710,773710,212728,560982
ST,7.0,아울렛,과시즌의류,트레이닝(상의),TR,10256596,5333510,4848640,4848640,1714704,3133936
ST,7.0,아울렛,과시즌의류,트레이닝(하의),TP,691546,248957,226323,226323,50295,176028
ST,7.0,아울렛,과시즌의류,패딩,PD,9448452,5102164,4638321,4638321,1262659,3375662
ST,7.0,아울렛,과시즌의류,팬츠,PT,21655047,10742702,9766067,9766067,3162693,6603374
ST,7.0,아울렛,과시즌의류,폴로 티셔츠,PQ,33466282,13879199,12617461,12617461,3837170,8780291
ST,7.0,아울렛,과시즌의류,후드티,HD,2315876,1172452,1065866,1065866,313937,751929
ST,7.0,아울렛,당시즌의류,맨투맨,MT,239897,215907,196279,196279,46894,149385
ST,7.0,아울렛,당시즌의류,스커트,SK,372577,335320,304835,304835,77464,227371
ST,7.0,아울렛,당시즌의류,폴로 티셔츠,PQ,159485,143536,130486,130486,27890,102596
ST,11.0,직영몰,Acc_etc,보호대,PR,67010,43557,39596,39596,6555,33041
ST,11.0,직영몰,Acc_etc,양말,SO,644103,586193,532909,532909,129812,403097
ST,11.0,직영몰,Acc_etc,헤드밴드,HB,116598,104938,95397,95397,25035,70362
ST,11.0,직영몰,Bag,라켓백,RB,825567,743010,675464,675464,224056,451408
ST,11.0,직영몰,Bag,백팩,BK,1613608,1452247,1320227,1320227,409084,911143
ST,11.0,직영몰,Bag,보스톤백,BW,2346701,1809144,1644679,1644679,548908,1095771
ST,11.0,직영몰,Bag,토드백,TG,821546,668642,607858,607858,224498,383360
ST,11.0,직영몰,Headwear,비니,BN,79072,71165,64696,64696,15895,48801
ST,11.0,직영몰,Headwear,선캡,SC,659381,593577,539619,539619,133511,406108
ST,11.0,직영몰,Headwear,운동모,CP,1996907,1792030,1629123,1629123,385887,1243236
ST,11.0,직영몰,Shoes,신발,SH,3491236,2902591,2638711,2638711,1002084,1636627
ST,11.0,직영몰,과시즌의류,긴팔티셔츠,RL,26804,32031,29119,29119,24204,4915
ST,11.0,직영몰,과시즌의류,니트가디건,KC,1282577,769546,699587,699587,171400,528187
ST,11.0,직영몰,과시즌의류,다운베스트,DV,707629,352474,320431,320431,72607,247824
ST,11.0,직영몰,과시즌의류,다운점퍼,DJ,5012370,2341474,2128616,2128616,432865,1695751
ST,11.0,직영몰,과시즌의류,맨투맨,MT,1132474,469072,426431,426431,87259,339172
ST,11.0,직영몰,과시즌의류,반바지,SP,863093,605639,550579,550579,207597,342982
ST,11.0,직영몰,과시즌의류,반팔티셔츠,RS,979691,741268,673880,673880,199932,473948
ST,11.0,직영몰,과시즌의류,방풍자켓,WJ,2817113,1531185,1391987,1391987,412109,979878
ST,11.0,직영몰,과시즌의류,스커트,SK,1597525,1267299,1152089,1152089,395522,756567
ST,11.0,직영몰,과시즌의류,원피스,OP,560206,344165,312878,312878,109368,203510
ST,11.0,직영몰,과시즌의류,트레이닝(상의),TR,1038660,878987,799079,799079,138804,660275
ST,11.0,직영몰,과시즌의류,패딩,PD,239897,143938,130852,130852,32059,98793
ST,11.0,직영몰,과시즌의류,팬츠,PT,2487422,2007829,1825296,1825296,345898,1479398
ST,11.0,직영몰,과시즌의류,폴로 티셔츠,PQ,4866288,2958505,2689556,2689556,891354,1798202
ST,11.0,직영몰,당시즌의류,니트가디건,KC,320309,288278,262071,262071,79367,182704
ST,11.0,직영몰,당시즌의류,니트풀오버,KP,479794,431814,392560,392560,140534,252026
ST,11.0,직영몰,당시즌의류,다운점퍼,DJ,-2486082,-2622381,-2383988,-2383988,-906328,-1477660
ST,11.0,직영몰,당시즌의류,맨투맨,MT,1143196,1004886,913534,913534,269690,643844
ST,11.0,직영몰,당시즌의류,반바지,SP,159485,143536,130488,130488,48395,82093
ST,11.0,직영몰,당시즌의류,방풍자켓,WJ,707629,677059,615507,615507,207879,407628
ST,11.0,직영몰,당시즌의류,스커트,SK,2901546,2587536,2352304,2352304,637750,1714554
ST,11.0,직영몰,당시즌의류,트레이닝(상의),TR,-67010,-60309,-54828,-54828,-16699,-38129
ST,11.0,직영몰,당시즌의류,팬츠,PT,292165,248340,225764,225764,67265,158499
ST,11.0,직영몰,당시즌의류,폴로 티셔츠,PQ,2965876,2707993,2461816,2461816,613385,1848431
ST,11.0,직영몰,당시즌의류,후드티,HD,-199691,-199691,-181538,-181538,-45956,-135582
ST,11.0,직영몰,차시즌의류,긴팔티셔츠,RL,132680,119640,108764,108764,22716,86048
ST,11.0,직영몰,차시즌의류,니트풀오버,KP,479794,431814,392560,392560,128150,264410
ST,11.0,직영몰,차시즌의류,맨투맨,MT,5622164,5077960,4616325,4616325,1190666,3425659
ST,11.0,직영몰,차시즌의류,반바지,SP,2612061,2352946,2139040,2139040,722612,1416428
ST,11.0,직영몰,차시즌의류,반팔티셔츠,RS,1479587,1332124,1211030,1211030,373247,837783
ST,11.0,직영몰,차시즌의류,방풍자켓,WJ,573608,516247,469315,469315,160704,308611
ST,11.0,직영몰,차시즌의류,스커트,SK,9270204,8353209,7593817,7593817,2538765,5055052
ST,11.0,직영몰,차시즌의류,점퍼,JP,-347113,-347113,-315558,-315558,-125819,-189739
ST,11.0,직영몰,차시즌의류,트레이닝(상의),TR,3769999,2763062,2511877,2511877,984797,1527080
ST,11.0,직영몰,차시즌의류,팬츠,PT,1794536,1615082,1468253,1468253,412797,1055456
ST,11.0,직영몰,차시즌의류,폴로 티셔츠,PQ,5662370,5146511,4678656,4678656,1165349,3513307
ST,11.0,직영몰,차시즌의류,후드티,HD,2285051,2058958,1871781,1871781,604701,1267080
ST,99.0,기타,Shoes,신발,SH,293505,80050,72771,72771,18678,54093
ST,99.0,기타,과시즌의류,스커트,SK,186289,169348,153959,153959,41278,112681
ST,99.0,기타,당시즌의류,폴로 티셔츠,PQ,372577,338697,307918,307918,78549,229369
V,1.0,백화점,Acc_etc,머플러(스카프),MF,1232989,1140515,1036833,752124,224023,528101
V,1.0,백화점,Acc_etc,양말,SO,140722,84433,76756,56802,22072,34730
V,1.0,백화점,Acc_etc,장갑,AG,201031,201031,182756,131584,18594,112990
V,1.0,백화점,Acc_etc,토시,ML,201031,180928,164481,118426,35617,82809
V,1.0,백화점,Bag,백팩,BK,3390721,3031546,2755947,2035014,805978,1229036
V,1.0,백화점,Bag,크로스백,CR,294845,250619,227835,164041,61032,103009
V,1.0,백화점,Bag,토드백,TG,17757728,16020821,14564385,10750338,3326265,7424073
V,1.0,백화점,Headwear,방한모,WM,603093,542783,493440,361856,98252,263604
V,1.0,백화점,Headwear,비니,BN,2439175,1847876,1679888,1265444,584318,681126
V,1.0,백화점,Headwear,운동모,CP,1005154,877835,798032,580737,168847,411890
V,1.0,백화점,Headwear,햇,HT,4047422,3556370,3233066,2400791,482659,1918132
V,1.0,백화점,Shoes,방한화,WB,8691235,7803201,7093830,5262848,2127009,3135839
V,1.0,백화점,과시즌의류,긴팔카라티셔츠,TL,308247,215773,196158,145156,45535,99621
V,1.0,백화점,과시즌의류,니트풀오버,KP,1648453,1103123,1002839,771752,316000,455752
V,1.0,백화점,과시즌의류,다운베스트,DV,1581443,568113,516467,444162,147250,296912
V,1.0,백화점,과시즌의류,다운점퍼,DJ,35515457,18655264,16959330,13784016,5049807,8734209
V,1.0,백화점,과시즌의류,반팔다운,DH,-1058763,-667020,-606383,-521489,-195350,-326139
V,1.0,백화점,과시즌의류,반팔티셔츠,RS,254639,178247,162043,123153,36195,86958
V,1.0,백화점,과시즌의류,소프트쉘,SS,1594845,1076051,978228,719855,455092,264763
V,1.0,백화점,과시즌의류,팬츠,PT,2157732,1470755,1337038,1006196,610747,395449
V,1.0,백화점,과시즌의류,후드티,HD,442268,199021,180928,155598,66661,88937
V,1.0,백화점,당시즌의류,긴팔티셔츠,RL,0,0,0,0,0,0
V,1.0,백화점,당시즌의류,니트가디건,KC,2613402,2352061,2138238,1565188,416946,1148242
V,1.0,백화점,당시즌의류,니트베스트,KV,656701,591031,537301,397603,162139,235464
V,1.0,백화점,당시즌의류,니트풀오버,KP,8644328,7821442,7110398,5339218,2167432,3171786
V,1.0,백화점,당시즌의류,다운베스트,DV,6741236,6067112,5515558,4032827,1484232,2548595
V,1.0,백화점,당시즌의류,다운점퍼,DJ,763488502,686185560,623805044,458241934,142531967,315709967
V,1.0,백화점,당시즌의류,맨투맨,MT,1809278,1621649,1474225,1112139,391863,720276
V,1.0,백화점,당시즌의류,반바지,SP,603093,542783,493440,360211,145243,214968
V,1.0,백화점,당시즌의류,반팔다운,DH,24029892,21480820,19528016,14364872,3800163,10564709
V,1.0,백화점,당시즌의류,방풍자켓,WJ,3712370,3341133,3037396,2399762,693476,1706286
V,1.0,백화점,당시즌의류,베스트,VT,710309,639278,581162,418436,184146,234290
V,1.0,백화점,당시즌의류,스커트,SK,442268,398041,361856,264155,94042,170113
V,1.0,백화점,당시즌의류,집업티,ZT,1554639,1371031,1246393,937463,366369,571094
V,1.0,백화점,당시즌의류,팬츠,PT,36520611,32933242,29939311,22174731,9679821,12494910
V,1.0,백화점,당시즌의류,후드티,HD,11257730,10131957,9210864,6742025,2827270,3914755
V,1.0,백화점,차시즌의류,니트가디건,KC,3538144,3184329,2894845,2124092,699373,1424719
V,1.0,백화점,차시즌의류,니트풀오버,KP,670103,604071,549156,403634,160720,242914
V,1.0,백화점,차시즌의류,다운점퍼,DJ,159229864,143572238,130520213,96008382,32315015,63693367
V,1.0,백화점,차시즌의류,반바지,SP,469072,422165,383787,276326,94856,181470
V,1.0,백화점,차시즌의류,반팔다운,DH,110339153,99305237,90277484,66513448,17689955,48823493
V,1.0,백화점,차시즌의류,반팔티셔츠,RS,804124,723711,657920,481926,129098,352828
V,1.0,백화점,차시즌의류,방풍자켓,WJ,67787615,61020915,55473556,40832880,12357173,28475707
V,1.0,백화점,차시즌의류,스커트,SK,1407216,1266495,1151360,859682,379908,479774
V,1.0,백화점,차시즌의류,패딩,PD,22542263,20288037,18443667,13470347,3307796,10162551
V,1.0,백화점,차시즌의류,팬츠,PT,15573193,14183399,12893999,9492767,3739980,5752787
V,1.0,백화점,차시즌의류,후드티,HD,2331958,2137628,1943300,1431682,578663,853019
V,3.0,직영점(가두),Bag,토드백,TG,830928,830928,755388,755388,165125,590263
V,3.0,직영점(가두),Headwear,햇,HT,254639,254639,231490,231490,26649,204841
V,3.0,직영점(가두),Shoes,방한화,WB,1901752,1901752,1728859,1728859,503104,1225755
V,3.0,직영점(가두),당시즌의류,니트풀오버,KP,522680,522680,475163,475163,157768,317395
V,3.0,직영점(가두),당시즌의류,다운점퍼,DJ,15814430,15814430,14376748,14376748,3002616,11374132
V,3.0,직영점(가두),당시즌의류,맨투맨,MT,522680,522680,475163,475163,104693,370470
V,3.0,직영점(가두),당시즌의류,반팔다운,DH,1326804,1326804,1206185,1206185,249229,956956
V,3.0,직영점(가두),당시즌의류,팬츠,PT,2238144,2238144,2034675,2034675,604292,1430383
V,3.0,직영점(가두),당시즌의류,후드티,HD,1728866,1728866,1571693,1571693,421831,1149862
V,3.0,직영점(가두),차시즌의류,다운점퍼,DJ,1192783,1192783,1084347,1084347,289538,794809
V,3.0,직영점(가두),차시즌의류,방풍자켓,WJ,3042267,3042267,2765694,2765694,573327,2192367
V,3.0,직영점(가두),차시즌의류,팬츠,PT,1219587,1219587,1108715,1108715,262132,846583
V,4.0,자사몰,Acc_etc,머플러(스카프),MF,-442268,-318205,-289277,-289277,-115487,-173790
V,4.0,자사몰,Acc_etc,양말,SO,93814,56289,51170,51170,14426,36744
V,4.0,자사몰,Acc_etc,토시,ML,201031,160155,145595,145595,35617,109978
V,4.0,자사몰,Bag,백팩,BK,522680,420691,382447,382447,99391,283056
V,4.0,자사몰,Bag,크로스백,CR,388660,347113,315558,315558,55056,260502
V,4.0,자사몰,Bag,토드백,TG,3203092,3010102,2736457,2736457,532377,2204080
V,4.0,자사몰,Headwear,비니,BN,281443,255979,232708,232708,81375,151333
V,4.0,자사몰,Headwear,운동모,CP,962268,559027,508206,508206,119108,389098
V,4.0,자사몰,Headwear,햇,HT,1380412,867100,788270,788270,135468,652802
V,4.0,자사몰,Shoes,방한화,WB,1848144,1630427,1482203,1482203,455098,1027105
V,4.0,자사몰,Shoes,신발,SH,747835,435299,395727,395727,193526,202201
V,4.0,자사몰,과시즌의류,긴팔티셔츠,RL,428866,267586,243259,243259,71284,171975
V,4.0,자사몰,과시즌의류,니트풀오버,KP,696907,487835,443488,443488,169099,274389
V,4.0,자사몰,과시즌의류,다운점퍼,DJ,7572163,4052381,3683982,3683982,1151843,2532139
V,4.0,자사몰,과시즌의류,레깅스,LG,482474,230515,209559,209559,74987,134572
V,4.0,자사몰,과시즌의류,맨투맨,MT,335051,213763,194330,194330,82558,111772
V,4.0,자사몰,과시즌의류,반바지,SP,1313402,591084,537350,537350,204537,332813
V,4.0,자사몰,과시즌의류,반팔다운,DH,2653608,1666412,1514921,1514921,476112,1038809
V,4.0,자사몰,과시즌의류,방수자켓,JK,2774226,1294639,1176945,1176945,426046,750899
V,4.0,자사몰,과시즌의류,방풍자켓,WJ,4141236,3217432,2924940,2924940,901452,2023488
V,4.0,자사몰,과시즌의류,소프트쉘,SS,1728866,1077847,979861,979861,423126,556735
V,4.0,자사몰,과시즌의류,스커트,SK,522680,282247,256589,256589,64916,191673
V,4.0,자사몰,과시즌의류,팬츠,PT,8014431,4331639,3937853,3937853,1694040,2243813
V,4.0,자사몰,과시즌의류,후드티,HD,1125773,505258,459325,459325,173330,285995
V,4.0,자사몰,당시즌의류,니트가디건,KC,1045361,938144,852859,852859,160826,692033
V,4.0,자사몰,당시즌의류,니트풀오버,KP,1326804,1277216,1161105,1161105,246765,914340
V,4.0,자사몰,당시즌의류,다운점퍼,DJ,37994838,34242475,31129520,31129520,7247943,23881577
V,4.0,자사몰,당시즌의류,맨투맨,MT,335051,335051,304593,304593,88341,216252
V,4.0,자사몰,당시즌의류,반팔다운,DH,4114432,3657315,3324831,3324831,641427,2683404
V,4.0,자사몰,당시즌의류,방풍자켓,WJ,2037113,1833402,1666728,1666728,417474,1249254
V,4.0,자사몰,당시즌의류,베스트,VT,710309,710309,645735,645735,184146,461589
V,4.0,자사몰,당시즌의류,우븐셔츠,WS,0,0,0,0,0,0
V,4.0,자사몰,당시즌의류,팬츠,PT,1996907,2008486,1825897,1825897,540874,1285023
V,4.0,자사몰,당시즌의류,후드티,HD,2425773,2273445,2066769,2066769,660236,1406533
V,4.0,자사몰,차시즌의류,니트가디건,KC,884536,815395,741268,741268,174843,566425
V,4.0,자사몰,차시즌의류,다운점퍼,DJ,14447420,13392249,12174774,12174774,3256257,8918517
V,4.0,자사몰,차시즌의류,반팔다운,DH,11686596,10948142,9952856,9952856,1881971,8070885
V,4.0,자사몰,차시즌의류,반팔티셔츠,RS,428866,395347,359407,359407,66281,293126
V,4.0,자사몰,차시즌의류,방풍자켓,WJ,11659791,10970792,9973445,9973445,2042290,7931155
V,4.0,자사몰,차시즌의류,패딩,PD,2653608,2368144,2152859,2152859,382857,1770002
V,4.0,자사몰,차시즌의류,팬츠,PT,670103,650000,590909,590909,158273,432636
V,4.0,자사몰,차시즌의류,후드티,HD,1165979,1159613,1054193,1054193,289332,764861
V,5.0,제휴몰,Acc_etc,머플러(스카프),MF,134021,134021,121837,121837,59481,62356
V,5.0,제휴몰,Acc_etc,양말,SO,1593505,899546,817767,817767,225397,592370
V,5.0,제휴몰,Acc_etc,장갑,AG,2063917,1720824,1564388,1564388,240704,1323684
V,5.0,제휴몰,Acc_etc,토시,ML,201031,201031,182756,182756,35617,147139
V,5.0,제휴몰,Bag,백팩,BK,469072,469072,426429,426429,121439,304990
V,5.0,제휴몰,Bag,벨트백,TA,388660,155464,141331,141331,28266,113065
V,5.0,제휴몰,Bag,크로스백,CR,2680412,1492989,1357264,1357264,427140,930124
V,5.0,제휴몰,Bag,토드백,TG,7612370,7456906,6779007,6779007,1329724,5449283
V,5.0,제휴몰,Bag,힙색,HS,844330,337732,307029,307029,104280,202749
V,5.0,제휴몰,Headwear,방한모,WM,201031,201031,182756,182756,32751,150005
V,5.0,제휴몰,Headwear,비니,BN,1072165,600412,545828,545828,114680,431148
V,5.0,제휴몰,Headwear,선캡,SC,790721,550825,500749,500749,135883,364866
V,5.0,제휴몰,Headwear,운동모,CP,1935257,1101113,1001013,1001013,262532,738481
V,5.0,제휴몰,Headwear,햇,HT,2037113,1446082,1314619,1314619,288458,1026161
V,5.0,제휴몰,Shoes,뮬,MU,1439381,863629,785114,785114,316825,468289
V,5.0,제휴몰,Shoes,방한화,WB,15148347,14419409,13108562,13108562,3588336,9520226
V,5.0,제휴몰,Shoes,슬리퍼,LP,234536,234536,213215,213215,57607,155608
V,5.0,제휴몰,Shoes,신발,SH,10670719,6402432,5820388,5820388,2803845,3016543
V,5.0,제휴몰,과시즌의류,긴팔카라티셔츠,TL,308247,215773,196158,196158,45535,150623
V,5.0,제휴몰,과시즌의류,긴팔티셔츠,RL,763917,534742,486129,486129,95570,390559
V,5.0,제휴몰,과시즌의류,니트가디건,KC,938144,656701,597000,597000,193563,403437
V,5.0,제휴몰,과시즌의류,니트반팔티셔츠,KU,790721,237216,215651,215651,50319,165332
V,5.0,제휴몰,과시즌의류,니트풀오버,KP,11793812,4777834,4343484,4343484,1403476,2940008
V,5.0,제휴몰,과시즌의류,다운베스트,DV,19848450,9790204,8900181,8900181,2775883,6124298
V,5.0,제휴몰,과시즌의류,다운점퍼,DJ,53661845,27644427,25131292,25131292,7644402,17486890
V,5.0,제휴몰,과시즌의류,라운드티,RT,804124,241237,219307,219307,51172,168135
V,5.0,제휴몰,과시즌의류,레깅스,LG,562886,359175,326520,326520,115118,211402
V,5.0,제휴몰,과시즌의류,맨투맨,MT,14460822,8064019,7330934,7330934,2617998,4712936
V,5.0,제휴몰,과시즌의류,반바지,SP,8188658,3925463,3568602,3568602,1208351,2360251
V,5.0,제휴몰,과시즌의류,반팔다운,DH,10332988,7365772,6696154,6696154,1659893,5036261
V,5.0,제휴몰,과시즌의류,반팔카라티셔츠,TS,3749896,2079463,1890418,1890418,679442,1210976
V,5.0,제휴몰,과시즌의류,반팔티셔츠,RS,13281441,7387215,6715661,6715661,2156830,4558831
V,5.0,제휴몰,과시즌의류,방수자켓,JK,34094838,17232368,15665771,15665771,5538282,10127489
V,5.0,제휴몰,과시즌의류,방풍자켓,WJ,80211324,41727311,37933922,37933922,11451954,26481968
V,5.0,제휴몰,과시즌의류,베스트,VT,656701,459691,417900,417900,141610,276290
V,5.0,제휴몰,과시즌의류,브라,BR,442268,221134,201031,201031,54987,146044
V,5.0,제휴몰,과시즌의류,소프트쉘,SS,2975257,1770412,1609464,1609464,595022,1014442
V,5.0,제휴몰,과시즌의류,스커트,SK,2747422,1266495,1151357,1151357,367837,783520
V,5.0,제휴몰,과시즌의류,슬리브리스,SL,402062,281443,255859,255859,66812,189047
V,5.0,제휴몰,과시즌의류,우븐셔츠,WS,3337113,1467525,1334113,1334113,460212,873901
V,5.0,제휴몰,과시즌의류,원피스,OP,2425773,1613608,1466917,1466917,443989,1022928
V,5.0,제휴몰,과시즌의류,집업티,ZT,3283504,1641752,1492503,1492503,491078,1001425
V,5.0,제휴몰,과시즌의류,트레이닝 숏팬츠,TB,1568041,470412,427649,427649,99786,327863
V,5.0,제휴몰,과시즌의류,트레이닝(상의),TR,1447422,675464,614060,614060,178414,435646
V,5.0,제휴몰,과시즌의류,트레이닝(하의),TP,3243298,1245051,1131870,1131870,377681,754189
V,5.0,제휴몰,과시즌의류,패딩,PD,5843298,2402989,2184536,2184536,754360,1430176
V,5.0,제휴몰,과시즌의류,팬츠,PT,18387625,7848246,7134772,7134772,2087998,5046774
V,5.0,제휴몰,과시즌의류,후드티,HD,5883504,2378865,2162605,2162605,650202,1512403
V,5.0,제휴몰,당시즌의류,니트가디건,KC,0,0,0,0,0,0
V,5.0,제휴몰,당시즌의류,니트베스트,KV,1313402,1313402,1194003,1194003,324279,869724
V,5.0,제휴몰,당시즌의류,니트풀오버,KP,254639,254639,231490,231490,-12493,243983
V,5.0,제휴몰,당시즌의류,다운베스트,DV,790721,790721,718838,718838,137695,581143
V,5.0,제휴몰,당시즌의류,다운점퍼,DJ,104804102,104804102,95276446,95276446,18993968,76282478
V,5.0,제휴몰,당시즌의류,맨투맨,MT,616495,616495,560450,560450,125014,435436
V,5.0,제휴몰,당시즌의류,반팔다운,DH,4248453,4248453,3862230,3862230,720453,3141777
V,5.0,제휴몰,당시즌의류,반팔티셔츠,RS,201031,201031,182756,182756,42440,140316
V,5.0,제휴몰,당시즌의류,방풍자켓,WJ,2251546,2251546,2046860,2046860,474523,1572337
V,5.0,제휴몰,당시즌의류,베스트,VT,710309,710309,645735,645735,184146,461589
V,5.0,제휴몰,당시즌의류,팬츠,PT,7263916,7263916,6603560,6603560,1883771,4719789
V,5.0,제휴몰,당시즌의류,후드티,HD,1514433,1514433,1376756,1376756,409291,967465
V,5.0,제휴몰,차시즌의류,니트가디건,KC,442268,442268,402062,402062,87422,314640
V,5.0,제휴몰,차시즌의류,다운점퍼,DJ,7692782,7692782,6993438,6993438,1685881,5307557
V,5.0,제휴몰,차시즌의류,반팔다운,DH,14608244,14608244,13280221,13280221,2378151,10902070
V,5.0,제휴몰,차시즌의류,방풍자켓,WJ,1983505,1983505,1803187,1803187,327337,1475850
V,5.0,제휴몰,차시즌의류,패딩,PD,2385567,2385567,2168697,2168697,355274,1813423
V,5.0,제휴몰,차시즌의류,팬츠,PT,1581443,1581443,1437676,1437676,391835,1045841
V,5.0,제휴몰,차시즌의류,후드티,HD,388660,388660,353327,353327,96444,256883
V,7.0,아울렛,Acc_etc,양말,SO,221134,110165,100148,100148,29860,70288
V,7.0,아울렛,Acc_etc,장갑,AG,0,-20103,-18276,-18276,0,-18276
V,7.0,아울렛,Bag,크로스백,CR,1487629,906649,824225,824225,255072,569153
V,7.0,아울렛,Bag,토드백,TG,5454638,4419463,4017689,4017689,952512,3065177
V,7.0,아울렛,Bag,힙색,HS,254639,91670,83335,83335,31516,51819
V,7.0,아울렛,Headwear,비니,BN,1152577,802515,729559,729559,234901,494658
V,7.0,아울렛,Headwear,운동모,CP,410103,147637,134216,134216,43061,91155
V,7.0,아울렛,Headwear,햇,HT,911340,592505,538639,538639,140586,398053
V,7.0,아울렛,Shoes,뮬,MU,239897,129544,117767,117767,52804,64963
V,7.0,아울렛,Shoes,방한화,WB,942165,847948,770860,770860,210938,559922
V,7.0,아울렛,Shoes,신발,SH,9802266,2856863,2597141,2597141,2553628,43513
V,7.0,아울렛,과시즌의류,긴팔카라티셔츠,TL,616495,388392,353083,353083,91071,262012
V,7.0,아울렛,과시즌의류,긴팔티셔츠,RL,455670,287072,260974,260974,68761,192213
V,7.0,아울렛,과시즌의류,니트풀오버,KP,19768037,6766968,6151766,6151766,1885467,4266299
V,7.0,아울렛,과시즌의류,다운베스트,DV,65388646,24098645,21907849,21907849,7175560,14732289
V,7.0,아울렛,과시즌의류,다운점퍼,DJ,798642103,325033291,295484689,295484689,91474369,204010320
V,7.0,아울렛,과시즌의류,맨투맨,MT,8711338,4848865,4408040,4408040,1800006,2608034
V,7.0,아울렛,과시즌의류,반바지,SP,1098969,400454,364048,364048,122636,241412
V,7.0,아울렛,과시즌의류,반팔다운,DH,12678348,5950112,5409190,5409190,1574089,3835101
V,7.0,아울렛,과시즌의류,반팔티셔츠,RS,2988659,1604360,1458511,1458511,449876,1008635
V,7.0,아울렛,과시즌의류,방수자켓,JK,36614425,16649646,15136032,15136032,5933445,9202587
V,7.0,아울렛,과시즌의류,방풍자켓,WJ,105206164,48411186,44010125,44010125,15446567,28563558
V,7.0,아울렛,과시즌의류,베스트,VT,656701,459691,417900,417900,141610,276290
V,7.0,아울렛,과시즌의류,소프트쉘,SS,27326798,13642479,12402236,12402236,5044850,7357386
V,7.0,아울렛,과시즌의류,스커트,SK,2077319,560876,509888,509888,151079,358809
V,7.0,아울렛,과시즌의류,원피스,OP,1501031,1238216,1125650,1125650,276580,849070
V,7.0,아울렛,과시즌의류,집업티,ZT,2425773,1091598,992361,992361,364691,627670
V,7.0,아울렛,과시즌의류,트레이닝 숏팬츠,TB,1005154,271392,246720,246720,63965,182755
V,7.0,아울렛,과시즌의류,트레이닝(상의),TR,964948,387185,351986,351986,119152,232834
V,7.0,아울렛,과시즌의류,트레이닝(하의),TP,1112371,430608,391462,391462,138768,252694
V,7.0,아울렛,과시즌의류,패딩,PD,24110304,10104750,9186133,9186133,3481982,5704151
V,7.0,아울렛,과시즌의류,팬츠,PT,11271132,5782988,5257258,5257258,2253759,3003499
V,7.0,아울렛,과시즌의류,후드티,HD,1568041,761907,692643,692643,239993,452650
V,7.0,아울렛,당시즌의류,니트풀오버,KP,938144,844330,767571,767571,154595,612976
V,7.0,아울렛,당시즌의류,다운베스트,DV,-924742,-832268,-756607,-756607,-204818,-551789
V,7.0,아울렛,당시즌의류,다운점퍼,DJ,104281422,93524795,85022519,85022519,18095116,66927403
V,7.0,아울렛,당시즌의류,맨투맨,MT,1045361,940825,855293,855293,209386,645907
V,7.0,아울렛,당시즌의류,반팔다운,DH,7036081,6465153,5877411,5877411,1163480,4713931
V,7.0,아울렛,당시즌의류,방풍자켓,WJ,8764947,8034534,7304121,7304121,1573517,5730604
V,7.0,아울렛,당시즌의류,베스트,VT,710309,710309,645735,645735,184146,461589
V,7.0,아울렛,당시즌의류,집업티,ZT,0,-67010,-60918,-60918,0,-60918
V,7.0,아울렛,당시즌의류,팬츠,PT,911340,820206,745641,745641,249008,496633
V,7.0,아울렛,차시즌의류,다운점퍼,DJ,12061853,10974946,9977219,9977219,2795060,7182159
V,7.0,아울렛,차시즌의류,반팔다운,DH,14072162,12664946,11513586,11513586,2251380,9262206
V,7.0,아울렛,차시즌의류,패딩,PD,1326804,1194123,1085567,1085567,191428,894139
V,11.0,직영몰,Acc_etc,머플러(스카프),MF,308247,277423,252203,252203,56006,196197
V,11.0,직영몰,Acc_etc,토시,ML,201031,180928,164479,164479,35617,128862
V,11.0,직영몰,Bag,백팩,BK,991752,892577,811434,811434,220830,590604
V,11.0,직영몰,Bag,크로스백,CR,482474,404742,367948,367948,65212,302736
V,11.0,직영몰,Bag,토드백,TG,5669071,5102164,4638336,4638336,1024286,3614050
V,11.0,직영몰,Headwear,운동모,CP,375258,337732,307029,307029,64983,242046
V,11.0,직영몰,Headwear,햇,HT,281443,253299,230271,230271,38341,191930
V,11.0,직영몰,Shoes,방한화,WB,1216907,1095216,995650,995650,299557,696093
V,11.0,직영몰,과시즌의류,반팔티셔츠,RS,442268,221134,201031,201031,67123,133908
V,11.0,직영몰,과시즌의류,방풍자켓,WJ,1715464,1281237,1164761,1164761,314837,849924
V,11.0,직영몰,과시즌의류,트레이닝(상의),TR,375258,150103,136457,136457,46468,89989
V,11.0,직영몰,당시즌의류,니트가디건,KC,522680,470412,427648,427648,95291,332357
V,11.0,직영몰,당시즌의류,니트풀오버,KP,2291752,2109484,1917713,1917713,424265,1493448
V,11.0,직영몰,당시즌의류,다운점퍼,DJ,103879360,92983218,84530214,84530214,18873186,65657028
V,11.0,직영몰,당시즌의류,맨투맨,MT,522680,470412,427648,427648,104693,322955
V,11.0,직영몰,당시즌의류,반팔다운,DH,2653608,2388247,2171134,2171134,498459,1672675
V,11.0,직영몰,당시즌의류,방풍자켓,WJ,2653608,2388247,2171134,2171134,478597,1692537
V,11.0,직영몰,당시즌의류,베스트,VT,710309,639278,581162,581162,184146,397016
V,11.0,직영몰,당시즌의류,팬츠,PT,2238144,2014329,1831209,1831209,624186,1207023
V,11.0,직영몰,당시즌의류,후드티,HD,2331958,2098762,1907967,1907967,579327,1328640
V,11.0,직영몰,차시즌의류,니트가디건,KC,884536,796082,723711,723711,174843,548868
V,11.0,직영몰,차시즌의류,다운점퍼,DJ,53702051,48504732,44095227,44095227,9041741,35053486
V,11.0,직영몰,차시즌의류,반팔다운,DH,16069069,14462162,13147417,13147417,2619394,10528023
V,11.0,직영몰,차시즌의류,방풍자켓,WJ,18749481,16874533,15340485,15340485,3382126,11958359
V,11.0,직영몰,차시즌의류,패딩,PD,2117525,1905773,1732522,1732522,327691,1404831
V,11.0,직영몰,차시즌의류,팬츠,PT,1742268,1568041,1425493,1425493,422926,1002567
V,99.0,기타,Acc_etc,다운 스카프,DC,0,0,0,0,0,0
V,99.0,기타,Acc_etc,머플러(스카프),MF,0,0,0,0,0,0
V,99.0,기타,Acc_etc,토시,ML,0,0,0,0,0,0
V,99.0,기타,Bag,가방,BG,0,0,0,0,0,0
V,99.0,기타,Headwear,비니,BN,0,0,0,0,0,0
V,99.0,기타,Headwear,운동모,CP,0,0,0,0,0,0
V,99.0,기타,Headwear,햇,HT,201031,182750,166143,166143,30419,135724
V,99.0,기타,Shoes,방한화,WB,360515,81820,74381,74381,84491,-10110
V,99.0,기타,Shoes,신발,SH,373917,203953,185415,185415,96763,88652
V,99.0,기타,과시즌의류,니트풀오버,KP,0,0,0,0,0,0
V,99.0,기타,과시즌의류,다운점퍼,DJ,1728866,943022,857290,857290,259607,597683
V,99.0,기타,과시즌의류,방풍자켓,WJ,0,0,0,0,0,0
V,99.0,기타,당시즌의류,니트가디건,KC,0,0,0,0,0,0
V,99.0,기타,당시즌의류,니트풀오버,KP,0,0,0,0,0,0
V,99.0,기타,당시즌의류,다운점퍼,DJ,1594845,388485,353166,353166,351694,1472
V,99.0,기타,당시즌의류,반팔다운,DH,1460824,270212,245650,245650,244628,1022
V,99.0,기타,당시즌의류,방풍자켓,WJ,0,0,0,0,0,0
V,99.0,기타,차시즌의류,다운점퍼,DJ,0,0,0,0,0,0
V,99.0,기타,차시즌의류,반팔다운,DH,0,0,0,0,0,0
V,99.0,기타,차시즌의류,패딩,PD,0,0,0,0,0,0
W,4.0,자사몰,Acc_etc,양말,SO,113918,55029,50027,50027,15225,34802
W,4.0,자사몰,Bag,가방,BG,2784948,437443,397677,397677,883338,-485661
W,4.0,자사몰,Bag,백팩,BK,771959,236412,214921,214921,197841,17080
W,4.0,자사몰,Bag,보스톤백,BW,759897,183876,167160,167160,223426,-56266
W,4.0,자사몰,Bag,크로스백,CR,647319,227299,206632,206632,175889,30743
W,4.0,자사몰,Bag,토드백,TG,318969,73845,67132,67132,91509,-24377
W,4.0,자사몰,Headwear,비니,BN,608453,129330,117575,117575,84379,33196
W,4.0,자사몰,Headwear,선캡,SC,65670,22918,20834,20834,13281,7553
W,4.0,자사몰,Headwear,운동모,CP,8558555,2109484,1917706,1917706,1823940,93766
W,4.0,자사몰,Headwear,햇,HT,1228969,365608,332372,332372,274683,57689
W,4.0,자사몰,Shoes,슬리퍼,LP,251959,59103,53730,53730,16034,37696
W,4.0,자사몰,Shoes,신발,SH,10840926,2668350,2425771,2425771,1605080,820691
W,4.0,자사몰,과시즌의류,긴팔티셔츠,RL,1458144,392010,356375,356375,126964,229411
W,4.0,자사몰,과시즌의류,다운베스트,DV,293505,119278,108435,108435,39224,69211
W,4.0,자사몰,과시즌의류,다운점퍼,DJ,1790515,671845,610768,610768,239279,371489
W,4.0,자사몰,과시즌의류,레깅스,LG,105876,10856,9869,9869,964,8905
W,4.0,자사몰,과시즌의류,맨투맨,MT,15908244,3406803,3097089,3097089,1464849,1632240
W,4.0,자사몰,과시즌의류,반바지,SP,1074845,276887,251713,251713,163454,88259
W,4.0,자사몰,과시즌의류,반팔카라티셔츠,TS,199691,22918,20834,20834,1816,19018
W,4.0,자사몰,과시즌의류,반팔티셔츠,RS,5000308,1741166,1603117,1603117,808728,794389
W,4.0,자사몰,과시즌의류,방풍자켓,WJ,9792885,3172535,2884124,2884124,2672129,211995
W,4.0,자사몰,과시즌의류,소프트쉘,SS,520000,201165,182876,182876,69491,113385
W,4.0,자사몰,과시즌의류,스커트,SK,599072,229309,208462,208462,183648,24814
W,4.0,자사몰,과시즌의류,우븐반바지,SM,1415257,455188,413803,413803,444683,-30880
W,4.0,자사몰,과시즌의류,우븐셔츠,WS,545464,96763,87966,87966,42680,45286
W,4.0,자사몰,과시즌의류,우븐팬츠,WP,3845051,1069618,972382,972382,544120,428262
W,4.0,자사몰,과시즌의류,점퍼,JP,16369275,3077917,2798101,2798101,1428576,1369525
W,4.0,자사몰,과시즌의류,진바지,DP,213093,47041,42765,42765,25184,17581
W,4.0,자사몰,과시즌의류,탱크탑,TK,159485,25464,23149,23149,2900,20249
W,4.0,자사몰,과시즌의류,트레이닝 숏팬츠,TB,1460824,236814,215283,215283,13281,202002
W,4.0,자사몰,과시즌의류,트레이닝(상의),TR,2159072,338134,307396,307396,167929,139467
W,4.0,자사몰,과시즌의류,트레이닝(하의),TP,692886,80814,73466,73466,33909,39557
W,4.0,자사몰,과시즌의류,패딩,PD,934124,347381,315801,315801,270068,45733
W,4.0,자사몰,과시즌의류,팬츠,PT,11004431,2517041,2288218,2288218,1024989,1263229
W,4.0,자사몰,과시즌의류,폴라폴리스점퍼,FD,694227,158144,143767,143767,50490,93277
W,4.0,자사몰,과시즌의류,폴로 티셔츠,PQ,1115051,237484,215894,215894,131780,84114
W,4.0,자사몰,과시즌의류,후드티,HD,7022679,2116855,1924418,1924418,1015755,908663
W,4.0,자사몰,당시즌의류,반팔티셔츠,RS,65670,25464,23149,23149,14380,8769
W,5.0,제휴몰,Acc_etc,양말,SO,91134,48247,43862,43862,12180,31682
W,5.0,제휴몰,Bag,가방,BG,2002268,380618,346022,346022,637902,-291880
W,5.0,제휴몰,Bag,백팩,BK,2809072,1026598,933263,933263,720133,213130
W,5.0,제휴몰,Bag,크로스백,CR,278763,104536,95033,95033,82798,12235
W,5.0,제휴몰,Bag,토드백,TG,159485,38866,35333,35333,45755,-10422
W,5.0,제휴몰,Bag,힙색,HS,105876,38866,35333,35333,26536,8797
W,5.0,제휴몰,Headwear,비니,BN,284124,101856,92598,92598,44468,48130
W,5.0,제휴몰,Headwear,운동모,CP,3191030,802783,729816,729816,616085,113731
W,5.0,제휴몰,Headwear,햇,HT,978350,201031,182759,182759,184316,-1557
W,5.0,제휴몰,Shoes,방한화,WB,345773,77732,70666,70666,25148,45518
W,5.0,제휴몰,Shoes,슬리퍼,LP,184948,77732,70666,70666,46103,24563
W,5.0,제휴몰,Shoes,신발,SH,15487419,4564741,4149733,4149733,2984397,1165336
W,5.0,제휴몰,과시즌의류,긴팔티셔츠,RL,914020,257320,233930,233930,105514,128416
W,5.0,제휴몰,과시즌의류,다운점퍼,DJ,9152266,3054329,2776667,2776667,1035002,1741665
W,5.0,제휴몰,과시즌의류,레깅스,LG,290825,36186,32897,32897,2644,30253
W,5.0,제휴몰,과시즌의류,맨투맨,MT,8424534,2085360,1895806,1895806,899825,995981
W,5.0,제휴몰,과시즌의류,반바지,SP,1037319,260000,236367,236367,66013,170354
W,5.0,제휴몰,과시즌의류,반팔티셔츠,RS,2707216,1002474,911351,911351,457087,454264
W,5.0,제휴몰,과시즌의류,방풍자켓,WJ,6443710,2248866,2044417,2044417,1694958,349459
W,5.0,제휴몰,과시즌의류,소프트쉘,SS,1333505,529381,481255,481255,178206,303049
W,5.0,제휴몰,과시즌의류,스커트,SK,199691,79072,71883,71883,83615,-11732
W,5.0,제휴몰,과시즌의류,우븐반바지,SM,993093,322990,293631,293631,307403,-13772
W,5.0,제휴몰,과시즌의류,우븐팬츠,WP,1929897,589691,536082,536082,304849,231233
W,5.0,제휴몰,과시즌의류,점퍼,JP,7987627,1742268,1583877,1583877,605654,978223
W,5.0,제휴몰,과시즌의류,진바지,DP,0,0,0,0,0,0
W,5.0,제휴몰,과시즌의류,탱크탑,TK,398041,36186,32897,32897,7237,25660
W,5.0,제휴몰,과시즌의류,트레이닝(상의),TR,3838350,769278,699353,699353,322775,376578
W,5.0,제휴몰,과시즌의류,트레이닝(하의),TP,2476701,520000,472734,472734,166115,306619
W,5.0,제휴몰,과시즌의류,패딩,PD,2348041,954227,867478,867478,894721,-27243
W,5.0,제휴몰,과시즌의류,팬츠,PT,5801751,1553299,1412105,1412105,739090,673015
W,5.0,제휴몰,과시즌의류,폴라폴리스점퍼,FD,347113,79072,71883,71883,25245,46638
W,5.0,제휴몰,과시즌의류,후드티,HD,7427421,2227422,2024922,2024922,1478732,546190
W,5.0,제휴몰,당시즌의류,반팔티셔츠,RS,65670,25464,23149,23149,17664,5485
W,99.0,기타,과시즌의류,다운점퍼,DJ,440928,157166,142882,142882,58925,83957
W,99.0,기타,과시즌의류,팬츠,PT,213093,47524,43198,43198,15498,27700
X,1.0,백화점,Acc_etc,기타소품류,AC,6666184,4532630,4120543,2726539,1332374,1394165
X,1.0,백화점,Acc_etc,다운 스카프,DC,14936595,10384170,9440216,6219242,3063151,3156091
X,1.0,백화점,Acc_etc,마스크,MK,729072,510391,463957,306859,174175,132684
X,1.0,백화점,Acc_etc,멀티스카프,MS,1144536,699802,636200,429914,226690,203224
X,1.0,백화점,Acc_etc,양말,SO,5455040,4725057,4295446,2835315,1266546,1568769
X,1.0,백화점,Acc_etc,장갑,GL,7251854,5275908,4796345,3237613,1747041,1490572
X,1.0,백화점,Acc_etc,토시,ML,33505,23454,21321,13646,5540,8106
X,1.0,백화점,Bag,가방,BG,44183908,24929291,22662996,15678195,10200138,5478057
X,1.0,백화점,Bag,메신저백,MR,101777917,60592371,55083873,35901373,22874058,13027315
X,1.0,백화점,Bag,바디백,BZ,1088247,1075582,977802,642302,257609,384693
X,1.0,백화점,Bag,백팩,BK,3228557376,2775950916,2523589680,1645289018,757109073,888179945
X,1.0,백화점,Bag,보스톤백,BW,2494123,1131697,1028792,731933,542724,189209
X,1.0,백화점,Bag,슬링백,SG,37565972,27477947,24979901,16667717,8169662,8498055
X,1.0,백화점,Bag,크로스백,CR,76372974,46940632,42673136,28653038,16403919,12249119
X,1.0,백화점,Bag,토드백,TG,54692463,35581783,32347246,21003590,12391045,8612545
X,1.0,백화점,Bag,힙색,HS,2762164,1840625,1673294,1112851,596329,516522
X,1.0,백화점,Headwear,메시캡,MC,580309,567792,516160,353203,135696,217507
X,1.0,백화점,Headwear,방한모,WM,4594226,4054016,3685478,2412324,963961,1448363
X,1.0,백화점,Headwear,비니,BN,19792161,12879325,11708397,7896870,3854978,4041892
X,1.0,백화점,Headwear,운동모,CP,36953498,30404595,27640416,18380564,7115843,11264721
X,1.0,백화점,Headwear,햇,HT,5828555,2904762,2640672,1859305,1196958,662347
X,1.0,백화점,Shoes,슬리퍼,LP,60404421,53675086,48795249,32187244,15550778,16636466
X,1.0,백화점,Shoes,신발,SH,990178971,742273485,674794308,443017069,211417786,231599283
X,1.0,백화점,과시즌의류,긴팔카라티셔츠,TL,4092989,2352061,2138236,1592307,578846,1013461
X,1.0,백화점,과시즌의류,긴팔티셔츠,RL,7251854,4110157,3736475,2766011,1134685,1631326
X,1.0,백화점,과시즌의류,다운베스트,DV,27360304,15975764,14523404,10874570,3980635,6893935
X,1.0,백화점,과시즌의류,다운점퍼,DJ,3253836339,1625892309,1478082088,1006708044,470765319,535942725
X,1.0,백화점,과시즌의류,레깅스,LG,9112060,3644824,3313484,2458108,1333089,1125019
X,1.0,백화점,과시즌의류,맨투맨,MT,91384620,52961507,48146889,35139251,14699462,20439789
X,1.0,백화점,과시즌의류,반바지,SP,1458144,874886,795352,594708,256404,338304
X,1.0,백화점,과시즌의류,반팔카라티셔츠,TS,1022577,613546,557766,424698,164321,260377
X,1.0,백화점,과시즌의류,반팔티셔츠,RS,29965664,20678814,18798902,14166790,5848039,8318751
X,1.0,백화점,과시즌의류,방풍자켓,WJ,143369867,66422334,60383515,43633273,22682851,20950422
X,1.0,백화점,과시즌의류,브라,BR,723711,434227,394754,290681,221846,68835
X,1.0,백화점,과시즌의류,상하의 세트,AZ,18607419,11176486,10160457,7107724,4468653,2639071
X,1.0,백화점,과시즌의류,소프트쉘,SS,108519153,50989863,46354269,32937678,15817166,17120512
X,1.0,백화점,과시즌의류,스커트,SK,3921442,1786669,1624322,1213148,574694,638454
X,1.0,백화점,과시즌의류,원피스,OP,27104324,10876320,9887632,7302371,3960834,3341537
X,1.0,백화점,과시즌의류,집업티,ZT,1582783,823168,748317,496178,240418,255760
X,1.0,백화점,과시즌의류,트레이닝 숏팬츠,TB,2685773,1879947,1709114,1253249,576819,676430
X,1.0,백화점,과시즌의류,트레이닝(상의),TR,573622871,256020245,232745428,165685243,88508410,77176833
X,1.0,백화점,과시즌의류,트레이닝(하의),TP,312306843,144382178,131256364,94472084,47213106,47258978
X,1.0,백화점,과시즌의류,패딩,PD,38099374,25699842,23363437,17950825,7593127,10357698
X,1.0,백화점,과시즌의류,팬츠,PT,90358023,44458249,40416914,29270760,13294845,15975915
X,1.0,백화점,과시즌의류,후드티,HD,53381742,28087741,25534280,19109952,8878120,10231832
X,1.0,백화점,당시즌의류,긴팔카라티셔츠,TL,3083814,2529732,2299756,1642627,499153,1143474
X,1.0,백화점,당시즌의류,긴팔티셔츠,RL,11984121,9450703,8591547,5855916,2256426,3599490
X,1.0,백화점,당시즌의류,다운베스트,DV,80071942,73603894,66912719,44378358,18619809,25758549
X,1.0,백화점,당시즌의류,다운점퍼,DJ,3265488090,2740792852,2491628794,1644801616,877058769,767742847
X,1.0,백화점,당시즌의류,레깅스,LG,637938,446583,405960,261947,157725,104222
X,1.0,백화점,당시즌의류,맨투맨,MT,61264833,47546753,43224498,28809991,14382782,14427209
X,1.0,백화점,당시즌의류,반팔티셔츠,RS,237216,229483,208620,131221,49767,81454
X,1.0,백화점,당시즌의류,방풍자켓,WJ,24418552,17510541,15918688,11106170,6218811,4887359
X,1.0,백화점,당시즌의류,상하의 세트,AZ,12983915,10365742,9423405,6050279,2978281,3071998
X,1.0,백화점,당시즌의류,소프트쉘,SS,106803689,93331323,84846643,56110142,23562096,32548046
X,1.0,백화점,당시즌의류,스커트,SK,1503711,1107131,1006496,690561,337204,353357
X,1.0,백화점,당시즌의류,원피스,OP,1157938,810557,736869,475665,243542,232123
X,1.0,백화점,당시즌의류,점퍼,JP,3583711,2508597,2280543,1702938,857212,845726
X,1.0,백화점,당시즌의류,집업티,ZT,11721441,8205076,7459097,5055202,2412263,2642939
X,1.0,백화점,당시즌의류,트레이닝(상의),TR,67472667,53856778,48960641,32122709,15382735,16739974
X,1.0,백화점,당시즌의류,트레이닝(하의),TP,64508131,52298936,47544334,31376946,13946475,17430471
X,1.0,백화점,당시즌의류,패딩,PD,42140094,29497838,26816419,17655870,12079407,5576463
X,1.0,백화점,당시즌의류,팬츠,PT,21361542,18385266,16713877,11347195,4705009,6642186
X,1.0,백화점,당시즌의류,후드티,HD,28861334,22158576,20144016,13298347,7188546,6109801
X,1.0,백화점,차시즌의류,긴팔티셔츠,RL,33159375,32512779,29557066,19568395,7134456,12433939
X,1.0,백화점,차시즌의류,레깅스,LG,87113,87113,79194,51476,23029,28447
X,1.0,백화점,차시즌의류,맨투맨,MT,68572976,67201784,61092516,40298224,16692105,23606119
X,1.0,백화점,차시즌의류,반팔티셔츠,RS,44812465,44130394,40118505,26370478,10148483,16221995
X,1.0,백화점,차시즌의류,방풍자켓,WJ,181091303,175910268,159918400,104991886,43135118,61856768
X,1.0,백화점,차시즌의류,상하의 세트,AZ,47521021,46400569,42182273,27596609,13896281,13700328
X,1.0,백화점,차시즌의류,소프트쉘,SS,2983298,2846544,2587769,1691997,587897,1104100
X,1.0,백화점,차시즌의류,스커트,SK,318969,306103,278276,179546,55200,124346
X,1.0,백화점,차시즌의류,트레이닝 숏팬츠,TB,3176288,3104359,2822143,1851596,809850,1041746
X,1.0,백화점,차시즌의류,트레이닝(상의),TR,106339978,104062834,94602504,62258570,24865995,37392575
X,1.0,백화점,차시즌의류,트레이닝(하의),TP,103561731,101300911,92091630,60848289,22641184,38207105
X,1.0,백화점,차시즌의류,패딩,PD,219464078,212478805,193162414,126250825,55273631,70977194
X,1.0,백화점,차시즌의류,팬츠,PT,49953495,48693299,44266567,29084505,11161162,17923343
X,1.0,백화점,차시즌의류,후드티,HD,21195356,20831544,18937749,12379833,5719951,6659882
X,2.0,면세점,Acc_etc,기타소품류,AC,1242371,556065,505507,303298,287336,15962
X,2.0,면세점,Acc_etc,다운 스카프,DC,1304020,691278,628432,377063,312588,64475
X,2.0,면세점,Acc_etc,장갑,GL,333711,188969,171786,103073,76003,27070
X,2.0,면세점,Bag,가방,BG,426185,213093,193721,116233,97696,18537
X,2.0,면세점,Bag,메신저백,MR,159485,95691,86991,52194,32079,20115
X,2.0,면세점,Bag,백팩,BK,375686520,370574426,336885879,202131131,88299906,113831225
X,2.0,면세점,Bag,보스톤백,BW,517319,257320,233926,140356,111693,28663
X,2.0,면세점,Bag,슬링백,SG,1511752,1185680,1077894,646735,323184,323551
X,2.0,면세점,Bag,크로스백,CR,12116802,7414220,6740200,4044124,2565918,1478206
X,2.0,면세점,Bag,토드백,TG,265361,106144,96495,57897,57129,768
X,2.0,면세점,Bag,힙색,HS,105876,63526,57749,34650,23620,11030
X,2.0,면세점,Headwear,비니,BN,1522474,1426381,1296724,778034,320918,457116
X,2.0,면세점,Headwear,운동모,CP,7499792,6502894,5911725,3547018,1459277,2087741
X,2.0,면세점,Headwear,햇,HT,87113,52268,47517,28510,19338,9172
X,2.0,면세점,Shoes,슬리퍼,LP,11785771,11785891,10714469,6428661,3024599,3404062
X,2.0,면세점,Shoes,신발,SH,128824613,111109677,101008486,60605079,27155854,33449225
X,2.0,면세점,당시즌의류,긴팔티셔츠,RL,16633296,11726440,10660396,6396213,2801017,3595196
X,2.0,면세점,당시즌의류,다운베스트,DV,5623504,5239133,4762851,2857708,1283498,1574210
X,2.0,면세점,당시즌의류,다운점퍼,DJ,828134675,706823484,642566572,385539875,235465571,150074304
X,2.0,면세점,당시즌의류,레깅스,LG,398041,278629,253299,151979,107191,44788
X,2.0,면세점,당시즌의류,맨투맨,MT,31339375,23196766,21087943,12652790,6771558,5881232
X,2.0,면세점,당시즌의류,방풍자켓,WJ,42276795,31153743,28321534,16992938,10997679,5995259
X,2.0,면세점,당시즌의류,소프트쉘,SS,68965656,54247072,49315513,29589345,14849949,14739396
X,2.0,면세점,당시즌의류,스커트,SK,1223608,856526,778653,467192,240571,226621
X,2.0,면세점,당시즌의류,점퍼,JP,3530102,2471072,2246424,1347856,987548,360308
X,2.0,면세점,당시즌의류,집업티,ZT,46556073,32588916,29626280,17775765,9485963,8289802
X,2.0,면세점,당시즌의류,트레이닝(상의),TR,10937420,7859638,7145099,4287056,2390115,1896941
X,2.0,면세점,당시즌의류,트레이닝(하의),TP,14220925,10129920,9209006,5525385,2980366,2545019
X,2.0,면세점,당시즌의류,패딩,PD,24574016,17201838,15638051,9382831,7024731,2358100
X,2.0,면세점,당시즌의류,팬츠,PT,15708553,11395221,10359284,6215590,4088303,2127287
X,2.0,면세점,당시즌의류,후드티,HD,37241642,26332057,23938203,14362896,7731090,6631806
X,2.0,면세점,차시즌의류,긴팔티셔츠,RL,1423299,1423299,1293923,776349,322588,453761
X,2.0,면세점,차시즌의류,맨투맨,MT,1589484,1589484,1444983,866987,373983,493004
X,2.0,면세점,차시즌의류,반팔티셔츠,RS,6686287,6686287,6078428,3647003,1615136,2031867
X,2.0,면세점,차시즌의류,방풍자켓,WJ,16823605,16823605,15294183,9176502,4001719,5174783
X,2.0,면세점,차시즌의류,상하의 세트,AZ,159485,159485,144986,86991,47313,39678
X,2.0,면세점,차시즌의류,트레이닝 숏팬츠,TB,317629,317629,288753,173252,80986,92266
X,2.0,면세점,차시즌의류,트레이닝(상의),TR,3378659,3378659,3071512,1842905,759560,1083345
X,2.0,면세점,차시즌의류,트레이닝(하의),TP,2059896,2059896,1872631,1123576,444916,678660
X,2.0,면세점,차시즌의류,패딩,PD,2723298,2723298,2475728,1485437,664328,821109
X,2.0,면세점,차시즌의류,후드티,HD,238557,238557,216869,130121,69045,61076
X,3.0,직영점(가두),Acc_etc,기타소품류,AC,365876,350196,318357,318357,75569,242788
X,3.0,직영점(가두),Acc_etc,다운 스카프,DC,1427319,1427319,1297554,1297554,205637,1091917
X,3.0,직영점(가두),Acc_etc,마스크,MK,235876,165113,150102,150102,56817,93285
X,3.0,직영점(가두),Acc_etc,멀티스카프,MS,52268,52268,47517,47517,10959,36558
X,3.0,직영점(가두),Acc_etc,양말,SO,314948,283990,258167,258167,63862,194305
X,3.0,직영점(가두),Acc_etc,장갑,GL,1639072,1652474,1502244,1502244,399222,1103022
X,3.0,직영점(가두),Acc_etc,토시,ML,33505,23454,21321,21321,6921,14400
X,3.0,직영점(가두),Bag,가방,BG,796082,796082,723711,723711,168634,555077
X,3.0,직영점(가두),Bag,메신저백,MR,159485,159485,144985,144985,36773,108212
X,3.0,직영점(가두),Bag,백팩,BK,19273501,18978522,17253150,17253150,4598442,12654708
X,3.0,직영점(가두),Bag,슬링백,SG,1101649,1022041,929125,929125,234188,694937
X,3.0,직영점(가두),Bag,크로스백,CR,3842370,3309236,3008383,3008383,859955,2148428
X,3.0,직영점(가두),Bag,힙색,HS,184948,129464,117694,117694,39830,77864
X,3.0,직영점(가두),Headwear,메시캡,MC,65670,65670,59699,59699,15142,44557
X,3.0,직영점(가두),Headwear,방한모,WM,2448556,2243505,2039527,2039527,505181,1534346
X,3.0,직영점(가두),Headwear,비니,BN,3826288,3429453,3117646,3117646,813807,2303839
X,3.0,직영점(가두),Headwear,운동모,CP,4040721,3847597,3497787,3497787,807325,2690462
X,3.0,직영점(가두),Shoes,슬리퍼,LP,603093,603093,548263,548263,159994,388269
X,3.0,직영점(가두),Shoes,신발,SH,26067005,24095830,21905188,21905188,5709618,16195570
X,3.0,직영점(가두),과시즌의류,다운점퍼,DJ,1002474,601484,546803,546803,144517,402286
X,3.0,직영점(가두),당시즌의류,긴팔티셔츠,RL,184948,129464,117694,117694,38282,79412
X,3.0,직영점(가두),당시즌의류,다운베스트,DV,4117113,4117113,3742823,3742823,953745,2789078
X,3.0,직영점(가두),당시즌의류,다운점퍼,DJ,316716120,283608987,257826053,257826053,83319599,174506454
X,3.0,직영점(가두),당시즌의류,레깅스,LG,663402,464381,422165,422165,147256,274909
X,3.0,직영점(가두),당시즌의류,맨투맨,MT,2081340,1520464,1382228,1382228,458332,923896
X,3.0,직영점(가두),당시즌의류,방풍자켓,WJ,2805051,2039525,1854111,1854111,788042,1066069
X,3.0,직영점(가두),당시즌의류,상하의 세트,AZ,172887,121021,110018,110018,37021,72997
X,3.0,직영점(가두),당시즌의류,소프트쉘,SS,6635359,5778432,5253110,5253110,1451275,3801835
X,3.0,직영점(가두),당시즌의류,스커트,SK,159485,111639,101490,101490,28407,73083
X,3.0,직영점(가두),당시즌의류,점퍼,JP,3530102,2471072,2246425,2246425,987548,1258877
X,3.0,직영점(가두),당시즌의류,집업티,ZT,1767732,1237412,1124914,1124914,362380,762534
X,3.0,직영점(가두),당시즌의류,트레이닝(상의),TR,2102783,1679412,1526736,1526736,460160,1066576
X,3.0,직영점(가두),당시즌의류,트레이닝(하의),TP,2431134,1829247,1662948,1662948,525748,1137200
X,3.0,직영점(가두),당시즌의류,패딩,PD,3256700,2279690,2072443,2072443,955267,1117176
X,3.0,직영점(가두),당시즌의류,팬츠,PT,2569175,2353268,2139328,2139328,561435,1577893
X,3.0,직영점(가두),당시즌의류,후드티,HD,1645773,1259391,1144899,1144899,389974,754925
X,3.0,직영점(가두),차시즌의류,긴팔티셔츠,RL,4011236,4005380,3641236,3641236,821786,2819450
X,3.0,직영점(가두),차시즌의류,레깅스,LG,87113,87113,79194,79194,23029,56165
X,3.0,직영점(가두),차시즌의류,맨투맨,MT,6304329,6283381,5712152,5712152,1490745,4221407
X,3.0,직영점(가두),차시즌의류,반팔티셔츠,RS,3070412,3057010,2779090,2779090,665481,2113609
X,3.0,직영점(가두),차시즌의류,방풍자켓,WJ,23509892,23434492,21304065,21304065,5568633,15735432
X,3.0,직영점(가두),차시즌의류,상하의 세트,AZ,426185,426185,387440,387440,125949,261491
X,3.0,직영점(가두),차시즌의류,소프트쉘,SS,639278,639278,581160,581160,125978,455182
X,3.0,직영점(가두),차시즌의류,트레이닝 숏팬츠,TB,0,0,0,0,0,0
X,3.0,직영점(가두),차시즌의류,트레이닝(상의),TR,7277318,7277318,6615720,6615720,1698313,4917407
X,3.0,직영점(가두),차시즌의류,트레이닝(하의),TP,5195978,5195978,4723588,4723588,1111280,3612308
X,3.0,직영점(가두),차시즌의류,패딩,PD,21102882,21089480,19172206,19172206,4907348,14264858
X,3.0,직영점(가두),차시즌의류,팬츠,PT,4879690,4874677,4431499,4431499,1074924,3356575
X,3.0,직영점(가두),차시즌의류,후드티,HD,1432680,1432680,1302432,1302432,343698,958734
X,4.0,자사몰,Acc_etc,기타소품류,AC,431546,226897,206270,206270,84555,121715
X,4.0,자사몰,Acc_etc,다운 스카프,DC,1107010,845295,768449,768449,185837,582612
X,4.0,자사몰,Acc_etc,마스크,MK,230515,133216,121105,121105,54553,66552
X,4.0,자사몰,Acc_etc,멀티스카프,MS,104536,92823,84385,84385,21414,62971
X,4.0,자사몰,Acc_etc,양말,SO,1760763,1047398,952176,952176,417722,534454
X,4.0,자사몰,Acc_etc,장갑,GL,1269175,584008,530920,530920,289036,241884
X,4.0,자사몰,Acc_etc,토시,ML,33505,23454,21321,21321,6921,14400
X,4.0,자사몰,Bag,가방,BG,2207319,1450264,1318424,1318424,511545,806879
X,4.0,자사몰,Bag,메신저백,MR,2337319,1969044,1790041,1790041,551156,1238885
X,4.0,자사몰,Bag,바디백,BZ,557526,489524,445022,445022,126901,318121
X,4.0,자사몰,Bag,백팩,BK,405003525,358729928,326165444,326165444,95886668,230278776
X,4.0,자사몰,Bag,보스톤백,BW,2109484,1062676,966069,966069,444150,521919
X,4.0,자사몰,Bag,슬링백,SG,8597421,6137955,5579959,5579959,1863047,3716912
X,4.0,자사몰,Bag,크로스백,CR,5094123,3786055,3441866,3441866,1122802,2319064
X,4.0,자사몰,Bag,토드백,TG,4533917,3672379,3338520,3338520,1073469,2265051
X,4.0,자사몰,Bag,힙색,HS,554845,381691,346993,346993,119489,227504
X,4.0,자사몰,Headwear,메시캡,MC,131340,126757,115234,115234,30283,84951
X,4.0,자사몰,Headwear,방한모,WM,1195464,994969,904516,904516,246621,657895
X,4.0,자사몰,Headwear,비니,BN,1329484,1088368,989431,989431,278629,710802
X,4.0,자사몰,Headwear,운동모,CP,4296700,3703967,3367234,3367234,856124,2511110
X,4.0,자사몰,Headwear,햇,HT,715670,430756,391599,391599,171410,220189
X,4.0,자사몰,Shoes,슬리퍼,LP,12059173,10455736,9513662,9513662,3040604,6473058
X,4.0,자사몰,Shoes,신발,SH,189984909,152833847,139022164,139022164,40126301,98895863
X,4.0,자사몰,과시즌의류,긴팔티셔츠,RL,891237,512079,465525,465525,187003,278522
X,4.0,자사몰,과시즌의류,맨투맨,MT,357835,249975,227249,227249,61227,166022
X,4.0,자사몰,과시즌의류,반팔티셔츠,RS,65670,106453,106453,106453,15739,90714
X,4.0,자사몰,과시즌의류,방풍자켓,WJ,3091855,1882654,1711503,1711503,702173,1009330
X,4.0,자사몰,과시즌의류,스윔웨어,SW,20538656,12787186,11624718,11624718,3872627,7752091
X,4.0,자사몰,과시즌의류,스윔웨어 하의,SB,13540100,8660344,7873034,7873034,2712368,5160666
X,4.0,자사몰,과시즌의류,트레이닝(상의),TR,2256907,1449741,1317944,1317944,471966,845978
X,4.0,자사몰,과시즌의류,트레이닝(하의),TP,2999381,1885536,1714121,1714121,592634,1121487
X,4.0,자사몰,과시즌의류,패딩,PD,587010,410907,373553,373553,130119,243434
X,4.0,자사몰,과시즌의류,팬츠,PT,530722,315672,286974,286974,112492,174482
X,4.0,자사몰,과시즌의류,후드티,HD,318969,186476,169524,169524,64463,105061
X,4.0,자사몰,당시즌의류,긴팔카라티셔츠,TL,1913814,1365120,1241020,1241020,315991,925029
X,4.0,자사몰,당시즌의류,긴팔티셔츠,RL,9034328,6139966,5581774,5581774,1648665,3933109
X,4.0,자사몰,당시즌의류,다운베스트,DV,14523811,12965929,11787207,11787207,3375172,8412035
X,4.0,자사몰,당시즌의류,다운점퍼,DJ,315630553,258159669,234690544,234690544,83359768,151330776
X,4.0,자사몰,당시즌의류,레깅스,LG,398041,266982,242711,242711,100912,141799
X,4.0,자사몰,당시즌의류,맨투맨,MT,16767316,11922190,10838383,10838383,3873137,6965246
X,4.0,자사몰,당시즌의류,반팔티셔츠,RS,158144,151979,138163,138163,33178,104985
X,4.0,자사몰,당시즌의류,방풍자켓,WJ,10954843,7954202,7231094,7231094,2834152,4396942
X,4.0,자사몰,당시즌의류,상하의 세트,AZ,1250412,1072138,974670,974670,260641,714029
X,4.0,자사몰,당시즌의류,소프트쉘,SS,28984633,24074950,21886298,21886298,6400333,15485965
X,4.0,자사몰,당시즌의류,스커트,SK,971649,697899,634453,634453,226491,407962
X,4.0,자사몰,당시즌의류,원피스,OP,758557,535788,487079,487079,159816,327263
X,4.0,자사몰,당시즌의류,점퍼,JP,2033092,1377598,1252362,1252362,514916,737446
X,4.0,자사몰,당시즌의류,집업티,ZT,6470514,4432718,4029745,4029745,1315707,2714038
X,4.0,자사몰,당시즌의류,트레이닝(상의),TR,20036078,15906676,14460629,14460629,4400206,10060423
X,4.0,자사몰,당시즌의류,트레이닝(하의),TP,30168035,24013742,21830685,21830685,6197304,15633381
X,4.0,자사몰,당시즌의류,패딩,PD,9595874,6464363,5876701,5876701,2644320,3232381
X,4.0,자사몰,당시즌의류,팬츠,PT,11670513,9377635,8525126,8525126,2543001,5982125
X,4.0,자사몰,당시즌의류,후드티,HD,12530925,8803732,8003387,8003387,3035427,4967960
X,4.0,자사몰,차시즌의류,긴팔티셔츠,RL,6021545,5732865,5211683,5211683,1276888,3934795
X,4.0,자사몰,차시즌의류,맨투맨,MT,8793091,8281521,7528651,7528651,2114509,5414142
X,4.0,자사몰,차시즌의류,반팔티셔츠,RS,6766700,6364182,5785614,5785614,1587767,4197847
X,4.0,자사몰,차시즌의류,방풍자켓,WJ,12422369,11806866,10733513,10733513,2986725,7746788
X,4.0,자사몰,차시즌의류,브라,BR,502577,479794,436175,436175,124435,311740
X,4.0,자사몰,차시즌의류,상하의 세트,AZ,305567,292165,265603,265603,87994,177609
X,4.0,자사몰,차시즌의류,소프트쉘,SS,426185,403402,366729,366729,83985,282744
X,4.0,자사몰,차시즌의류,스커트,SK,318969,315645,286950,286950,57250,229700
X,4.0,자사몰,차시즌의류,트레이닝 숏팬츠,TB,529381,512012,465466,465466,134976,330490
X,4.0,자사몰,차시즌의류,트레이닝(상의),TR,12366080,11856105,10778282,10778282,2801723,7976559
X,4.0,자사몰,차시즌의류,트레이닝(하의),TP,13418142,12825797,11659818,11659818,2846427,8813391
X,4.0,자사몰,차시즌의류,패딩,PD,18087419,17336877,15760811,15760811,4269828,11490983
X,4.0,자사몰,차시즌의류,팬츠,PT,8135050,7625410,6932202,6932202,1772840,5159362
X,4.0,자사몰,차시즌의류,후드티,HD,3208453,3008360,2734875,2734875,853483,1881392
X,5.0,제휴몰,Acc_etc,기타소품류,AC,5253607,2888278,2625737,2625737,1100566,1525171
X,5.0,제휴몰,Acc_etc,다운 스카프,DC,58051019,52153202,47411927,47411927,9699254,37712673
X,5.0,제휴몰,Acc_etc,마스크,MK,156804,109763,99784,99784,33311,66473
X,5.0,제휴몰,Acc_etc,멀티스카프,MS,3798144,1932175,1756541,1756541,750475,1006066
X,5.0,제휴몰,Acc_etc,양말,SO,6017525,3426196,3114731,3114731,1192266,1922465
X,5.0,제휴몰,Acc_etc,장갑,GL,14081543,6062958,5511771,5511771,3011298,2500473
X,5.0,제휴몰,Acc_etc,토시,ML,469072,301546,274131,274131,91131,183000
X,5.0,제휴몰,Bag,가방,BG,7371133,4218834,3835291,3835291,1699691,2135600
X,5.0,제휴몰,Bag,메신저백,MR,10267317,8500122,7727389,7727389,2379147,5348242
X,5.0,제휴몰,Bag,바디백,BZ,995773,995773,905249,905249,228985,676264
X,5.0,제휴몰,Bag,백팩,BK,845153949,709693776,645175094,645175094,193317484,451857610
X,5.0,제휴몰,Bag,보스톤백,BW,1736907,900216,818377,818377,395736,422641
X,5.0,제휴몰,Bag,슬링백,SG,18323295,13030822,11846179,11846179,3865780,7980399
X,5.0,제휴몰,Bag,크로스백,CR,26897933,16469790,14972514,14972514,5754698,9217816
X,5.0,제휴몰,Bag,토드백,TG,41346693,24098510,21907638,21907638,9045223,12862415
X,5.0,제휴몰,Bag,힙색,HS,5401030,2985711,2714277,2714277,1175205,1539072
X,5.0,제휴몰,Headwear,방한모,WM,2160412,2126237,1932943,1932943,459728,1473215
X,5.0,제휴몰,Headwear,비니,BN,7647215,4223525,3839584,3839584,1537078,2302506
X,5.0,제휴몰,Headwear,운동모,CP,18447934,10739874,9763527,9763527,3587940,6175587
X,5.0,제휴몰,Headwear,햇,HT,5181236,2776639,2524227,2524227,1069274,1454953
X,5.0,제휴몰,Shoes,슬리퍼,LP,34772983,34400378,31273047,31273047,8902185,22370862
X,5.0,제휴몰,Shoes,신발,SH,438002075,343461846,312238306,312238306,92642256,219596050
X,5.0,제휴몰,과시즌의류,긴팔티셔츠,RL,7073607,4820185,4381955,4381955,1511524,2870431
X,5.0,제휴몰,과시즌의류,다운베스트,DV,800103,480062,436418,436418,115372,321046
X,5.0,제휴몰,과시즌의류,다운점퍼,DJ,583624828,304669251,276971878,276971878,84703646,192268232
X,5.0,제휴몰,과시즌의류,레깅스,LG,5194638,2814030,2558209,2558209,937162,1621047
X,5.0,제휴몰,과시즌의류,맨투맨,MT,19034945,9282400,8438572,8438572,2980022,5458550
X,5.0,제휴몰,과시즌의류,반바지,SP,1996907,1343690,1221529,1221529,449127,772402
X,5.0,제휴몰,과시즌의류,반팔카라티셔츠,TS,888557,558196,507449,507449,143706,363743
X,5.0,제휴몰,과시즌의류,반팔티셔츠,RS,35031642,23487377,21352065,21352065,6576406,14775659
X,5.0,제휴몰,과시즌의류,방풍자켓,WJ,52444938,25710510,23373191,23373191,9057310,14315881
X,5.0,제휴몰,과시즌의류,베스트,VT,172887,121021,110019,110019,41329,68690
X,5.0,제휴몰,과시즌의류,브라,BR,486495,291897,265359,265359,146624,118735
X,5.0,제휴몰,과시즌의류,상하의 세트,AZ,9027627,5416576,4924128,4924128,1737184,3186944
X,5.0,제휴몰,과시즌의류,소프트쉘,SS,17724223,9000823,8182528,8182528,2643562,5538966
X,5.0,제휴몰,과시즌의류,스윔웨어,SW,56103700,36664147,33331007,33331007,11147239,22183768
X,5.0,제휴몰,과시즌의류,스윔웨어 하의,SB,23465665,15462626,14056905,14056905,4958227,9098678
X,5.0,제휴몰,과시즌의류,스커트,SK,2657628,1209268,1099329,1099329,395940,703389
X,5.0,제휴몰,과시즌의류,슬리브리스,SL,361856,253299,230269,230269,79450,150819
X,5.0,제휴몰,과시즌의류,원피스,OP,3964329,2359701,2145185,2145185,710180,1435005
X,5.0,제휴몰,과시즌의류,집업티,ZT,146082,102258,92962,92962,41541,51421
X,5.0,제휴몰,과시즌의류,트레이닝 숏팬츠,TB,2405670,1298526,1180469,1180469,499554,680915
X,5.0,제휴몰,과시즌의류,트레이닝(상의),TR,47671124,21888511,19898642,19898642,7752136,12146506
X,5.0,제휴몰,과시즌의류,트레이닝(하의),TP,41893497,18625110,16931915,16931915,6429348,10502567
X,5.0,제휴몰,과시즌의류,패딩,PD,18338037,11709647,10645147,10645147,3845953,6799194
X,5.0,제휴몰,과시즌의류,팬츠,PT,13093812,6623834,6021660,6021660,2153105,3868555
X,5.0,제휴몰,과시즌의류,후드티,HD,5616803,3102041,2820047,2820047,1007797,1812250
X,5.0,제휴몰,당시즌의류,긴팔카라티셔츠,TL,1727525,1328680,1207890,1207890,302635,905255
X,5.0,제휴몰,당시즌의류,긴팔티셔츠,RL,12091338,8812524,8011364,8011364,2170782,5840582
X,5.0,제휴몰,당시즌의류,다운베스트,DV,28989994,28030273,25482072,25482072,6733849,18748223
X,5.0,제휴몰,당시즌의류,다운점퍼,DJ,1232646344,1054405498,958550098,958550098,310635562,647914536
X,5.0,제휴몰,당시즌의류,레깅스,LG,785361,549752,499775,499775,184595,315180
X,5.0,제휴몰,당시즌의류,맨투맨,MT,59235761,43799846,39818143,39818143,14049184,25768959
X,5.0,제휴몰,당시즌의류,반팔티셔츠,RS,474433,474433,431300,431300,99534,331766
X,5.0,제휴몰,당시즌의류,방풍자켓,WJ,15586595,11606585,10551444,10551444,4049381,6502063
X,5.0,제휴몰,당시즌의류,상하의 세트,AZ,3711030,3036773,2760689,2760689,794989,1965700
X,5.0,제휴몰,당시즌의류,소프트쉘,SS,43091641,40699775,36999759,36999759,9519091,27480668
X,5.0,제휴몰,당시즌의류,스커트,SK,2329278,1902288,1729353,1729353,541030,1188323
X,5.0,제휴몰,당시즌의류,원피스,OP,399381,279567,254151,254151,83728,170423
X,5.0,제휴몰,당시즌의류,점퍼,JP,4706803,3294762,2995242,2995242,1286848,1708394
X,5.0,제휴몰,당시즌의류,집업티,ZT,9688349,6781844,6165309,6165309,2024672,4140637
X,5.0,제휴몰,당시즌의류,트레이닝(상의),TR,14082884,11180802,10164364,10164364,3133318,7031046
X,5.0,제휴몰,당시즌의류,트레이닝(하의),TP,23000614,18489079,16808254,16808254,4933431,11874823
X,5.0,제휴몰,당시즌의류,패딩,PD,18591336,13013935,11830883,11830883,5333995,6496888
X,5.0,제휴몰,당시즌의류,팬츠,PT,13883193,11939224,10853832,10853832,3142339,7711493
X,5.0,제휴몰,당시즌의류,후드티,HD,23306181,16720007,15200002,15200002,5724466,9475536
X,5.0,제휴몰,차시즌의류,긴팔티셔츠,RL,3071752,3071752,2792484,2792484,678963,2113521
X,5.0,제휴몰,차시즌의류,레깅스,LG,87113,87113,79194,79194,23029,56165
X,5.0,제휴몰,차시즌의류,맨투맨,MT,5149071,5149071,4680963,4680963,1261510,3419453
X,5.0,제휴몰,차시즌의류,반팔티셔츠,RS,2644226,2644226,2403836,2403836,665942,1737894
X,5.0,제휴몰,차시즌의류,방풍자켓,WJ,6802885,6802885,6184439,6184439,1624911,4559528
X,5.0,제휴몰,차시즌의류,상하의 세트,AZ,465051,465051,422771,422771,135307,287464
X,5.0,제휴몰,차시즌의류,트레이닝 숏팬츠,TB,211753,211753,192502,192502,53990,138512
X,5.0,제휴몰,차시즌의류,트레이닝(상의),TR,4809999,4809999,4372729,4372729,1093524,3279205
X,5.0,제휴몰,차시즌의류,트레이닝(하의),TP,4237731,4237731,3852488,3852488,924443,2928045
X,5.0,제휴몰,차시즌의류,패딩,PD,10862369,10862369,9874890,9874890,2737980,7136910
X,5.0,제휴몰,차시즌의류,팬츠,PT,3522061,3522061,3201879,3201879,777471,2424408
X,5.0,제휴몰,차시즌의류,후드티,HD,2054536,2054536,1867758,1867758,541852,1325906
X,6.0,대리점,Acc_etc,기타소품류,AC,4206906,2972443,2702234,1841803,827247,1014556
X,6.0,대리점,Acc_etc,다운 스카프,DC,14509069,12339584,11217790,7486121,2279862,5206259
X,6.0,대리점,Acc_etc,마스크,MK,1025258,733320,666688,456246,242404,213842
X,6.0,대리점,Acc_etc,멀티스카프,MS,3201752,2230196,2027427,1344027,640302,703725
X,6.0,대리점,Acc_etc,양말,SO,21889717,18150007,16499957,11061371,4298706,6762665
X,6.0,대리점,Acc_etc,장갑,GL,12614018,11151786,10137969,6712216,3105035,3607181
X,6.0,대리점,Acc_etc,토시,ML,134021,90826,82567,54561,28395,26166
X,6.0,대리점,Bag,가방,BG,9236699,6740901,6128097,4104102,2242114,1861988
X,6.0,대리점,Bag,메신저백,MR,27223603,23188966,21080865,13868435,6417222,7451213
X,6.0,대리점,Bag,바디백,BZ,1314742,1193159,1084674,715159,300337,414822
X,6.0,대리점,Bag,백팩,BK,1092984826,995435982,904940652,595986117,259164284,336821833
X,6.0,대리점,Bag,보스톤백,BW,1034639,490837,446168,298933,223387,75546
X,6.0,대리점,Bag,슬링백,SG,28661644,22779614,20708639,13768962,6137689,7631273
X,6.0,대리점,Bag,크로스백,CR,59338957,46395771,42177756,28154054,13135177,15018877
X,6.0,대리점,Bag,토드백,TG,21703294,16797806,15270807,10082349,5048832,5033517
X,6.0,대리점,Bag,힙색,HS,6494638,4069884,3699902,2510160,1404802,1105358
X,6.0,대리점,Headwear,메시캡,MC,1237010,1214468,1104056,717778,287112,430666
X,6.0,대리점,Headwear,방한모,WM,7657937,6850918,6228122,4131069,1600850,2530219
X,6.0,대리점,Headwear,비니,BN,25047108,21363083,19421016,12908619,5307514,7601105
X,6.0,대리점,Headwear,운동모,CP,77630087,70698462,64271374,42316570,15014020,27302550
X,6.0,대리점,Headwear,햇,HT,6948968,4463167,4057267,2767632,1447845,1319787
X,6.0,대리점,Shoes,슬리퍼,LP,49109165,46125666,41932399,27474988,12293258,15181730
X,6.0,대리점,Shoes,신발,SH,751405206,661248268,601134445,397996083,160834387,237161696
X,6.0,대리점,과시즌의류,긴팔카라티셔츠,TL,2790309,1538556,1398690,940741,398351,542390
X,6.0,대리점,과시즌의류,긴팔티셔츠,RL,6931545,4542105,4129145,2771217,1426058,1345159
X,6.0,대리점,과시즌의류,다운베스트,DV,6829689,3593360,3266686,2234143,986641,1247502
X,6.0,대리점,과시즌의류,다운점퍼,DJ,348598279,180802395,164365797,112314324,50322578,61991746
X,6.0,대리점,과시즌의류,레깅스,LG,1033299,405278,368436,246162,158357,87805
X,6.0,대리점,과시즌의류,맨투맨,MT,52897927,35784851,32531621,21965007,10156237,11808770
X,6.0,대리점,과시즌의류,반팔티셔츠,RS,44076692,30333751,27576019,18387897,8371943,10015954
X,6.0,대리점,과시즌의류,방풍자켓,WJ,133543478,79118305,71925683,48694745,27517995,21176750
X,6.0,대리점,과시즌의류,소프트쉘,SS,59856276,29656921,26960749,18980107,8702048,10278059
X,6.0,대리점,과시즌의류,스윔웨어 하의,SB,92474,64732,58847,41193,17542,23651
X,6.0,대리점,과시즌의류,스커트,SK,942165,419216,381101,255336,145282,110054
X,6.0,대리점,과시즌의류,원피스,OP,3196391,1278556,1162320,802006,463936,338070
X,6.0,대리점,과시즌의류,집업티,ZT,316289,158144,143767,96323,45745,50578
X,6.0,대리점,과시즌의류,트레이닝(상의),TR,98782557,51082927,46438605,31528424,17330905,14197519
X,6.0,대리점,과시즌의류,트레이닝(하의),TP,97273485,52623038,47839025,32273918,16792867,15481051
X,6.0,대리점,과시즌의류,패딩,PD,90727919,59442783,54038863,36348156,18541562,17806594
X,6.0,대리점,과시즌의류,팬츠,PT,33054839,18112923,16466122,11294735,5475908,5818827
X,6.0,대리점,과시즌의류,후드티,HD,23345047,13829303,12572090,8500863,4343914,4156949
X,6.0,대리점,당시즌의류,긴팔카라티셔츠,TL,7108452,6210796,5646208,3781025,1180171,2600854
X,6.0,대리점,당시즌의류,긴팔티셔츠,RL,21210099,15287447,13897626,9512991,4080683,5432308
X,6.0,대리점,당시즌의류,다운베스트,DV,171645532,150882807,137166117,91325500,39945271,51380229
X,6.0,대리점,당시즌의류,다운점퍼,DJ,3366051780,2802231389,2547483037,1703336314,880026860,823309454
X,6.0,대리점,당시즌의류,레깅스,LG,4864947,3405477,3095876,2119268,1168416,950852
X,6.0,대리점,당시즌의류,맨투맨,MT,133847704,105173007,95611820,64393084,30545241,33847843
X,6.0,대리점,당시즌의류,반팔티셔츠,RS,553505,540103,491002,311842,116123,195719
X,6.0,대리점,당시즌의류,방풍자켓,WJ,29243293,20903285,19002985,12922595,7727515,5195080
X,6.0,대리점,당시즌의류,상하의 세트,AZ,5852679,5259397,4781236,3224966,1152884,2072082
X,6.0,대리점,당시즌의류,소프트쉘,SS,166011306,142442659,129493149,86640921,36648963,49991958
X,6.0,대리점,당시즌의류,스커트,SK,3858453,2784278,2531162,1740477,821213,919264
X,6.0,대리점,당시즌의류,원피스,OP,599072,419350,381228,259235,125592,133643
X,6.0,대리점,당시즌의류,점퍼,JP,83027096,58133348,52848487,36111368,20254971,15856397
X,6.0,대리점,당시즌의류,집업티,ZT,42808857,29968545,27244137,18753610,8601574,10152036
X,6.0,대리점,당시즌의류,트레이닝(상의),TR,105972762,83662206,76056535,51419230,23196496,28222734
X,6.0,대리점,당시즌의류,트레이닝(하의),TP,129483994,106652514,96956851,65268903,26852171,38416732
X,6.0,대리점,당시즌의류,패딩,PD,75993696,52906652,48096997,32791180,20585516,12205664
X,6.0,대리점,당시즌의류,팬츠,PT,111050802,93605489,85096038,56968382,23586891,33381491
X,6.0,대리점,당시즌의류,후드티,HD,85233075,64245786,58405188,39510455,20363338,19147117
X,6.0,대리점,차시즌의류,긴팔티셔츠,RL,71136789,68801749,62547071,41070589,14945354,26125235
X,6.0,대리점,차시즌의류,레깅스,LG,348454,322454,293137,192915,92115,100800
X,6.0,대리점,차시즌의류,맨투맨,MT,154226875,150217274,136561083,89543829,36941192,52602637
X,6.0,대리점,차시즌의류,반팔티셔츠,RS,99651010,97053316,88230231,57540719,22805003,34735716
X,6.0,대리점,차시즌의류,방풍자켓,WJ,283319529,270917599,246288713,161730345,67399318,94331027
X,6.0,대리점,차시즌의류,브라,BR,832268,759066,690072,456888,224133,232755
X,6.0,대리점,차시즌의류,상하의 세트,AZ,37005766,35539795,32308901,21386942,10853786,10533156
X,6.0,대리점,차시즌의류,소프트쉘,SS,10654637,10522211,9565638,6237408,2099634,4137774
X,6.0,대리점,차시즌의류,스커트,SK,1435361,1373269,1248431,818374,248404,569970
X,6.0,대리점,차시즌의류,트레이닝 숏팬츠,TB,6776081,6455423,5868586,3879793,1727676,2152117
X,6.0,대리점,차시즌의류,트레이닝(상의),TR,208373875,199998231,181816443,119762363,48676016,71086347
X,6.0,대리점,차시즌의류,트레이닝(하의),TP,231434798,222439604,202217765,133218329,49716115,83502214
X,6.0,대리점,차시즌의류,패딩,PD,211513977,203622469,185111205,122019909,50232746,71787163
X,6.0,대리점,차시즌의류,팬츠,PT,88433487,85303034,77548198,51054143,19612451,31441692
X,6.0,대리점,차시즌의류,후드티,HD,52198340,50701986,46092793,30255441,13497778,16757663
X,7.0,아울렛,Acc_etc,기타소품류,AC,993093,418144,380133,380133,190969,189164
X,7.0,아울렛,Acc_etc,다운 스카프,DC,2547731,1350257,1227513,1227513,600974,626539
X,7.0,아울렛,Acc_etc,멀티스카프,MS,302887,104000,94545,94545,58408,36137
X,7.0,아울렛,Acc_etc,양말,SO,1393680,865800,787059,787059,280934,506125
X,7.0,아울렛,Acc_etc,장갑,GL,1377732,594381,540348,540348,287683,252665
X,7.0,아울렛,Acc_etc,짐백,GY,-226495,-67948,-61771,-61771,-47412,-14359
X,7.0,아울렛,Bag,가방,BG,2821133,1530676,1391528,1391528,650158,741370
X,7.0,아울렛,Bag,메신저백,MR,53425968,28139928,25581783,25581783,11660776,13921007
X,7.0,아울렛,Bag,백팩,BK,1365722090,1175951452,1069045078,1069045078,322050626,746994452
X,7.0,아울렛,Bag,보스톤백,BW,3132061,1540701,1400637,1400637,704495,696142
X,7.0,아울렛,Bag,슬링백,SG,14182059,8682939,7893584,7893584,3135349,4758235
X,7.0,아울렛,Bag,크로스백,CR,15180512,8795155,7995583,7995583,3256932,4738651
X,7.0,아울렛,Bag,토드백,TG,29952262,18362134,16692809,16692809,6559315,10133494
X,7.0,아울렛,Bag,힙색,HS,11138451,4820989,4382713,4382713,2370070,2012643
X,7.0,아울렛,Headwear,비니,BN,8392369,3324917,3022656,3022656,1637253,1385403
X,7.0,아울렛,Headwear,운동모,CP,22338552,13173795,11976080,11976080,4467035,7509045
X,7.0,아울렛,Headwear,햇,HT,9922885,5302391,4820386,4820386,2061615,2758771
X,7.0,아울렛,Shoes,슬리퍼,LP,19107316,15827309,14388441,14388441,4647602,9740839
X,7.0,아울렛,Shoes,신발,SH,427579293,321067541,291879662,291879662,90072268,201807394
X,7.0,아울렛,과시즌의류,긴팔카라티셔츠,TL,6979792,3008226,2734763,2734763,773894,1960869
X,7.0,아울렛,과시즌의류,긴팔티셔츠,RL,29445664,17627192,16024642,16024642,5613915,10410727
X,7.0,아울렛,과시즌의류,니트,KT,1600206,480062,436422,436422,137945,298477
X,7.0,아울렛,과시즌의류,다운베스트,DV,8846699,4929277,4481157,4481157,1258855,3222302
X,7.0,아울렛,과시즌의류,다운점퍼,DJ,1327607974,669069080,608244416,608244416,183486315,424758101
X,7.0,아울렛,과시즌의류,레깅스,LG,662062,288546,262313,262313,100837,161476
X,7.0,아울렛,과시즌의류,맨투맨,MT,360963018,232692179,211537826,211537826,67714937,143822889
X,7.0,아울렛,과시즌의류,반팔티셔츠,RS,236524900,158111141,143737156,143737156,45086469,98650687
X,7.0,아울렛,과시즌의류,방풍자켓,WJ,985153199,571324954,519386160,519386160,191169058,328217102
X,7.0,아울렛,과시즌의류,브라,BR,381959,229175,208342,208342,116011,92331
X,7.0,아울렛,과시즌의류,소프트쉘,SS,138685848,68255360,62050342,62050342,19766399,42283943
X,7.0,아울렛,과시즌의류,스커트,SK,2151030,1001000,909994,909994,329620,580374
X,7.0,아울렛,과시즌의류,원피스,OP,11507008,4602803,4184353,4184353,1670174,2514179
X,7.0,아울렛,과시즌의류,집업티,ZT,395361,197680,179708,179708,57181,122527
X,7.0,아울렛,과시즌의류,트레이닝 숏팬츠,TB,-92474,-55485,-50440,-50440,-22155,-28285
X,7.0,아울렛,과시즌의류,트레이닝(상의),TR,520572161,261944867,238131331,238131331,91170795,146960536
X,7.0,아울렛,과시즌의류,트레이닝(하의),TP,446498980,249541837,226856331,226856331,79416228,147440103
X,7.0,아울렛,과시즌의류,패딩,PD,435879188,282427073,256751857,256751857,86038428,170713429
X,7.0,아울렛,과시즌의류,팬츠,PT,252458608,115110540,104645832,104645832,37627992,67017840
X,7.0,아울렛,과시즌의류,후드티,HD,149808217,90265950,82059943,82059943,30062070,51997873
X,7.0,아울렛,당시즌의류,긴팔카라티셔츠,TL,6487937,4541556,4128683,4128683,1130058,2998625
X,7.0,아울렛,당시즌의류,긴팔티셔츠,RL,15106801,10632041,9665483,9665483,2862299,6803184
X,7.0,아울렛,당시즌의류,다운베스트,DV,76472149,65877486,59888656,59888656,17605737,42282919
X,7.0,아울렛,당시즌의류,다운점퍼,DJ,2497970928,2027538551,1843216366,1843216366,647749483,1195466883
X,7.0,아울렛,당시즌의류,맨투맨,MT,55783391,39774229,36158510,36158510,12312225,23846285
X,7.0,아울렛,당시즌의류,반팔티셔츠,RS,79072,79072,71883,71883,16589,55294
X,7.0,아울렛,당시즌의류,방풍자켓,WJ,47778341,33591457,30537687,30537687,13098754,17438933
X,7.0,아울렛,당시즌의류,상하의 세트,AZ,2620103,1893979,1721801,1721801,575429,1146372
X,7.0,아울렛,당시즌의류,소프트쉘,SS,106207298,85173543,77430457,77430457,22788636,54641821
X,7.0,아울렛,당시즌의류,스커트,SK,1502371,1051660,956053,956053,277516,678537
X,7.0,아울렛,당시즌의류,원피스,OP,798763,559134,508303,508303,167456,340847
X,7.0,아울렛,당시즌의류,점퍼,JP,29338448,20536913,18669918,18669918,7285103,11384815
X,7.0,아울렛,당시즌의류,집업티,ZT,21108243,14775770,13432509,13432509,4248555,9183954
X,7.0,아울렛,당시즌의류,트레이닝(상의),TR,49326278,34718235,31562017,31562017,11501313,20060704
X,7.0,아울렛,당시즌의류,트레이닝(하의),TP,38658239,27258729,24780674,24780674,8661358,16119316
X,7.0,아울렛,당시즌의류,패딩,PD,23869067,16708347,15189437,15189437,6193290,8996147
X,7.0,아울렛,당시즌의류,팬츠,PT,23106490,16265476,14786768,14786768,4800285,9986483
X,7.0,아울렛,당시즌의류,후드티,HD,22270202,15640967,14219051,14219051,4964208,9254843
X,7.0,아울렛,차시즌의류,긴팔티셔츠,RL,962268,896598,815084,815084,204152,610932
X,7.0,아울렛,차시즌의류,맨투맨,MT,3097216,3004768,2731606,2731606,767001,1964605
X,7.0,아울렛,차시즌의류,반팔티셔츠,RS,2563814,2497206,2270183,2270183,564668,1705515
X,7.0,아울렛,차시즌의류,방풍자켓,WJ,13469069,12901787,11728890,11728890,3220353,8508537
X,7.0,아울렛,차시즌의류,상하의 세트,AZ,5299174,5157916,4689004,4689004,1547000,3142004
X,7.0,아울렛,차시즌의류,소프트쉘,SS,4048762,3909032,3553665,3553665,797862,2755803
X,7.0,아울렛,차시즌의류,트레이닝 숏팬츠,TB,105876,105876,96251,96251,26994,69257
X,7.0,아울렛,차시즌의류,트레이닝(상의),TR,10919998,10464676,9513343,9513343,2635337,6878006
X,7.0,아울렛,차시즌의류,트레이닝(하의),TP,9904122,9453330,8593934,8593934,2219461,6374473
X,7.0,아울렛,차시즌의류,패딩,PD,41457930,40839023,37126408,37126408,9924285,27202123
X,7.0,아울렛,차시즌의류,팬츠,PT,5291133,5054627,4595118,4595118,1179806,3415312
X,7.0,아울렛,차시즌의류,후드티,HD,675464,654999,595452,595452,185015,410437
X,8.0,사입,Shoes,신발,SH,482072066,226575198,205977452,205977452,97820471,108156981
X,8.0,사입,과시즌의류,긴팔카라티셔츠,TL,21387006,2780204,2527457,2527457,3060896,-533439
X,8.0,사입,과시즌의류,맨투맨,MT,492041857,63965173,58150183,58150183,67938070,-9787887
X,8.0,사입,과시즌의류,방풍자켓,WJ,4893345074,636133787,578303427,578303427,675576735,-97273308
X,8.0,사입,과시즌의류,브라,BR,119191213,15494697,14086084,14086084,17372959,-3286875
X,8.0,사입,과시즌의류,트레이닝 숏팬츠,TB,537645044,69896456,63542222,63542222,71355047,-7812825
X,8.0,사입,과시즌의류,트레이닝(상의),TR,1740743868,226294518,205722240,205722240,234917914,-29195674
X,8.0,사입,과시즌의류,트레이닝(하의),TP,1462699389,190151309,172864813,172864813,199775341,-26910528
X,8.0,사입,과시즌의류,패딩,PD,502546391,65329945,59390884,59390884,68722005,-9331121
X,8.0,사입,과시즌의류,팬츠,PT,384744972,50016216,45469252,45469252,52283584,-6814332
X,8.0,사입,과시즌의류,후드티,HD,400267237,52034794,47304345,47304345,55829002,-8524657
X,11.0,직영몰,Acc_etc,기타소품류,AC,112577,78804,71639,71639,22684,48955
X,11.0,직영몰,Acc_etc,다운 스카프,DC,572268,546080,496434,496434,87308,409126
X,11.0,직영몰,Acc_etc,양말,SO,482474,427780,388892,388892,94334,294558
X,11.0,직영몰,Acc_etc,장갑,GL,383299,367846,334405,334405,93717,240688
X,11.0,직영몰,Acc_etc,토시,ML,67010,46907,42643,42643,11081,31562
X,11.0,직영몰,Bag,가방,BG,395361,395361,359416,359416,115365,244051
X,11.0,직영몰,Bag,메신저백,MR,3266082,3110229,2827482,2827482,779722,2047760
X,11.0,직영몰,Bag,백팩,BK,217920161,205435473,186759203,186759203,51810075,134949128
X,11.0,직영몰,Bag,슬링백,SG,2906907,2595336,2359398,2359398,623182,1736216
X,11.0,직영몰,Bag,크로스백,CR,3634638,3006336,2733028,2733028,800277,1932751
X,11.0,직영몰,Bag,토드백,TG,3449690,3286426,2987657,2987657,840719,2146938
X,11.0,직영몰,Bag,힙색,HS,0,0,0,0,0,0
X,11.0,직영몰,Headwear,메시캡,MC,262680,262680,238798,238798,60567,178231
X,11.0,직영몰,Headwear,방한모,WM,367216,351000,319091,319091,76255,242836
X,11.0,직영몰,Headwear,비니,BN,1113711,1034036,940038,940038,234882,705156
X,11.0,직영몰,Headwear,운동모,CP,6623298,6408690,5826069,5826069,1250155,4575914
X,11.0,직영몰,Headwear,햇,HT,280103,179454,163141,163141,58374,104767
X,11.0,직영몰,Shoes,슬리퍼,LP,5245566,5068310,4607568,4607568,1381008,3226560
X,11.0,직영몰,Shoes,신발,SH,86358848,80712092,73374681,73374681,18306942,55067739
X,11.0,직영몰,과시즌의류,다운점퍼,DJ,20877728,11682575,10620521,10620521,3028625,7591896
X,11.0,직영몰,과시즌의류,방풍자켓,WJ,587010,293505,266823,266823,84728,182095
X,11.0,직영몰,과시즌의류,소프트쉘,SS,6103298,2950597,2682364,2682364,883816,1798548
X,11.0,직영몰,과시즌의류,트레이닝(상의),TR,1972783,789113,717377,717377,291783,425594
X,11.0,직영몰,당시즌의류,긴팔카라티셔츠,TL,1023917,753223,684747,684747,185609,499138
X,11.0,직영몰,당시즌의류,긴팔티셔츠,RL,264021,157072,142792,142792,43023,99769
X,11.0,직영몰,당시즌의류,다운베스트,DV,12820410,11812454,10738602,10738602,2995211,7743391
X,11.0,직영몰,당시즌의류,다운점퍼,DJ,318726429,272766976,247969939,247969939,82012111,165957828
X,11.0,직영몰,당시즌의류,맨투맨,MT,4225669,3152566,2865978,2865978,984266,1881712
X,11.0,직영몰,당시즌의류,방풍자켓,WJ,40206,-47845,-43495,-43495,6655,-50150
X,11.0,직영몰,당시즌의류,소프트쉘,SS,13352471,11826593,10751440,10751440,2927378,7824062
X,11.0,직영몰,당시즌의류,스커트,SK,159485,111639,101490,101490,28407,73083
X,11.0,직영몰,당시즌의류,점퍼,JP,4974844,3482391,3165810,3165810,1238531,1927279
X,11.0,직영몰,당시즌의류,집업티,ZT,2565154,1795608,1632369,1632369,532055,1100314
X,11.0,직영몰,당시즌의류,트레이닝(상의),TR,3089175,2296966,2088152,2088152,680327,1407825
X,11.0,직영몰,당시즌의류,트레이닝(하의),TP,4198865,3168903,2880820,2880820,884269,1996551
X,11.0,직영몰,당시즌의류,패딩,PD,3551546,2486082,2260080,2260080,998132,1261948
X,11.0,직영몰,당시즌의류,팬츠,PT,4846185,4283968,3894520,3894520,1133237,2761283
X,11.0,직영몰,당시즌의류,후드티,HD,2936391,2161484,1964986,1964986,655849,1309137
X,11.0,직영몰,차시즌의류,긴팔티셔츠,RL,6051030,6018704,5471519,5471519,1256048,4215471
X,11.0,직영몰,차시즌의류,맨투맨,MT,12040410,11954918,10868097,10868097,2882791,7985306
X,11.0,직영몰,차시즌의류,반팔티셔츠,RS,9416287,9371899,8519882,8519882,2102999,6416883
X,11.0,직영몰,차시즌의류,방풍자켓,WJ,45532156,45121610,41019635,41019635,10864922,30154713
X,11.0,직영몰,차시즌의류,상하의 세트,AZ,2755463,2742061,2492779,2492779,804121,1688658
X,11.0,직영몰,차시즌의류,소프트쉘,SS,852371,837039,760942,760942,167971,592971
X,11.0,직영몰,차시즌의류,스커트,SK,318969,318969,289972,289972,55200,234772
X,11.0,직영몰,차시즌의류,트레이닝 숏팬츠,TB,105876,105876,96251,96251,26994,69257
X,11.0,직영몰,차시즌의류,트레이닝(상의),TR,14979481,14831670,13483348,13483348,3501652,9981696
X,11.0,직영몰,차시즌의류,트레이닝(하의),TP,17314120,17118892,15562651,15562651,3713491,11849160
X,11.0,직영몰,차시즌의류,패딩,PD,24985459,24709323,22463048,22463048,5696037,16767011
X,11.0,직영몰,차시즌의류,팬츠,PT,8961957,8784567,7985987,7985987,2017440,5968547
X,11.0,직영몰,차시즌의류,후드티,HD,2400309,2369913,2154467,2154467,643371,1511096
X,12.0,아울렛,Acc_etc,기타소품류,AC,365876,146350,133048,133048,62554,70494
X,12.0,아울렛,Acc_etc,다운 스카프,DC,92474,55485,50440,50440,21828,28612
X,12.0,아울렛,Acc_etc,양말,SO,243917,128660,116970,116970,48832,68138
X,12.0,아울렛,Bag,메신저백,MR,1329484,648794,589810,589810,289878,299932
X,12.0,아울렛,Bag,백팩,BK,6721133,3301731,3001577,3001577,1235305,1766272
X,12.0,아울렛,Bag,보스톤백,BW,265361,106144,96495,96495,55409,41086
X,12.0,아울렛,Bag,슬링백,SG,477113,238557,216872,216872,106713,110159
X,12.0,아울렛,Bag,크로스백,CR,1458144,739660,672419,672419,308804,363615
X,12.0,아울렛,Bag,토드백,TG,2750103,1407618,1279655,1279655,492768,786887
X,12.0,아울렛,Bag,힙색,HS,238557,116598,105998,105998,51761,54237
X,12.0,아울렛,Headwear,비니,BN,301546,78402,71276,71276,51806,19470
X,12.0,아울렛,Headwear,운동모,CP,277423,117536,106851,106851,49501,57350
X,12.0,아울렛,Headwear,햇,HT,919381,436639,396945,396945,182567,214378
X,12.0,아울렛,Shoes,슬리퍼,LP,392680,274876,249885,249885,87927,161958
X,12.0,아울렛,Shoes,신발,SH,10729689,4325917,3932665,3932665,2273240,1659425
X,12.0,아울렛,과시즌의류,긴팔카라티셔츠,TL,691546,207464,188604,188604,55944,132660
X,12.0,아울렛,과시즌의류,긴팔티셔츠,RL,18738759,7675761,6978007,6978007,2594048,4383959
X,12.0,아울렛,과시즌의류,니트,KT,800103,240031,218211,218211,69211,149000
X,12.0,아울렛,과시즌의류,다운베스트,DV,2771546,961866,874417,874417,229600,644817
X,12.0,아울렛,과시즌의류,다운점퍼,DJ,106691112,35536096,32305529,32305529,9765133,22540396
X,12.0,아울렛,과시즌의류,맨투맨,MT,41047827,16962584,15420538,15420538,5735683,9684855
X,12.0,아울렛,과시즌의류,반팔티셔츠,RS,15195255,10314493,9376796,9376796,2921583,6455213
X,12.0,아울렛,과시즌의류,방풍자켓,WJ,78743798,27990468,25445833,25445833,10127905,15317928
X,12.0,아울렛,과시즌의류,소프트쉘,SS,852371,277021,251838,251838,84063,167775
X,12.0,아울렛,과시즌의류,트레이닝(상의),TR,94016785,29448478,26771414,26771414,12014071,14757343
X,12.0,아울렛,과시즌의류,트레이닝(하의),TP,62418750,21688418,19716674,19716674,8772345,10944329
X,12.0,아울렛,과시즌의류,패딩,PD,30563396,12716544,11560512,11560512,4451018,7109494
X,12.0,아울렛,과시즌의류,팬츠,PT,38276281,10924152,9931061,9931061,3988032,5943029
X,12.0,아울렛,과시즌의류,후드티,HD,20647212,8446648,7678755,7678755,2975099,4703656
X,99.0,기타,Acc_etc,기타소품류,AC,52268,36588,33261,33261,10391,22870
X,99.0,기타,Acc_etc,다운 스카프,DC,191649,31924,29022,29022,27687,1335
X,99.0,기타,Acc_etc,양말,SO,30825,7880,7165,7165,7066,99
X,99.0,기타,Acc_etc,장갑,GL,554845,168236,152944,152944,137717,15227
X,99.0,기타,Bag,백팩,BK,1904433,1118080,1016430,1016430,436512,579918
X,99.0,기타,Bag,슬링백,SG,119278,27126,24660,24660,26830,-2170
X,99.0,기타,Bag,크로스백,CR,357835,146833,133485,133485,78813,54672
X,99.0,기타,Headwear,방한모,WM,113918,27099,24637,24637,22092,2545
X,99.0,기타,Headwear,운동모,CP,305567,119225,108374,108374,56637,51737
X,99.0,기타,Shoes,슬리퍼,LP,158144,40099,36454,36454,35214,1240
X,99.0,기타,Shoes,신발,SH,12119482,3349362,3044845,3044845,2625896,418949
X,99.0,기타,과시즌의류,다운점퍼,DJ,7253194,1996009,1814524,1814524,1053585,760939
X,99.0,기타,과시즌의류,레깅스,LG,119278,43369,39432,39432,17484,21948
X,99.0,기타,과시즌의류,맨투맨,MT,92474,23226,21116,21116,18634,2482
X,99.0,기타,과시즌의류,팬츠,PT,4048762,952163,865599,865599,590401,275198
X,99.0,기타,과시즌의류,후드티,HD,132680,120619,109654,109654,19298,90356
X,99.0,기타,당시즌의류,긴팔티셔츠,RL,105876,67372,61251,61251,16400,44851
X,99.0,기타,당시즌의류,다운베스트,DV,1464845,577334,524843,524843,329026,195817
X,99.0,기타,당시즌의류,다운점퍼,DJ,141580692,42213229,38375644,38375644,32615125,5760519
X,99.0,기타,당시즌의류,맨투맨,MT,979691,337812,307108,307108,222053,85055
X,99.0,기타,당시즌의류,반팔티셔츠,RS,79072,55351,50318,50318,16589,33729
X,99.0,기타,당시즌의류,소프트쉘,SS,452990,230167,209237,209237,101070,108167
X,99.0,기타,당시즌의류,점퍼,JP,2487422,706047,641858,641858,605446,36412
X,99.0,기타,당시즌의류,트레이닝(상의),TR,5862061,1650303,1500276,1500276,1407496,92780
X,99.0,기타,당시즌의류,트레이닝(하의),TP,7210308,2179537,1981402,1981402,1709784,271618
X,99.0,기타,당시즌의류,팬츠,PT,14689997,4077335,3706673,3706673,3244748,461925
X,99.0,기타,당시즌의류,후드티,HD,584330,160932,146302,146302,130784,15518
X,99.0,기타,차시즌의류,반팔티셔츠,RS,60309,42216,38378,38378,13815,24563
X,99.0,기타,차시즌의류,방풍자켓,WJ,280103,196072,178247,178247,70992,107255
X,99.0,기타,차시즌의류,트레이닝(상의),TR,0,0,0,0,0,0
X,99.0,기타,차시즌의류,트레이닝(하의),TP,584330,409031,371843,371843,133648,238195
X,99.0,기타,차시즌의류,패딩,PD,239897,167928,152662,152662,78174,74488
X,99.0,기타,차시즌의류,팬츠,PT,172887,121021,110018,110018,37637,72381
