브랜드,유통채널,채널명,아이템_중분류,아이템_소분류,아이템코드,합계 : 판매금액(TAG가),합계 : 실판매액,합계 : 실판매액(V-),합계 : 출고매출액(V-) Actual,매출원가(평가감환입반영),매출총이익
I,1.0,백화점,Acc_etc,기타,ET,2546000,2300130,2090996,1332532,635256,697276
I,1.0,백화점,Acc_etc,머플러(스카프),MF,697000,602800,547998,345238,136779,208459
I,1.0,백화점,Acc_etc,양말,SO,7633200,7275310,6613756,4223728,1807412,2416316
I,1.0,백화점,Acc_etc,장갑,GL,1269000,1200090,1090998,691448,320352,371096
I,1.0,백화점,Bag,가방,BG,1683000,1584820,1440726,915667,423768,491899
I,1.0,백화점,Bag,백팩,BK,559980000,467699770,425181987,271012774,127159522,143853252
I,1.0,백화점,Bag,보조가방,UB,8183000,7337970,6670895,4244314,2030599,2213715
I,1.0,백화점,Bag,슬링백,SG,1264000,1177100,1070089,678106,277264,400842
I,1.0,백화점,Bag,크로스백,CR,1123565000,1104143970,1003767278,634952388,285376685,349575703
I,1.0,백화점,Bag,힙색,HS,413000,377600,343270,220175,81146,139029
I,1.0,백화점,Headwear,방한모,WM,5590000,5088490,4625898,2956738,1093521,1863217
I,1.0,백화점,Headwear,비니,BN,14173000,13271730,12065160,7674400,2640677,5033723
I,1.0,백화점,Headwear,와이어캡,WR,1176000,1073590,975982,622428,225538,396890
I,1.0,백화점,Headwear,운동모,CP,120985000,114246420,103860093,66404322,25569717,40834605
I,1.0,백화점,Headwear,햇,HT,2093000,1873030,1702777,1086998,410818,676180
I,1.0,백화점,Shoes,런닝화,RN,174547000,147354630,133958736,85549123,43129711,42419412
I,1.0,백화점,Shoes,방한화,WB,8183000,6951150,6319214,3979008,2020106,1958902
I,1.0,백화점,Shoes,스니커즈,SX,30318000,27407240,24915686,15882423,6673744,9208679
I,1.0,백화점,Shoes,신발,SH,132894000,125009590,113645163,72684805,30483233,42201572
I,1.0,백화점,과시즌의류,맨투맨,MT,48793000,24396380,22178486,14932407,12553630,2378777
I,1.0,백화점,과시즌의류,맨투맨셋트,S2,129591000,64795060,58904536,41017474,34906416,6111058
I,1.0,백화점,과시즌의류,반팔카라티셔츠,TS,1287000,1220880,1109908,702782,302765,400017
I,1.0,백화점,과시즌의류,반팔티 & 스웨트팬츠,S1,69000,62100,56454,35566,17549,18017
I,1.0,백화점,과시즌의류,베이비,BV,4248000,4109780,3736154,2375006,1280593,1094413
I,1.0,백화점,과시즌의류,점퍼,JP,11456000,5727980,5207234,3677622,3233696,443926
I,1.0,백화점,당시즌의류,다운베스트,DV,6343000,5781900,5256270,3349008,1735962,1613046
I,1.0,백화점,당시즌의류,다운점퍼,DJ,120238000,107100550,97364109,62113865,30595660,31518205
I,1.0,백화점,당시즌의류,레깅스,LG,158000,142200,129272,82878,44992,37886
I,1.0,백화점,당시즌의류,맨투맨,MT,21644000,19162990,17420858,11060359,5955405,5104954
I,1.0,백화점,당시즌의류,맨투맨셋트,S2,35103000,31826600,28933271,18432840,9592486,8840354
I,1.0,백화점,당시즌의류,반팔카라티셔츠,TS,480000,408600,371455,234015,128750,105265
I,1.0,백화점,당시즌의류,방풍자켓,WJ,139000,125100,113727,71648,35811,35837
I,1.0,백화점,당시즌의류,스커트,SK,89000,80100,72818,45875,24915,20960
I,1.0,백화점,당시즌의류,우븐팬츠,WP,9604000,8314510,7558620,4795056,2508224,2286832
I,1.0,백화점,당시즌의류,점퍼,JP,2584000,2305150,2095591,1326482,656505,669977
I,1.0,백화점,당시즌의류,진바지,DP,5016000,4434430,4031300,2562492,1227780,1334712
I,1.0,백화점,당시즌의류,패딩,PD,3816000,3634190,3303805,2095301,1088667,1006634
I,1.0,백화점,당시즌의류,팬츠,PT,8001000,7170680,6518751,4159886,2091405,2068481
I,1.0,백화점,당시즌의류,폴라폴리스점퍼,FD,1529000,1348300,1225727,779788,426569,353219
I,1.0,백화점,당시즌의류,후드티,HD,4229000,3867280,3515708,2219478,1177363,1042115
I,1.0,백화점,차시즌의류,맨투맨,MT,98746000,92168210,83789273,53353349,25602540,27750809
I,1.0,백화점,차시즌의류,맨투맨셋트,S2,379455000,355981840,323619544,206653194,96037984,110615210
I,1.0,백화점,차시즌의류,반바지,SP,2853000,2547020,2315471,1467742,609643,858099
I,1.0,백화점,차시즌의류,반팔카라티셔츠,TS,57406000,53088920,48262602,30740975,13637401,17103574
I,1.0,백화점,차시즌의류,반팔티 & 스웨트팬츠,S1,9055000,8491790,7719790,4975749,2196362,2779387
I,1.0,백화점,차시즌의류,방풍자켓,WJ,44422000,41445100,37677397,24038640,10677175,13361465
I,1.0,백화점,차시즌의류,스커트,SK,3385000,3129270,2844806,1807940,820135,987805
I,1.0,백화점,차시즌의류,우븐반바지,SM,4444000,4117280,3742977,2392153,1035397,1356756
I,1.0,백화점,차시즌의류,우븐셔츠,WS,6360000,6013130,5466489,3474903,1331697,2143206
I,1.0,백화점,차시즌의류,우븐팬츠,WP,50494000,47209290,42917448,27413016,12317662,15095354
I,1.0,백화점,차시즌의류,원피스,OP,1980000,1863730,1694281,1080878,513387,567491
I,1.0,백화점,차시즌의류,점퍼,JP,242923000,225220440,204745845,130397717,58469468,71928249
I,1.0,백화점,차시즌의류,진바지,DP,63469000,58882850,53529781,34089351,16312291,17777060
I,1.0,백화점,차시즌의류,진자켓,DK,796000,736300,669365,428574,140825,287749
I,1.0,백화점,차시즌의류,팬츠,PT,39745000,36946620,33587813,21439478,9554544,11884934
I,1.0,백화점,차시즌의류,폴로 티셔츠,PQ,7209000,6750120,6136467,3941224,1641741,2299483
I,1.0,백화점,차시즌의류,후드티,HD,54919000,50997730,46361541,29578092,13518762,16059330
I,2.0,면세점,Acc_etc,기타,ET,29000,29000,26363,15818,7132,8686
I,2.0,면세점,Acc_etc,머플러(스카프),MF,531000,531000,482733,289638,125751,163887
I,2.0,면세점,Acc_etc,양말,SO,905200,914150,831036,498618,228750,269868
I,2.0,면세점,Bag,백팩,BK,29433000,28381800,25801641,15480987,6502651,8978336
I,2.0,면세점,Bag,보조가방,UB,294000,294000,267270,160362,72955,87407
I,2.0,면세점,Bag,슬링백,SG,553000,553000,502726,301637,121304,180333
I,2.0,면세점,Bag,크로스백,CR,118033000,118032880,107302601,64381263,27965300,36415963
I,2.0,면세점,Headwear,방한모,WM,1681000,1660300,1509362,905614,315082,590532
I,2.0,면세점,Headwear,비니,BN,9816000,9816000,8923615,5354166,2029880,3324286
I,2.0,면세점,Headwear,와이어캡,WR,1225000,1225000,1113625,668175,225608,442567
I,2.0,면세점,Headwear,운동모,CP,114909000,114908980,104461955,62677070,23794681,38882389
I,2.0,면세점,Headwear,햇,HT,2222000,2222000,2020015,1212001,412674,799327
I,2.0,면세점,Shoes,런닝화,RN,21861000,21861000,19873578,11924121,5264244,6659877
I,2.0,면세점,Shoes,방한화,WB,247000,247000,224544,134726,59255,75471
I,2.0,면세점,Shoes,스니커즈,SX,12790000,12790000,11627218,6976323,2713103,4263220
I,2.0,면세점,Shoes,신발,SH,13881000,13881000,12619043,7571419,3139371,4432048
I,2.0,면세점,과시즌의류,반팔카라티셔츠,TS,-33000,-23100,-21000,-12600,-7355,-5245
I,2.0,면세점,과시즌의류,베이비,BV,236000,236000,214548,128728,71144,57584
I,2.0,면세점,과시즌의류,우븐반바지,SM,-49000,-24500,-22273,-13364,-10621,-2743
I,2.0,면세점,당시즌의류,다운베스트,DV,417000,417000,379089,227454,115349,112105
I,2.0,면세점,당시즌의류,다운점퍼,DJ,41205000,41205000,37459100,22475458,10527585,11947873
I,2.0,면세점,당시즌의류,맨투맨,MT,4447000,4447000,4042726,2425618,1231652,1193966
I,2.0,면세점,당시즌의류,맨투맨셋트,S2,2899000,2899000,2635459,1581278,791098,790180
I,2.0,면세점,당시즌의류,반팔카라티셔츠,TS,295000,295000,268185,160910,89279,71631
I,2.0,면세점,당시즌의류,반팔티 & 스웨트팬츠,S1,159000,159000,144545,86727,44660,42067
I,2.0,면세점,당시즌의류,우븐팬츠,WP,1268000,1268000,1152718,691631,323977,367654
I,2.0,면세점,당시즌의류,점퍼,JP,537000,537000,488181,292908,123195,169713
I,2.0,면세점,당시즌의류,진바지,DP,218000,218000,198180,118908,50432,68476
I,2.0,면세점,당시즌의류,패딩,PD,159000,159000,144545,86727,45361,41366
I,2.0,면세점,당시즌의류,팬츠,PT,356000,356000,323636,194182,94636,99546
I,2.0,면세점,당시즌의류,폴라폴리스점퍼,FD,973000,973000,884541,530726,271453,259273
I,2.0,면세점,당시즌의류,후드티,HD,820000,820000,745452,447270,234571,212699
I,2.0,면세점,차시즌의류,맨투맨,MT,22303000,22303000,20275369,12165186,5419927,6745259
I,2.0,면세점,차시즌의류,맨투맨셋트,S2,34929000,34929000,31753713,19052203,8663428,10388775
I,2.0,면세점,차시즌의류,반바지,SP,294000,294000,267270,160362,61351,99011
I,2.0,면세점,차시즌의류,반팔카라티셔츠,TS,42163000,42162980,38329865,22997894,10161955,12835939
I,2.0,면세점,차시즌의류,반팔티 & 스웨트팬츠,S1,1485000,1485000,1350000,810000,330779,479221
I,2.0,면세점,차시즌의류,방풍자켓,WJ,13929000,13929000,12662745,7597660,3336715,4260945
I,2.0,면세점,차시즌의류,스커트,SK,623000,623000,566363,339815,148269,191546
I,2.0,면세점,차시즌의류,우븐반바지,SM,2432000,2432000,2210888,1326532,595020,731512
I,2.0,면세점,차시즌의류,우븐셔츠,WS,954000,954000,867270,520362,199754,320608
I,2.0,면세점,차시즌의류,우븐팬츠,WP,3758000,3758000,3416360,2049820,935430,1114390
I,2.0,면세점,차시즌의류,원피스,OP,1485000,1485000,1350000,810000,385042,424958
I,2.0,면세점,차시즌의류,점퍼,JP,26521000,26521000,24109945,14465942,6394696,8071246
I,2.0,면세점,차시즌의류,진바지,DP,3447000,3447000,3133629,1880178,942003,938175
I,2.0,면세점,차시즌의류,진자켓,DK,398000,398000,361818,217090,70412,146678
I,2.0,면세점,차시즌의류,팬츠,PT,3248000,3248000,2952750,1771639,719136,1052503
I,2.0,면세점,차시즌의류,후드티,HD,7465000,7465000,6786345,4071790,1841893,2229897
I,3.0,직영점(가두),Acc_etc,기타,ET,165000,165000,150001,150001,37493,112508
I,3.0,직영점(가두),Acc_etc,머플러(스카프),MF,59000,59000,53636,53636,13972,39664
I,3.0,직영점(가두),Acc_etc,양말,SO,231800,230020,209107,209107,58055,151052
I,3.0,직영점(가두),Acc_etc,장갑,GL,354000,354000,321816,321816,92517,229299
I,3.0,직영점(가두),Bag,백팩,BK,7904000,7740700,7036999,7036999,1697636,5339363
I,3.0,직영점(가두),Bag,보조가방,UB,245000,245000,222725,222725,60797,161928
I,3.0,직영점(가두),Bag,크로스백,CR,1106000,1106000,1005453,1005453,234047,771406
I,3.0,직영점(가두),Bag,힙색,HS,118000,118000,107272,107272,23185,84087
I,3.0,직영점(가두),Headwear,방한모,WM,451000,451000,409999,409999,92482,317517
I,3.0,직영점(가두),Headwear,비니,BN,1745000,1745000,1586358,1586358,364750,1221608
I,3.0,직영점(가두),Headwear,와이어캡,WR,98000,98000,89090,89090,18048,71042
I,3.0,직영점(가두),Headwear,운동모,CP,9442000,9422000,8565443,8565443,1982472,6582971
I,3.0,직영점(가두),Headwear,햇,HT,165000,165000,150000,150000,30285,119715
I,3.0,직영점(가두),Shoes,런닝화,RN,4546000,4546000,4132728,4132728,1106015,3026713
I,3.0,직영점(가두),Shoes,방한화,WB,534000,534000,485454,485454,112218,373236
I,3.0,직영점(가두),Shoes,스니커즈,SX,1232000,1232000,1119999,1119999,285929,834070
I,3.0,직영점(가두),Shoes,신발,SH,5035000,5026790,4569808,4569808,1168455,3401353
I,3.0,직영점(가두),과시즌의류,베이비,BV,1534000,1534000,1394536,1394536,462438,932098
I,3.0,직영점(가두),당시즌의류,다운베스트,DV,139000,139000,126364,126364,38449,87915
I,3.0,직영점(가두),당시즌의류,다운점퍼,DJ,8399000,8399000,7635455,7635455,2128875,5506580
I,3.0,직영점(가두),당시즌의류,레깅스,LG,79000,79000,71818,71818,22496,49322
I,3.0,직영점(가두),당시즌의류,맨투맨,MT,2163000,2163000,1966359,1966359,599507,1366852
I,3.0,직영점(가두),당시즌의류,맨투맨셋트,S2,1539000,1539000,1399095,1399095,423296,975799
I,3.0,직영점(가두),당시즌의류,우븐팬츠,WP,188000,182280,165705,165705,48878,116827
I,3.0,직영점(가두),당시즌의류,점퍼,JP,0,0,0,0,0,0
I,3.0,직영점(가두),당시즌의류,진바지,DP,585000,585000,531819,531819,145179,386640
I,3.0,직영점(가두),당시즌의류,패딩,PD,159000,159000,144545,144545,45361,99184
I,3.0,직영점(가두),당시즌의류,팬츠,PT,257000,257000,233636,233636,64782,168854
I,3.0,직영점(가두),당시즌의류,폴라폴리스점퍼,FD,278000,278000,252728,252728,77558,175170
I,3.0,직영점(가두),당시즌의류,후드티,HD,99000,99000,90000,90000,24797,65203
I,3.0,직영점(가두),차시즌의류,맨투맨,MT,3470000,3460000,3145442,3145442,890842,2254600
I,3.0,직영점(가두),차시즌의류,맨투맨셋트,S2,12406000,12406000,11278210,11278210,3148368,8129842
I,3.0,직영점(가두),차시즌의류,반바지,SP,245000,245000,222725,222725,51128,171597
I,3.0,직영점(가두),차시즌의류,반팔카라티셔츠,TS,5349000,5349000,4862700,4862700,1225232,3637468
I,3.0,직영점(가두),차시즌의류,반팔티 & 스웨트팬츠,S1,1476000,1470740,1337033,1337033,377667,959366
I,3.0,직영점(가두),차시즌의류,방풍자켓,WJ,3038000,3028000,2752732,2752732,733409,2019323
I,3.0,직영점(가두),차시즌의류,스커트,SK,276000,276000,250908,250908,67731,183177
I,3.0,직영점(가두),차시즌의류,우븐반바지,SM,472000,472000,429088,429088,109106,319982
I,3.0,직영점(가두),차시즌의류,우븐팬츠,WP,1425000,1425000,1295454,1295454,361155,934299
I,3.0,직영점(가두),차시즌의류,원피스,OP,297000,297000,270000,270000,77008,192992
I,3.0,직영점(가두),차시즌의류,점퍼,JP,10108000,10108000,9189084,9189084,2436770,6752314
I,3.0,직영점(가두),차시즌의류,진바지,DP,1515000,1515000,1377273,1377273,410420,966853
I,3.0,직영점(가두),차시즌의류,팬츠,PT,1360000,1355730,1232472,1232472,320584,911888
I,3.0,직영점(가두),차시즌의류,폴로 티셔츠,PQ,178000,178000,161818,161818,40536,121282
I,3.0,직영점(가두),차시즌의류,후드티,HD,1999000,1994270,1812968,1812968,482994,1329974
I,4.0,자사몰,Acc_etc,기타,ET,147000,125130,113755,113755,40257,73498
I,4.0,자사몰,Acc_etc,머플러(스카프),MF,65000,65000,59091,59091,11857,47234
I,4.0,자사몰,Acc_etc,양말,SO,593500,491940,447217,447217,136869,310348
I,4.0,자사몰,Acc_etc,장갑,GL,295000,265060,240964,240964,66078,174886
I,4.0,자사몰,Bag,가방,BG,264000,237440,215855,215855,66475,149380
I,4.0,자사몰,Bag,백팩,BK,75548000,62518770,56835239,56835239,16703428,40131811
I,4.0,자사몰,Bag,보조가방,UB,1519000,1332680,1211522,1211522,376941,834581
I,4.0,자사몰,Bag,슬링백,SG,79000,74050,67318,67318,17329,49989
I,4.0,자사몰,Bag,크로스백,CR,1750000,1561490,1419535,1419535,379577,1039958
I,4.0,자사몰,Bag,힙색,HS,118000,108010,98190,98190,23185,75005
I,4.0,자사몰,Headwear,방한모,WM,581000,515640,468763,468763,120450,348313
I,4.0,자사몰,Headwear,비니,BN,1149000,911070,828245,828245,222005,606240
I,4.0,자사몰,Headwear,와이어캡,WR,196000,161190,146536,146536,38017,108519
I,4.0,자사몰,Headwear,운동모,CP,4932000,3747842,3412006,3412006,1031529,2380477
I,4.0,자사몰,Headwear,햇,HT,590000,541300,492093,492093,124350,367743
I,4.0,자사몰,Shoes,런닝화,RN,12113000,10588970,9626337,9626337,2956548,6669789
I,4.0,자사몰,Shoes,방한화,WB,564000,424060,385509,385509,135689,249820
I,4.0,자사몰,Shoes,샌들,SD,118000,38060,34600,34600,30225,4375
I,4.0,자사몰,Shoes,스니커즈,SX,2805000,2507990,2279987,2279987,605729,1674258
I,4.0,자사몰,Shoes,신발,SH,16051000,13641740,12401573,12401573,3814528,8587045
I,4.0,자사몰,과시즌의류,맨투맨,MT,3713000,720230,654756,654756,411312,243444
I,4.0,자사몰,과시즌의류,반팔카라티셔츠,TS,583000,149280,135711,135711,64672,71039
I,4.0,자사몰,과시즌의류,방풍자켓,WJ,973000,445460,404965,404965,207229,197736
I,4.0,자사몰,과시즌의류,베이비,BV,25960000,21077950,19161776,19161776,7825886,11335890
I,4.0,자사몰,과시즌의류,팬츠,PT,3160000,631150,573773,573773,343290,230483
I,4.0,자사몰,당시즌의류,다운베스트,DV,685000,605200,550182,550182,188865,361317
I,4.0,자사몰,당시즌의류,다운점퍼,DJ,6682000,6518240,5925675,5925675,1736767,4188908
I,4.0,자사몰,당시즌의류,맨투맨,MT,1362000,1228710,1117008,1117008,366789,750219
I,4.0,자사몰,당시즌의류,맨투맨셋트,S2,8339000,7584490,6894993,6894993,2350751,4544242
I,4.0,자사몰,당시즌의류,반팔카라티셔츠,TS,916000,843810,767100,767100,256014,511086
I,4.0,자사몰,당시즌의류,반팔티 & 스웨트팬츠,S1,1033000,953640,866944,866944,278928,588016
I,4.0,자사몰,당시즌의류,방풍자켓,WJ,139000,116000,105455,105455,35811,69644
I,4.0,자사몰,당시즌의류,우븐팬츠,WP,317000,316960,288146,288146,85937,202209
I,4.0,자사몰,당시즌의류,점퍼,JP,1432000,1295530,1177754,1177754,328522,849232
I,4.0,자사몰,당시즌의류,진바지,DP,-10000,-11490,-10445,-10445,-3628,-6817
I,4.0,자사몰,당시즌의류,진자켓,DK,-30000,-8240,-7491,-7491,-4964,-2527
I,4.0,자사몰,당시즌의류,패딩,PD,318000,290140,263763,263763,90722,173041
I,4.0,자사몰,당시즌의류,팬츠,PT,335000,262940,239036,239036,87173,151863
I,4.0,자사몰,당시즌의류,폴로 티셔츠,PQ,89000,88320,80291,80291,24658,55633
I,4.0,자사몰,당시즌의류,후드티,HD,821000,756190,687446,687446,235254,452192
I,4.0,자사몰,차시즌의류,맨투맨,MT,5261000,4714520,4285925,4285925,1346381,2939544
I,4.0,자사몰,차시즌의류,맨투맨셋트,S2,38012000,35251050,32046433,32046433,9607419,22439014
I,4.0,자사몰,차시즌의류,반팔카라티셔츠,TS,3023000,2732090,2483715,2483715,749212,1734503
I,4.0,자사몰,차시즌의류,방풍자켓,WJ,2045000,1893070,1720972,1720972,546994,1173978
I,4.0,자사몰,차시즌의류,스커트,SK,227000,190160,172873,172873,54755,118118
I,4.0,자사몰,차시즌의류,우븐팬츠,WP,1137000,1103860,1003511,1003511,271779,731732
I,4.0,자사몰,차시즌의류,원피스,OP,99000,86600,78727,78727,25669,53058
I,4.0,자사몰,차시즌의류,점퍼,JP,7701000,7014080,6376436,6376436,1821792,4554644
I,4.0,자사몰,차시즌의류,진바지,DP,3019000,2813680,2557894,2557894,799959,1757935
I,4.0,자사몰,차시즌의류,팬츠,PT,2188000,1953080,1775530,1775530,513966,1261564
I,4.0,자사몰,차시즌의류,폴로 티셔츠,PQ,623000,567300,515729,515729,141880,373849
I,4.0,자사몰,차시즌의류,후드티,HD,3316000,3052050,2774592,2774592,806458,1968134
I,5.0,제휴몰,Acc_etc,기타,ET,948000,948000,861818,861818,274194,587624
I,5.0,제휴몰,Acc_etc,머플러(스카프),MF,195000,195000,177273,177273,35573,141700
I,5.0,제휴몰,Acc_etc,양말,SO,1805700,1805700,1641583,1641583,446028,1195555
I,5.0,제휴몰,Acc_etc,장갑,GL,157000,157000,142726,142726,36018,106708
I,5.0,제휴몰,Bag,가방,BG,792000,792000,720000,720000,199422,520578
I,5.0,제휴몰,Bag,백팩,BK,154995000,126510350,115009432,115009432,36386490,78622942
I,5.0,제휴몰,Bag,보조가방,UB,2156000,2156000,1959980,1959980,535012,1424968
I,5.0,제휴몰,Bag,슬링백,SG,158000,158000,143636,143636,34658,108978
I,5.0,제휴몰,Bag,크로스백,CR,2540000,2525300,2295717,2295717,596649,1699068
I,5.0,제휴몰,Bag,힙색,HS,118000,118000,107272,107272,23185,84087
I,5.0,제휴몰,Headwear,방한모,WM,2556000,2556000,2323626,2323626,517939,1805687
I,5.0,제휴몰,Headwear,비니,BN,4225000,4225000,3840905,3840905,848497,2992408
I,5.0,제휴몰,Headwear,선캡,SC,86000,86000,78182,78182,18972,59210
I,5.0,제휴몰,Headwear,와이어캡,WR,196000,196000,178180,178180,38016,140164
I,5.0,제휴몰,Headwear,운동모,CP,19204000,19193200,17448372,17448372,4052505,13395867
I,5.0,제휴몰,Headwear,햇,HT,407000,407000,369998,369998,82671,287327
I,5.0,제휴몰,Shoes,런닝화,RN,44038000,36202990,32911733,32911733,10571086,22340647
I,5.0,제휴몰,Shoes,방한화,WB,3561000,3561000,3237270,3237270,864113,2373157
I,5.0,제휴몰,Shoes,샌들,SD,590000,295000,268180,268180,151127,117053
I,5.0,제휴몰,Shoes,스니커즈,SX,5827000,5794500,5267717,5267717,1423475,3844242
I,5.0,제휴몰,Shoes,신발,SH,34089000,33791980,30719966,30719966,8280411,22439555
I,5.0,제휴몰,과시즌의류,다운점퍼,DJ,2749000,1804690,1640628,1640628,395951,1244677
I,5.0,제휴몰,과시즌의류,맨투맨,MT,237000,118500,107727,107727,26253,81474
I,5.0,제휴몰,과시즌의류,반팔카라티셔츠,TS,28959000,14479590,13163317,13163317,7282327,5880990
I,5.0,제휴몰,과시즌의류,반팔티 & 스웨트팬츠,S1,157221000,78679210,71526455,71526455,36939280,34587175
I,5.0,제휴몰,과시즌의류,방풍자켓,WJ,13761000,6880500,6255018,6255018,2930814,3324204
I,5.0,제휴몰,과시즌의류,베이비,BV,24780000,24779910,22527120,22527120,7470160,15056960
I,5.0,제휴몰,과시즌의류,우븐반바지,SM,7314000,3657020,3324582,3324582,1641505,1683077
I,5.0,제휴몰,과시즌의류,팬츠,PT,632000,316000,287272,287272,68656,218616
I,5.0,제휴몰,당시즌의류,다운베스트,DV,983000,983000,893639,893639,274823,618816
I,5.0,제휴몰,당시즌의류,다운점퍼,DJ,58783000,58783000,53439074,53439074,14963472,38475602
I,5.0,제휴몰,당시즌의류,레깅스,LG,869000,869000,789998,789998,247454,542544
I,5.0,제휴몰,당시즌의류,맨투맨,MT,13576000,13576000,12341767,12341767,3737233,8604534
I,5.0,제휴몰,당시즌의류,맨투맨셋트,S2,34376000,34375880,31250839,31250839,9619495,21631344
I,5.0,제휴몰,당시즌의류,반팔카라티셔츠,TS,1149000,1149000,1044537,1044537,349077,695460
I,5.0,제휴몰,당시즌의류,반팔티 & 스웨트팬츠,S1,1668000,1668000,1516368,1516368,430946,1085422
I,5.0,제휴몰,당시즌의류,방풍자켓,WJ,278000,278000,252728,252728,71623,181105
I,5.0,제휴몰,당시즌의류,스커트,SK,356000,356000,323636,323636,100062,223574
I,5.0,제휴몰,당시즌의류,우븐반바지,SM,69000,69000,62727,62727,17696,45031
I,5.0,제휴몰,당시즌의류,우븐팬츠,WP,3178000,3178000,2889091,2889091,859450,2029641
I,5.0,제휴몰,당시즌의류,점퍼,JP,7688000,7687990,6989082,6989082,1791017,5198065
I,5.0,제휴몰,당시즌의류,진바지,DP,208000,208000,189091,189091,50899,138192
I,5.0,제휴몰,당시즌의류,진자켓,DK,1014000,1014000,921816,921816,209461,712355
I,5.0,제휴몰,당시즌의류,패딩,PD,954000,954000,867270,867270,272167,595103
I,5.0,제휴몰,당시즌의류,팬츠,PT,4271000,4271000,3882713,3882713,1194029,2688684
I,5.0,제휴몰,당시즌의류,폴로 티셔츠,PQ,445000,445000,404545,404545,123292,281253
I,5.0,제휴몰,당시즌의류,후드티,HD,6880000,6879990,6254527,6254527,1992061,4262466
I,5.0,제휴몰,차시즌의류,맨투맨,MT,11236000,11235990,10214482,10214482,2784688,7429794
I,5.0,제휴몰,차시즌의류,맨투맨셋트,S2,65521000,65521050,59564701,59564701,16602377,42962324
I,5.0,제휴몰,차시즌의류,반바지,SP,98000,98000,89090,89090,20450,68640
I,5.0,제휴몰,차시즌의류,반팔카라티셔츠,TS,3170000,3170000,2881805,2881805,768253,2113552
I,5.0,제휴몰,차시즌의류,방풍자켓,WJ,3375000,3375000,3068186,3068186,780220,2287966
I,5.0,제휴몰,차시즌의류,스커트,SK,365000,365000,331817,331817,88329,243488
I,5.0,제휴몰,차시즌의류,우븐팬츠,WP,1385000,1385000,1259090,1259090,354242,904848
I,5.0,제휴몰,차시즌의류,원피스,OP,99000,99000,90000,90000,25669,64331
I,5.0,제휴몰,차시즌의류,점퍼,JP,23919000,23919000,21744533,21744533,5661152,16083381
I,5.0,제휴몰,차시즌의류,진바지,DP,2079000,2079000,1890000,1890000,564349,1325651
I,5.0,제휴몰,차시즌의류,팬츠,PT,3542000,3542000,3219980,3219980,799586,2420394
I,5.0,제휴몰,차시즌의류,폴로 티셔츠,PQ,534000,534000,485454,485454,121610,363844
I,5.0,제휴몰,차시즌의류,후드티,HD,4415000,4415000,4013636,4013636,1056690,2956946
I,6.0,대리점,Acc_etc,기타,ET,0,-5640,-5121,-3380,0,-3380
I,6.0,대리점,Acc_etc,머플러(스카프),MF,65000,65000,59091,37227,11857,25370
I,6.0,대리점,Acc_etc,양말,SO,1571600,1520650,1382471,888836,410070,478766
I,6.0,대리점,Acc_etc,장갑,GL,69000,59000,53636,35400,17311,18089
I,6.0,대리점,Bag,가방,BG,495000,472970,429972,274712,124635,150077
I,6.0,대리점,Bag,백팩,BK,107881000,97244250,88403495,57052274,24541555,32510719
I,6.0,대리점,Bag,보조가방,UB,1862000,1712340,1556675,985020,462047,522973
I,6.0,대리점,Bag,슬링백,SG,1422000,1348850,1226186,793358,311925,481433
I,6.0,대리점,Bag,크로스백,CR,13660000,13139130,11944714,7693126,3021574,4671552
I,6.0,대리점,Bag,힙색,HS,295000,289100,262819,170350,57961,112389
I,6.0,대리점,Headwear,방한모,WM,1190000,1157120,1051937,679129,232110,447019
I,6.0,대리점,Headwear,비니,BN,3657000,3583560,3257763,2092585,737528,1355057
I,6.0,대리점,Headwear,와이어캡,WR,882000,865800,787090,502820,167552,335268
I,6.0,대리점,Headwear,운동모,CP,36961000,35989010,32717242,20984196,7944473,13039723
I,6.0,대리점,Headwear,햇,HT,413000,413000,375454,241900,81956,159944
I,6.0,대리점,Shoes,런닝화,RN,34332000,33141720,30128811,19410814,8364652,11046162
I,6.0,대리점,Shoes,방한화,WB,425000,390950,355412,251946,69224,182722
I,6.0,대리점,Shoes,스니커즈,SX,3509000,3402270,3093004,1998726,843275,1155451
I,6.0,대리점,Shoes,신발,SH,32357000,31158430,28325784,18217576,7562020,10655556
I,6.0,대리점,과시즌의류,베이비,BV,1121000,1082500,984090,637865,337934,299931
I,6.0,대리점,당시즌의류,다운베스트,DV,1627000,1588700,1444267,932726,428621,504105
I,6.0,대리점,당시즌의류,다운점퍼,DJ,15202000,14385700,13077886,8461624,3846819,4614805
I,6.0,대리점,당시즌의류,맨투맨,MT,4677000,4455160,4050138,2600182,1271624,1328558
I,6.0,대리점,당시즌의류,맨투맨셋트,S2,19252000,18416420,16742155,10769585,5229835,5539750
I,6.0,대리점,당시즌의류,반팔티 & 스웨트팬츠,S1,139000,139000,126364,80873,39158,41715
I,6.0,대리점,당시즌의류,우븐팬츠,WP,623000,596820,542568,345034,169449,175585
I,6.0,대리점,당시즌의류,점퍼,JP,-298000,-298000,-270910,-178800,-80683,-98117
I,6.0,대리점,당시즌의류,진바지,DP,2854000,2712540,2465946,1597600,668003,929597
I,6.0,대리점,당시즌의류,패딩,PD,318000,318000,289090,182127,90722,91405
I,6.0,대리점,당시즌의류,팬츠,PT,978000,870880,791705,499962,266981,232981
I,6.0,대리점,당시즌의류,폴라폴리스점퍼,FD,139000,125110,113728,73923,38779,35144
I,6.0,대리점,당시즌의류,폴로 티셔츠,PQ,267000,234230,212941,134763,73975,60788
I,6.0,대리점,당시즌의류,후드티,HD,317000,307000,279091,177445,92791,84654
I,6.0,대리점,차시즌의류,맨투맨,MT,14473000,13735910,12487270,8071129,3680327,4390802
I,6.0,대리점,차시즌의류,맨투맨셋트,S2,85205000,82071050,74610041,48172069,21449274,26722795
I,6.0,대리점,차시즌의류,반바지,SP,647000,638400,580358,375266,137395,237871
I,6.0,대리점,차시즌의류,반팔카라티셔츠,TS,9315000,9091990,8265438,5338015,2119002,3219013
I,6.0,대리점,차시즌의류,반팔티 & 스웨트팬츠,S1,3627000,3536590,3215063,2077901,852640,1225261
I,6.0,대리점,차시즌의류,방풍자켓,WJ,4417000,4023490,3657684,2380151,976155,1403996
I,6.0,대리점,차시즌의류,스커트,SK,178000,178000,161818,101946,42363,59583
I,6.0,대리점,차시즌의류,우븐반바지,SM,1002000,989110,899193,577068,232235,344833
I,6.0,대리점,차시즌의류,우븐셔츠,WS,0,0,0,0,0,0
I,6.0,대리점,차시즌의류,우븐팬츠,WP,4261000,4142820,3766197,2430932,980532,1450400
I,6.0,대리점,차시즌의류,원피스,OP,99000,99000,90000,59400,25669,33731
I,6.0,대리점,차시즌의류,점퍼,JP,43573000,41429370,37663103,24285325,10574250,13711075
I,6.0,대리점,차시즌의류,진바지,DP,11326000,10847490,9861281,6341953,2995790,3346163
I,6.0,대리점,차시즌의류,팬츠,PT,5493000,5272760,4793430,3094744,1219203,1875541
I,6.0,대리점,차시즌의류,폴로 티셔츠,PQ,623000,591890,538085,351900,141879,210021
I,6.0,대리점,차시즌의류,후드티,HD,15308000,14693770,13357952,8555221,3709985,4845236
I,8.0,사입,Acc_etc,기타,ET,5146000,686990,624544,624544,790949,-166405
I,8.0,사입,Acc_etc,양말,SO,40911000,6896490,6269496,6269496,8676892,-2407396
I,8.0,사입,Acc_etc,토시,ML,2231000,245410,223100,223100,249838,-26738
I,8.0,사입,Bag,백팩,BK,-211000,-58200,-52903,-52903,-36131,-16772
I,8.0,사입,Bag,크로스백,CR,-138000,-41400,-37636,-37636,-39252,1616
I,8.0,사입,Headwear,선캡,SC,4226000,464860,422600,422600,436281,-13681
I,8.0,사입,Headwear,와이어캡,WR,2372000,642630,584224,584224,486119,98105
I,8.0,사입,Headwear,운동모,CP,210281000,54559310,49599361,49599361,42590923,7008438
I,8.0,사입,Headwear,햇,HT,46849000,9881390,8983085,8983085,8873548,109537
I,8.0,사입,Shoes,런닝화,RN,38430000,9607460,8734005,8734005,9538395,-804390
I,8.0,사입,Shoes,스니커즈,SX,205095000,54335530,49395840,49395840,43501352,5894488
I,8.0,사입,Shoes,신발,SH,509187000,134797340,122542944,122542944,115830920,6712024
I,8.0,사입,과시즌의류,니트가디건,KC,89637000,9860070,8963700,8963700,9629348,-665648
I,8.0,사입,과시즌의류,다운점퍼,DJ,-1256000,-358850,-326228,-326228,-146145,-180083
I,8.0,사입,과시즌의류,레깅스,LG,9322000,1025420,932200,932200,1035810,-103610
I,8.0,사입,과시즌의류,맨투맨,MT,809409000,170733030,155211874,155211874,158275008,-3063134
I,8.0,사입,과시즌의류,맨투맨셋트,S2,459038000,94393040,85811806,85811806,80508578,5303228
I,8.0,사입,과시즌의류,반팔카라티셔츠,TS,131117000,29935740,27214284,27214284,30618598,-3404314
I,8.0,사입,과시즌의류,반팔티 & 스웨트팬츠,S1,382087000,70865220,64422947,64422947,73316854,-8893907
I,8.0,사입,과시즌의류,방풍자켓,WJ,187779000,55337290,50306572,50306572,45671434,4635138
I,8.0,사입,과시즌의류,스커트,SK,232920000,36634930,33304462,33304462,37772326,-4467864
I,8.0,사입,과시즌의류,우븐셔츠,WS,74881000,12162180,11056497,11056497,13167571,-2111074
I,8.0,사입,과시즌의류,우븐팬츠,WP,188675000,40210980,36555428,36555428,33179440,3375988
I,8.0,사입,과시즌의류,원피스,OP,256336000,45477840,41343510,41343510,45945955,-4602445
I,8.0,사입,과시즌의류,점퍼,JP,541606000,116724450,106113124,106113124,93431080,12682044
I,8.0,사입,과시즌의류,진바지,DP,33694000,5403990,4912704,4912704,5157779,-245075
I,8.0,사입,과시즌의류,진자켓,DK,42419000,8751670,7956028,7956028,8109852,-153824
I,8.0,사입,과시즌의류,트레이닝(상의),TR,10494000,1154340,1049400,1049400,1166147,-116747
I,8.0,사입,과시즌의류,트레이닝(하의),TP,8216000,903760,821600,821600,904946,-83346
I,8.0,사입,과시즌의류,팬츠,PT,283883000,49878670,45344245,45344245,47250188,-1905943
I,8.0,사입,과시즌의류,폴로 티셔츠,PQ,92256000,18134810,16486207,16486207,16435566,50641
I,8.0,사입,과시즌의류,후드티,HD,266677000,50110990,45555434,45555434,48661097,-3105663
I,11.0,직영몰,Acc_etc,기타,ET,522000,487200,442908,442908,128380,314528
I,11.0,직영몰,Acc_etc,머플러(스카프),MF,65000,65000,59091,59091,11857,47234
I,11.0,직영몰,Acc_etc,양말,SO,847000,805880,732604,732604,198573,534031
I,11.0,직영몰,Acc_etc,장갑,GL,256000,242200,220182,220182,65461,154721
I,11.0,직영몰,Bag,가방,BG,297000,280500,255000,255000,74782,180218
I,11.0,직영몰,Bag,백팩,BK,82488000,69885900,63532595,63532595,18791865,44740730
I,11.0,직영몰,Bag,보조가방,UB,2156000,1935500,1759535,1759535,535010,1224525
I,11.0,직영몰,Bag,슬링백,SG,237000,227000,206363,206363,51987,154376
I,11.0,직영몰,Bag,크로스백,CR,2893000,2719810,2472550,2472550,600978,1871572
I,11.0,직영몰,Bag,힙색,HS,59000,53100,48273,48273,11592,36681
I,11.0,직영몰,Headwear,방한모,WM,871000,836500,760455,760455,176900,583555
I,11.0,직영몰,Headwear,비니,BN,2400000,2286700,2078819,2078819,450853,1627966
I,11.0,직영몰,Headwear,와이어캡,WR,490000,475300,432088,432088,91522,340566
I,11.0,직영몰,Headwear,운동모,CP,31362000,30040540,27309522,27309522,6654674,20654848
I,11.0,직영몰,Headwear,햇,HT,1032000,951580,865072,865072,214332,650740
I,11.0,직영몰,Shoes,런닝화,RN,27309000,24431990,22210881,22210881,6680435,15530446
I,11.0,직영몰,Shoes,방한화,WB,1584000,1498650,1362412,1362412,400778,961634
I,11.0,직영몰,Shoes,스니커즈,SX,4925000,4560900,4146274,4146274,1117918,3028356
I,11.0,직영몰,Shoes,신발,SH,25970000,24520200,22291057,22291057,6073249,16217808
I,11.0,직영몰,과시즌의류,맨투맨셋트,S2,-149000,-74500,-67727,-67727,-21313,-46414
I,11.0,직영몰,과시즌의류,반팔카라티셔츠,TS,99000,95700,87000,87000,23289,63711
I,11.0,직영몰,과시즌의류,베이비,BV,885000,845500,768630,768630,266790,501840
I,11.0,직영몰,당시즌의류,다운베스트,DV,1965000,1845900,1678092,1678092,529262,1148830
I,11.0,직영몰,당시즌의류,다운점퍼,DJ,13852000,12806300,11642087,11642087,3569572,8072515
I,11.0,직영몰,당시즌의류,맨투맨,MT,2274000,2111710,1919727,1919727,610024,1309703
I,11.0,직영몰,당시즌의류,맨투맨셋트,S2,6454000,6056780,5506160,5506160,1772053,3734107
I,11.0,직영몰,당시즌의류,반팔티 & 스웨트팬츠,S1,159000,143100,130090,130090,44660,85430
I,11.0,직영몰,당시즌의류,우븐팬츠,WP,812000,772400,702181,702181,219940,482241
I,11.0,직영몰,당시즌의류,점퍼,JP,149000,149000,135455,135455,40341,95114
I,11.0,직영몰,당시즌의류,진바지,DP,327000,294300,267545,267545,77540,190005
I,11.0,직영몰,당시즌의류,팬츠,PT,553000,502960,457242,457242,144835,312407
I,11.0,직영몰,당시즌의류,폴라폴리스점퍼,FD,0,0,0,0,0,0
I,11.0,직영몰,당시즌의류,후드티,HD,535000,492400,447637,447637,164095,283542
I,11.0,직영몰,차시즌의류,맨투맨,MT,11233000,10589600,9626875,9626875,2913209,6713666
I,11.0,직영몰,차시즌의류,맨투맨셋트,S2,53459000,50246670,45678772,45678772,13533786,32144986
I,11.0,직영몰,차시즌의류,반바지,SP,549000,508800,462544,462544,116946,345598
I,11.0,직영몰,차시즌의류,반팔카라티셔츠,TS,9571000,8992020,8174552,8174552,2308099,5866453
I,11.0,직영몰,차시즌의류,반팔티 & 스웨트팬츠,S1,3557000,3351370,3046697,3046697,855081,2191616
I,11.0,직영몰,차시즌의류,방풍자켓,WJ,8923000,8275900,7523532,7523532,2110592,5412940
I,11.0,직영몰,차시즌의류,스커트,SK,701000,637800,579818,579818,169535,410283
I,11.0,직영몰,차시즌의류,우븐반바지,SM,1552000,1438000,1307271,1307271,360585,946686
I,11.0,직영몰,차시즌의류,우븐셔츠,WS,1113000,1017600,925091,925091,233047,692044
I,11.0,직영몰,차시즌의류,우븐팬츠,WP,8516000,7892440,7174929,7174929,2058445,5116484
I,11.0,직영몰,차시즌의류,원피스,OP,297000,277200,252000,252000,77007,174993
I,11.0,직영몰,차시즌의류,점퍼,JP,32134000,29808490,27098628,27098628,7760320,19338308
I,11.0,직영몰,차시즌의류,진바지,DP,8467000,7921010,7200918,7200918,2201732,4999186
I,11.0,직영몰,차시즌의류,진자켓,DK,199000,179100,162818,162818,35206,127612
I,11.0,직영몰,차시즌의류,팬츠,PT,4636000,4346000,3950899,3950899,1136234,2814665
I,11.0,직영몰,차시즌의류,폴로 티셔츠,PQ,712000,658600,598726,598726,162148,436578
I,11.0,직영몰,차시즌의류,후드티,HD,7753000,7236300,6578446,6578446,1914087,4664359
I,99.0,기타,Acc_etc,양말,SO,71300,33600,30537,30537,16958,13579
I,99.0,기타,Bag,백팩,BK,985000,411580,374156,374156,224386,149770
I,99.0,기타,Bag,보조가방,UB,49000,24500,22272,22272,12159,10113
I,99.0,기타,Headwear,방한모,WM,138000,33470,30424,30424,19802,10622
I,99.0,기타,Headwear,비니,BN,43000,39090,35538,35538,10673,24865
I,99.0,기타,Headwear,운동모,CP,127000,63500,57726,57726,29998,27728
I,99.0,기타,Shoes,방한화,WB,89000,80910,73554,73554,25610,47944
I,99.0,기타,Shoes,신발,SH,99000,49500,45000,45000,25130,19870
I,99.0,기타,과시즌의류,반팔카라티셔츠,TS,49000,44550,40496,40496,12571,27925
I,99.0,기타,과시즌의류,후드티,HD,119000,32950,29957,29957,17435,12522
I,99.0,기타,당시즌의류,다운베스트,DV,139000,69500,63181,63181,38449,24732
I,99.0,기타,당시즌의류,다운점퍼,DJ,7662000,2467660,2243321,2243321,1944940,298381
I,99.0,기타,당시즌의류,맨투맨,MT,534000,171630,156024,156024,148135,7889
I,99.0,기타,당시즌의류,맨투맨셋트,S2,824000,253630,230568,230568,223253,7315
I,99.0,기타,당시즌의류,우븐팬츠,WP,99000,49500,45000,45000,22378,22622
I,99.0,기타,당시즌의류,팬츠,PT,474000,141730,128844,128844,125862,2982
I,99.0,기타,차시즌의류,맨투맨,MT,69000,20710,18828,18828,17265,1563
I,99.0,기타,차시즌의류,맨투맨셋트,S2,476000,208220,189292,189292,119430,69862
I,99.0,기타,차시즌의류,반팔카라티셔츠,TS,33000,16500,15000,15000,6650,8350
I,99.0,기타,차시즌의류,방풍자켓,WJ,129000,64500,58636,58636,26912,31724
I,99.0,기타,차시즌의류,점퍼,JP,179000,89500,81364,81364,47897,33467
M,1.0,RF,Acc_etc,기타,ET,320800,320810,291633,185842,61602,124240
M,1.0,RF,Acc_etc,머플러(스카프),MF,99000,99000,90000,57600,10306,47294
M,1.0,RF,Acc_etc,양말,SO,151000,148850,135313,86598,27045,59553
M,1.0,RF,Acc_etc,캐리어(하드케이스),HH,538000,537980,489090,310572,168820,141752
M,1.0,RF,Acc_etc,파우치,PO,593000,593080,539094,343419,104192,239227
M,1.0,RF,Bag,버킷백,BM,6498000,6067720,5516089,3505271,1069912,2435359
M,1.0,RF,Bag,쇼퍼백,OR,6364000,5791220,5264742,3367170,972355,2394815
M,1.0,RF,Bag,숄더백,BQ,3527000,3517000,3197271,2032065,569171,1462894
M,1.0,RF,Bag,크로스백,CR,8231000,7554610,6867837,4391044,1414573,2976471
M,1.0,RF,Bag,힙색,HS,198000,198000,180000,115200,32692,82508
M,1.0,RF,Headwear,방한모,WM,69000,69000,62727,39832,9877,29955
M,1.0,RF,Headwear,비니,BN,56420000,51311210,46646525,29630169,7901804,21728365
M,1.0,RF,Headwear,운동모,CP,181736000,168926090,153569123,97596632,29513520,68083112
M,1.0,RF,Headwear,햇,HT,3595000,3584890,3259081,2072404,486329,1586075
M,1.0,RF,Shoes,런닝화,RN,3110000,3066980,2788233,1775818,573931,1201887
M,1.0,RF,Shoes,스니커즈,SX,324848000,298629980,271482133,172560800,59661753,112899047
M,1.0,RF,Shoes,신발,SH,78747000,72389260,65808378,41843515,16258077,25585438
M,1.0,RF,당시즌의류,다운점퍼,DJ,27359000,26012630,23647811,15084872,4898378,10186494
M,1.0,RF,당시즌의류,우븐팬츠,WP,1172000,1172040,1065456,676564,224904,451660
M,1.0,RF,당시즌의류,진바지,DP,537000,537000,488181,309996,97994,212002
M,1.0,RF,당시즌의류,트레이닝(상의),TR,159000,158990,144545,91786,29380,62406
M,1.0,RF,당시즌의류,팬츠,PT,1805000,1804950,1640905,1042469,322832,719637
M,1.0,RF,당시즌의류,후드티,HD,278000,278020,252728,160482,52155,108327
M,1.0,RF,차시즌의류,나시,TO,98000,97990,89090,56795,12948,43847
M,1.0,RF,차시즌의류,니트가디건,KC,4281000,4256830,3869920,2463411,981801,1481610
M,1.0,RF,차시즌의류,니트풀오버,KP,884000,884020,803639,510311,133583,376728
M,1.0,RF,차시즌의류,맨투맨,MT,9183000,9110300,8282000,5270806,1563150,3707656
M,1.0,RF,차시즌의류,반바지,SP,69000,69000,62727,39832,11885,27947
M,1.0,RF,차시즌의류,반팔카라티셔츠,TS,73320000,61547110,55951995,35757952,12271265,23486687
M,1.0,RF,차시즌의류,반팔티셔츠,RS,376000,376000,341820,217056,61999,155057
M,1.0,RF,차시즌의류,방풍자켓,WJ,39881000,34273410,31157620,19803414,7362093,12441321
M,1.0,RF,차시즌의류,스커트,SK,416000,416020,378182,240146,69636,170510
M,1.0,RF,차시즌의류,우븐셔츠,WS,845000,837260,761162,485607,168980,316627
M,1.0,RF,차시즌의류,우븐팬츠,WP,5202000,5177400,4706621,2994275,888870,2105405
M,1.0,RF,차시즌의류,점퍼,JP,19463000,19318880,17562545,11183541,3429270,7754271
M,1.0,RF,차시즌의류,진바지,DP,169000,169000,153636,98327,27823,70504
M,1.0,RF,차시즌의류,트레이닝(상의),TR,7486000,7469580,6790585,4321328,1325889,2995439
M,1.0,RF,차시즌의류,팬츠,PT,9330000,9231290,8392040,5342347,1585387,3756960
M,1.0,RF,차시즌의류,폴로 티셔츠,PQ,1390000,1390070,1263640,803042,205231,597811
M,1.0,RF,차시즌의류,후드티,HD,5052000,5025400,4568393,2905725,930996,1974729
M,1.0,백화점,Acc_etc,기타,ET,4517100,4370830,3973467,2617209,856404,1760805
M,1.0,백화점,Acc_etc,머플러(스카프),MF,2709000,2135100,1940919,1316212,276436,1039776
M,1.0,백화점,Acc_etc,선글라스,GA,1053000,1037260,942962,636005,186207,449798
M,1.0,백화점,Acc_etc,양말,SO,9035700,8677190,7888351,5201383,1561951,3639432
M,1.0,백화점,Acc_etc,장갑,GL,156000,149970,136344,89229,28056,61173
M,1.0,백화점,Acc_etc,캐리어(하드케이스),HH,1016000,901000,819089,524217,316009,208208
M,1.0,백화점,Acc_etc,파우치,PO,7382000,7217440,6561073,4273658,1340188,2933470
M,1.0,백화점,Bag,가방,BG,398000,278600,253272,168426,7316,161110
M,1.0,백화점,Bag,백팩,BK,4249000,4062080,3692782,2498981,672760,1826221
M,1.0,백화점,Bag,버킷백,BM,31410000,30758560,27962301,18472281,5055776,13416505
M,1.0,백화점,Bag,쇼퍼백,OR,149663000,147017670,133652365,85673916,22475503,63198413
M,1.0,백화점,Bag,숄더백,BQ,214050000,212537160,193215492,124936943,34039163,90897780
M,1.0,백화점,Bag,크로스백,CR,28859000,28126710,25569750,16917925,4962512,11955413
M,1.0,백화점,Bag,힙색,HS,2791000,2768900,2517148,1628185,415151,1213034
M,1.0,백화점,Headwear,방한모,WM,11086000,10763990,9785429,6355736,1629309,4726427
M,1.0,백화점,Headwear,비니,BN,89786000,85392790,77630055,50592890,12459872,38133018
M,1.0,백화점,Headwear,운동모,CP,877226000,858334870,780302609,509511908,138531289,370980619
M,1.0,백화점,Headwear,햇,HT,20976000,20227590,18388925,11991112,2690612,9300500
M,1.0,백화점,Shoes,런닝화,RN,152784000,147161950,133783283,87467405,31895160,55572245
M,1.0,백화점,Shoes,뮬,MU,1659000,829500,754089,478863,289146,189717
M,1.0,백화점,Shoes,방한화,WB,17318000,16643010,15130018,9966821,3020752,6946069
M,1.0,백화점,Shoes,스니커즈,SX,2232779000,2128701880,1935183059,1244185568,402690156,841495412
M,1.0,백화점,Shoes,슬리퍼,LP,1003000,992990,902721,578365,179333,399032
M,1.0,백화점,Shoes,신발,SH,729583000,657131360,597391898,387378512,141037502,246341010
M,1.0,백화점,과시즌의류,니트가디건,KC,10149000,5074540,4613189,3110734,308193,2802541
M,1.0,백화점,과시즌의류,다운점퍼,DJ,-379000,-303200,-275636,-198458,-45626,-152832
M,1.0,백화점,과시즌의류,맨투맨,MT,1525000,762520,693183,503657,181936,321721
M,1.0,백화점,과시즌의류,반팔카라티셔츠,TS,-99000,-49500,-45000,-28575,-3030,-25545
M,1.0,백화점,과시즌의류,방풍자켓,WJ,388000,193990,176363,149909,11922,137987
M,1.0,백화점,과시즌의류,원피스,OP,139000,69500,63182,39805,16548,23257
M,1.0,백화점,과시즌의류,트레이닝(상의),TR,1290000,645000,586365,441532,152964,288568
M,1.0,백화점,당시즌의류,니트가디건,KC,498000,498000,452728,289746,77321,212425
M,1.0,백화점,당시즌의류,니트풀오버,KP,189000,189000,171819,109964,37123,72841
M,1.0,백화점,당시즌의류,다운베스트,DV,14512000,13666890,12424445,8092342,2773528,5318814
M,1.0,백화점,당시즌의류,다운점퍼,DJ,322616000,299854520,272594885,178179062,57524768,120654294
M,1.0,백화점,당시즌의류,맨투맨,MT,12331000,11979650,10890543,7086323,2163813,4922510
M,1.0,백화점,당시즌의류,반팔카라티셔츠,TS,-40000,-40000,-36364,-23273,-6213,-17060
M,1.0,백화점,당시즌의류,스커트,SK,149000,148990,135454,87368,29384,57984
M,1.0,백화점,당시즌의류,우븐셔츠,WS,1183000,1149840,1045325,686597,203730,482867
M,1.0,백화점,당시즌의류,우븐팬츠,WP,10608000,10349160,9408319,6154360,2063049,4091311
M,1.0,백화점,당시즌의류,진바지,DP,1790000,1698830,1544389,981011,327636,653375
M,1.0,백화점,당시즌의류,진스커트,DS,894000,884010,803638,512296,144162,368134
M,1.0,백화점,당시즌의류,트레이닝(상의),TR,3883000,3767470,3424928,2277988,716042,1561946
M,1.0,백화점,당시즌의류,패딩,PD,11343000,10645650,9677875,6427607,2331704,4095903
M,1.0,백화점,당시즌의류,팬츠,PT,39625000,38520510,35018682,22984534,7035755,15948779
M,1.0,백화점,당시즌의류,폴라폴리스점퍼,FD,2510000,2371780,2156174,1417366,450001,967365
M,1.0,백화점,당시즌의류,후드티,HD,10794000,10515800,9559804,6300227,1969329,4330898
M,1.0,백화점,차시즌의류,나시,TO,49000,49000,44546,28064,6474,21590
M,1.0,백화점,차시즌의류,니트가디건,KC,24262000,23418930,21289946,13785457,5428360,8357097
M,1.0,백화점,차시즌의류,니트풀오버,KP,4400000,4350060,3954547,2548380,689219,1859161
M,1.0,백화점,차시즌의류,데님셔츠,DR,3244000,3227280,2933889,1903401,525256,1378145
M,1.0,백화점,차시즌의류,맨투맨,MT,115376000,111980540,101800164,66931097,19333562,47597535
M,1.0,백화점,차시즌의류,반바지,SP,759000,728750,662498,437061,130735,306326
M,1.0,백화점,차시즌의류,반팔카라티셔츠,TS,333756000,326099180,296453873,193177468,55462036,137715432
M,1.0,백화점,차시즌의류,반팔티셔츠,RS,3959000,3890820,3537121,2305969,650349,1655620
M,1.0,백화점,차시즌의류,방풍자켓,WJ,168973000,162377520,147615969,96693867,30449572,66244295
M,1.0,백화점,차시즌의류,스커트,SK,6253000,6081630,5528720,3589204,1024597,2564607
M,1.0,백화점,차시즌의류,우븐셔츠,WS,14166000,13023100,11839187,7724355,2815404,4908951
M,1.0,백화점,차시즌의류,우븐팬츠,WP,81844000,79780410,72527367,47721104,13971742,33749362
M,1.0,백화점,차시즌의류,점퍼,JP,172194000,165925530,150841381,98661739,30711034,67950705
M,1.0,백화점,차시즌의류,진바지,DP,9179000,8990480,8173168,5428475,1515087,3913388
M,1.0,백화점,차시즌의류,진스커트,DS,477000,477000,433635,284754,74526,210228
M,1.0,백화점,차시즌의류,진자켓,DK,986000,986000,896364,582364,155409,426955
M,1.0,백화점,차시즌의류,트레이닝(상의),TR,59804000,58055950,52778204,34565325,10317503,24247822
M,1.0,백화점,차시즌의류,팬츠,PT,123018000,119358770,108507586,71317594,21237414,50080180
M,1.0,백화점,차시즌의류,폴로 티셔츠,PQ,5838000,5691670,5174264,3423989,861966,2562023
M,1.0,백화점,차시즌의류,후드티,HD,55662000,53916650,49014930,32029845,10154988,21874857
M,2.0,면세점,Acc_etc,기타,ET,1299000,1299000,1180896,732168,254802,477366
M,2.0,면세점,Acc_etc,머플러(스카프),MF,762000,762000,692727,429491,84690,344801
M,2.0,면세점,Acc_etc,양말,SO,2821000,2821130,2564539,1589979,503840,1086139
M,2.0,면세점,Acc_etc,파우치,PO,3220000,3220000,2927251,1814896,563997,1250899
M,2.0,면세점,Bag,가방,BG,491885000,246459520,224054122,138913310,9036749,129876561
M,2.0,면세점,Bag,백팩,BK,4944000,4944000,4494548,2786614,821168,1965446
M,2.0,면세점,Bag,버킷백,BM,134426000,134426080,122205592,75767252,20416107,55351145
M,2.0,면세점,Bag,쇼퍼백,OR,26630000,26629980,24209049,15009620,4197668,10811952
M,2.0,면세점,Bag,숄더백,BQ,120008000,120007960,109098084,67640693,18877150,48763543
M,2.0,면세점,Bag,크로스백,CR,64787000,64786990,58897264,36516244,10592322,25923922
M,2.0,면세점,Bag,힙색,HS,8644000,8643990,7858174,4872061,1319340,3552721
M,2.0,면세점,Headwear,방한모,WM,1826000,1826000,1659995,1029196,259966,769230
M,2.0,면세점,Headwear,비니,BN,160946000,160946270,146314919,90713927,22489577,68224350
M,2.0,면세점,Headwear,운동모,CP,4187297000,4187279130,3806618106,2360117265,695731742,1664385523
M,2.0,면세점,Headwear,햇,HT,47912000,47912000,43556198,27004914,6184082,20820832
M,2.0,면세점,Shoes,런닝화,RN,63936000,63936000,58123373,36036474,13855021,22181453
M,2.0,면세점,Shoes,뮬,MU,7410000,3704950,3368130,2088252,1313709,774543
M,2.0,면세점,Shoes,방한화,WB,2429000,2429000,2208179,1369070,396875,972195
M,2.0,면세점,Shoes,스니커즈,SX,300276000,286011230,260009661,161205782,51300219,109905563
M,2.0,면세점,Shoes,신발,SH,200307000,178294030,162085408,100492955,37093184,63399771
M,2.0,면세점,과시즌의류,맨투맨,MT,119000,119000,108182,67073,14188,52885
M,2.0,면세점,당시즌의류,다운베스트,DV,3842000,3842000,3492728,2165496,722203,1443293
M,2.0,면세점,당시즌의류,다운점퍼,DJ,184419000,184419010,167653582,103945265,32012349,71932916
M,2.0,면세점,당시즌의류,맨투맨,MT,774000,774000,703638,436254,140283,295971
M,2.0,면세점,당시즌의류,우븐팬츠,WP,298000,298000,270910,167964,56902,111062
M,2.0,면세점,당시즌의류,진스커트,DS,447000,447000,406365,251946,72081,179865
M,2.0,면세점,당시즌의류,트레이닝(상의),TR,447000,447000,406365,251946,78139,173807
M,2.0,면세점,당시즌의류,패딩,PD,2189000,2189000,1989999,1233804,449979,783825
M,2.0,면세점,당시즌의류,팬츠,PT,4432000,4432000,4029096,2498032,785400,1712632
M,2.0,면세점,당시즌의류,후드티,HD,496000,496000,450909,279564,91749,187815
M,2.0,면세점,차시즌의류,데님셔츠,DR,13494000,13494000,12267270,7605698,2190303,5415395
M,2.0,면세점,차시즌의류,맨투맨,MT,31271000,31271000,28428215,17625493,4762228,12863265
M,2.0,면세점,차시즌의류,반팔카라티셔츠,TS,1068044000,1068055600,970959306,601992540,180247599,421744941
M,2.0,면세점,차시즌의류,방풍자켓,WJ,82852000,82852010,75319997,46698409,15010083,31688326
M,2.0,면세점,차시즌의류,우븐팬츠,WP,8615000,8615000,7831797,4855704,1469987,3385717
M,2.0,면세점,차시즌의류,점퍼,JP,25991000,25991000,23628189,14649444,4636357,10013087
M,2.0,면세점,차시즌의류,진바지,DP,4236000,4236000,3850902,2387556,699651,1687905
M,2.0,면세점,차시즌의류,진스커트,DS,318000,318000,289090,179236,49683,129553
M,2.0,면세점,차시즌의류,진자켓,DK,4084000,4084000,3712734,2301893,614553,1687340
M,2.0,면세점,차시즌의류,트레이닝(상의),TR,2737000,2737000,2488186,1542679,482127,1060552
M,2.0,면세점,차시즌의류,팬츠,PT,3267000,3267000,2970000,1841400,548215,1293185
M,2.0,면세점,차시즌의류,폴로 티셔츠,PQ,5421000,5421000,4928157,3055455,800399,2255056
M,2.0,면세점,차시즌의류,후드티,HD,3069000,3069000,2790000,1729800,579579,1150221
M,3.0,RF,Acc_etc,기타,ET,1295000,1295000,1177259,1177259,256207,921052
M,3.0,RF,Acc_etc,머플러(스카프),MF,297000,297000,270000,270000,30919,239081
M,3.0,RF,Acc_etc,선글라스,GA,606000,606000,550910,550910,106404,444506
M,3.0,RF,Acc_etc,양말,SO,1017000,828600,753278,753278,188865,564413
M,3.0,RF,Acc_etc,파우치,PO,2462000,2462010,2238190,2238190,467713,1770477
M,3.0,RF,Bag,백팩,BK,139000,139000,126364,126364,20958,105406
M,3.0,RF,Bag,버킷백,BM,2155000,1856800,1687997,1687997,346615,1341382
M,3.0,RF,Bag,쇼퍼백,OR,1192000,971500,883184,883184,192936,690248
M,3.0,RF,Bag,숄더백,BQ,7378000,5848600,5316908,5316908,1122245,4194663
M,3.0,RF,Bag,크로스백,CR,1200000,1173300,1066637,1066637,206801,859836
M,3.0,RF,Headwear,방한모,WM,3739000,3255600,2959630,2959630,533135,2426495
M,3.0,RF,Headwear,비니,BN,22696000,19092040,17356436,17356436,3241133,14115303
M,3.0,RF,Headwear,운동모,CP,387802000,288594220,262358264,262358264,62983953,199374311
M,3.0,RF,Headwear,햇,HT,3542000,3026600,2751457,2751457,453260,2298197
M,3.0,RF,Shoes,런닝화,RN,2463000,2411300,2192096,2192096,502693,1689403
M,3.0,RF,Shoes,방한화,WB,8841000,6495030,5904571,5904571,1583238,4321333
M,3.0,RF,Shoes,스니커즈,SX,38122000,33400370,30363966,30363966,6234725,24129241
M,3.0,RF,Shoes,신발,SH,15074000,13844610,12586004,12586004,2712197,9873807
M,3.0,RF,당시즌의류,다운베스트,DV,1553000,1266200,1151091,1151091,310640,840451
M,3.0,RF,당시즌의류,다운점퍼,DJ,19260000,18126300,16478448,16478448,3319441,13159007
M,3.0,RF,당시즌의류,맨투맨,MT,228000,228000,207273,207273,38016,169257
M,3.0,RF,당시즌의류,우븐셔츠,WS,338000,338000,307272,307272,57053,250219
M,3.0,RF,당시즌의류,우븐팬츠,WP,467000,377600,343272,343272,94898,248374
M,3.0,RF,당시즌의류,진바지,DP,895000,626500,569545,569545,160125,409420
M,3.0,RF,당시즌의류,트레이닝(상의),TR,437000,437000,397273,397273,80730,316543
M,3.0,RF,당시즌의류,패딩,PD,1393000,1094500,994998,994998,286351,708647
M,3.0,RF,당시즌의류,팬츠,PT,2162000,1970660,1791509,1791509,360296,1431213
M,3.0,RF,당시즌의류,폴라폴리스점퍼,FD,458000,458000,416364,416364,87868,328496
M,3.0,RF,당시즌의류,후드티,HD,476000,476000,432728,432728,88706,344022
M,3.0,RF,차시즌의류,나시,TO,98000,98000,89090,89090,12948,76142
M,3.0,RF,차시즌의류,니트가디건,KC,2021000,2021000,1837274,1837274,471047,1366227
M,3.0,RF,차시즌의류,니트풀오버,KP,338000,338000,307272,307272,49214,258058
M,3.0,RF,차시즌의류,데님셔츠,DR,408000,408000,370909,370909,65346,305563
M,3.0,RF,차시즌의류,맨투맨,MT,17165000,13822100,12565549,12565549,2790864,9774685
M,3.0,RF,차시즌의류,반바지,SP,138000,138000,125454,125454,23770,101684
M,3.0,RF,차시즌의류,반팔카라티셔츠,TS,12603000,10865040,9877306,9877306,2023608,7853698
M,3.0,RF,차시즌의류,반팔티셔츠,RS,267000,267000,242727,242727,43538,199189
M,3.0,RF,차시즌의류,방풍자켓,WJ,11928000,10431300,9483004,9483004,2320081,7162923
M,3.0,RF,차시즌의류,스커트,SK,1139000,871700,792455,792455,187181,605274
M,3.0,RF,차시즌의류,우븐셔츠,WS,1183000,929500,844997,844997,236572,608425
M,3.0,RF,차시즌의류,우븐팬츠,WP,6631000,5810470,5282253,5282253,1135085,4147168
M,3.0,RF,차시즌의류,점퍼,JP,12271000,10855900,9868996,9868996,2177976,7691020
M,3.0,RF,차시즌의류,진바지,DP,3869000,3099200,2817454,2817454,645191,2172263
M,3.0,RF,차시즌의류,진스커트,DS,954000,667800,607092,607092,149051,458041
M,3.0,RF,차시즌의류,진자켓,DK,757000,601600,546909,546909,114273,432636
M,3.0,RF,차시즌의류,트레이닝(상의),TR,5501000,4845810,4405279,4405279,939259,3466020
M,3.0,RF,차시즌의류,팬츠,PT,11461000,9169810,8336200,8336200,1963901,6372299
M,3.0,RF,차시즌의류,후드티,HD,5397000,4675860,4250785,4250785,974313,3276472
M,3.0,직영점(가두),Acc_etc,기타,ET,6332000,6286580,5715028,5715028,1163191,4551837
M,3.0,직영점(가두),Acc_etc,머플러(스카프),MF,594000,584000,530909,530909,61838,469071
M,3.0,직영점(가두),Acc_etc,선글라스,GA,11623000,11613000,10557271,10557271,2048286,8508985
M,3.0,직영점(가두),Acc_etc,양말,SO,5151600,5118480,4653082,4653082,889645,3763437
M,3.0,직영점(가두),Acc_etc,장갑,GL,156000,156000,141820,141820,28058,113762
M,3.0,직영점(가두),Acc_etc,파우치,PO,11742000,11675650,10614211,10614211,2100385,8513826
M,3.0,직영점(가두),Bag,가방,BG,199000,139300,126636,126636,3658,122978
M,3.0,직영점(가두),Bag,백팩,BK,1132000,1132000,1029092,1029092,183374,845718
M,3.0,직영점(가두),Bag,버킷백,BM,14427000,14407000,13097260,13097260,2260303,10836957
M,3.0,직영점(가두),Bag,쇼퍼백,OR,9517000,9492900,8629909,8629909,1532909,7097000
M,3.0,직영점(가두),Bag,숄더백,BQ,57993000,57016050,51832713,51832713,9327050,42505663
M,3.0,직영점(가두),Bag,크로스백,CR,22905000,22865000,20786309,20786309,4215871,16570438
M,3.0,직영점(가두),Bag,힙색,HS,297000,297000,270000,270000,43930,226070
M,3.0,직영점(가두),Headwear,방한모,WM,9869000,9849000,8953608,8953608,1448229,7505379
M,3.0,직영점(가두),Headwear,비니,BN,138706000,135307730,123006766,123006766,20000114,103006652
M,3.0,직영점(가두),Headwear,운동모,CP,854289000,759723480,690656128,690656128,133217625,557438503
M,3.0,직영점(가두),Headwear,햇,HT,14041000,13991400,12719430,12719430,1834812,10884618
M,3.0,직영점(가두),Shoes,런닝화,RN,35227000,35117820,31925275,31925275,7124929,24800346
M,3.0,직영점(가두),Shoes,방한화,WB,12217000,12177000,11069994,11069994,2155453,8914541
M,3.0,직영점(가두),Shoes,스니커즈,SX,230621000,230202210,209274510,209274510,38140397,171134113
M,3.0,직영점(가두),Shoes,슬리퍼,LP,59000,59000,53636,53636,10549,43087
M,3.0,직영점(가두),Shoes,신발,SH,89143000,88965060,80877300,80877300,15866339,65010961
M,3.0,직영점(가두),과시즌의류,레깅스,LG,455000,455000,413636,413636,74569,339067
M,3.0,직영점(가두),과시즌의류,탱크탑,TK,59000,59000,53636,53636,12615,41021
M,3.0,직영점(가두),당시즌의류,다운베스트,DV,4478000,4354400,3958544,3958544,852001,3106543
M,3.0,직영점(가두),당시즌의류,다운점퍼,DJ,124064000,123229200,112026473,112026473,21623798,90402675
M,3.0,직영점(가두),당시즌의류,맨투맨,MT,1753000,1753000,1593631,1593631,300169,1293462
M,3.0,직영점(가두),당시즌의류,우븐셔츠,WS,169000,169000,153636,153636,28526,125110
M,3.0,직영점(가두),당시즌의류,우븐팬츠,WP,8015000,8002940,7275398,7275398,1569749,5705649
M,3.0,직영점(가두),당시즌의류,진바지,DP,716000,716000,650908,650908,129059,521849
M,3.0,직영점(가두),당시즌의류,진스커트,DS,447000,442010,401824,401824,72081,329743
M,3.0,직영점(가두),당시즌의류,트레이닝(상의),TR,2066000,2055470,1868612,1868612,381680,1486932
M,3.0,직영점(가두),당시즌의류,패딩,PD,7960000,7920200,7200178,7200178,1636296,5563882
M,3.0,직영점(가두),당시즌의류,팬츠,PT,7330000,7318790,6653438,6653438,1245956,5407482
M,3.0,직영점(가두),당시즌의류,폴라폴리스점퍼,FD,896000,896000,814545,814545,164754,649791
M,3.0,직영점(가두),당시즌의류,후드티,HD,2143000,2143000,1948183,1948183,385773,1562410
M,3.0,직영점(가두),차시즌의류,나시,TO,1127000,1127000,1024535,1024535,148904,875631
M,3.0,직영점(가두),차시즌의류,니트가디건,KC,16636000,16598720,15089720,15089720,3317915,11771805
M,3.0,직영점(가두),차시즌의류,니트풀오버,KP,4231000,4231000,3846361,3846361,654468,3191893
M,3.0,직영점(가두),차시즌의류,데님셔츠,DR,3722000,3718150,3380133,3380133,591635,2788498
M,3.0,직영점(가두),차시즌의류,맨투맨,MT,50657000,50538270,45943836,45943836,8595589,37348247
M,3.0,직영점(가두),차시즌의류,반바지,SP,414000,414000,376362,376362,71311,305051
M,3.0,직영점(가두),차시즌의류,반팔카라티셔츠,TS,97523000,97245020,88404176,88404176,15758905,72645271
M,3.0,직영점(가두),차시즌의류,반팔티셔츠,RS,4073000,4069180,3699251,3699251,669597,3029654
M,3.0,직영점(가두),차시즌의류,방풍자켓,WJ,66641000,66496600,60451427,60451427,12227505,48223922
M,3.0,직영점(가두),차시즌의류,스커트,SK,2665000,2665000,2422728,2422728,436522,1986206
M,3.0,직영점(가두),차시즌의류,우븐셔츠,WS,4722000,4722000,4292717,4292717,938469,3354248
M,3.0,직영점(가두),차시즌의류,우븐팬츠,WP,28273000,28237730,25670654,25670654,4815348,20855306
M,3.0,직영점(가두),차시즌의류,점퍼,JP,103776000,103429990,94027211,94027211,18505479,75521732
M,3.0,직영점(가두),차시즌의류,진바지,DP,8296000,8268690,7516981,7516981,1381967,6135014
M,3.0,직영점(가두),차시즌의류,진스커트,DS,159000,159000,144545,144545,24842,119703
M,3.0,직영점(가두),차시즌의류,진자켓,DK,6734000,6734000,6121808,6121808,1087635,5034173
M,3.0,직영점(가두),차시즌의류,트레이닝(상의),TR,31824000,31702360,28820266,28820266,5657339,23162927
M,3.0,직영점(가두),차시즌의류,팬츠,PT,51027000,50951080,46319063,46319063,8694550,37624513
M,3.0,직영점(가두),차시즌의류,폴로 티셔츠,PQ,4587000,4574190,4158351,4158351,677262,3481089
M,3.0,직영점(가두),차시즌의류,후드티,HD,28488000,28418940,25835395,25835395,5143823,20691572
M,4.0,RF,Bag,버킷백,BM,2580000,1625400,1477636,1477636,373532,1104104
M,4.0,RF,Bag,쇼퍼백,OR,1790000,1127700,1025182,1025182,266059,759123
M,4.0,RF,Bag,숄더백,BQ,1980000,1247400,1134000,1134000,299880,834120
M,4.0,RF,Bag,크로스백,CR,1390000,875700,796091,796091,231694,564397
M,4.0,RF,Headwear,비니,BN,2150000,1354500,1231364,1231364,301189,930175
M,4.0,RF,Headwear,운동모,CP,137860000,86851800,78956187,78956187,20355913,58600274
M,4.0,RF,Headwear,햇,HT,2120000,1335600,1214180,1214180,305554,908626
M,4.0,RF,Shoes,스니커즈,SX,116359000,73306170,66641966,66641966,21508974,45132992
M,4.0,RF,Shoes,신발,SH,35442000,22328460,20298600,20298600,7581237,12717363
M,4.0,자사몰,Acc_etc,기타,ET,577300,485769,449525,449525,106181,343344
M,4.0,자사몰,Acc_etc,선글라스,GA,775000,767510,697736,697736,133005,564731
M,4.0,자사몰,Acc_etc,양말,SO,1400300,1143867,1047729,1047729,233346,814383
M,4.0,자사몰,Acc_etc,캐리어(하드케이스),HH,269000,188300,171182,171182,84410,86772
M,4.0,자사몰,Acc_etc,파우치,PO,1253000,1097860,1006699,1006699,220984,785715
M,4.0,자사몰,Bag,가방,BG,318000,235300,213909,213909,5311,208598
M,4.0,자사몰,Bag,백팩,BK,298000,128000,116364,116364,46402,69962
M,4.0,자사몰,Bag,버킷백,BM,656000,565100,513726,513726,105453,408273
M,4.0,자사몰,Bag,쇼퍼백,OR,5150000,4463201,4103952,4103952,862472,3241480
M,4.0,자사몰,Bag,숄더백,BQ,12032000,8603061,7974860,7974860,1242623,6732237
M,4.0,자사몰,Bag,크로스백,CR,4063000,3872007,3581190,3581190,725146,2856044
M,4.0,자사몰,Bag,힙색,HS,693000,647000,588182,588182,104207,483975
M,4.0,자사몰,Headwear,방한모,WM,1045000,819610,745099,745099,155712,589387
M,4.0,자사몰,Headwear,비니,BN,45531000,39072028,35524941,35524941,6543028,28981913
M,4.0,자사몰,Headwear,운동모,CP,121168000,102741957,93530315,93530315,19288302,74242013
M,4.0,자사몰,Headwear,햇,HT,2765000,2413079,2205781,2205781,355184,1850597
M,4.0,자사몰,Shoes,런닝화,RN,17925000,16570831,15121280,15121280,3854561,11266719
M,4.0,자사몰,Shoes,뮬,MU,2043000,900418,826900,826900,361725,465175
M,4.0,자사몰,Shoes,방한화,WB,1804000,1582500,1438635,1438635,331429,1107206
M,4.0,자사몰,Shoes,샌들,SD,105000,114542,111858,111858,10095,101763
M,4.0,자사몰,Shoes,스니커즈,SX,25957000,23370040,21379499,21379499,4334001,17045498
M,4.0,자사몰,Shoes,슬리퍼,LP,472000,419684,393973,393973,94065,299908
M,4.0,자사몰,Shoes,신발,SH,40574000,27306649,25017650,25017650,6818959,18198691
M,4.0,자사몰,과시즌의류,니트가디건,KC,2985000,1428610,1298737,1298737,90644,1208093
M,4.0,자사몰,과시즌의류,레깅스,LG,178000,162070,147337,147337,29669,117668
M,4.0,자사몰,과시즌의류,맨투맨,MT,1138000,524290,476627,476627,126512,350115
M,4.0,자사몰,과시즌의류,반팔카라티셔츠,TS,69000,33500,30455,30455,10365,20090
M,4.0,자사몰,과시즌의류,방풍자켓,WJ,1234000,707930,643573,643573,62600,580973
M,4.0,자사몰,과시즌의류,원피스,OP,923000,425720,387017,387017,108849,278168
M,4.0,자사몰,과시즌의류,트레이닝(상의),TR,258000,124650,113318,113318,30593,82725
M,4.0,자사몰,과시즌의류,팬츠,PT,198000,94000,85455,85455,23667,61788
M,4.0,자사몰,과시즌의류,후드티,HD,892000,626190,569264,569264,96589,472675
M,4.0,자사몰,당시즌의류,니트풀오버,KP,189000,167000,151818,151818,37123,114695
M,4.0,자사몰,당시즌의류,다운베스트,DV,1035000,1018850,926229,926229,211462,714767
M,4.0,자사몰,당시즌의류,다운점퍼,DJ,13223000,12204620,11095100,11095100,2386835,8708265
M,4.0,자사몰,당시즌의류,맨투맨,MT,1862000,1769560,1608692,1608692,327338,1281354
M,4.0,자사몰,당시즌의류,반팔카라티셔츠,TS,276000,290476,269385,269385,48615,220770
M,4.0,자사몰,당시즌의류,스커트,SK,149000,145220,132018,132018,29384,102634
M,4.0,자사몰,당시즌의류,우븐셔츠,WS,169000,163120,148291,148291,28526,119765
M,4.0,자사몰,당시즌의류,우븐팬츠,WP,3506000,3308680,3007893,3007893,650683,2357210
M,4.0,자사몰,당시즌의류,점퍼,JP,837000,765020,695472,695472,159326,536146
M,4.0,자사몰,당시즌의류,진바지,DP,0,-8000,-7273,-7273,0,-7273
M,4.0,자사몰,당시즌의류,진스커트,DS,149000,149000,135455,135455,24027,111428
M,4.0,자사몰,당시즌의류,트레이닝(상의),TR,1409000,1322810,1202556,1202556,258340,944216
M,4.0,자사몰,당시즌의류,패딩,PD,4975000,4554800,4140726,4140726,1022686,3118040
M,4.0,자사몰,당시즌의류,팬츠,PT,5125000,4835550,4395956,4395956,887767,3508189
M,4.0,자사몰,당시즌의류,폴라폴리스점퍼,FD,537000,514000,467272,467272,83341,383931
M,4.0,자사몰,당시즌의류,후드티,HD,2757000,2606190,2369269,2369269,553816,1815453
M,4.0,자사몰,차시즌의류,나시,TO,637000,594600,540542,540542,84164,456378
M,4.0,자사몰,차시즌의류,니트가디건,KC,657000,625000,568182,568182,98121,470061
M,4.0,자사몰,차시즌의류,니트풀오버,KP,338000,321000,291818,291818,50674,241144
M,4.0,자사몰,차시즌의류,데님셔츠,DR,806000,787820,716201,716201,131611,584590
M,4.0,자사몰,차시즌의류,맨투맨,MT,15126000,14339382,13048088,13048088,2600650,10447438
M,4.0,자사몰,차시즌의류,반바지,SP,552000,525000,477272,477272,95083,382189
M,4.0,자사몰,차시즌의류,반팔카라티셔츠,TS,11762000,11100490,10135678,10135678,1934102,8201576
M,4.0,자사몰,차시즌의류,반팔티셔츠,RS,316000,287870,261700,261700,52667,209033
M,4.0,자사몰,차시즌의류,방풍자켓,WJ,35229000,33279680,30254249,30254249,6377086,23877163
M,4.0,자사몰,차시즌의류,스커트,SK,1913000,1758880,1598982,1598982,324736,1274246
M,4.0,자사몰,차시즌의류,우븐셔츠,WS,328000,315690,286991,286991,59771,227220
M,4.0,자사몰,차시즌의류,우븐팬츠,WP,5946000,5746960,5224514,5224514,1008353,4216161
M,4.0,자사몰,차시즌의류,점퍼,JP,18718000,17970490,16336809,16336809,3216399,13120410
M,4.0,자사몰,차시즌의류,진바지,DP,716000,678720,617017,617017,120676,496341
M,4.0,자사몰,차시즌의류,진스커트,DS,159000,159000,144545,144545,24842,119703
M,4.0,자사몰,차시즌의류,진자켓,DK,279000,274000,249090,249090,41004,208086
M,4.0,자사몰,차시즌의류,트레이닝(상의),TR,8843000,8381530,7619576,7619576,1542982,6076594
M,4.0,자사몰,차시즌의류,팬츠,PT,10885000,10226570,9296883,9296883,1858685,7438198
M,4.0,자사몰,차시즌의류,후드티,HD,10754000,10088390,9171270,9171270,1996787,7174483
M,5.0,제휴몰,Acc_etc,기타,ET,1534500,1534500,1394995,1394995,288081,1106914
M,5.0,제휴몰,Acc_etc,머플러(스카프),MF,267000,267000,242727,242727,33158,209569
M,5.0,제휴몰,Acc_etc,선글라스,GA,149000,149000,135455,135455,26601,108854
M,5.0,제휴몰,Acc_etc,양말,SO,1743500,1735500,1577723,1577723,301443,1276280
M,5.0,제휴몰,Acc_etc,장갑,GL,39000,39000,35455,35455,7014,28441
M,5.0,제휴몰,Acc_etc,파우치,PO,2292000,2292010,2083655,2083655,389124,1694531
M,5.0,제휴몰,Bag,가방,BG,357000,357000,324546,324546,4960,319586
M,5.0,제휴몰,Bag,백팩,BK,854000,779500,708637,708637,130119,578518
M,5.0,제휴몰,Bag,버킷백,BM,497000,497000,451817,451817,81029,370788
M,5.0,제휴몰,Bag,쇼퍼백,OR,3603000,3341400,3037641,3037641,593940,2443701
M,5.0,제휴몰,Bag,숄더백,BQ,20565000,16802900,15275366,15275366,2643129,12632237
M,5.0,제휴몰,Bag,크로스백,CR,6299000,6299000,5726357,5726357,1193342,4533015
M,5.0,제휴몰,Bag,힙색,HS,376000,376000,341818,341818,53218,288600
M,5.0,제휴몰,Headwear,방한모,WM,4028000,4028000,3661808,3661808,571463,3090345
M,5.0,제휴몰,Headwear,비니,BN,88693000,85475420,77705019,77705019,11613546,66091473
M,5.0,제휴몰,Headwear,운동모,CP,483680000,483659040,439690028,439690028,79374491,360315537
M,5.0,제휴몰,Headwear,햇,HT,4831000,4831000,4391806,4391806,615069,3776737
M,5.0,제휴몰,Shoes,런닝화,RN,28683000,28683000,26075509,26075509,6192108,19883401
M,5.0,제휴몰,Shoes,뮬,MU,12291000,6145470,5586741,5586741,2174546,3412195
M,5.0,제휴몰,Shoes,방한화,WB,8890000,8854300,8049371,8049371,1521667,6527704
M,5.0,제휴몰,Shoes,샌들,SD,1343000,1218000,1107273,1107273,110433,996840
M,5.0,제휴몰,Shoes,스니커즈,SX,153098000,150947130,137224728,137224728,25876504,111348224
M,5.0,제휴몰,Shoes,슬리퍼,LP,1121000,1121000,1019084,1019084,200434,818650
M,5.0,제휴몰,Shoes,신발,SH,211783000,150616030,136923694,136923694,38140203,98783491
M,5.0,제휴몰,Shoes,아쿠아 슈즈,SQ,89000,89000,80909,80909,19820,61089
M,5.0,제휴몰,과시즌의류,니트가디건,KC,995000,497500,452275,452275,30215,422060
M,5.0,제휴몰,과시즌의류,맨투맨,MT,4573000,2286500,2078640,2078640,442681,1635959
M,5.0,제휴몰,과시즌의류,방풍자켓,WJ,1343000,671500,610455,610455,41123,569332
M,5.0,제휴몰,과시즌의류,원피스,OP,526000,263000,239090,239090,62000,177090
M,5.0,제휴몰,과시즌의류,점퍼,JP,1017000,508500,462273,462273,29712,432561
M,5.0,제휴몰,과시즌의류,탱크탑,TK,472000,472000,429088,429088,100924,328164
M,5.0,제휴몰,과시즌의류,트레이닝(상의),TR,1161000,580500,527724,527724,137667,390057
M,5.0,제휴몰,과시즌의류,팬츠,PT,0,0,0,0,0,0
M,5.0,제휴몰,과시즌의류,후드티,HD,733000,366500,333182,333182,66796,266386
M,5.0,제휴몰,당시즌의류,다운베스트,DV,2647000,2647000,2406363,2406363,493831,1912532
M,5.0,제휴몰,당시즌의류,다운점퍼,DJ,152045000,152045000,138222673,138222673,26855976,111366697
M,5.0,제휴몰,당시즌의류,맨투맨,MT,4984000,4984000,4530913,4530913,920105,3610808
M,5.0,제휴몰,당시즌의류,반팔카라티셔츠,TS,553000,553000,502726,502726,95949,406777
M,5.0,제휴몰,당시즌의류,스커트,SK,417000,417000,379092,379092,83342,295750
M,5.0,제휴몰,당시즌의류,우븐팬츠,WP,8868000,8868000,8061838,8061838,1625413,6436425
M,5.0,제휴몰,당시즌의류,원피스,OP,516000,516000,469092,469092,102795,366297
M,5.0,제휴몰,당시즌의류,진바지,DP,537000,537000,488181,488181,97034,391147
M,5.0,제휴몰,당시즌의류,진스커트,DS,149000,149000,135455,135455,24027,111428
M,5.0,제휴몰,당시즌의류,트레이닝(상의),TR,7024000,7024000,6385462,6385462,1285113,5100349
M,5.0,제휴몰,당시즌의류,패딩,PD,54327000,54327000,49388157,49388157,11167731,38220426
M,5.0,제휴몰,당시즌의류,팬츠,PT,8860000,8860000,8054552,8054552,1528584,6525968
M,5.0,제휴몰,당시즌의류,폴라폴리스점퍼,FD,2468000,2468000,2243635,2243635,419528,1824107
M,5.0,제휴몰,당시즌의류,후드티,HD,6089000,6089000,5535464,5535464,1121029,4414435
M,5.0,제휴몰,차시즌의류,니트가디건,KC,1125000,1125000,1022728,1022728,205266,817462
M,5.0,제휴몰,차시즌의류,니트풀오버,KP,149000,149000,135455,135455,22258,113197
M,5.0,제휴몰,차시즌의류,데님셔츠,DR,567000,567000,515454,515454,98631,416823
M,5.0,제휴몰,차시즌의류,맨투맨,MT,24466000,24466000,22241803,22241803,4114708,18127095
M,5.0,제휴몰,차시즌의류,반팔카라티셔츠,TS,13336000,13336010,12123614,12123614,2129663,9993951
M,5.0,제휴몰,차시즌의류,반팔티셔츠,RS,237000,237000,215454,215454,40128,175326
M,5.0,제휴몰,차시즌의류,방풍자켓,WJ,21286000,21286000,19350902,19350902,3840664,15510238
M,5.0,제휴몰,차시즌의류,스커트,SK,198000,198000,180000,180000,32633,147367
M,5.0,제휴몰,차시즌의류,우븐셔츠,WS,1183000,1183000,1075452,1075452,236572,838880
M,5.0,제휴몰,차시즌의류,우븐팬츠,WP,1926000,1926000,1750914,1750914,327732,1423182
M,5.0,제휴몰,차시즌의류,점퍼,JP,20552000,20552000,18683636,18683636,3612103,15071533
M,5.0,제휴몰,차시즌의류,진바지,DP,1054000,1054000,958180,958180,176576,781604
M,5.0,제휴몰,차시즌의류,진스커트,DS,318000,318000,289090,289090,49684,239406
M,5.0,제휴몰,차시즌의류,진자켓,DK,269000,269000,244545,244545,45507,199038
M,5.0,제휴몰,차시즌의류,트레이닝(상의),TR,7622000,7622000,6929102,6929102,1310392,5618710
M,5.0,제휴몰,차시즌의류,팬츠,PT,8099000,8099000,7362737,7362737,1402382,5960355
M,5.0,제휴몰,차시즌의류,후드티,HD,15776000,15776000,14341841,14341841,2910842,11430999
M,6.0,RF,Acc_etc,기타,ET,794800,747400,679451,417767,154820,262947
M,6.0,RF,Acc_etc,머플러(스카프),MF,267000,247200,224727,144000,33158,110842
M,6.0,RF,Acc_etc,양말,SO,654600,654600,595088,378049,114976,263073
M,6.0,RF,Acc_etc,장갑,GL,117000,117000,106365,70200,21043,49157
M,6.0,RF,Acc_etc,파우치,PO,1024000,994000,903633,553520,180195,373325
M,6.0,RF,Bag,백팩,BK,129000,129000,117273,70364,22768,47596
M,6.0,RF,Bag,버킷백,BM,3663000,3415630,3105123,1986809,582534,1404275
M,6.0,RF,Bag,쇼퍼백,OR,8182000,7094200,6449273,3943918,1263832,2680086
M,6.0,RF,Bag,숄더백,BQ,7627000,6974200,6340173,3994602,1227471,2767131
M,6.0,RF,Bag,크로스백,CR,2379000,2210400,2009452,1288040,412505,875535
M,6.0,RF,Bag,힙색,HS,1069000,950200,863818,534851,165086,369765
M,6.0,RF,Headwear,방한모,WM,1539000,1406800,1278908,828426,223682,604744
M,6.0,RF,Headwear,비니,BN,12846000,11655200,10595657,6888686,1809606,5079080
M,6.0,RF,Headwear,운동모,CP,130108000,111248150,101134526,63502602,19998765,43503837
M,6.0,RF,Headwear,햇,HT,3596000,3353800,3048899,1983059,463799,1519260
M,6.0,RF,Shoes,런닝화,RN,13927000,12554000,11412734,7451887,2664990,4786897
M,6.0,RF,Shoes,방한화,WB,1606000,1497000,1360911,880761,276792,603969
M,6.0,RF,Shoes,스니커즈,SX,168315000,140466030,127696388,81934007,29137290,52796717
M,6.0,RF,Shoes,슬리퍼,LP,118000,118000,107272,70800,21098,49702
M,6.0,RF,Shoes,신발,SH,83427000,68458100,62234629,39571745,16616600,22955145
M,6.0,RF,당시즌의류,다운베스트,DV,836000,752400,683999,424149,162483,261666
M,6.0,RF,당시즌의류,다운점퍼,DJ,27635000,25969670,23608788,15288086,4912368,10375718
M,6.0,RF,당시즌의류,맨투맨,MT,713000,693200,630182,411600,121386,290214
M,6.0,RF,당시즌의류,우븐셔츠,WS,169000,135200,122909,76204,28526,47678
M,6.0,RF,당시즌의류,우븐팬츠,WP,1768000,1678600,1526001,971400,344465,626935
M,6.0,RF,당시즌의류,진바지,DP,1074000,1038200,943817,622920,193109,429811
M,6.0,RF,당시즌의류,트레이닝(상의),TR,278000,278000,252728,166800,51350,115450
M,6.0,RF,당시즌의류,패딩,PD,995000,895500,814090,515047,204535,310512
M,6.0,RF,당시즌의류,팬츠,PT,3263000,2981770,2710701,1737581,589415,1148166
M,6.0,RF,당시즌의류,폴라폴리스점퍼,FD,458000,418200,380182,242236,87868,154368
M,6.0,RF,당시즌의류,후드티,HD,595000,571200,519273,337527,112689,224838
M,6.0,RF,차시즌의류,니트가디건,KC,-936000,-936000,-850910,-450273,-328613,-121660
M,6.0,RF,차시즌의류,니트풀오버,KP,894000,836400,760363,483313,135962,347351
M,6.0,RF,차시즌의류,데님셔츠,DR,766000,766000,696363,459600,132968,326632
M,6.0,RF,차시즌의류,맨투맨,MT,8230000,7555380,6868533,4339540,1387440,2952100
M,6.0,RF,차시즌의류,반바지,SP,69000,69000,62727,39518,11885,27633
M,6.0,RF,차시즌의류,반팔카라티셔츠,TS,17567000,15993240,14539297,9200290,2912179,6288111
M,6.0,RF,차시즌의류,반팔티셔츠,RS,741000,741000,673635,432191,124631,307560
M,6.0,RF,차시즌의류,방풍자켓,WJ,9605000,9242600,8402359,5428918,1785611,3643307
M,6.0,RF,차시즌의류,스커트,SK,406000,386200,351091,220195,67450,152745
M,6.0,RF,차시즌의류,우븐셔츠,WS,1521000,1487200,1351997,884945,304165,580780
M,6.0,RF,차시즌의류,우븐팬츠,WP,5053000,4777200,4342905,2792651,857452,1935199
M,6.0,RF,차시즌의류,점퍼,JP,19604000,18152830,16502574,10509712,3436395,7073317
M,6.0,RF,차시즌의류,진바지,DP,1979000,1835800,1668908,1075636,331764,743872
M,6.0,RF,차시즌의류,진자켓,DK,538000,430400,391274,242590,91014,151576
M,6.0,RF,차시즌의류,트레이닝(상의),TR,3711000,3399400,3090369,2018900,671172,1347728
M,6.0,RF,차시즌의류,팬츠,PT,7147000,6555670,5959701,3799803,1239944,2559859
M,6.0,RF,차시즌의류,폴로 티셔츠,PQ,1251000,1223200,1111998,697527,184707,512820
M,6.0,RF,차시즌의류,후드티,HD,6124000,5480370,4982149,3174049,1114283,2059766
M,6.0,대리점,Acc_etc,기타,ET,2589500,2530560,2300522,1486979,495597,991382
M,6.0,대리점,Acc_etc,머플러(스카프),MF,1740000,1692010,1538181,991908,224042,767866
M,6.0,대리점,Acc_etc,선글라스,GA,318000,169320,153922,100050,53202,46848
M,6.0,대리점,Acc_etc,양말,SO,6246200,6068240,5516522,3540085,1082547,2457538
M,6.0,대리점,Acc_etc,장갑,GL,39000,39000,35454,22336,7014,15322
M,6.0,대리점,Acc_etc,캐리어(하드케이스),HH,239000,239000,217273,143400,73594,69806
M,6.0,대리점,Acc_etc,파우치,PO,4159000,4074770,3704322,2376493,745862,1630631
M,6.0,대리점,Bag,가방,BG,398000,278600,253274,179824,7316,172508
M,6.0,대리점,Bag,백팩,BK,3069000,2802760,2547960,1640883,494509,1146374
M,6.0,대리점,Bag,버킷백,BM,52648000,44945110,40859157,25850777,8620387,17230390
M,6.0,대리점,Bag,쇼퍼백,OR,40329000,39690500,36082291,23114004,6234943,16879061
M,6.0,대리점,Bag,숄더백,BQ,165685000,163882020,148983648,93988543,26424985,67563558
M,6.0,대리점,Bag,크로스백,CR,25781000,24706130,22460092,14429239,4428765,10000474
M,6.0,대리점,Bag,힙색,HS,2237000,2172110,1974648,1268930,341408,927522
M,6.0,대리점,Headwear,방한모,WM,3129000,3062530,2784120,1792049,454147,1337902
M,6.0,대리점,Headwear,비니,BN,59716000,56948550,51771399,32797655,8342280,24455375
M,6.0,대리점,Headwear,운동모,CP,1102864000,1071171100,973790555,610084640,184100776,425983864
M,6.0,대리점,Headwear,햇,HT,10278000,9929970,9027227,5779435,1308137,4471298
M,6.0,대리점,Shoes,런닝화,RN,123557000,119846230,108951016,70034089,25711080,44323009
M,6.0,대리점,Shoes,방한화,WB,9596000,9104070,8276423,5296029,1638392,3657637
M,6.0,대리점,Shoes,스니커즈,SX,993047000,925683190,841530064,533697954,173419118,360278836
M,6.0,대리점,Shoes,슬리퍼,LP,1770000,1723020,1566375,998899,316472,682427
M,6.0,대리점,Shoes,신발,SH,587214000,556958480,506325768,319598458,115891798,203706660
M,6.0,대리점,과시즌의류,니트가디건,KC,199000,99510,90455,67841,6043,61798
M,6.0,대리점,과시즌의류,다운베스트,DV,219000,219000,199091,131400,26156,105244
M,6.0,대리점,과시즌의류,레깅스,LG,89000,84150,76500,47430,10600,36830
M,6.0,대리점,과시즌의류,맨투맨,MT,119000,119000,108182,71400,14271,57129
M,6.0,대리점,과시즌의류,반팔카라티셔츠,TS,148000,103600,94182,65927,27044,38883
M,6.0,대리점,과시즌의류,우븐팬츠,WP,99000,99000,90000,59400,11879,47521
M,6.0,대리점,과시즌의류,점퍼,JP,339000,169500,154091,115568,10151,105417
M,6.0,대리점,과시즌의류,폴로 티셔츠,PQ,0,0,0,0,0,0
M,6.0,대리점,당시즌의류,니트가디건,KC,936000,936000,850907,554808,147707,407101
M,6.0,대리점,당시즌의류,니트풀오버,KP,985000,906260,823870,537680,178349,359331
M,6.0,대리점,당시즌의류,다운베스트,DV,12003000,11311590,10283267,6609970,2271806,4338164
M,6.0,대리점,당시즌의류,다운점퍼,DJ,164210000,147221370,133837556,86228129,29485521,56742608
M,6.0,대리점,당시즌의류,맨투맨,MT,10462000,10212100,9283702,5957368,1823494,4133874
M,6.0,대리점,당시즌의류,반팔카라티셔츠,TS,157000,143930,130845,83156,28034,55122
M,6.0,대리점,당시즌의류,방풍자켓,WJ,338000,338000,307272,196654,63120,133534
M,6.0,대리점,당시즌의류,스커트,SK,149000,149000,135455,86691,29384,57307
M,6.0,대리점,당시즌의류,우븐셔츠,WS,507000,463200,421091,273402,89625,183777
M,6.0,대리점,당시즌의류,우븐팬츠,WP,12653000,12273450,11157646,7204442,2461837,4742605
M,6.0,대리점,당시즌의류,점퍼,JP,1933000,1837820,1670735,1092125,366382,725743
M,6.0,대리점,당시즌의류,진바지,DP,1074000,1032900,939006,602590,195027,407563
M,6.0,대리점,당시즌의류,진스커트,DS,149000,149000,135454,88045,24027,64018
M,6.0,대리점,당시즌의류,진자켓,DK,259000,259000,235455,150691,39331,111360
M,6.0,대리점,당시즌의류,트레이닝(상의),TR,4569000,4450880,4046251,2602840,847386,1755454
M,6.0,대리점,당시즌의류,패딩,PD,11741000,11115090,10104631,6593161,2413522,4179639
M,6.0,대리점,당시즌의류,팬츠,PT,28117000,27418330,24925733,16069616,4889597,11180019
M,6.0,대리점,당시즌의류,폴라폴리스점퍼,FD,2190000,2034050,1849139,1186065,385578,800487
M,6.0,대리점,당시즌의류,후드티,HD,12162000,11802570,10729579,6882709,2236851,4645858
M,6.0,대리점,차시즌의류,나시,TO,49000,41940,38122,24779,6474,18305
M,6.0,대리점,차시즌의류,니트가디건,KC,12355000,11762870,10693534,6772986,2505317,4267669
M,6.0,대리점,차시즌의류,니트풀오버,KP,5256000,5112270,4647521,2969817,797174,2172643
M,6.0,대리점,차시즌의류,데님셔츠,DR,5642000,5420660,4927911,3149432,911694,2237738
M,6.0,대리점,차시즌의류,맨투맨,MT,92959000,90110300,81918392,52513598,15269496,37244102
M,6.0,대리점,차시즌의류,반바지,SP,207000,207000,188182,122318,35655,86663
M,6.0,대리점,차시즌의류,반팔카라티셔츠,TS,163246000,159838610,145307982,92349132,26986808,65362324
M,6.0,대리점,차시즌의류,반팔티셔츠,RS,3466000,3380770,3073434,1970372,565212,1405160
M,6.0,대리점,차시즌의류,방풍자켓,WJ,109721000,104017790,94561617,60653418,19839991,40813427
M,6.0,대리점,차시즌의류,스커트,SK,4944000,4856220,4414749,2844005,806729,2037276
M,6.0,대리점,차시즌의류,우븐셔츠,WS,4394000,4092600,3720548,2380955,878696,1502259
M,6.0,대리점,차시즌의류,우븐팬츠,WP,38905000,37855130,34413728,22161994,6637315,15524679
M,6.0,대리점,차시즌의류,점퍼,JP,101970000,98155740,89232519,57127800,18326799,38801001
M,6.0,대리점,차시즌의류,진바지,DP,9745000,9312140,8465582,5467820,1626573,3841247
M,6.0,대리점,차시즌의류,진스커트,DS,636000,607000,551819,351455,99368,252087
M,6.0,대리점,차시즌의류,진자켓,DK,1285000,1231100,1119184,720623,209789,510834
M,6.0,대리점,차시즌의류,트레이닝(상의),TR,33917000,32758400,29780323,19053664,5821551,13232113
M,6.0,대리점,차시즌의류,팬츠,PT,78782000,75857520,68961338,44260242,13495939,30764303
M,6.0,대리점,차시즌의류,폴로 티셔츠,PQ,5421000,5369770,4881597,3110438,800397,2310041
M,6.0,대리점,차시즌의류,후드티,HD,46263000,44984850,40895243,26294465,8481002,17813463
M,8.0,사입,Acc_etc,양말,SO,26732000,6682570,6075098,6075098,4017483,2057615
M,8.0,사입,Acc_etc,캐리어(하드케이스),HH,7421000,1855250,1686597,1686597,2161159,-474562
M,8.0,사입,Bag,백팩,BK,348713000,89718680,81562482,81562482,51113358,30449124
M,8.0,사입,Bag,버킷백,BM,119481000,29869970,27154502,27154502,18212021,8942481
M,8.0,사입,Bag,보스톤백,BW,0,0,-2,-2,0,-2
M,8.0,사입,Bag,쇼퍼백,OR,47766000,11941410,10855810,10855810,9469863,1385947
M,8.0,사입,Bag,숄더백,BQ,362656000,92723450,84293999,84293999,58189186,26104813
M,8.0,사입,Bag,크로스백,CR,183511000,45877450,41706812,41706812,29071361,12635451
M,8.0,사입,Bag,힙색,HS,59499000,14874750,13522500,13522500,9824057,3698443
M,8.0,사입,Headwear,메시캡,MC,79562000,19869650,18063319,18063319,10297787,7765532
M,8.0,사입,Headwear,비니,BN,-59000,-14750,-13409,-13409,-6997,-6412
M,8.0,사입,Headwear,선캡,SC,18124000,4380960,3982712,3982712,2392337,1590375
M,8.0,사입,Headwear,운동모,CP,995893000,263339580,239399645,239399645,139444008,99955637
M,8.0,사입,Headwear,햇,HT,353759000,94319130,85744676,85744676,49765308,35979368
M,8.0,사입,Shoes,런닝화,RN,423760000,103998840,94544408,94544408,70417663,24126745
M,8.0,사입,Shoes,샌들,SD,276535000,30418850,27653500,27653500,6751670,20901830
M,8.0,사입,Shoes,스니커즈,SX,1275541000,312357020,283961025,283961025,230509668,53451357
M,8.0,사입,Shoes,슬리퍼,LP,253670000,27903700,25367000,25367000,6502610,18864390
M,8.0,사입,Shoes,신발,SH,471212000,96212670,87466030,87466030,74891820,12574210
M,8.0,사입,Shoes,아쿠아 슈즈,SQ,10098000,1110780,1009800,1009800,1079384,-69584
M,8.0,사입,과시즌의류,니트가디건,KC,315882000,74217040,67470026,67470026,47326720,20143306
M,8.0,사입,과시즌의류,니트풀오버,KP,213613000,45424740,41295187,41295187,32590951,8704236
M,8.0,사입,과시즌의류,데님셔츠,DR,303499000,76773450,69794002,69794002,51251681,18542321
M,8.0,사입,과시즌의류,데님원피스,DD,7968000,876480,796800,796800,830106,-33306
M,8.0,사입,과시즌의류,레깅스,LG,43123000,4743530,4312300,4312300,4509750,-197450
M,8.0,사입,과시즌의류,맨투맨,MT,575619000,125274050,113885443,113885443,92976153,20909290
M,8.0,사입,과시즌의류,반팔카라티셔츠,TS,90449000,26250120,23863708,23863708,14735611,9128097
M,8.0,사입,과시즌의류,반팔티셔츠,RS,0,0,0,0,0,0
M,8.0,사입,과시즌의류,방수자켓,JK,8580000,943800,858000,858000,913163,-55163
M,8.0,사입,과시즌의류,방풍자켓,WJ,415675000,103891160,94446499,94446499,75151370,19295129
M,8.0,사입,과시즌의류,스커트,SK,82554000,20638620,18762333,18762333,15605738,3156595
M,8.0,사입,과시즌의류,우븐셔츠,WS,173139000,39995010,36359021,36359021,30841668,5517353
M,8.0,사입,과시즌의류,우븐팬츠,WP,390905000,97497660,88634260,88634260,77236147,11398113
M,8.0,사입,과시즌의류,원피스,OP,31178000,3429580,3117800,3117800,3265599,-147799
M,8.0,사입,과시즌의류,점퍼,JP,680657000,140590600,127809601,127809601,104371460,23438141
M,8.0,사입,과시즌의류,진바지,DP,209406000,54791000,49810011,49810011,33720721,16089290
M,8.0,사입,과시즌의류,진스커트,DS,40866000,10216460,9287714,9287714,7042015,2245699
M,8.0,사입,과시즌의류,진자켓,DK,183669000,45446630,41315128,41315128,29190987,12124141
M,8.0,사입,과시즌의류,트레이닝(상의),TR,178839000,36358760,33053433,33053433,24681218,8372215
M,8.0,사입,과시즌의류,팬츠,PT,297088000,62022730,56384301,56384301,45450924,10933377
M,8.0,사입,과시즌의류,폴로 티셔츠,PQ,198258000,41216720,37469725,37469725,30645224,6824501
M,8.0,사입,과시즌의류,후드티,HD,435035000,93815480,85286809,85286809,77901708,7385101
M,11.0,직영몰,Acc_etc,기타,ET,835800,161820,147106,147106,157162,-10056
M,11.0,직영몰,Acc_etc,머플러(스카프),MF,306000,306000,278181,278181,47944,230237
M,11.0,직영몰,Acc_etc,선글라스,GA,1977000,1922160,1747422,1747422,345813,1401609
M,11.0,직영몰,Acc_etc,양말,SO,837400,735450,668593,668593,143745,524848
M,11.0,직영몰,Acc_etc,장갑,GL,78000,78000,70910,70910,14029,56881
M,11.0,직영몰,Acc_etc,파우치,PO,953000,892400,811276,811276,171339,639937
M,11.0,직영몰,Bag,가방,BG,199000,139300,126636,126636,3658,122978
M,11.0,직영몰,Bag,백팩,BK,834000,820100,745546,745546,129686,615860
M,11.0,직영몰,Bag,버킷백,BM,1638000,1628000,1480000,1480000,259477,1220523
M,11.0,직영몰,Bag,쇼퍼백,OR,1708000,1650490,1500445,1500445,272411,1228034
M,11.0,직영몰,Bag,숄더백,BQ,3827000,3656470,3324069,3324069,607329,2716740
M,11.0,직영몰,Bag,크로스백,CR,2458000,2389950,2172680,2172680,448632,1724048
M,11.0,직영몰,Bag,힙색,HS,376000,326500,296818,296818,58325,238493
M,11.0,직영몰,Headwear,방한모,WM,474000,466400,423999,423999,62912,361087
M,11.0,직영몰,Headwear,비니,BN,11179000,11027730,10025223,10025223,1578398,8446825
M,11.0,직영몰,Headwear,운동모,CP,126727000,125355010,113958914,113958914,19886584,94072330
M,11.0,직영몰,Headwear,햇,HT,2095000,2074440,1885849,1885849,276277,1609572
M,11.0,직영몰,Shoes,런닝화,RN,10717000,10562740,9602503,9602503,2184582,7417921
M,11.0,직영몰,Shoes,방한화,WB,2260000,2217170,2015611,2015611,379620,1635991
M,11.0,직영몰,Shoes,스니커즈,SX,40898000,40049700,36408850,36408850,6783076,29625774
M,11.0,직영몰,Shoes,슬리퍼,LP,177000,177000,160908,160908,31647,129261
M,11.0,직영몰,Shoes,신발,SH,16729000,16358420,14871290,14871290,3010852,11860438
M,11.0,직영몰,과시즌의류,레깅스,LG,188000,188000,170909,170909,30962,139947
M,11.0,직영몰,과시즌의류,맨투맨,MT,198000,99000,90000,90000,23556,66444
M,11.0,직영몰,과시즌의류,팬츠,PT,-129000,-129000,-117273,-117273,-23298,-93975
M,11.0,직영몰,당시즌의류,니트풀오버,KP,527000,491450,446772,446772,91947,354825
M,11.0,직영몰,당시즌의류,다운베스트,DV,2568000,2435450,2214045,2214045,483601,1730444
M,11.0,직영몰,당시즌의류,다운점퍼,DJ,24889000,23195890,21087168,21087168,4471590,16615578
M,11.0,직영몰,당시즌의류,맨투맨,MT,1357000,1231270,1119340,1119340,244557,874783
M,11.0,직영몰,당시즌의류,반팔카라티셔츠,TS,305000,235550,214136,214136,47038,167098
M,11.0,직영몰,당시즌의류,방풍자켓,WJ,189000,170180,154709,154709,36844,117865
M,11.0,직영몰,당시즌의류,스커트,SK,447000,407340,370309,370309,88152,282157
M,11.0,직영몰,당시즌의류,우븐팬츠,WP,2294000,2180530,1982302,1982302,440917,1541385
M,11.0,직영몰,당시즌의류,점퍼,JP,259000,259000,235455,235455,48144,187311
M,11.0,직영몰,당시즌의류,진바지,DP,895000,833250,757500,757500,163312,594188
M,11.0,직영몰,당시즌의류,트레이닝(상의),TR,556000,534640,486037,486037,102435,383602
M,11.0,직영몰,당시즌의류,패딩,PD,2189000,2126680,1933344,1933344,449981,1483363
M,11.0,직영몰,당시즌의류,팬츠,PT,4453000,4317590,3925087,3925087,771895,3153192
M,11.0,직영몰,당시즌의류,폴라폴리스점퍼,FD,817000,797000,724546,724546,148116,576430
M,11.0,직영몰,당시즌의류,후드티,HD,1339000,1212700,1102459,1102459,241788,860671
M,11.0,직영몰,차시즌의류,나시,TO,147000,138260,125691,125691,19422,106269
M,11.0,직영몰,차시즌의류,니트가디건,KC,4301000,4150860,3773514,3773514,1113724,2659790
M,11.0,직영몰,차시즌의류,니트풀오버,KP,417000,417000,379092,379092,66867,312225
M,11.0,직영몰,차시즌의류,데님셔츠,DR,378000,378000,343636,343636,65754,277882
M,11.0,직영몰,차시즌의류,맨투맨,MT,17200000,16903250,15366594,15366594,2937701,12428893
M,11.0,직영몰,차시즌의류,반바지,SP,138000,134120,121927,121927,23770,98157
M,11.0,직영몰,차시즌의류,반팔카라티셔츠,TS,19216000,18635610,16941405,16941405,3159659,13781746
M,11.0,직영몰,차시즌의류,반팔티셔츠,RS,891000,891000,810000,810000,145867,664133
M,11.0,직영몰,차시즌의류,방풍자켓,WJ,14974000,14540880,13218975,13218975,2682141,10536834
M,11.0,직영몰,차시즌의류,스커트,SK,1179000,1170680,1064255,1064255,192693,871562
M,11.0,직영몰,차시즌의류,우븐셔츠,WS,1014000,990470,900426,900426,202776,697650
M,11.0,직영몰,차시즌의류,우븐팬츠,WP,5897000,5826750,5297055,5297055,1003420,4293635
M,11.0,직영몰,차시즌의류,점퍼,JP,28634000,28044440,25494943,25494943,5067696,20427247
M,11.0,직영몰,차시즌의류,진바지,DP,1631000,1594150,1449222,1449222,272543,1176679
M,11.0,직영몰,차시즌의류,진스커트,DS,477000,477000,433635,433635,74526,359109
M,11.0,직영몰,차시즌의류,진자켓,DK,269000,269000,244545,244545,45507,199038
M,11.0,직영몰,차시즌의류,트레이닝(상의),TR,8607000,8423890,7658091,7658091,1482960,6175131
M,11.0,직영몰,차시즌의류,팬츠,PT,11945000,11788230,10716586,10716586,2056787,8659799
M,11.0,직영몰,차시즌의류,폴로 티셔츠,PQ,973000,959100,871911,871911,143661,728250
M,11.0,직영몰,차시즌의류,후드티,HD,9268000,9133020,8302759,8302759,1686504,6616255
M,99.0,기타,Acc_etc,기타,ET,83000,41500,37728,37728,15121,22607
M,99.0,기타,Acc_etc,선글라스,GA,149000,74500,67727,67727,26601,41126
M,99.0,기타,Acc_etc,양말,SO,298800,135550,123223,123223,47940,75283
M,99.0,기타,Acc_etc,파우치,PO,68000,34000,30909,30909,11874,19035
M,99.0,기타,Bag,쇼퍼백,OR,318000,159000,144544,144544,50316,94228
M,99.0,기타,Headwear,방한모,WM,148000,74000,67273,67273,21828,45445
M,99.0,기타,Headwear,비니,BN,360000,197590,179626,179626,51345,128281
M,99.0,기타,Headwear,운동모,CP,3578000,1773600,1612361,1612361,582106,1030255
M,99.0,기타,Shoes,런닝화,RN,437000,275360,250332,250332,83130,167202
M,99.0,기타,Shoes,방한화,WB,109000,54500,49545,49545,13083,36462
M,99.0,기타,Shoes,샌들,SD,99000,45000,40910,40910,1604,39306
M,99.0,기타,Shoes,스니커즈,SX,1182000,547040,497308,497308,194989,302319
M,99.0,기타,Shoes,신발,SH,795000,292650,266045,266045,132692,133353
M,99.0,기타,과시즌의류,맨투맨,MT,89000,40460,36778,36778,1181,35597
M,99.0,기타,당시즌의류,다운점퍼,DJ,578000,411320,373926,373926,97170,276756
M,99.0,기타,당시즌의류,맨투맨,MT,476000,278500,253182,253182,87960,165222
M,99.0,기타,당시즌의류,반팔카라티셔츠,TS,39000,19500,17727,17727,7494,10233
M,99.0,기타,당시즌의류,우븐팬츠,WP,298000,149000,135454,135454,58298,77156
M,99.0,기타,당시즌의류,트레이닝(상의),TR,139000,69500,63182,63182,25675,37507
M,99.0,기타,당시즌의류,팬츠,PT,357000,178500,162273,162273,61327,100946
M,99.0,기타,당시즌의류,후드티,HD,377000,285860,259878,259878,68232,191646
M,99.0,기타,차시즌의류,니트가디건,KC,229000,114500,104091,104091,67438,36653
M,99.0,기타,차시즌의류,맨투맨,MT,297000,148500,135000,135000,51020,83980
M,99.0,기타,차시즌의류,반팔카라티셔츠,TS,1270000,635000,577272,577272,198855,378417
M,99.0,기타,차시즌의류,방풍자켓,WJ,388000,194000,176363,176363,70236,106127
M,99.0,기타,차시즌의류,점퍼,JP,249000,124500,113182,113182,42576,70606
M,99.0,기타,차시즌의류,팬츠,PT,228000,114000,103635,103635,38421,65214
M,99.0,기타,차시즌의류,후드티,HD,377000,188500,171363,171363,69583,101780
ST,1.0,백화점,Acc_etc,양말,SO,59700,55720,50655,34084,13500,20584
ST,1.0,백화점,Headwear,비니,BN,-69000,-69000,-62727,-41400,-16000,-25400
ST,1.0,백화점,Headwear,선캡,SC,59000,53100,48272,32825,11860,20965
ST,1.0,백화점,Headwear,운동모,CP,108000,103100,93727,62662,20760,41902
ST,1.0,백화점,Shoes,신발,SH,258000,232200,211091,141431,58100,83331
ST,1.0,백화점,과시즌의류,트레이닝(상의),TR,308000,308000,280000,184800,41160,143640
ST,1.0,백화점,과시즌의류,팬츠,PT,248000,248000,225455,148800,33142,115658
ST,1.0,백화점,당시즌의류,니트반팔티셔츠,KU,159000,159000,144545,95400,33700,61700
ST,1.0,백화점,당시즌의류,니트풀오버,KP,179000,179000,162727,107400,46690,60710
ST,1.0,백화점,당시즌의류,다운점퍼,DJ,359000,323100,293727,199734,122540,77194
ST,1.0,백화점,당시즌의류,맨투맨,MT,119000,119000,108182,71400,31140,40260
ST,1.0,백화점,당시즌의류,스커트,SK,179000,179000,162727,107400,48250,59150
ST,1.0,백화점,당시즌의류,트레이닝(상의),TR,308000,277200,251999,169249,69740,99509
ST,1.0,백화점,당시즌의류,패딩,PD,249000,249000,226364,149400,92610,56790
ST,1.0,백화점,당시즌의류,팬츠,PT,149000,134100,121909,82898,30790,52108
ST,1.0,백화점,당시즌의류,폴로 티셔츠,PQ,119000,119000,108182,71400,20810,50590
ST,1.0,백화점,당시즌의류,후드티,HD,149000,134100,121909,82898,34290,48608
ST,1.0,백화점,차시즌의류,트레이닝(상의),TR,0,0,0,0,0,0
ST,1.0,백화점,차시즌의류,팬츠,PT,109000,98100,89182,60644,30580,30064
ST,2.0,면세점,Acc_etc,양말,SO,236800,236800,215276,122706,45070,77636
ST,2.0,면세점,Acc_etc,헤드밴드,HB,58000,58000,52726,30054,12560,17494
ST,2.0,면세점,Bag,보스톤백,BW,358000,358000,325454,185508,81000,104508
ST,2.0,면세점,Headwear,선캡,SC,138000,138000,125454,71508,27400,44108
ST,2.0,면세점,Headwear,운동모,CP,226000,226000,205457,117110,40880,76230
ST,2.0,면세점,Shoes,신발,SH,1713000,653200,593821,338477,149146,189331
ST,2.0,면세점,과시즌의류,긴팔티셔츠,RL,119000,71400,64909,36998,15903,21095
ST,2.0,면세점,과시즌의류,맨투맨,MT,179000,107400,97637,55653,23921,31732
ST,2.0,면세점,과시즌의류,반바지,SP,119000,83300,75727,43164,27820,15344
ST,2.0,면세점,과시즌의류,반팔티셔츠,RS,247000,193600,175999,100319,62190,38129
ST,2.0,면세점,과시즌의류,방풍자켓,WJ,358000,250600,227818,129856,87740,42116
ST,2.0,면세점,과시즌의류,스커트,SK,0,0,0,0,0,0
ST,2.0,면세점,과시즌의류,슬리브리스,SL,198000,138600,126000,71820,58140,13680
ST,2.0,면세점,과시즌의류,트레이닝(상의),TR,169000,169000,153637,87573,22585,64988
ST,2.0,면세점,과시즌의류,팬츠,PT,377000,377000,342726,195354,50381,144973
ST,2.0,면세점,과시즌의류,폴로 티셔츠,PQ,634000,429900,390818,222766,129726,93040
ST,2.0,면세점,당시즌의류,니트가디건,KC,179000,179000,162727,92754,44440,48314
ST,2.0,면세점,당시즌의류,니트풀오버,KP,358000,358000,325454,185508,104860,80648
ST,2.0,면세점,당시즌의류,다운점퍼,DJ,299000,299000,271818,154936,99870,55066
ST,2.0,면세점,당시즌의류,맨투맨,MT,794000,794000,721816,411436,172590,238846
ST,2.0,면세점,당시즌의류,반바지,SP,218000,218000,198182,112964,80160,32804
ST,2.0,면세점,당시즌의류,스커트,SK,1708000,1708000,1552720,885051,373750,511301
ST,2.0,면세점,당시즌의류,윈드티셔츠,WT,0,0,0,0,0,0
ST,2.0,면세점,당시즌의류,트레이닝(상의),TR,129000,129000,117272,66845,28640,38205
ST,2.0,면세점,당시즌의류,팬츠,PT,436000,436000,396364,225928,108520,117408
ST,2.0,면세점,당시즌의류,폴로 티셔츠,PQ,595000,595000,540910,308320,109930,198390
ST,2.0,면세점,차시즌의류,니트베스트,KV,139000,139000,126363,72027,38050,33977
ST,2.0,면세점,차시즌의류,레깅스,LG,109000,109000,99091,56482,33020,23462
ST,2.0,면세점,차시즌의류,맨투맨,MT,2202000,2202000,2001810,1141032,451800,689232
ST,2.0,면세점,차시즌의류,반바지,SP,979000,979000,889999,507298,249530,257768
ST,2.0,면세점,차시즌의류,반팔티셔츠,RS,69000,69000,62727,35754,17010,18744
ST,2.0,면세점,차시즌의류,스커트,SK,2469000,2469000,2244539,1279387,653040,626347
ST,2.0,면세점,차시즌의류,점퍼,JP,259000,259000,235454,134209,93550,40659
ST,2.0,면세점,차시즌의류,트레이닝(상의),TR,1014000,1014000,921822,525438,259080,266358
ST,2.0,면세점,차시즌의류,팬츠,PT,754000,754000,685451,390707,164620,226087
ST,2.0,면세점,차시즌의류,폴로 티셔츠,PQ,1071000,1071000,973638,554976,228000,326976
ST,3.0,직영점(가두),Acc_etc,양말,SO,134000,131500,119543,119543,23880,95663
ST,3.0,직영점(가두),Acc_etc,헤드밴드,HB,58000,58000,52726,52726,12400,40326
ST,3.0,직영점(가두),Bag,백팩,BK,517000,517000,469999,469999,124810,345189
ST,3.0,직영점(가두),Bag,보스톤백,BW,0,0,0,0,0,0
ST,3.0,직영점(가두),Bag,토드백,TG,69000,69000,62727,62727,19610,43117
ST,3.0,직영점(가두),Headwear,선캡,SC,59000,53100,48272,48272,11860,36412
ST,3.0,직영점(가두),Headwear,운동모,CP,118000,118000,107272,107272,21730,85542
ST,3.0,직영점(가두),Shoes,신발,SH,328000,263500,239545,239545,81850,157695
ST,3.0,직영점(가두),과시즌의류,긴팔티셔츠,RL,0,0,0,0,0,0
ST,3.0,직영점(가두),과시즌의류,반바지,SP,139000,139000,126363,126363,31360,95003
ST,3.0,직영점(가두),과시즌의류,반팔티셔츠,RS,276000,269100,244635,244635,67070,177565
ST,3.0,직영점(가두),과시즌의류,트레이닝(상의),TR,-159000,-159000,-144545,-144545,-21249,-123296
ST,3.0,직영점(가두),과시즌의류,팬츠,PT,288000,288000,261817,261817,51317,210500
ST,3.0,직영점(가두),당시즌의류,니트가디건,KC,796000,778100,707362,707362,200990,506372
ST,3.0,직영점(가두),당시즌의류,니트반팔티셔츠,KU,159000,159000,144545,144545,33700,110845
ST,3.0,직영점(가두),당시즌의류,니트풀오버,KP,338000,338000,307272,307272,96330,210942
ST,3.0,직영점(가두),당시즌의류,다운점퍼,DJ,658000,628100,570999,570999,222410,348589
ST,3.0,직영점(가두),당시즌의류,맨투맨,MT,1688000,1661200,1510175,1510175,367020,1143155
ST,3.0,직영점(가두),당시즌의류,반팔티셔츠,RS,109000,109000,99090,99090,30200,68890
ST,3.0,직영점(가두),당시즌의류,방풍자켓,WJ,478000,454100,412817,412817,174460,238357
ST,3.0,직영점(가두),당시즌의류,스커트,SK,179000,161100,146454,146454,48250,98204
ST,3.0,직영점(가두),당시즌의류,트레이닝(상의),TR,338000,338000,307272,307272,76020,231252
ST,3.0,직영점(가두),당시즌의류,패딩,PD,498000,498000,452726,452726,185220,267506
ST,3.0,직영점(가두),당시즌의류,팬츠,PT,367000,356100,323725,323725,88730,234995
ST,3.0,직영점(가두),당시즌의류,폴로 티셔츠,PQ,0,0,0,0,0,0
ST,3.0,직영점(가두),차시즌의류,니트가디건,KC,179000,179000,162727,162727,42260,120467
ST,3.0,직영점(가두),차시즌의류,니트베스트,KV,417000,417000,379089,379089,114150,264939
ST,3.0,직영점(가두),차시즌의류,니트풀오버,KP,179000,179000,162727,162727,47810,114917
ST,3.0,직영점(가두),차시즌의류,맨투맨,MT,2132000,2102780,1911609,1911609,467670,1443939
ST,3.0,직영점(가두),차시즌의류,반바지,SP,1098000,1082180,983803,983803,296030,687773
ST,3.0,직영점(가두),차시즌의류,반팔티셔츠,RS,759000,754780,686160,686160,204690,481470
ST,3.0,직영점(가두),차시즌의류,방풍자켓,WJ,1443000,1424100,1294634,1294634,432530,862104
ST,3.0,직영점(가두),차시즌의류,스커트,SK,2916000,2786430,2533110,2533110,780190,1752920
ST,3.0,직영점(가두),차시즌의류,우븐셔츠,WS,318000,310090,281895,281895,89580,192315
ST,3.0,직영점(가두),차시즌의류,점퍼,JP,1295000,1295000,1177270,1177270,469070,708200
ST,3.0,직영점(가두),차시즌의류,트레이닝(상의),TR,1859000,1814860,1649872,1649872,474980,1174892
ST,3.0,직영점(가두),차시즌의류,팬츠,PT,1220000,1088810,989818,989818,305910,683908
ST,3.0,직영점(가두),차시즌의류,폴로 티셔츠,PQ,2371000,2342360,2129409,2129409,480010,1649399
ST,3.0,직영점(가두),차시즌의류,후드티,HD,360000,240000,218180,218180,86850,131330
ST,4.0,자사몰,Acc_etc,기타소품류,AC,24900,22390,20355,20355,5740,14615
ST,4.0,자사몰,Acc_etc,보호대,PR,190000,175810,159827,159827,24360,135467
ST,4.0,자사몰,Acc_etc,양말,SO,855800,813540,739582,739582,187940,551642
ST,4.0,자사몰,Acc_etc,헤드밴드,HB,87000,86830,78937,78937,18680,60257
ST,4.0,자사몰,Bag,라켓백,RB,0,-25900,-23546,-23546,0,-23546
ST,4.0,자사몰,Bag,백팩,BK,835000,816750,742499,742499,204190,538309
ST,4.0,자사몰,Bag,보스톤백,BW,1752000,1591600,1446907,1446907,403210,1043697
ST,4.0,자사몰,Bag,크로스백,CR,158000,155410,141282,141282,45500,95782
ST,4.0,자사몰,Bag,토드백,TG,268000,245110,222827,222827,71110,151717
ST,4.0,자사몰,Headwear,비니,BN,59000,59000,53636,53636,11860,41776
ST,4.0,자사몰,Headwear,선캡,SC,1624000,1440440,1309489,1309489,333350,976139
ST,4.0,자사몰,Headwear,운동모,CP,1693000,1546150,1405592,1405592,331610,1073982
ST,4.0,자사몰,Shoes,신발,SH,2388000,2155460,1959508,1959508,627800,1331708
ST,4.0,자사몰,과시즌의류,긴팔티셔츠,RL,89000,89000,80909,80909,11894,69015
ST,4.0,자사몰,과시즌의류,니트가디건,KC,-897000,-500420,-454927,-454927,-119872,-335055
ST,4.0,자사몰,과시즌의류,다운점퍼,DJ,838000,539870,490791,490791,111988,378803
ST,4.0,자사몰,과시즌의류,레깅스,LG,89000,80460,73145,73145,11894,61251
ST,4.0,자사몰,과시즌의류,맨투맨,MT,298000,227870,207154,207154,39824,167330
ST,4.0,자사몰,과시즌의류,방풍자켓,WJ,398000,398000,361818,361818,53188,308630
ST,4.0,자사몰,과시즌의류,브라,BR,178000,150600,136909,136909,49380,87529
ST,4.0,자사몰,과시즌의류,스커트,SK,278000,211400,192182,192182,61600,130582
ST,4.0,자사몰,과시즌의류,트레이닝(상의),TR,656000,540140,491036,491036,87666,403370
ST,4.0,자사몰,과시즌의류,팬츠,PT,1995000,1590100,1445542,1445542,266605,1178937
ST,4.0,자사몰,당시즌의류,긴팔티셔츠,RL,396000,367000,333636,333636,94920,238716
ST,4.0,자사몰,당시즌의류,니트가디건,KC,1035000,987200,897455,897455,260210,637245
ST,4.0,자사몰,당시즌의류,니트풀오버,KP,358000,320200,291091,291091,116340,174751
ST,4.0,자사몰,당시즌의류,다운점퍼,DJ,299000,255070,231882,231882,99870,132012
ST,4.0,자사몰,당시즌의류,맨투맨,MT,3950000,3579010,3253645,3253645,922190,2331455
ST,4.0,자사몰,당시즌의류,반바지,SP,485000,476070,432791,432791,167800,264991
ST,4.0,자사몰,당시즌의류,반팔티셔츠,RS,468000,410030,372755,372755,88980,283775
ST,4.0,자사몰,당시즌의류,방풍자켓,WJ,299000,299000,271818,271818,79120,192698
ST,4.0,자사몰,당시즌의류,스커트,SK,1292000,1272710,1157009,1157009,255340,901669
ST,4.0,자사몰,당시즌의류,원피스,OP,139000,138220,125655,125655,27840,97815
ST,4.0,자사몰,당시즌의류,윈드티셔츠,WT,477000,491210,446555,446555,166710,279845
ST,4.0,자사몰,당시즌의류,트레이닝(상의),TR,517000,454430,413118,413118,117120,295998
ST,4.0,자사몰,당시즌의류,팬츠,PT,1418000,1279630,1163302,1163302,371510,791792
ST,4.0,자사몰,당시즌의류,폴로 티셔츠,PQ,298000,297110,270100,270100,76950,193150
ST,4.0,자사몰,차시즌의류,긴팔티셔츠,RL,396000,381790,347081,347081,67800,279281
ST,4.0,자사몰,차시즌의류,레깅스,LG,654000,602640,547855,547855,198120,349735
ST,4.0,자사몰,차시즌의류,맨투맨,MT,6968000,6383080,5802806,5802806,1463790,4339016
ST,4.0,자사몰,차시즌의류,반바지,SP,3708000,3357600,3052361,3052361,895520,2156841
ST,4.0,자사몰,차시즌의류,반팔티셔츠,RS,1380000,1323430,1203117,1203117,346170,856947
ST,4.0,자사몰,차시즌의류,방풍자켓,WJ,1633000,1529880,1390798,1390798,465530,925268
ST,4.0,자사몰,차시즌의류,스커트,SK,6931000,6499620,5908741,5908741,1912460,3996281
ST,4.0,자사몰,차시즌의류,점퍼,JP,518000,466200,423818,423818,187430,236388
ST,4.0,자사몰,차시즌의류,트레이닝(상의),TR,2157000,1924580,1749620,1749620,563620,1186000
ST,4.0,자사몰,차시즌의류,팬츠,PT,3630000,3277410,2979463,2979463,945600,2033863
ST,4.0,자사몰,차시즌의류,폴로 티셔츠,PQ,1408000,1307610,1188738,1188738,296430,892308
ST,4.0,자사몰,차시즌의류,후드티,HD,534000,481750,437955,437955,176670,261285
ST,5.0,제휴몰,Acc_etc,보호대,PR,50000,50000,45454,45454,6600,38854
ST,5.0,제휴몰,Acc_etc,양말,SO,1020200,841700,765170,765170,169790,595380
ST,5.0,제휴몰,Acc_etc,헤드밴드,HB,362000,169500,154090,154090,36341,117749
ST,5.0,제휴몰,Bag,라켓백,RB,159000,97400,88545,88545,-13737,102282
ST,5.0,제휴몰,Bag,백팩,BK,2656000,2178400,1980357,1980357,720680,1259677
ST,5.0,제휴몰,Bag,보스톤백,BW,1235000,1131400,1028546,1028546,295410,733136
ST,5.0,제휴몰,Bag,크로스백,CR,99000,59400,54000,54000,25620,28380
ST,5.0,제휴몰,Bag,토드백,TG,1115000,617200,561089,561089,187224,373865
ST,5.0,제휴몰,Headwear,선캡,SC,708000,708000,643632,643632,142590,501042
ST,5.0,제휴몰,Headwear,운동모,CP,1229000,1201400,1092174,1092174,222980,869194
ST,5.0,제휴몰,Headwear,햇,HT,453000,135900,123544,123544,28830,94714
ST,5.0,제휴몰,Shoes,신발,SH,35123000,10915000,9922706,9922706,2585901,7336805
ST,5.0,제휴몰,과시즌의류,긴팔티셔츠,RL,1238000,651600,592364,592364,147236,445128
ST,5.0,제휴몰,과시즌의류,니트가디건,KC,339000,203400,184909,184909,45303,139606
ST,5.0,제휴몰,과시즌의류,니트반팔티셔츠,KU,617000,286600,260544,260544,72919,187625
ST,5.0,제휴몰,과시즌의류,니트베스트,KV,0,0,0,0,0,0
ST,5.0,제휴몰,과시즌의류,니트풀오버,KP,1076000,430400,391272,391272,78256,313016
ST,5.0,제휴몰,과시즌의류,다운베스트,DV,369000,147600,134182,134182,26837,107345
ST,5.0,제휴몰,과시즌의류,다운점퍼,DJ,3631000,1811500,1646816,1646816,336983,1309833
ST,5.0,제휴몰,과시즌의류,레깅스,LG,990000,445600,405089,405089,110491,294598
ST,5.0,제휴몰,과시즌의류,맨투맨,MT,15424000,7370300,6700272,6700272,1615705,5084567
ST,5.0,제휴몰,과시즌의류,반바지,SP,3416000,1989000,1808177,1808177,691225,1116952
ST,5.0,제휴몰,과시즌의류,반팔카라티셔츠,TS,199000,59700,54273,54273,12664,41609
ST,5.0,제휴몰,과시즌의류,반팔티셔츠,RS,7364000,3471800,3156174,3156174,844658,2311516
ST,5.0,제휴몰,과시즌의류,방풍자켓,WJ,6870000,3443600,3130541,3130541,871644,2258897
ST,5.0,제휴몰,과시즌의류,브라,BR,474000,142200,129270,129270,30166,99104
ST,5.0,제휴몰,과시즌의류,스커트,SK,6894000,3814300,3467536,3467536,1091673,2375863
ST,5.0,제휴몰,과시즌의류,슬리브리스,SL,158000,87900,79909,79909,27796,52113
ST,5.0,제휴몰,과시즌의류,원피스,OP,3574000,1647600,1497817,1497817,427387,1070430
ST,5.0,제휴몰,과시즌의류,윈드티셔츠,WT,477000,302100,274636,274636,144430,130206
ST,5.0,제휴몰,과시즌의류,점퍼,JP,2712000,1112700,1011546,1011546,222603,788943
ST,5.0,제휴몰,과시즌의류,트레이닝(상의),TR,6610000,3120200,2836543,2836543,771011,2065532
ST,5.0,제휴몰,과시즌의류,트레이닝(하의),TP,6005000,2402000,2183631,2183631,436730,1746901
ST,5.0,제휴몰,과시즌의류,패딩,PD,1075000,645000,586364,586364,143661,442703
ST,5.0,제휴몰,과시즌의류,팬츠,PT,14127000,7184300,6531157,6531157,1650900,4880257
ST,5.0,제휴몰,과시즌의류,폴라폴리스점퍼,FD,239000,95600,86909,86909,17382,69527
ST,5.0,제휴몰,과시즌의류,폴로 티셔츠,PQ,8435000,4277500,3888633,3888633,1063352,2825281
ST,5.0,제휴몰,과시즌의류,후드티,HD,2076000,1064800,967998,967998,238119,729879
ST,5.0,제휴몰,당시즌의류,니트가디건,KC,239000,239000,217272,217272,59220,158052
ST,5.0,제휴몰,당시즌의류,니트베스트,KV,139000,139000,126364,126364,31460,94904
ST,5.0,제휴몰,당시즌의류,맨투맨,MT,1261000,1261000,1146361,1146361,277540,868821
ST,5.0,제휴몰,당시즌의류,반팔티셔츠,RS,117000,117000,106365,106365,22280,84085
ST,5.0,제휴몰,당시즌의류,스커트,SK,457000,457000,415455,415455,106050,309405
ST,5.0,제휴몰,당시즌의류,트레이닝(상의),TR,258000,258000,234546,234546,57280,177266
ST,5.0,제휴몰,당시즌의류,팬츠,PT,735000,735000,668180,668180,188210,479970
ST,5.0,제휴몰,당시즌의류,폴로 티셔츠,PQ,685000,685000,622728,622728,172230,450498
ST,5.0,제휴몰,차시즌의류,레깅스,LG,109000,109000,99091,99091,33020,66071
ST,5.0,제휴몰,차시즌의류,맨투맨,MT,1854000,1854000,1685450,1685450,377310,1308140
ST,5.0,제휴몰,차시즌의류,반바지,SP,890000,890000,809090,809090,203080,606010
ST,5.0,제휴몰,차시즌의류,반팔티셔츠,RS,345000,345000,313635,313635,83760,229875
ST,5.0,제휴몰,차시즌의류,스커트,SK,2907000,2907000,2642721,2642721,839490,1803231
ST,5.0,제휴몰,차시즌의류,점퍼,JP,259000,259000,235455,235455,93550,141905
ST,5.0,제휴몰,차시즌의류,트레이닝(상의),TR,338000,338000,307272,307272,86360,220912
ST,5.0,제휴몰,차시즌의류,팬츠,PT,744000,744000,676363,676363,189890,486473
ST,5.0,제휴몰,차시즌의류,폴로 티셔츠,PQ,238000,238000,216364,216364,47500,168864
ST,7.0,아울렛,Acc_etc,보호대,PR,25000,22500,20454,20454,3300,17154
ST,7.0,아울렛,Acc_etc,양말,SO,550900,487790,443445,443445,99672,343773
ST,7.0,아울렛,Acc_etc,헤드밴드,HB,54000,32850,29863,29863,7871,21992
ST,7.0,아울렛,Bag,라켓백,RB,139000,125100,113727,113727,38450,75277
ST,7.0,아울렛,Bag,백팩,BK,159000,143100,130090,130090,30040,100050
ST,7.0,아울렛,Bag,보스톤백,BW,259000,139860,127145,127145,66650,60495
ST,7.0,아울렛,Bag,토드백,TG,308000,205560,186872,186872,73970,112902
ST,7.0,아울렛,Headwear,선캡,SC,641000,497660,452418,452418,107396,345022
ST,7.0,아울렛,Headwear,운동모,CP,943000,729870,663516,663516,168390,495126
ST,7.0,아울렛,Shoes,신발,SH,1632000,849190,771987,771987,316273,455714
ST,7.0,아울렛,과시즌의류,긴팔티셔츠,RL,1019000,713480,648617,648617,158380,490237
ST,7.0,아울렛,과시즌의류,니트가디건,KC,1395000,706680,642437,642437,182421,460016
ST,7.0,아울렛,과시즌의류,니트반팔티셔츠,KU,1672000,615870,559880,559880,141164,418716
ST,7.0,아울렛,과시즌의류,니트베스트,KV,179000,64440,58582,58582,21155,37427
ST,7.0,아울렛,과시즌의류,니트풀오버,KP,1892000,1021680,928798,928798,252842,675956
ST,7.0,아울렛,과시즌의류,다운베스트,DV,1973000,756900,688088,688088,159268,528820
ST,7.0,아울렛,과시즌의류,다운점퍼,DJ,33017000,14957660,13597849,13597849,3104678,10493171
ST,7.0,아울렛,과시즌의류,레깅스,LG,158000,85320,77563,77563,43680,33883
ST,7.0,아울렛,과시즌의류,맨투맨,MT,15743000,7111190,6464696,6464696,1896532,4568164
ST,7.0,아울렛,과시즌의류,반바지,SP,3949000,2019800,1836180,1836180,695553,1140627
ST,7.0,아울렛,과시즌의류,반팔티셔츠,RS,14536000,5934700,5395151,5395151,1546085,3849066
ST,7.0,아울렛,과시즌의류,방풍자켓,WJ,10842000,5502160,5001961,5001961,1893154,3108807
ST,7.0,아울렛,과시즌의류,브라,BR,267000,144180,131072,131072,47103,83969
ST,7.0,아울렛,과시즌의류,스커트,SK,6536000,3915780,3559795,3559795,1307624,2252171
ST,7.0,아울렛,과시즌의류,슬리브리스,SL,297000,160380,145800,145800,78720,67080
ST,7.0,아울렛,과시즌의류,원피스,OP,1494000,555750,505224,505224,149006,356218
ST,7.0,아울렛,과시즌의류,점퍼,JP,1485000,635040,577307,577307,158728,418579
ST,7.0,아울렛,과시즌의류,트레이닝(상의),TR,7653000,3979620,3617832,3617832,1279433,2338399
ST,7.0,아울렛,과시즌의류,트레이닝(하의),TP,516000,185760,168872,168872,37528,131344
ST,7.0,아울렛,과시즌의류,패딩,PD,7050000,3807000,3460902,3460902,942138,2518764
ST,7.0,아울렛,과시즌의류,팬츠,PT,16158000,8015710,7286990,7286990,2359856,4927134
ST,7.0,아울렛,과시즌의류,폴로 티셔츠,PQ,24971000,10356020,9414569,9414569,2863120,6551449
ST,7.0,아울렛,과시즌의류,후드티,HD,1728000,874830,795300,795300,234245,561055
ST,7.0,아울렛,당시즌의류,맨투맨,MT,179000,161100,146454,146454,34990,111464
ST,7.0,아울렛,당시즌의류,스커트,SK,278000,250200,227454,227454,57800,169654
ST,7.0,아울렛,당시즌의류,폴로 티셔츠,PQ,119000,107100,97363,97363,20810,76553
ST,11.0,직영몰,Acc_etc,보호대,PR,50000,32500,29545,29545,4891,24654
ST,11.0,직영몰,Acc_etc,양말,SO,480600,437390,397632,397632,96860,300772
ST,11.0,직영몰,Acc_etc,헤드밴드,HB,87000,78300,71181,71181,18680,52501
ST,11.0,직영몰,Bag,라켓백,RB,616000,554400,504000,504000,167180,336820
ST,11.0,직영몰,Bag,백팩,BK,1204000,1083600,985093,985093,305240,679853
ST,11.0,직영몰,Bag,보스톤백,BW,1751000,1349900,1227184,1227184,409570,817614
ST,11.0,직영몰,Bag,토드백,TG,613000,498910,453556,453556,167510,286046
ST,11.0,직영몰,Headwear,비니,BN,59000,53100,48273,48273,11860,36413
ST,11.0,직영몰,Headwear,선캡,SC,492000,442900,402639,402639,99620,303019
ST,11.0,직영몰,Headwear,운동모,CP,1490000,1337130,1215577,1215577,287931,927646
ST,11.0,직영몰,Shoes,신발,SH,2605000,2165780,1968885,1968885,747709,1221176
ST,11.0,직영몰,과시즌의류,긴팔티셔츠,RL,20000,23900,21727,21727,18060,3667
ST,11.0,직영몰,과시즌의류,니트가디건,KC,957000,574200,522000,522000,127891,394109
ST,11.0,직영몰,과시즌의류,다운베스트,DV,528000,263000,239091,239091,54176,184915
ST,11.0,직영몰,과시즌의류,다운점퍼,DJ,3740000,1747100,1588275,1588275,322984,1265291
ST,11.0,직영몰,과시즌의류,맨투맨,MT,845000,350000,318183,318183,65109,253074
ST,11.0,직영몰,과시즌의류,반바지,SP,644000,451900,410817,410817,154899,255918
ST,11.0,직영몰,과시즌의류,반팔티셔츠,RS,731000,553100,502818,502818,149180,353638
ST,11.0,직영몰,과시즌의류,방풍자켓,WJ,2102000,1142500,1038637,1038637,307497,731140
ST,11.0,직영몰,과시즌의류,스커트,SK,1192000,945600,859636,859636,295120,564516
ST,11.0,직영몰,과시즌의류,원피스,OP,418000,256800,233455,233455,81605,151850
ST,11.0,직영몰,과시즌의류,트레이닝(상의),TR,775000,655860,596236,596236,103569,492667
ST,11.0,직영몰,과시즌의류,패딩,PD,179000,107400,97636,97636,23921,73715
ST,11.0,직영몰,과시즌의류,팬츠,PT,1856000,1498150,1361952,1361952,258093,1103859
ST,11.0,직영몰,과시즌의류,폴로 티셔츠,PQ,3631000,2207500,2006823,2006823,665087,1341736
ST,11.0,직영몰,당시즌의류,니트가디건,KC,239000,215100,195545,195545,59220,136325
ST,11.0,직영몰,당시즌의류,니트풀오버,KP,358000,322200,292910,292910,104860,188050
ST,11.0,직영몰,당시즌의류,다운점퍼,DJ,-1855000,-1956700,-1778822,-1778822,-676260,-1102562
ST,11.0,직영몰,당시즌의류,맨투맨,MT,853000,749800,681637,681637,201230,480407
ST,11.0,직영몰,당시즌의류,반바지,SP,119000,107100,97364,97364,36110,61254
ST,11.0,직영몰,당시즌의류,방풍자켓,WJ,528000,505190,459263,459263,155110,304153
ST,11.0,직영몰,당시즌의류,스커트,SK,2165000,1930700,1755181,1755181,475860,1279321
ST,11.0,직영몰,당시즌의류,트레이닝(상의),TR,-50000,-45000,-40910,-40910,-12460,-28450
ST,11.0,직영몰,당시즌의류,팬츠,PT,218000,185300,168455,168455,50190,118265
ST,11.0,직영몰,당시즌의류,폴로 티셔츠,PQ,2213000,2020580,1836894,1836894,457680,1379214
ST,11.0,직영몰,당시즌의류,후드티,HD,-149000,-149000,-135455,-135455,-34290,-101165
ST,11.0,직영몰,차시즌의류,긴팔티셔츠,RL,99000,89270,81155,81155,16950,64205
ST,11.0,직영몰,차시즌의류,니트풀오버,KP,358000,322200,292910,292910,95620,197290
ST,11.0,직영몰,차시즌의류,맨투맨,MT,4195000,3788940,3444489,3444489,888420,2556069
ST,11.0,직영몰,차시즌의류,반바지,SP,1949000,1755660,1596053,1596053,539180,1056873
ST,11.0,직영몰,차시즌의류,반팔티셔츠,RS,1104000,993970,903615,903615,278500,625115
ST,11.0,직영몰,차시즌의류,방풍자켓,WJ,428000,385200,350181,350181,119910,230271
ST,11.0,직영몰,차시즌의류,스커트,SK,6917000,6232780,5666157,5666157,1894310,3771847
ST,11.0,직영몰,차시즌의류,점퍼,JP,-259000,-259000,-235455,-235455,-93880,-141575
ST,11.0,직영몰,차시즌의류,트레이닝(상의),TR,2813000,2061670,1874247,1874247,734810,1139437
ST,11.0,직영몰,차시즌의류,팬츠,PT,1339000,1205100,1095543,1095543,308010,787533
ST,11.0,직영몰,차시즌의류,폴로 티셔츠,PQ,4225000,3840090,3490998,3490998,869530,2621468
ST,11.0,직영몰,차시즌의류,후드티,HD,1705000,1536300,1396637,1396637,451200,945437
ST,99.0,기타,Shoes,신발,SH,219000,59730,54298,54298,13937,40361
ST,99.0,기타,과시즌의류,스커트,SK,139000,126360,114877,114877,30800,84077
ST,99.0,기타,당시즌의류,폴로 티셔츠,PQ,278000,252720,229754,229754,58610,171144
V,1.0,백화점,Acc_etc,머플러(스카프),MF,920000,851000,773637,561200,167156,394044
V,1.0,백화점,Acc_etc,양말,SO,105000,63000,57272,42383,16469,25914
V,1.0,백화점,Acc_etc,장갑,AG,150000,150000,136364,98182,13874,84308
V,1.0,백화점,Acc_etc,토시,ML,150000,135000,122728,88364,26576,61788
V,1.0,백화점,Bag,백팩,BK,2530000,2262000,2056361,1518434,601384,917050
V,1.0,백화점,Bag,크로스백,CR,220000,187000,170000,122400,45539,76861
V,1.0,백화점,Bag,토드백,TG,13250000,11954000,10867274,8021408,2481906,5539502
V,1.0,백화점,Headwear,방한모,WM,450000,405000,368182,270000,73311,196689
V,1.0,백화점,Headwear,비니,BN,1820000,1378800,1253455,944216,435991,508225
V,1.0,백화점,Headwear,운동모,CP,750000,655000,595455,433319,125986,307333
V,1.0,백화점,Headwear,햇,HT,3020000,2653600,2412365,1791360,360138,1431222
V,1.0,백화점,Shoes,방한화,WB,6485000,5822390,5293090,3926895,1587076,2339819
V,1.0,백화점,과시즌의류,긴팔카라티셔츠,TL,230000,161000,146364,108309,33976,74333
V,1.0,백화점,과시즌의류,니트풀오버,KP,1230000,823100,748272,575846,235785,340061
V,1.0,백화점,과시즌의류,다운베스트,DV,1180000,423900,385364,331413,109871,221542
V,1.0,백화점,과시즌의류,다운점퍼,DJ,26500000,13919700,12654272,10284999,3767934,6517065
V,1.0,백화점,과시즌의류,반팔다운,DH,-790000,-497700,-452455,-389111,-145761,-243350
V,1.0,백화점,과시즌의류,반팔티셔츠,RS,190000,133000,120909,91891,27007,64884
V,1.0,백화점,과시즌의류,소프트쉘,SS,1190000,802900,729909,537123,339569,197554
V,1.0,백화점,과시즌의류,팬츠,PT,1610000,1097410,997636,750777,455711,295066
V,1.0,백화점,과시즌의류,후드티,HD,330000,148500,135000,116100,49739,66361
V,1.0,백화점,당시즌의류,긴팔티셔츠,RL,0,0,0,0,0,0
V,1.0,백화점,당시즌의류,니트가디건,KC,1950000,1755000,1595455,1167871,311106,856765
V,1.0,백화점,당시즌의류,니트베스트,KV,490000,441000,400909,296673,120981,175692
V,1.0,백화점,당시즌의류,니트풀오버,KP,6450000,5836000,5305452,3983879,1617238,2366641
V,1.0,백화점,당시즌의류,다운베스트,DV,5030000,4527000,4115456,3009110,1107466,1901644
V,1.0,백화점,당시즌의류,다운점퍼,DJ,569680000,512000100,465454629,341919052,106350797,235568255
V,1.0,백화점,당시즌의류,맨투맨,MT,1350000,1210000,1099999,829827,292390,537437
V,1.0,백화점,당시즌의류,반바지,SP,450000,405000,368182,268773,108374,160399
V,1.0,백화점,당시즌의류,반팔다운,DH,17930000,16028000,14570907,10718407,2835507,7882900
V,1.0,백화점,당시즌의류,방풍자켓,WJ,2770000,2493000,2266365,1790592,517440,1273152
V,1.0,백화점,당시즌의류,베스트,VT,530000,477000,433636,312218,137401,174817
V,1.0,백화점,당시즌의류,스커트,SK,330000,297000,270000,197100,70170,126930
V,1.0,백화점,당시즌의류,집업티,ZT,1160000,1023000,930001,699492,273368,426124
V,1.0,백화점,당시즌의류,팬츠,PT,27250000,24573270,22339337,16545764,7222637,9323127
V,1.0,백화점,당시즌의류,후드티,HD,8400000,7560000,6872723,5030589,2109579,2921010
V,1.0,백화점,차시즌의류,니트가디건,KC,2640000,2376000,2160000,1584900,521840,1063060
V,1.0,백화점,차시즌의류,니트풀오버,KP,500000,450730,409755,301173,119922,181251
V,1.0,백화점,차시즌의류,다운점퍼,DJ,118810000,107127000,97388179,71637038,24111978,47525060
V,1.0,백화점,차시즌의류,반바지,SP,350000,315000,286364,206182,70777,135405
V,1.0,백화점,차시즌의류,반팔다운,DH,82330000,74097000,67360906,49629275,13199431,36429844
V,1.0,백화점,차시즌의류,반팔티셔츠,RS,600000,540000,490910,359591,96327,263264
V,1.0,백화점,차시즌의류,방풍자켓,WJ,50580000,45531000,41391816,30467617,9220354,21247263
V,1.0,백화점,차시즌의류,스커트,SK,1050000,945000,859092,641455,283470,357985
V,1.0,백화점,차시즌의류,패딩,PD,16820000,15138000,13761816,10050953,2468125,7582828
V,1.0,백화점,차시즌의류,팬츠,PT,11620000,10583000,9620909,7083066,2790601,4292465
V,1.0,백화점,차시즌의류,후드티,HD,1740000,1595000,1450001,1068255,431772,636483
V,3.0,직영점(가두),Bag,토드백,TG,620000,620000,563636,563636,123209,440427
V,3.0,직영점(가두),Headwear,햇,HT,190000,190000,172727,172727,19884,152843
V,3.0,직영점(가두),Shoes,방한화,WB,1419000,1419000,1289995,1289995,375393,914602
V,3.0,직영점(가두),당시즌의류,니트풀오버,KP,390000,390000,354545,354545,117719,236826
V,3.0,직영점(가두),당시즌의류,다운점퍼,DJ,11800000,11800000,10727268,10727268,2240414,8486854
V,3.0,직영점(가두),당시즌의류,맨투맨,MT,390000,390000,354545,354545,78117,276428
V,3.0,직영점(가두),당시즌의류,반팔다운,DH,990000,990000,900000,900000,185963,714037
V,3.0,직영점(가두),당시즌의류,팬츠,PT,1670000,1670000,1518181,1518181,450895,1067286
V,3.0,직영점(가두),당시즌의류,후드티,HD,1290000,1290000,1172725,1172725,314751,857974
V,3.0,직영점(가두),차시즌의류,다운점퍼,DJ,890000,890000,809090,809090,216040,593050
V,3.0,직영점(가두),차시즌의류,방풍자켓,WJ,2270000,2270000,2063634,2063634,427790,1635844
V,3.0,직영점(가두),차시즌의류,팬츠,PT,910000,910000,827272,827272,195591,631681
V,4.0,자사몰,Acc_etc,머플러(스카프),MF,-330000,-237430,-215845,-215845,-86171,-129674
V,4.0,자사몰,Acc_etc,양말,SO,70000,42000,38181,38181,10764,27417
V,4.0,자사몰,Acc_etc,토시,ML,150000,119500,108636,108636,26576,82060
V,4.0,자사몰,Bag,백팩,BK,390000,313900,285364,285364,74161,211203
V,4.0,자사몰,Bag,크로스백,CR,290000,259000,235455,235455,41080,194375
V,4.0,자사몰,Bag,토드백,TG,2390000,2246000,2041818,2041818,397235,1644583
V,4.0,자사몰,Headwear,비니,BN,210000,191000,173636,173636,60718,112918
V,4.0,자사몰,Headwear,운동모,CP,718000,417120,379200,379200,88873,290327
V,4.0,자사몰,Headwear,햇,HT,1030000,646990,588171,588171,101080,487091
V,4.0,자사몰,Shoes,방한화,WB,1379000,1216550,1105952,1105952,339573,766379
V,4.0,자사몰,Shoes,신발,SH,558000,324800,295273,295273,144400,150873
V,4.0,자사몰,과시즌의류,긴팔티셔츠,RL,320000,199660,181509,181509,53189,128320
V,4.0,자사몰,과시즌의류,니트풀오버,KP,520000,364000,330910,330910,126174,204736
V,4.0,자사몰,과시즌의류,다운점퍼,DJ,5650000,3023700,2748818,2748818,859452,1889366
V,4.0,자사몰,과시즌의류,레깅스,LG,360000,172000,156363,156363,55952,100411
V,4.0,자사몰,과시즌의류,맨투맨,MT,250000,159500,145000,145000,61601,83399
V,4.0,자사몰,과시즌의류,반바지,SP,980000,441040,400946,400946,152616,248330
V,4.0,자사몰,과시즌의류,반팔다운,DH,1980000,1243400,1130364,1130364,355253,775111
V,4.0,자사몰,과시즌의류,방수자켓,JK,2070000,966000,878182,878182,317896,560286
V,4.0,자사몰,과시즌의류,방풍자켓,WJ,3090000,2400700,2182456,2182456,672622,1509834
V,4.0,자사몰,과시즌의류,소프트쉘,SS,1290000,804240,731127,731127,315717,415410
V,4.0,자사몰,과시즌의류,스커트,SK,390000,210600,191455,191455,48437,143018
V,4.0,자사몰,과시즌의류,팬츠,PT,5980000,3232070,2938245,2938245,1264015,1674230
V,4.0,자사몰,과시즌의류,후드티,HD,840000,377000,342727,342727,129331,213396
V,4.0,자사몰,당시즌의류,니트가디건,KC,780000,700000,636364,636364,120001,516363
V,4.0,자사몰,당시즌의류,니트풀오버,KP,990000,953000,866363,866363,184125,682238
V,4.0,자사몰,당시즌의류,다운점퍼,DJ,28350000,25550160,23227416,23227416,5408082,17819334
V,4.0,자사몰,당시즌의류,맨투맨,MT,250000,250000,227273,227273,65916,161357
V,4.0,자사몰,당시즌의류,반팔다운,DH,3070000,2728920,2480836,2480836,478603,2002233
V,4.0,자사몰,당시즌의류,방풍자켓,WJ,1520000,1368000,1243636,1243636,311500,932136
V,4.0,자사몰,당시즌의류,베스트,VT,530000,530000,481818,481818,137401,344417
V,4.0,자사몰,당시즌의류,우븐셔츠,WS,0,0,0,0,0,0
V,4.0,자사몰,당시즌의류,팬츠,PT,1490000,1498640,1362400,1362400,403575,958825
V,4.0,자사몰,당시즌의류,후드티,HD,1810000,1696340,1542128,1542128,492638,1049490
V,4.0,자사몰,차시즌의류,니트가디건,KC,660000,608410,553100,553100,130460,422640
V,4.0,자사몰,차시즌의류,다운점퍼,DJ,10780000,9992680,9084256,9084256,2429669,6654587
V,4.0,자사몰,차시즌의류,반팔다운,DH,8720000,8169000,7426363,7426363,1404240,6022123
V,4.0,자사몰,차시즌의류,반팔티셔츠,RS,320000,294990,268173,268173,49456,218717
V,4.0,자사몰,차시즌의류,방풍자켓,WJ,8700000,8185900,7441726,7441726,1523863,5917863
V,4.0,자사몰,차시즌의류,패딩,PD,1980000,1767000,1606364,1606364,285670,1320694
V,4.0,자사몰,차시즌의류,팬츠,PT,500000,485000,440909,440909,118096,322813
V,4.0,자사몰,차시즌의류,후드티,HD,870000,865250,786590,786590,215886,570704
V,5.0,제휴몰,Acc_etc,머플러(스카프),MF,100000,100000,90909,90909,44382,46527
V,5.0,제휴몰,Acc_etc,양말,SO,1189000,671200,610180,610180,168181,441999
V,5.0,제휴몰,Acc_etc,장갑,AG,1540000,1284000,1167274,1167274,179602,987672
V,5.0,제휴몰,Acc_etc,토시,ML,150000,150000,136364,136364,26576,109788
V,5.0,제휴몰,Bag,백팩,BK,350000,350000,318182,318182,90612,227570
V,5.0,제휴몰,Bag,벨트백,TA,290000,116000,105455,105455,21091,84364
V,5.0,제휴몰,Bag,크로스백,CR,2000000,1114000,1012728,1012728,318712,694016
V,5.0,제휴몰,Bag,토드백,TG,5680000,5564000,5058183,5058183,992179,4066004
V,5.0,제휴몰,Bag,힙색,HS,630000,252000,229091,229091,77809,151282
V,5.0,제휴몰,Headwear,방한모,WM,150000,150000,136364,136364,24437,111927
V,5.0,제휴몰,Headwear,비니,BN,800000,448000,407272,407272,85569,321703
V,5.0,제휴몰,Headwear,선캡,SC,590000,411000,373636,373636,101390,272246
V,5.0,제휴몰,Headwear,운동모,CP,1444000,821600,746910,746910,195889,551021
V,5.0,제휴몰,Headwear,햇,HT,1520000,1079000,980908,980908,215234,765674
V,5.0,제휴몰,Shoes,뮬,MU,1074000,644400,585816,585816,236400,349416
V,5.0,제휴몰,Shoes,방한화,WB,11303000,10759100,9781006,9781006,2677451,7103555
V,5.0,제휴몰,Shoes,슬리퍼,LP,175000,175000,159091,159091,42984,116107
V,5.0,제휴몰,Shoes,신발,SH,7962000,4777200,4342906,4342906,2092100,2250806
V,5.0,제휴몰,과시즌의류,긴팔카라티셔츠,TL,230000,161000,146364,146364,33976,112388
V,5.0,제휴몰,과시즌의류,긴팔티셔츠,RL,570000,399000,362727,362727,71310,291417
V,5.0,제휴몰,과시즌의류,니트가디건,KC,700000,490000,445454,445454,144428,301026
V,5.0,제휴몰,과시즌의류,니트반팔티셔츠,KU,590000,177000,160909,160909,37546,123363
V,5.0,제휴몰,과시즌의류,니트풀오버,KP,8800000,3565000,3240908,3240908,1047209,2193699
V,5.0,제휴몰,과시즌의류,다운베스트,DV,14810000,7305000,6640906,6640906,2071236,4569670
V,5.0,제휴몰,과시즌의류,다운점퍼,DJ,40040000,20627000,18751814,18751814,5703901,13047913
V,5.0,제휴몰,과시즌의류,라운드티,RT,600000,180000,163637,163637,38182,125455
V,5.0,제휴몰,과시즌의류,레깅스,LG,420000,268000,243634,243634,85896,157738
V,5.0,제휴몰,과시즌의류,맨투맨,MT,10790000,6017000,5470006,5470006,1953430,3516576
V,5.0,제휴몰,과시즌의류,반바지,SP,6110000,2929000,2662727,2662727,901616,1761111
V,5.0,제휴몰,과시즌의류,반팔다운,DH,7710000,5496000,4996362,4996362,1238536,3757826
V,5.0,제휴몰,과시즌의류,반팔카라티셔츠,TS,2798000,1551600,1410543,1410543,506968,903575
V,5.0,제휴몰,과시즌의류,반팔티셔츠,RS,9910000,5512000,5010917,5010917,1609327,3401590
V,5.0,제휴몰,과시즌의류,방수자켓,JK,25440000,12858000,11689078,11689078,4132411,7556667
V,5.0,제휴몰,과시즌의류,방풍자켓,WJ,59850000,31135000,28304548,28304548,8544921,19759627
V,5.0,제휴몰,과시즌의류,베스트,VT,490000,343000,311818,311818,105663,206155
V,5.0,제휴몰,과시즌의류,브라,BR,330000,165000,150000,150000,41029,108971
V,5.0,제휴몰,과시즌의류,소프트쉘,SS,2220000,1321000,1200908,1200908,443978,756930
V,5.0,제휴몰,과시즌의류,스커트,SK,2050000,945000,859090,859090,274463,584627
V,5.0,제휴몰,과시즌의류,슬리브리스,SL,300000,210000,190910,190910,49852,141058
V,5.0,제휴몰,과시즌의류,우븐셔츠,WS,2490000,1095000,995454,995454,343389,652065
V,5.0,제휴몰,과시즌의류,원피스,OP,1810000,1204000,1094546,1094546,331284,763262
V,5.0,제휴몰,과시즌의류,집업티,ZT,2450000,1225000,1113637,1113637,366420,747217
V,5.0,제휴몰,과시즌의류,트레이닝 숏팬츠,TB,1170000,351000,319092,319092,74456,244636
V,5.0,제휴몰,과시즌의류,트레이닝(상의),TR,1080000,504000,458183,458183,133124,325059
V,5.0,제휴몰,과시즌의류,트레이닝(하의),TP,2420000,929000,844549,844549,281808,562741
V,5.0,제휴몰,과시즌의류,패딩,PD,4360000,1793000,1630000,1630000,562869,1067131
V,5.0,제휴몰,과시즌의류,팬츠,PT,13720000,5856000,5323639,5323639,1557968,3765671
V,5.0,제휴몰,과시즌의류,후드티,HD,4390000,1775000,1613636,1613636,485151,1128485
V,5.0,제휴몰,당시즌의류,니트가디건,KC,0,0,0,0,0,0
V,5.0,제휴몰,당시즌의류,니트베스트,KV,980000,980000,890910,890910,241962,648948
V,5.0,제휴몰,당시즌의류,니트풀오버,KP,190000,190000,172727,172727,-9322,182049
V,5.0,제휴몰,당시즌의류,다운베스트,DV,590000,590000,536364,536364,102742,433622
V,5.0,제휴몰,당시즌의류,다운점퍼,DJ,78200000,78200000,71090901,71090901,14172425,56918476
V,5.0,제휴몰,당시즌의류,맨투맨,MT,460000,460000,418182,418182,93280,324902
V,5.0,제휴몰,당시즌의류,반팔다운,DH,3170000,3170000,2881818,2881818,537569,2344249
V,5.0,제휴몰,당시즌의류,반팔티셔츠,RS,150000,150000,136364,136364,31667,104697
V,5.0,제휴몰,당시즌의류,방풍자켓,WJ,1680000,1680000,1527273,1527273,354067,1173206
V,5.0,제휴몰,당시즌의류,베스트,VT,530000,530000,481818,481818,137401,344417
V,5.0,제휴몰,당시즌의류,팬츠,PT,5420000,5420000,4927273,4927273,1405583,3521690
V,5.0,제휴몰,당시즌의류,후드티,HD,1130000,1130000,1027272,1027272,305394,721878
V,5.0,제휴몰,차시즌의류,니트가디건,KC,330000,330000,300000,300000,65230,234770
V,5.0,제휴몰,차시즌의류,다운점퍼,DJ,5740000,5740000,5218182,5218182,1257927,3960255
V,5.0,제휴몰,차시즌의류,반팔다운,DH,10900000,10900000,9909090,9909090,1774467,8134623
V,5.0,제휴몰,차시즌의류,방풍자켓,WJ,1480000,1480000,1345455,1345455,244244,1101211
V,5.0,제휴몰,차시즌의류,패딩,PD,1780000,1780000,1618182,1618182,265089,1353093
V,5.0,제휴몰,차시즌의류,팬츠,PT,1180000,1180000,1072728,1072728,292369,780359
V,5.0,제휴몰,차시즌의류,후드티,HD,290000,290000,263636,263636,71962,191674
V,7.0,아울렛,Acc_etc,양말,SO,165000,82200,74726,74726,22280,52446
V,7.0,아울렛,Acc_etc,장갑,AG,0,-15000,-13637,-13637,0,-13637
V,7.0,아울렛,Bag,크로스백,CR,1110000,676500,614999,614999,190323,424676
V,7.0,아울렛,Bag,토드백,TG,4070000,3297600,2997815,2997815,710721,2287094
V,7.0,아울렛,Bag,힙색,HS,190000,68400,62181,62181,23516,38665
V,7.0,아울렛,Headwear,비니,BN,860000,598800,544363,544363,175272,369091
V,7.0,아울렛,Headwear,운동모,CP,306000,110160,100146,100146,32130,68016
V,7.0,아울렛,Headwear,햇,HT,680000,442100,401908,401908,104899,297009
V,7.0,아울렛,Shoes,뮬,MU,179000,96660,87872,87872,39400,48472
V,7.0,아울렛,Shoes,방한화,WB,703000,632700,575180,575180,157392,417788
V,7.0,아울렛,Shoes,신발,SH,7314000,2131660,1937867,1937867,1905400,32467
V,7.0,아울렛,과시즌의류,긴팔카라티셔츠,TL,460000,289800,263454,263454,67953,195501
V,7.0,아울렛,과시즌의류,긴팔티셔츠,RL,340000,214200,194727,194727,51306,143421
V,7.0,아울렛,과시즌의류,니트풀오버,KP,14750000,5049200,4590165,4590165,1406849,3183316
V,7.0,아울렛,과시즌의류,다운베스트,DV,48790000,17981300,16346629,16346629,5354073,10992556
V,7.0,아울렛,과시즌의류,다운점퍼,DJ,595910000,242524890,220477083,220477083,68253966,152223117
V,7.0,아울렛,과시즌의류,맨투맨,MT,6500000,3618000,3289077,3289077,1343082,1945995
V,7.0,아울렛,과시즌의류,반바지,SP,820000,298800,271636,271636,91505,180131
V,7.0,아울렛,과시즌의류,반팔다운,DH,9460000,4439700,4036089,4036089,1174513,2861576
V,7.0,아울렛,과시즌의류,반팔티셔츠,RS,2230000,1197100,1088274,1088274,335677,752597
V,7.0,아울렛,과시즌의류,방수자켓,JK,27320000,12423200,11293811,11293811,4427264,6866547
V,7.0,아울렛,과시즌의류,방풍자켓,WJ,78500000,36122200,32838331,32838331,11525518,21312813
V,7.0,아울렛,과시즌의류,베스트,VT,490000,343000,311818,311818,105663,206155
V,7.0,아울렛,과시즌의류,소프트쉘,SS,20390000,10179390,9253978,9253978,3764235,5489743
V,7.0,아울렛,과시즌의류,스커트,SK,1550000,418500,380455,380455,112728,267727
V,7.0,아울렛,과시즌의류,원피스,OP,1120000,923900,839908,839908,206371,633537
V,7.0,아울렛,과시즌의류,집업티,ZT,1810000,814500,740454,740454,272116,468338
V,7.0,아울렛,과시즌의류,트레이닝 숏팬츠,TB,750000,202500,184091,184091,47728,136363
V,7.0,아울렛,과시즌의류,트레이닝(상의),TR,720000,288900,262636,262636,88906,173730
V,7.0,아울렛,과시즌의류,트레이닝(하의),TP,830000,321300,292091,292091,103542,188549
V,7.0,아울렛,과시즌의류,패딩,PD,17990000,7539700,6854270,6854270,2598095,4256175
V,7.0,아울렛,과시즌의류,팬츠,PT,8410000,4315000,3922724,3922724,1681651,2241073
V,7.0,아울렛,과시즌의류,후드티,HD,1170000,568500,516818,516818,179072,337746
V,7.0,아울렛,당시즌의류,니트풀오버,KP,700000,630000,572726,572726,115352,457374
V,7.0,아울렛,당시즌의류,다운베스트,DV,-690000,-621000,-564545,-564545,-152826,-411719
V,7.0,아울렛,당시즌의류,다운점퍼,DJ,77810000,69783900,63439893,63439893,13501743,49938150
V,7.0,아울렛,당시즌의류,맨투맨,MT,780000,702000,638180,638180,156234,481946
V,7.0,아울렛,당시즌의류,반팔다운,DH,5250000,4824000,4385454,4385454,868135,3517319
V,7.0,아울렛,당시즌의류,방풍자켓,WJ,6540000,5995000,5449999,5449999,1174086,4275913
V,7.0,아울렛,당시즌의류,베스트,VT,530000,530000,481818,481818,137401,344417
V,7.0,아울렛,당시즌의류,집업티,ZT,0,-50000,-45454,-45454,0,-45454
V,7.0,아울렛,당시즌의류,팬츠,PT,680000,612000,556363,556363,185798,370565
V,7.0,아울렛,차시즌의류,다운점퍼,DJ,9000000,8189000,7444542,7444542,2085545,5358997
V,7.0,아울렛,차시즌의류,반팔다운,DH,10500000,9450000,8590908,8590908,1679876,6911032
V,7.0,아울렛,차시즌의류,패딩,PD,990000,891000,810000,810000,142835,667165
V,11.0,직영몰,Acc_etc,머플러(스카프),MF,230000,207000,188182,188182,41789,146393
V,11.0,직영몰,Acc_etc,토시,ML,150000,135000,122727,122727,26576,96151
V,11.0,직영몰,Bag,백팩,BK,740000,666000,605455,605455,164773,440682
V,11.0,직영몰,Bag,크로스백,CR,360000,302000,274546,274546,48658,225888
V,11.0,직영몰,Bag,토드백,TG,4230000,3807000,3460913,3460913,764275,2696638
V,11.0,직영몰,Headwear,운동모,CP,280000,252000,229091,229091,48487,180604
V,11.0,직영몰,Headwear,햇,HT,210000,189000,171818,171818,28608,143210
V,11.0,직영몰,Shoes,방한화,WB,908000,817200,742908,742908,223516,519392
V,11.0,직영몰,과시즌의류,반팔티셔츠,RS,330000,165000,150000,150000,50084,99916
V,11.0,직영몰,과시즌의류,방풍자켓,WJ,1280000,956000,869091,869091,234917,634174
V,11.0,직영몰,과시즌의류,트레이닝(상의),TR,280000,112000,101818,101818,34672,67146
V,11.0,직영몰,당시즌의류,니트가디건,KC,390000,351000,319091,319091,71102,247989
V,11.0,직영몰,당시즌의류,니트풀오버,KP,1710000,1574000,1430909,1430909,316567,1114342
V,11.0,직영몰,당시즌의류,다운점퍼,DJ,77510000,69379800,63072557,63072557,14082303,48990254
V,11.0,직영몰,당시즌의류,맨투맨,MT,390000,351000,319091,319091,78117,240974
V,11.0,직영몰,당시즌의류,반팔다운,DH,1980000,1782000,1620000,1620000,371927,1248073
V,11.0,직영몰,당시즌의류,방풍자켓,WJ,1980000,1782000,1620000,1620000,357107,1262893
V,11.0,직영몰,당시즌의류,베스트,VT,530000,477000,433636,433636,137401,296235
V,11.0,직영몰,당시즌의류,팬츠,PT,1670000,1503000,1366364,1366364,465739,900625
V,11.0,직영몰,당시즌의류,후드티,HD,1740000,1566000,1423637,1423637,432267,991370
V,11.0,직영몰,차시즌의류,니트가디건,KC,660000,594000,540000,540000,130460,409540
V,11.0,직영몰,차시즌의류,다운점퍼,DJ,40070000,36192000,32901830,32901830,6746531,26155299
V,11.0,직영몰,차시즌의류,반팔다운,DH,11990000,10791000,9809998,9809998,1954471,7855527
V,11.0,직영몰,차시즌의류,방풍자켓,WJ,13990000,12591000,11446364,11446364,2523587,8922777
V,11.0,직영몰,차시즌의류,패딩,PD,1580000,1422000,1292728,1292728,244508,1048220
V,11.0,직영몰,차시즌의류,팬츠,PT,1300000,1170000,1063637,1063637,315568,748069
V,99.0,기타,Acc_etc,다운 스카프,DC,0,0,0,0,0,0
V,99.0,기타,Acc_etc,머플러(스카프),MF,0,0,0,0,0,0
V,99.0,기타,Acc_etc,토시,ML,0,0,0,0,0,0
V,99.0,기타,Bag,가방,BG,0,0,0,0,0,0
V,99.0,기타,Headwear,비니,BN,0,0,0,0,0,0
V,99.0,기타,Headwear,운동모,CP,0,0,0,0,0,0
V,99.0,기타,Headwear,햇,HT,150000,136360,123968,123968,22697,101271
V,99.0,기타,Shoes,방한화,WB,269000,61050,55500,55500,63043,-7543
V,99.0,기타,Shoes,신발,SH,279000,152180,138348,138348,72200,66148
V,99.0,기타,과시즌의류,니트풀오버,KP,0,0,0,0,0,0
V,99.0,기타,과시즌의류,다운점퍼,DJ,1290000,703640,639670,639670,193707,445963
V,99.0,기타,과시즌의류,방풍자켓,WJ,0,0,0,0,0,0
V,99.0,기타,당시즌의류,니트가디건,KC,0,0,0,0,0,0
V,99.0,기타,당시즌의류,니트풀오버,KP,0,0,0,0,0,0
V,99.0,기타,당시즌의류,다운점퍼,DJ,1190000,289870,263516,263516,262418,1098
V,99.0,기타,당시즌의류,반팔다운,DH,1090000,201620,183293,183293,182530,763
V,99.0,기타,당시즌의류,방풍자켓,WJ,0,0,0,0,0,0
V,99.0,기타,차시즌의류,다운점퍼,DJ,0,0,0,0,0,0
V,99.0,기타,차시즌의류,반팔다운,DH,0,0,0,0,0,0
V,99.0,기타,차시즌의류,패딩,PD,0,0,0,0,0,0
W,4.0,자사몰,Acc_etc,양말,SO,85000,41060,37328,37328,11360,25968
W,4.0,자사몰,Bag,가방,BG,2078000,326400,296728,296728,659106,-362378
W,4.0,자사몰,Bag,백팩,BK,576000,176400,160364,160364,147620,12744
W,4.0,자사몰,Bag,보스톤백,BW,567000,137200,124727,124727,166710,-41983
W,4.0,자사몰,Bag,크로스백,CR,483000,169600,154179,154179,131240,22939
W,4.0,자사몰,Bag,토드백,TG,238000,55100,50091,50091,68280,-18189
W,4.0,자사몰,Headwear,비니,BN,454000,96500,87729,87729,62960,24769
W,4.0,자사몰,Headwear,선캡,SC,49000,17100,15545,15545,9910,5635
W,4.0,자사몰,Headwear,운동모,CP,6386000,1574000,1430904,1430904,1360940,69964
W,4.0,자사몰,Headwear,햇,HT,917000,272800,248001,248001,204956,43045
W,4.0,자사몰,Shoes,슬리퍼,LP,188000,44100,40091,40091,11964,28127
W,4.0,자사몰,Shoes,신발,SH,8089000,1991000,1809999,1809999,1197637,612362
W,4.0,자사몰,과시즌의류,긴팔티셔츠,RL,1088000,292500,265911,265911,94735,171176
W,4.0,자사몰,과시즌의류,다운베스트,DV,219000,89000,80909,80909,29267,51642
W,4.0,자사몰,과시즌의류,다운점퍼,DJ,1336000,501300,455727,455727,178539,277188
W,4.0,자사몰,과시즌의류,레깅스,LG,79000,8100,7364,7364,719,6645
W,4.0,자사몰,과시즌의류,맨투맨,MT,11870000,2542000,2310905,2310905,1093003,1217902
W,4.0,자사몰,과시즌의류,반바지,SP,802000,206600,187817,187817,121962,65855
W,4.0,자사몰,과시즌의류,반팔카라티셔츠,TS,149000,17100,15545,15545,1355,14190
W,4.0,자사몰,과시즌의류,반팔티셔츠,RS,3731000,1299178,1196172,1196172,603436,592736
W,4.0,자사몰,과시즌의류,방풍자켓,WJ,7307000,2367200,2152001,2152001,1993820,158181
W,4.0,자사몰,과시즌의류,소프트쉘,SS,388000,150100,136454,136454,51851,84603
W,4.0,자사몰,과시즌의류,스커트,SK,447000,171100,155545,155545,137030,18515
W,4.0,자사몰,과시즌의류,우븐반바지,SM,1056000,339640,308761,308761,331802,-23041
W,4.0,자사몰,과시즌의류,우븐셔츠,WS,407000,72200,65636,65636,31846,33790
W,4.0,자사몰,과시즌의류,우븐팬츠,WP,2869000,798100,725547,725547,405997,319550
W,4.0,자사몰,과시즌의류,점퍼,JP,12214000,2296600,2087814,2087814,1065938,1021876
W,4.0,자사몰,과시즌의류,진바지,DP,159000,35100,31909,31909,18791,13118
W,4.0,자사몰,과시즌의류,탱크탑,TK,119000,19000,17273,17273,2164,15109
W,4.0,자사몰,과시즌의류,트레이닝 숏팬츠,TB,1090000,176700,160634,160634,9910,150724
W,4.0,자사몰,과시즌의류,트레이닝(상의),TR,1611000,252300,229365,229365,125301,104064
W,4.0,자사몰,과시즌의류,트레이닝(하의),TP,517000,60300,54817,54817,25301,29516
W,4.0,자사몰,과시즌의류,패딩,PD,697000,259200,235636,235636,201512,34124
W,4.0,자사몰,과시즌의류,팬츠,PT,8211000,1878100,1707363,1707363,764800,942563
W,4.0,자사몰,과시즌의류,폴라폴리스점퍼,FD,518000,118000,107272,107272,37673,69599
W,4.0,자사몰,과시즌의류,폴로 티셔츠,PQ,832000,177200,161090,161090,98328,62762
W,4.0,자사몰,과시즌의류,후드티,HD,5240000,1579500,1435912,1435912,757910,678002
W,4.0,자사몰,당시즌의류,반팔티셔츠,RS,49000,19000,17273,17273,10730,6543
W,5.0,제휴몰,Acc_etc,양말,SO,68000,36000,32728,32728,9088,23640
W,5.0,제휴몰,Bag,가방,BG,1494000,284000,258186,258186,475973,-217787
W,5.0,제휴몰,Bag,백팩,BK,2096000,766000,696358,696358,537330,159028
W,5.0,제휴몰,Bag,크로스백,CR,208000,78000,70909,70909,61780,9129
W,5.0,제휴몰,Bag,토드백,TG,119000,29000,26364,26364,34140,-7776
W,5.0,제휴몰,Bag,힙색,HS,79000,29000,26364,26364,19800,6564
W,5.0,제휴몰,Headwear,비니,BN,212000,76000,69092,69092,33180,35912
W,5.0,제휴몰,Headwear,운동모,CP,2381000,599000,544555,544555,459694,84861
W,5.0,제휴몰,Headwear,햇,HT,730000,150000,136366,136366,137528,-1162
W,5.0,제휴몰,Shoes,방한화,WB,258000,58000,52728,52728,18764,33964
W,5.0,제휴몰,Shoes,슬리퍼,LP,138000,58000,52728,52728,34400,18328
W,5.0,제휴몰,Shoes,신발,SH,11556000,3406000,3096340,3096340,2226820,869520
W,5.0,제휴몰,과시즌의류,긴팔티셔츠,RL,682000,192000,174548,174548,78730,95818
W,5.0,제휴몰,과시즌의류,다운점퍼,DJ,6829000,2279000,2071821,2071821,772271,1299550
W,5.0,제휴몰,과시즌의류,레깅스,LG,217000,27000,24546,24546,1973,22573
W,5.0,제휴몰,과시즌의류,맨투맨,MT,6286000,1556000,1414563,1414563,671408,743155
W,5.0,제휴몰,과시즌의류,반바지,SP,774000,194000,176366,176366,49256,127110
W,5.0,제휴몰,과시즌의류,반팔티셔츠,RS,2020000,748000,680008,680008,341057,338951
W,5.0,제휴몰,과시즌의류,방풍자켓,WJ,4808000,1678000,1525450,1525450,1264700,260750
W,5.0,제휴몰,과시즌의류,소프트쉘,SS,995000,395000,359090,359090,132969,226121
W,5.0,제휴몰,과시즌의류,스커트,SK,149000,59000,53636,53636,62390,-8754
W,5.0,제휴몰,과시즌의류,우븐반바지,SM,741000,241000,219094,219094,229370,-10276
W,5.0,제휴몰,과시즌의류,우븐팬츠,WP,1440000,440000,400000,400000,227464,172536
W,5.0,제휴몰,과시즌의류,점퍼,JP,5960000,1300000,1181816,1181816,451911,729905
W,5.0,제휴몰,과시즌의류,진바지,DP,0,0,0,0,0,0
W,5.0,제휴몰,과시즌의류,탱크탑,TK,297000,27000,24546,24546,5400,19146
W,5.0,제휴몰,과시즌의류,트레이닝(상의),TR,2864000,574000,521825,521825,240840,280985
W,5.0,제휴몰,과시즌의류,트레이닝(하의),TP,1848000,388000,352732,352732,123947,228785
W,5.0,제휴몰,과시즌의류,패딩,PD,1752000,712000,647272,647272,667600,-20328
W,5.0,제휴몰,과시즌의류,팬츠,PT,4329000,1159000,1053648,1053648,551475,502173
W,5.0,제휴몰,과시즌의류,폴라폴리스점퍼,FD,259000,59000,53636,53636,18837,34799
W,5.0,제휴몰,과시즌의류,후드티,HD,5542000,1662000,1510904,1510904,1103362,407542
W,5.0,제휴몰,당시즌의류,반팔티셔츠,RS,49000,19000,17273,17273,13180,4093
W,99.0,기타,과시즌의류,다운점퍼,DJ,329000,117270,106612,106612,43967,62645
W,99.0,기타,과시즌의류,팬츠,PT,159000,35460,32232,32232,11564,20668
X,1.0,백화점,Acc_etc,기타소품류,AC,4974000,3382040,3074560,2034418,994156,1040262
X,1.0,백화점,Acc_etc,다운 스카프,DC,11145000,7748190,7043855,4640512,2285582,2354930
X,1.0,백화점,Acc_etc,마스크,MK,544000,380830,346183,228964,129961,99003
X,1.0,백화점,Acc_etc,멀티스카프,MS,854000,522160,474703,320782,169146,151636
X,1.0,백화점,Acc_etc,양말,SO,4070300,3525620,3205064,2115582,945038,1170544
X,1.0,백화점,Acc_etc,장갑,GL,5411000,3936640,3578812,2415758,1303562,1112196
X,1.0,백화점,Acc_etc,토시,ML,25000,17500,15909,10182,4134,6048
X,1.0,백화점,Bag,가방,BG,32968000,18601090,16910085,11698348,7610874,4087474
X,1.0,백화점,Bag,메신저백,MR,75942000,45211240,41101052,26787953,17067570,9720383
X,1.0,백화점,Bag,바디백,BZ,812000,802550,729591,479256,192216,287040
X,1.0,백화점,Bag,백팩,BK,2409001000,2071286880,1882986534,1227638982,564919963,662719019
X,1.0,백화점,Bag,보스톤백,BW,1861000,844420,767637,546135,404956,141179
X,1.0,백화점,Bag,슬링백,SG,28030000,20502780,18638853,12436684,6095826,6340858
X,1.0,백화점,Bag,크로스백,CR,56986000,35024940,31840731,21379579,12239850,9139729
X,1.0,백화점,Bag,토드백,TG,40809000,26549490,24136027,15671913,9245628,6426285
X,1.0,백화점,Bag,힙색,HS,2061000,1373390,1248535,830358,444953,385405
X,1.0,백화점,Headwear,메시캡,MC,433000,423660,385135,263544,101250,162294
X,1.0,백화점,Headwear,방한모,WM,3428000,3024920,2749934,1799965,719263,1080702
X,1.0,백화점,Headwear,비니,BN,14768000,9609960,8736267,5892281,2876407,3015874
X,1.0,백화점,Headwear,운동모,CP,27573000,22686510,20624007,13714731,5309515,8405216
X,1.0,백화점,Headwear,햇,HT,4349000,2167400,1970348,1387328,893115,494213
X,1.0,백화점,Shoes,슬리퍼,LP,45071000,40049880,36408770,24016641,11603275,12413366
X,1.0,백화점,Shoes,신발,SH,738826000,553850330,503500472,330558958,157750227,172808731
X,1.0,백화점,과시즌의류,긴팔카라티셔츠,TL,3054000,1755000,1595453,1188106,431908,756198
X,1.0,백화점,과시즌의류,긴팔티셔츠,RL,5411000,3066810,2787986,2063870,846650,1217220
X,1.0,백화점,과시즌의류,다운베스트,DV,20415000,11920380,10836696,8114104,2970167,5143937
X,1.0,백화점,과시즌의류,다운점퍼,DJ,2427863000,1213166050,1102876862,751159234,351263426,399895808
X,1.0,백화점,과시즌의류,레깅스,LG,6799000,2719600,2472369,1834127,994690,839437
X,1.0,백화점,과시즌의류,맨투맨,MT,68187000,39517440,35924994,26219293,10968062,15251231
X,1.0,백화점,과시즌의류,반바지,SP,1088000,652800,593455,443744,191317,252427
X,1.0,백화점,과시즌의류,반팔카라티셔츠,TS,763000,457800,416179,316890,122609,194281
X,1.0,백화점,과시즌의류,반팔티셔츠,RS,22359000,15429580,14026876,10570607,4363538,6207069
X,1.0,백화점,과시즌의류,방풍자켓,WJ,106976000,49561290,45055401,32557141,16924900,15632241
X,1.0,백화점,과시즌의류,브라,BR,540000,324000,294547,216893,165531,51362
X,1.0,백화점,과시즌의류,상하의 세트,AZ,13884000,8339380,7581266,5303457,3334303,1969154
X,1.0,백화점,과시즌의류,소프트쉘,SS,80972000,38046290,34587423,24576580,11802042,12774538
X,1.0,백화점,과시즌의류,스커트,SK,2926000,1333130,1211994,905195,428810,476385
X,1.0,백화점,과시즌의류,원피스,OP,20224000,8115410,7377696,5448693,2955392,2493301
X,1.0,백화점,과시즌의류,집업티,ZT,1181000,614210,558360,370225,179389,190836
X,1.0,백화점,과시즌의류,트레이닝 숏팬츠,TB,2004000,1402730,1275262,935117,430396,504721
X,1.0,백화점,과시즌의류,트레이닝(상의),TR,428011000,191030530,173663932,123626707,66040904,57585803
X,1.0,백화점,과시즌의류,트레이닝(하의),TP,233029000,107731340,97937461,70490723,35228248,35262475
X,1.0,백화점,과시즌의류,패딩,PD,28428000,19176040,17432722,13394080,5665642,7728438
X,1.0,백화점,과시즌의류,팬츠,PT,67421000,33172700,30157242,21840495,9920002,11920493
X,1.0,백화점,과시즌의류,후드티,HD,39831000,20957780,19052505,14258967,6624445,7634522
X,1.0,백화점,당시즌의류,긴팔카라티셔츠,TL,2301000,1887570,1715972,1225653,372445,853208
X,1.0,백화점,당시즌의류,긴팔티셔츠,RL,8942000,7051680,6410617,4369415,1683641,2685774
X,1.0,백화점,당시즌의류,다운베스트,DV,59746000,54919840,49927193,33113089,13893245,19219844
X,1.0,백화점,당시즌의류,다운점퍼,DJ,2436557000,2045053550,1859138791,1227275305,654420909,572854396
X,1.0,백화점,당시즌의류,레깅스,LG,476000,333220,302909,195453,117687,77766
X,1.0,백화점,당시즌의류,맨투맨,MT,45713000,35477200,32252132,21496690,10731770,10764920
X,1.0,백화점,당시즌의류,반팔티셔츠,RS,177000,171230,155663,97911,37134,60777
X,1.0,백화점,당시즌의류,방풍자켓,WJ,18220000,13065560,11877793,8286913,4640191,3646722
X,1.0,백화점,당시즌의류,상하의 세트,AZ,9688000,7734440,7031311,4514440,2222256,2292184
X,1.0,백화점,당시즌의류,소프트쉘,SS,79692000,69639540,63308662,41866807,17580952,24285855
X,1.0,백화점,당시즌의류,스커트,SK,1122000,826090,751001,515265,251606,263659
X,1.0,백화점,당시즌의류,원피스,OP,864000,604800,549818,354919,181720,173199
X,1.0,백화점,당시즌의류,점퍼,JP,2674000,1871800,1701636,1270654,639612,631042
X,1.0,백화점,당시즌의류,집업티,ZT,8746000,6122250,5565635,3771959,1799920,1972039
X,1.0,백화점,당시즌의류,트레이닝(상의),TR,50345000,40185450,36532178,23968488,11477889,12490599
X,1.0,백화점,당시즌의류,트레이닝(하의),TP,48133000,39023060,35475395,23412034,10406218,13005816
X,1.0,백화점,당시즌의류,패딩,PD,31443000,22009930,20009178,13173998,9013098,4160900
X,1.0,백화점,당시즌의류,팬츠,PT,15939000,13718240,12471126,8466755,3510661,4956094
X,1.0,백화점,당시즌의류,후드티,HD,21535000,16533710,15030538,9922615,5363762,4558853
X,1.0,백화점,차시즌의류,긴팔티셔츠,RL,24742000,24259540,22054123,14601036,5323403,9277633
X,1.0,백화점,차시즌의류,레깅스,LG,65000,65000,59091,38409,17183,21226
X,1.0,백화점,차시즌의류,맨투맨,MT,51166000,50142880,45584425,30068681,12454881,17613800
X,1.0,백화점,차시즌의류,반팔티셔츠,RS,33437000,32928070,29934583,19676438,7572331,12104107
X,1.0,백화점,차시즌의류,방풍자켓,WJ,135122000,131256150,119323754,78340116,32185441,46154675
X,1.0,백화점,차시즌의류,상하의 세트,AZ,35458000,34621970,31474472,20591320,10368766,10222554
X,1.0,백화점,차시즌의류,소프트쉘,SS,2226000,2123960,1930874,1262490,438662,823828
X,1.0,백화점,차시즌의류,스커트,SK,238000,228400,207637,133969,41188,92781
X,1.0,백화점,차시즌의류,트레이닝 숏팬츠,TB,2370000,2316330,2105753,1381576,604273,777303
X,1.0,백화점,차시즌의류,트레이닝(상의),TR,79346000,77646900,70588037,46454481,18553862,27900619
X,1.0,백화점,차시즌의류,트레이닝(하의),TP,77273000,75586080,68714538,45402194,16893810,28508384
X,1.0,백화점,차시즌의류,패딩,PD,163754000,158541910,144128908,94202558,41242641,52959917
X,1.0,백화점,차시즌의류,팬츠,PT,37273000,36332700,33029676,21701520,8327946,13373574
X,1.0,백화점,차시즌의류,후드티,HD,15815000,15543540,14130477,9237262,4267964,4969298
X,2.0,면세점,Acc_etc,기타소품류,AC,927000,414910,377186,226307,214397,11910
X,2.0,면세점,Acc_etc,다운 스카프,DC,973000,515800,468907,281347,233239,48108
X,2.0,면세점,Acc_etc,장갑,GL,249000,141000,128179,76908,56710,20198
X,2.0,면세점,Bag,가방,BG,318000,159000,144546,86728,72896,13832
X,2.0,면세점,Bag,메신저백,MR,119000,71400,64909,38945,23936,15009
X,2.0,면세점,Bag,백팩,BK,280320000,276505590,251368746,150820952,65885328,84935624
X,2.0,면세점,Bag,보스톤백,BW,386000,192000,174545,104727,83340,21387
X,2.0,면세점,Bag,슬링백,SG,1128000,884700,804275,482564,241145,241419
X,2.0,면세점,Bag,크로스백,CR,9041000,5532150,5029227,3017539,1914570,1102969
X,2.0,면세점,Bag,토드백,TG,198000,79200,72000,43200,42627,573
X,2.0,면세점,Bag,힙색,HS,79000,47400,43090,25854,17624,8230
X,2.0,면세점,Headwear,비니,BN,1136000,1064300,967556,580533,239454,341079
X,2.0,면세점,Headwear,운동모,CP,5596000,4852160,4411057,2646622,1088845,1557777
X,2.0,면세점,Headwear,햇,HT,65000,39000,35455,21273,14429,6844
X,2.0,면세점,Shoes,슬리퍼,LP,8794000,8794090,7994644,4796771,2256817,2539954
X,2.0,면세점,Shoes,신발,SH,96123000,82904930,75367886,45220722,20262449,24958273
X,2.0,면세점,당시즌의류,긴팔티셔츠,RL,12411000,8749730,7954297,4772560,2089990,2682570
X,2.0,면세점,당시즌의류,다운베스트,DV,4196000,3909200,3553820,2132290,957687,1174603
X,2.0,면세점,당시즌의류,다운점퍼,DJ,617916000,527399170,479453618,287672120,175693578,111978542
X,2.0,면세점,당시즌의류,레깅스,LG,297000,207900,189000,113400,79981,33419
X,2.0,면세점,당시즌의류,맨투맨,MT,23384000,17308360,15734853,9440930,5052625,4388305
X,2.0,면세점,당시즌의류,방풍자켓,WJ,31545000,23245490,21132226,12679349,8205962,4473387
X,2.0,면세점,당시즌의류,소프트쉘,SS,51459000,40476670,36796967,22078208,11080349,10997859
X,2.0,면세점,당시즌의류,스커트,SK,913000,639100,580995,348597,179503,169094
X,2.0,면세점,당시즌의류,점퍼,JP,2634000,1843800,1676178,1005708,736863,268845
X,2.0,면세점,당시즌의류,집업티,ZT,34738000,24316350,22105767,13263458,7077989,6185469
X,2.0,면세점,당시즌의류,트레이닝(상의),TR,8161000,5864500,5331344,3198804,1783394,1415410
X,2.0,면세점,당시즌의류,트레이닝(하의),TP,10611000,7558480,6871337,4122788,2223812,1898976
X,2.0,면세점,당시즌의류,패딩,PD,18336000,12835220,11668394,7001037,5241531,1759506
X,2.0,면세점,당시즌의류,팬츠,PT,11721000,8502590,7729621,4637787,3050504,1587283
X,2.0,면세점,당시즌의류,후드티,HD,27788000,19647770,17861586,10716932,5768584,4948348
X,2.0,면세점,차시즌의류,긴팔티셔츠,RL,1062000,1062000,965466,579276,240700,338576
X,2.0,면세점,차시즌의류,맨투맨,MT,1186000,1186000,1078180,646906,279049,367857
X,2.0,면세점,차시즌의류,반팔티셔츠,RS,4989000,4989000,4535443,2721226,1205140,1516086
X,2.0,면세점,차시즌의류,방풍자켓,WJ,12553000,12553000,11411816,6847084,2985899,3861185
X,2.0,면세점,차시즌의류,상하의 세트,AZ,119000,119000,108182,64909,35303,29606
X,2.0,면세점,차시즌의류,트레이닝 숏팬츠,TB,237000,237000,215454,129273,60428,68845
X,2.0,면세점,차시즌의류,트레이닝(상의),TR,2521000,2521000,2291821,1375091,566749,808342
X,2.0,면세점,차시즌의류,트레이닝(하의),TP,1537000,1537000,1397271,838361,331976,506385
X,2.0,면세점,차시즌의류,패딩,PD,2032000,2032000,1847274,1108365,495691,612674
X,2.0,면세점,차시즌의류,후드티,HD,178000,178000,161818,97090,51518,45572
X,3.0,직영점(가두),Acc_etc,기타소품류,AC,273000,261300,237543,237543,56386,181157
X,3.0,직영점(가두),Acc_etc,다운 스카프,DC,1065000,1065000,968175,968175,153437,814738
X,3.0,직영점(가두),Acc_etc,마스크,MK,176000,123200,111999,111999,42394,69605
X,3.0,직영점(가두),Acc_etc,멀티스카프,MS,39000,39000,35455,35455,8177,27278
X,3.0,직영점(가두),Acc_etc,양말,SO,235000,211900,192632,192632,47651,144981
X,3.0,직영점(가두),Acc_etc,장갑,GL,1223000,1233000,1120905,1120905,297881,823024
X,3.0,직영점(가두),Acc_etc,토시,ML,25000,17500,15909,15909,5164,10745
X,3.0,직영점(가두),Bag,가방,BG,594000,594000,540000,540000,125827,414173
X,3.0,직영점(가두),Bag,메신저백,MR,119000,119000,108181,108181,27438,80743
X,3.0,직영점(가두),Bag,백팩,BK,14381000,14160900,12873507,12873507,3431146,9442361
X,3.0,직영점(가두),Bag,슬링백,SG,822000,762600,693270,693270,174740,518530
X,3.0,직영점(가두),Bag,크로스백,CR,2867000,2469200,2244717,2244717,641659,1603058
X,3.0,직영점(가두),Bag,힙색,HS,138000,96600,87818,87818,29719,58099
X,3.0,직영점(가두),Headwear,메시캡,MC,49000,49000,44545,44545,11298,33247
X,3.0,직영점(가두),Headwear,방한모,WM,1827000,1674000,1521801,1521801,376943,1144858
X,3.0,직영점(가두),Headwear,비니,BN,2855000,2558900,2326244,2326244,607225,1719019
X,3.0,직영점(가두),Headwear,운동모,CP,3015000,2870900,2609888,2609888,602389,2007499
X,3.0,직영점(가두),Shoes,슬리퍼,LP,450000,450000,409089,409089,119380,289709
X,3.0,직영점(가두),Shoes,신발,SH,19450000,17979200,16344644,16344644,4260254,12084390
X,3.0,직영점(가두),과시즌의류,다운점퍼,DJ,748000,448800,407999,407999,107832,300167
X,3.0,직영점(가두),당시즌의류,긴팔티셔츠,RL,138000,96600,87818,87818,28564,59254
X,3.0,직영점(가두),당시즌의류,다운베스트,DV,3072000,3072000,2792722,2792722,711641,2081081
X,3.0,직영점(가두),당시즌의류,다운점퍼,DJ,236319000,211615980,192377941,192377941,62169252,130208689
X,3.0,직영점(가두),당시즌의류,레깅스,LG,495000,346500,315000,315000,109876,205124
X,3.0,직영점(가두),당시즌의류,맨투맨,MT,1553000,1134500,1031355,1031355,341986,689369
X,3.0,직영점(가두),당시즌의류,방풍자켓,WJ,2093000,1521800,1383452,1383452,588001,795451
X,3.0,직영점(가두),당시즌의류,상하의 세트,AZ,129000,90300,82090,82090,27623,54467
X,3.0,직영점(가두),당시즌의류,소프트쉘,SS,4951000,4311600,3919629,3919629,1082875,2836754
X,3.0,직영점(가두),당시즌의류,스커트,SK,119000,83300,75727,75727,21196,54531
X,3.0,직영점(가두),당시즌의류,점퍼,JP,2634000,1843800,1676179,1676179,736863,939316
X,3.0,직영점(가두),당시즌의류,집업티,ZT,1319000,923300,839359,839359,270391,568968
X,3.0,직영점(가두),당시즌의류,트레이닝(상의),TR,1569000,1253100,1139180,1139180,343350,795830
X,3.0,직영점(가두),당시즌의류,트레이닝(하의),TP,1814000,1364900,1240815,1240815,392289,848526
X,3.0,직영점(가두),당시즌의류,패딩,PD,2430000,1701000,1546362,1546362,712776,833586
X,3.0,직영점(가두),당시즌의류,팬츠,PT,1917000,1755900,1596268,1596268,418917,1177351
X,3.0,직영점(가두),당시즌의류,후드티,HD,1228000,939700,854271,854271,290981,563290
X,3.0,직영점(가두),차시즌의류,긴팔티셔츠,RL,2993000,2988630,2716923,2716923,613179,2103744
X,3.0,직영점(가두),차시즌의류,레깅스,LG,65000,65000,59091,59091,17183,41908
X,3.0,직영점(가두),차시즌의류,맨투맨,MT,4704000,4688370,4262145,4262145,1112325,3149820
X,3.0,직영점(가두),차시즌의류,반팔티셔츠,RS,2291000,2281000,2073629,2073629,496551,1577078
X,3.0,직영점(가두),차시즌의류,방풍자켓,WJ,17542000,17485740,15896113,15896113,4155058,11741055
X,3.0,직영점(가두),차시즌의류,상하의 세트,AZ,318000,318000,289090,289090,93977,195113
X,3.0,직영점(가두),차시즌의류,소프트쉘,SS,477000,477000,433635,433635,93999,339636
X,3.0,직영점(가두),차시즌의류,트레이닝 숏팬츠,TB,0,0,0,0,0,0
X,3.0,직영점(가두),차시즌의류,트레이닝(상의),TR,5430000,5430000,4936346,4936346,1267203,3669143
X,3.0,직영점(가두),차시즌의류,트레이닝(하의),TP,3877000,3877000,3524524,3524524,829186,2695338
X,3.0,직영점(가두),차시즌의류,패딩,PD,15746000,15736000,14305418,14305418,3661637,10643781
X,3.0,직영점(가두),차시즌의류,팬츠,PT,3641000,3637260,3306581,3306581,802059,2504522
X,3.0,직영점(가두),차시즌의류,후드티,HD,1069000,1069000,971815,971815,256452,715363
X,4.0,자사몰,Acc_etc,기타소품류,AC,322000,169300,153909,153909,63091,90818
X,4.0,자사몰,Acc_etc,다운 스카프,DC,826000,630720,573381,573381,138663,434718
X,4.0,자사몰,Acc_etc,마스크,MK,172000,99400,90363,90363,40705,49658
X,4.0,자사몰,Acc_etc,멀티스카프,MS,78000,69260,62964,62964,15978,46986
X,4.0,자사몰,Acc_etc,양말,SO,1313800,781520,710470,710470,311685,398785
X,4.0,자사몰,Acc_etc,장갑,GL,947000,435760,396148,396148,215665,180483
X,4.0,자사몰,Acc_etc,토시,ML,25000,17500,15909,15909,5164,10745
X,4.0,자사몰,Bag,가방,BG,1647000,1082120,983747,983747,381691,602056
X,4.0,자사몰,Bag,메신저백,MR,1744000,1469210,1335646,1335646,411247,924399
X,4.0,자사몰,Bag,바디백,BZ,416000,365260,332055,332055,94688,237367
X,4.0,자사몰,Bag,백팩,BK,302195000,267667771,243369651,243369651,71546221,171823430
X,4.0,자사몰,Bag,보스톤백,BW,1574000,792920,720836,720836,331404,389432
X,4.0,자사몰,Bag,슬링백,SG,6415000,4579860,4163509,4163509,1390120,2773389
X,4.0,자사몰,Bag,크로스백,CR,3801000,2824980,2568162,2568162,837783,1730379
X,4.0,자사몰,Bag,토드백,TG,3383000,2740160,2491050,2491050,800973,1690077
X,4.0,자사몰,Bag,힙색,HS,414000,284800,258910,258910,89157,169753
X,4.0,자사몰,Headwear,메시캡,MC,98000,94580,85982,85982,22596,63386
X,4.0,자사몰,Headwear,방한모,WM,892000,742400,674908,674908,184017,490891
X,4.0,자사몰,Headwear,비니,BN,992000,812090,738268,738268,207900,530368
X,4.0,자사몰,Headwear,운동모,CP,3206000,2763730,2512475,2512475,638800,1873675
X,4.0,자사몰,Headwear,햇,HT,534000,321410,292193,292193,127898,164295
X,4.0,자사몰,Shoes,슬리퍼,LP,8998000,7801589,7098657,7098657,2268759,4829898
X,4.0,자사몰,Shoes,신발,SH,141758000,114037586,103731944,103731944,29940400,73791544
X,4.0,자사몰,과시즌의류,긴팔티셔츠,RL,665000,382090,347353,347353,139533,207820
X,4.0,자사몰,과시즌의류,맨투맨,MT,267000,186520,169563,169563,45685,123878
X,4.0,자사몰,과시즌의류,반팔티셔츠,RS,49000,79430,79430,79430,11744,67686
X,4.0,자사몰,과시즌의류,방풍자켓,WJ,2307000,1404750,1277045,1277045,523929,753116
X,4.0,자사몰,과시즌의류,스윔웨어,SW,15325000,9541210,8673830,8673830,2889576,5784254
X,4.0,자사몰,과시즌의류,스윔웨어 하의,SB,10103000,6461950,5874496,5874496,2023844,3850652
X,4.0,자사몰,과시즌의류,트레이닝(상의),TR,1684000,1081730,983389,983389,352159,631230
X,4.0,자사몰,과시즌의류,트레이닝(하의),TP,2238000,1406900,1278998,1278998,442196,836802
X,4.0,자사몰,과시즌의류,패딩,PD,438000,306600,278728,278728,97089,181639
X,4.0,자사몰,과시즌의류,팬츠,PT,396000,235540,214127,214127,83936,130191
X,4.0,자사몰,과시즌의류,후드티,HD,238000,139140,126491,126491,48099,78392
X,4.0,자사몰,당시즌의류,긴팔카라티셔츠,TL,1428000,1018590,925992,925992,235778,690214
X,4.0,자사몰,당시즌의류,긴팔티셔츠,RL,6741000,4581360,4164863,4164863,1230158,2934705
X,4.0,자사몰,당시즌의류,다운베스트,DV,10837000,9674580,8795072,8795072,2518398,6276674
X,4.0,자사몰,당시즌의류,다운점퍼,DJ,235509000,192626870,175115288,175115288,62199224,112916064
X,4.0,자사몰,당시즌의류,레깅스,LG,297000,199210,181100,181100,75296,105804
X,4.0,자사몰,당시즌의류,맨투맨,MT,12511000,8895790,8087103,8087103,2889957,5197146
X,4.0,자사몰,당시즌의류,반팔티셔츠,RS,118000,113400,103091,103091,24756,78335
X,4.0,자사몰,당시즌의류,방풍자켓,WJ,8174000,5935060,5395510,5395510,2114714,3280796
X,4.0,자사몰,당시즌의류,상하의 세트,AZ,933000,799980,727254,727254,194478,532776
X,4.0,자사몰,당시즌의류,소프트쉘,SS,21627000,17963620,16330549,16330549,4775634,11554915
X,4.0,자사몰,당시즌의류,스커트,SK,725000,520740,473400,473400,168997,304403
X,4.0,자사몰,당시즌의류,원피스,OP,566000,399780,363436,363436,119247,244189
X,4.0,자사몰,당시즌의류,점퍼,JP,1517000,1027900,934455,934455,384207,550248
X,4.0,자사몰,당시즌의류,집업티,ZT,4828000,3307490,3006810,3006810,981720,2025090
X,4.0,자사몰,당시즌의류,트레이닝(상의),TR,14950000,11868830,10789856,10789856,3283231,7506625
X,4.0,자사몰,당시즌의류,트레이닝(하의),TP,22510000,17917950,16289053,16289053,4624143,11664910
X,4.0,자사몰,당시즌의류,패딩,PD,7160000,4823410,4384924,4384924,1973070,2411854
X,4.0,자사몰,당시즌의류,팬츠,PT,8708000,6997160,6361057,6361057,1897470,4463587
X,4.0,자사몰,당시즌의류,후드티,HD,9350000,6568940,5971759,5971759,2264896,3706863
X,4.0,자사몰,차시즌의류,긴팔티셔츠,RL,4493000,4277600,3888718,3888718,952755,2935963
X,4.0,자사몰,차시즌의류,맨투맨,MT,6561000,6179290,5617533,5617533,1577749,4039784
X,4.0,자사몰,차시즌의류,반팔티셔츠,RS,5049000,4748660,4316959,4316959,1184719,3132240
X,4.0,자사몰,차시즌의류,방풍자켓,WJ,9269000,8809740,8008854,8008854,2228557,5780297
X,4.0,자사몰,차시즌의류,브라,BR,375000,358000,325454,325454,92848,232606
X,4.0,자사몰,차시즌의류,상하의 세트,AZ,228000,218000,198181,198181,65657,132524
X,4.0,자사몰,차시즌의류,소프트쉘,SS,318000,301000,273636,273636,62666,210970
X,4.0,자사몰,차시즌의류,스커트,SK,238000,235520,214109,214109,42717,171392
X,4.0,자사몰,차시즌의류,트레이닝 숏팬츠,TB,395000,382040,347309,347309,100713,246596
X,4.0,자사몰,차시즌의류,트레이닝(상의),TR,9227000,8846480,8042258,8042258,2090517,5951741
X,4.0,자사몰,차시즌의류,트레이닝(하의),TP,10012000,9570020,8700020,8700020,2123873,6576147
X,4.0,자사몰,차시즌의류,패딩,PD,13496000,12935980,11759992,11759992,3185949,8574043
X,4.0,자사몰,차시즌의류,팬츠,PT,6070000,5689730,5172490,5172490,1322812,3849678
X,4.0,자사몰,차시즌의류,후드티,HD,2394000,2244700,2040638,2040638,636830,1403808
X,5.0,제휴몰,Acc_etc,기타소품류,AC,3920000,2155100,1959204,1959204,821192,1138012
X,5.0,제휴몰,Acc_etc,다운 스카프,DC,43315000,38914320,35376599,35376599,7237137,28139462
X,5.0,제휴몰,Acc_etc,마스크,MK,117000,81900,74454,74454,24855,49599
X,5.0,제휴몰,Acc_etc,멀티스카프,MS,2834000,1441700,1310650,1310650,559970,750680
X,5.0,제휴몰,Acc_etc,양말,SO,4490000,2556470,2324069,2324069,889614,1434455
X,5.0,제휴몰,Acc_etc,장갑,GL,10507000,4523900,4112630,4112630,2246892,1865738
X,5.0,제휴몰,Acc_etc,토시,ML,350000,225000,204544,204544,67998,136546
X,5.0,제휴몰,Bag,가방,BG,5500000,3147900,2861718,2861718,1268231,1593487
X,5.0,제휴몰,Bag,메신저백,MR,7661000,6342400,5765822,5765822,1775210,3990612
X,5.0,제휴몰,Bag,바디백,BZ,743000,743000,675455,675455,170858,504597
X,5.0,제휴몰,Bag,백팩,BK,630615000,529540850,481399977,481399977,144244614,337155363
X,5.0,제휴몰,Bag,보스톤백,BW,1296000,671700,610635,610635,295280,315355
X,5.0,제휴몰,Bag,슬링백,SG,13672000,9723000,8839074,8839074,2884467,5954607
X,5.0,제휴몰,Bag,크로스백,CR,20070000,12289000,11171801,11171801,4293891,6877910
X,5.0,제휴몰,Bag,토드백,TG,30851000,17981200,16346472,16346472,6749129,9597343
X,5.0,제휴몰,Bag,힙색,HS,4030000,2227800,2025269,2025269,876884,1148385
X,5.0,제휴몰,Headwear,방한모,WM,1612000,1586500,1442273,1442273,343028,1099245
X,5.0,제휴몰,Headwear,비니,BN,5706000,3151400,2864921,2864921,1146897,1718024
X,5.0,제휴몰,Headwear,운동모,CP,13765000,8013600,7285095,7285095,2677156,4607939
X,5.0,제휴몰,Headwear,햇,HT,3866000,2071800,1883462,1883462,797843,1085619
X,5.0,제휴몰,Shoes,슬리퍼,LP,25946000,25667980,23334509,23334509,6642401,16692108
X,5.0,제휴몰,Shoes,신발,SH,326817000,256275430,232977861,232977861,69125390,163852471
X,5.0,제휴몰,과시즌의류,긴팔티셔츠,RL,5278000,3596600,3269613,3269613,1127830,2141783
X,5.0,제휴몰,과시즌의류,다운베스트,DV,597000,358200,325635,325635,86085,239550
X,5.0,제휴몰,과시즌의류,다운점퍼,DJ,435474000,227330180,206663675,206663675,63201964,143461711
X,5.0,제휴몰,과시즌의류,레깅스,LG,3876000,2099700,1908818,1908818,699267,1209551
X,5.0,제휴몰,과시즌의류,맨투맨,MT,14203000,6926100,6296474,6296474,2223555,4072919
X,5.0,제휴몰,과시즌의류,반바지,SP,1490000,1002600,911449,911449,335118,576331
X,5.0,제휴몰,과시즌의류,반팔카라티셔츠,TS,663000,416500,378635,378635,107227,271408
X,5.0,제휴몰,과시즌의류,반팔티셔츠,RS,26139000,17525200,15931929,15931929,4907012,11024917
X,5.0,제휴몰,과시즌의류,방풍자켓,WJ,39132000,19184000,17440000,17440000,6758148,10681852
X,5.0,제휴몰,과시즌의류,베스트,VT,129000,90300,82091,82091,30838,51253
X,5.0,제휴몰,과시즌의류,브라,BR,363000,217800,197999,197999,109404,88595
X,5.0,제휴몰,과시즌의류,상하의 세트,AZ,6736000,4041600,3674158,3674158,1296207,2377951
X,5.0,제휴몰,과시즌의류,소프트쉘,SS,13225000,6716000,6105426,6105426,1972504,4132922
X,5.0,제휴몰,과시즌의류,스윔웨어,SW,41862000,27357100,24870064,24870064,8317557,16552507
X,5.0,제휴몰,과시즌의류,스윔웨어 하의,SB,17509000,11537500,10488616,10488616,3699601,6789015
X,5.0,제휴몰,과시즌의류,스커트,SK,1983000,902300,820269,820269,295432,524837
X,5.0,제휴몰,과시즌의류,슬리브리스,SL,270000,189000,171816,171816,59282,112534
X,5.0,제휴몰,과시즌의류,원피스,OP,2958000,1760700,1600638,1600638,529904,1070734
X,5.0,제휴몰,과시즌의류,집업티,ZT,109000,76300,69364,69364,30996,38368
X,5.0,제휴몰,과시즌의류,트레이닝 숏팬츠,TB,1795000,968900,880812,880812,372744,508068
X,5.0,제휴몰,과시즌의류,트레이닝(상의),TR,35570000,16332200,14847451,14847451,5784287,9063164
X,5.0,제휴몰,과시즌의류,트레이닝(하의),TP,31259000,13897200,12633816,12633816,4797284,7836532
X,5.0,제휴몰,과시즌의류,패딩,PD,13683000,8737200,7942919,7942919,2869673,5073246
X,5.0,제휴몰,과시즌의류,팬츠,PT,9770000,4942400,4493086,4493086,1606548,2886538
X,5.0,제휴몰,과시즌의류,후드티,HD,4191000,2314600,2104189,2104189,751972,1352217
X,5.0,제휴몰,당시즌의류,긴팔카라티셔츠,TL,1289000,991400,901272,901272,225812,675460
X,5.0,제휴몰,당시즌의류,긴팔티셔츠,RL,9022000,6575500,5977711,5977711,1619738,4357973
X,5.0,제휴몰,당시즌의류,다운베스트,DV,21631000,20914900,19013550,19013550,5024488,13989062
X,5.0,제휴몰,당시즌의류,다운점퍼,DJ,919744000,786748880,715225990,715225990,231781967,483444023
X,5.0,제휴몰,당시즌의류,레깅스,LG,586000,410200,372909,372909,137736,235173
X,5.0,제휴몰,당시즌의류,맨투맨,MT,44199000,32681430,29710467,29710467,10482855,19227612
X,5.0,제휴몰,당시즌의류,반팔티셔츠,RS,354000,354000,321816,321816,74268,247548
X,5.0,제휴몰,당시즌의류,방풍자켓,WJ,11630000,8660300,7873002,7873002,3021462,4851540
X,5.0,제휴몰,당시즌의류,상하의 세트,AZ,2769000,2265900,2059899,2059899,593184,1466715
X,5.0,제휴몰,당시즌의류,소프트쉘,SS,32153000,30368300,27607518,27607518,7102708,20504810
X,5.0,제휴몰,당시즌의류,스커트,SK,1738000,1419400,1290364,1290364,403692,886672
X,5.0,제휴몰,당시즌의류,원피스,OP,298000,208600,189636,189636,62474,127162
X,5.0,제휴몰,당시즌의류,점퍼,JP,3512000,2458400,2234912,2234912,960187,1274725
X,5.0,제휴몰,당시즌의류,집업티,ZT,7229000,5060300,4600270,4600270,1510717,3089553
X,5.0,제휴몰,당시즌의류,트레이닝(상의),TR,10508000,8342600,7584181,7584181,2337938,5246243
X,5.0,제휴몰,당시즌의류,트레이닝(하의),TP,17162000,13795700,12541546,12541546,3681099,8860447
X,5.0,제휴몰,당시즌의류,패딩,PD,13872000,9710400,8827661,8827661,3979982,4847679
X,5.0,제휴몰,당시즌의류,팬츠,PT,10359000,8908500,8098630,8098630,2344669,5753961
X,5.0,제휴몰,당시즌의류,후드티,HD,17390000,12475700,11341542,11341542,4271333,7070209
X,5.0,제휴몰,차시즌의류,긴팔티셔츠,RL,2292000,2292000,2083623,2083623,506611,1577012
X,5.0,제휴몰,차시즌의류,레깅스,LG,65000,65000,59091,59091,17183,41908
X,5.0,제휴몰,차시즌의류,맨투맨,MT,3842000,3842000,3492719,3492719,941281,2551438
X,5.0,제휴몰,차시즌의류,반팔티셔츠,RS,1973000,1973000,1793632,1793632,496895,1296737
X,5.0,제휴몰,차시즌의류,방풍자켓,WJ,5076000,5076000,4614544,4614544,1212434,3402110
X,5.0,제휴몰,차시즌의류,상하의 세트,AZ,347000,347000,315452,315452,100960,214492
X,5.0,제휴몰,차시즌의류,트레이닝 숏팬츠,TB,158000,158000,143636,143636,40285,103351
X,5.0,제휴몰,차시즌의류,트레이닝(상의),TR,3589000,3589000,3262729,3262729,815937,2446792
X,5.0,제휴몰,차시즌의류,트레이닝(하의),TP,3162000,3162000,2874549,2874549,689777,2184772
X,5.0,제휴몰,차시즌의류,패딩,PD,8105000,8105000,7368189,7368189,2042955,5325234
X,5.0,제휴몰,차시즌의류,팬츠,PT,2628000,2628000,2389095,2389095,580113,1808982
X,5.0,제휴몰,차시즌의류,후드티,HD,1533000,1533000,1393635,1393635,404305,989330
X,6.0,대리점,Acc_etc,기타소품류,AC,3139000,2217900,2016283,1374269,617254,757015
X,6.0,대리점,Acc_etc,다운 스카프,DC,10826000,9207230,8370199,5585799,1701128,3884671
X,6.0,대리점,Acc_etc,마스크,MK,765000,547170,497452,340430,180871,159559
X,6.0,대리점,Acc_etc,멀티스카프,MS,2389000,1664070,1512773,1002851,477764,525087
X,6.0,대리점,Acc_etc,양말,SO,16333100,13542700,12311509,8253486,3207497,5045989
X,6.0,대리점,Acc_etc,장갑,GL,9412000,8320950,7564486,5008347,2316834,2691513
X,6.0,대리점,Acc_etc,토시,ML,100000,67770,61608,40711,21187,19524
X,6.0,대리점,Bag,가방,BG,6892000,5029750,4572504,3062292,1672962,1389330
X,6.0,대리점,Bag,메신저백,MR,20313000,17302540,15729572,10347988,4788236,5559752
X,6.0,대리점,Bag,바디백,BZ,981000,890280,809334,533619,224098,309521
X,6.0,대리점,Bag,백팩,BK,815535000,742748540,675225087,444697425,193376467,251320958
X,6.0,대리점,Bag,보스톤백,BW,772000,366240,332910,223050,166681,56369
X,6.0,대리점,Bag,슬링백,SG,21386000,16997100,15451834,10273766,4579661,5694105
X,6.0,대리점,Bag,크로스백,CR,44276000,34618390,31471101,21007260,9800865,11206395
X,6.0,대리점,Bag,토드백,TG,16194000,12533750,11394374,7522985,3767206,3755779
X,6.0,대리점,Bag,힙색,HS,4846000,3036760,2760697,1872966,1048199,824767
X,6.0,대리점,Headwear,메시캡,MC,923000,906180,823796,535573,214230,321343
X,6.0,대리점,Headwear,방한모,WM,5714000,5111840,4647138,3082414,1194481,1887933
X,6.0,대리점,Headwear,비니,BN,18689000,15940150,14491069,9631818,3960223,5671595
X,6.0,대리점,Headwear,운동모,CP,57924000,52751940,47956343,31574678,11202771,20371907
X,6.0,대리점,Headwear,햇,HT,5185000,3330210,3027346,2065080,1080315,984765
X,6.0,대리점,Shoes,슬리퍼,LP,36643000,34416850,31288027,20500572,9172664,11327908
X,6.0,대리점,Shoes,신발,SH,560664000,493393040,448538871,296966369,120007221,176959148
X,6.0,대리점,과시즌의류,긴팔카라티셔츠,TL,2082000,1148000,1043638,701938,297231,404707
X,6.0,대리점,과시즌의류,긴팔티셔츠,RL,5172000,3389110,3080978,2067755,1064059,1003696
X,6.0,대리점,과시즌의류,다운베스트,DV,5096000,2681200,2437451,1667015,736186,930829
X,6.0,대리점,과시즌의류,다운점퍼,DJ,260108000,134906430,122642197,83803782,37548393,46255389
X,6.0,대리점,과시즌의류,레깅스,LG,771000,302400,274910,183675,118159,65516
X,6.0,대리점,과시즌의류,맨투맨,MT,39470000,26701010,24273599,16389278,7578117,8811161
X,6.0,대리점,과시즌의류,반팔티셔츠,RS,32888000,22633650,20575957,13720203,6246759,7473444
X,6.0,대리점,과시즌의류,방풍자켓,WJ,99644000,59034440,53667636,36333779,20532662,15801117
X,6.0,대리점,과시즌의류,소프트쉘,SS,44662000,22128630,20116871,14162083,6493068,7669015
X,6.0,대리점,과시즌의류,스윔웨어 하의,SB,69000,48300,43909,30736,13089,17647
X,6.0,대리점,과시즌의류,스커트,SK,703000,312800,284360,190520,108403,82117
X,6.0,대리점,과시즌의류,원피스,OP,2385000,954000,867270,598420,346168,252252
X,6.0,대리점,과시즌의류,집업티,ZT,236000,118000,107272,71872,34133,37739
X,6.0,대리점,과시즌의류,트레이닝(상의),TR,73707000,38115730,34650351,23525060,12931524,10593536
X,6.0,대리점,과시즌의류,트레이닝(하의),TP,72581000,39264890,35695280,24081313,12530065,11551248
X,6.0,대리점,과시즌의류,패딩,PD,67697000,44353470,40321314,27121322,13834861,13286461
X,6.0,대리점,과시즌의류,팬츠,PT,24664000,13515030,12286263,8427612,4085871,4341741
X,6.0,대리점,과시즌의류,후드티,HD,17419000,10318790,9380715,6342953,3241229,3101724
X,6.0,대리점,당시즌의류,긴팔카라티셔츠,TL,5304000,4634210,4212941,2821227,880589,1940638
X,6.0,대리점,당시즌의류,긴팔티셔츠,RL,15826000,11406790,10369769,7098156,3044818,4053338
X,6.0,대리점,당시즌의류,다운베스트,DV,128074000,112581810,102347047,68142887,29805324,38337563
X,6.0,대리점,당시즌의류,다운점퍼,DJ,2511593000,2090896160,1900814658,1270951204,656635562,614315642
X,6.0,대리점,당시즌의류,레깅스,LG,3630000,2541010,2310000,1581300,871818,709482
X,6.0,대리점,당시즌의류,맨투맨,MT,99871000,78475260,71341142,48047157,22791454,25255703
X,6.0,대리점,당시즌의류,반팔티셔츠,RS,413000,403000,366363,232682,86646,146036
X,6.0,대리점,당시즌의류,방풍자켓,WJ,21820000,15597070,14179153,9642246,5765916,3876330
X,6.0,대리점,당시즌의류,상하의 세트,AZ,4367000,3924320,3567538,2406321,860229,1546092
X,6.0,대리점,당시즌의류,소프트쉘,SS,123870000,106284160,96621831,64647470,27345770,37301700
X,6.0,대리점,당시즌의류,스커트,SK,2879000,2077500,1888637,1298664,612751,685913
X,6.0,대리점,당시즌의류,원피스,OP,447000,312900,284455,193429,93711,99718
X,6.0,대리점,당시즌의류,점퍼,JP,61951000,43376430,39433110,26944642,15113328,11831314
X,6.0,대리점,당시즌의류,집업티,ZT,31942000,22361150,20328322,13993081,6418099,7574982
X,6.0,대리점,당시즌의류,트레이닝(상의),TR,79072000,62424890,56749888,38366664,17308158,21058506
X,6.0,대리점,당시즌의류,트레이닝(하의),TP,96615000,79579200,72344742,48700653,20035855,28664798
X,6.0,대리점,당시즌의류,패딩,PD,56703000,39476510,35887767,24467270,15359965,9107305
X,6.0,대리점,당시즌의류,팬츠,PT,82861000,69844110,63494749,42507186,17599453,24907733
X,6.0,대리점,당시즌의류,후드티,HD,63597000,47937250,43579265,29480884,15194186,14286698
X,6.0,대리점,차시즌의류,긴팔티셔츠,RL,53079000,51336700,46669747,30644984,11151536,19493448
X,6.0,대리점,차시즌의류,레깅스,LG,260000,240600,218725,143944,68732,75212
X,6.0,대리점,차시즌의류,맨투맨,MT,115077000,112085220,101895598,66813486,27563818,39249668
X,6.0,대리점,차시즌의류,반팔티셔츠,RS,74355000,72416720,65833340,42934238,17016044,25918194
X,6.0,대리점,차시즌의류,방풍자켓,WJ,211400000,202146250,183769308,120675744,50290271,70385473
X,6.0,대리점,차시즌의류,브라,BR,621000,566380,514900,340909,167238,173671
X,6.0,대리점,차시즌의류,상하의 세트,AZ,27612000,26518160,24107416,15957952,8098596,7859356
X,6.0,대리점,차시즌의류,소프트쉘,SS,7950000,7851190,7137439,4654067,1566650,3087417
X,6.0,대리점,차시즌의류,스커트,SK,1071000,1024670,931522,610633,185348,425285
X,6.0,대리점,차시즌의류,트레이닝 숏팬츠,TB,5056000,4816740,4378869,2894923,1289112,1605811
X,6.0,대리점,차시즌의류,트레이닝(상의),TR,155479000,149229480,135663066,89361166,36319804,53041362
X,6.0,대리점,차시즌의류,트레이닝(하의),TP,172686000,165974200,150885594,99401389,37095878,62305511
X,6.0,대리점,차시즌의류,패딩,PD,157822000,151933720,138121466,91045643,37481364,53564279
X,6.0,대리점,차시즌의류,팬츠,PT,65985000,63649200,57862898,38094253,14633909,23460344
X,6.0,대리점,차시즌의류,후드티,HD,38948000,37831490,34392322,22575218,10071421,12503797
X,7.0,아울렛,Acc_etc,기타소품류,AC,741000,312000,283638,283638,142492,141146
X,7.0,아울렛,Acc_etc,다운 스카프,DC,1901000,1007500,915914,915914,448419,467495
X,7.0,아울렛,Acc_etc,멀티스카프,MS,226000,77600,70545,70545,43581,26964
X,7.0,아울렛,Acc_etc,양말,SO,1039900,646020,587267,587267,209620,377647
X,7.0,아울렛,Acc_etc,장갑,GL,1028000,443500,403183,403183,214656,188527
X,7.0,아울렛,Acc_etc,짐백,GY,-169000,-50700,-46091,-46091,-35377,-10714
X,7.0,아울렛,Bag,가방,BG,2105000,1142120,1038294,1038294,485118,553176
X,7.0,아울렛,Bag,메신저백,MR,39864000,20996720,19087950,19087950,8700735,10387215
X,7.0,아울렛,Bag,백팩,BK,1019039000,877440880,797672261,797672261,240299363,557372898
X,7.0,아울렛,Bag,보스톤백,BW,2337000,1149600,1045091,1045091,525662,519429
X,7.0,아울렛,Bag,슬링백,SG,10582000,6478810,5889829,5889829,2339453,3550376
X,7.0,아울렛,Bag,크로스백,CR,11327000,6562540,5965936,5965936,2430173,3535763
X,7.0,아울렛,Bag,토드백,TG,22349000,13700980,12455406,12455406,4894259,7561147
X,7.0,아울렛,Bag,힙색,HS,8311000,3597200,3270179,3270179,1768437,1501742
X,7.0,아울렛,Headwear,비니,BN,6262000,2480900,2255367,2255367,1221643,1033724
X,7.0,아울렛,Headwear,운동모,CP,16668000,9829680,8936000,8936000,3333096,5602904
X,7.0,아울렛,Headwear,햇,HT,7404000,3956400,3596750,3596750,1538282,2058468
X,7.0,아울렛,Shoes,슬리퍼,LP,14257000,11809610,10735993,10735993,3467827,7268166
X,7.0,아울렛,Shoes,신발,SH,319040000,239565830,217787177,217787177,67207783,150579394
X,7.0,아울렛,과시즌의류,긴팔카라티셔츠,TL,5208000,2244600,2040554,2040554,577444,1463110
X,7.0,아울렛,과시즌의류,긴팔티셔츠,RL,21971000,13152600,11956851,11956851,4188845,7768006
X,7.0,아울렛,과시즌의류,니트,KT,1194000,358200,325638,325638,102928,222710
X,7.0,아울렛,과시즌의류,다운베스트,DV,6601000,3678000,3343633,3343633,939300,2404333
X,7.0,아울렛,과시즌의류,다운점퍼,DJ,990600000,499228570,453844004,453844004,136909048,316934956
X,7.0,아울렛,과시즌의류,레깅스,LG,494000,215300,195726,195726,75240,120486
X,7.0,아울렛,과시즌의류,맨투맨,MT,269334000,173624200,157839795,157839795,50525771,107314024
X,7.0,아울렛,과시즌의류,반팔티셔츠,RS,176484000,117975260,107250054,107250054,33641449,73608605
X,7.0,아울렛,과시즌의류,방풍자켓,WJ,735076000,426296400,387542061,387542061,142641557,244900504
X,7.0,아울렛,과시즌의류,브라,BR,285000,171000,155455,155455,86562,68893
X,7.0,아울렛,과시즌의류,소프트쉘,SS,103481000,50929010,46299111,46299111,14748778,31550333
X,7.0,아울렛,과시즌의류,스커트,SK,1605000,746900,678996,678996,245947,433049
X,7.0,아울렛,과시즌의류,원피스,OP,8586000,3434400,3122172,3122172,1246207,1875965
X,7.0,아울렛,과시즌의류,집업티,ZT,295000,147500,134090,134090,42666,91424
X,7.0,아울렛,과시즌의류,트레이닝 숏팬츠,TB,-69000,-41400,-37636,-37636,-16531,-21105
X,7.0,아울렛,과시즌의류,트레이닝(상의),TR,388427000,195451210,177682645,177682645,68027453,109655192
X,7.0,아울렛,과시즌의류,트레이닝(하의),TP,333157000,186196640,169269759,169269759,59256736,110013023
X,7.0,아울렛,과시즌의류,패딩,PD,325233000,210734090,191576425,191576425,64197917,127378508
X,7.0,아울렛,과시즌의류,팬츠,PT,188373000,85890190,78081906,78081906,28076277,50005629
X,7.0,아울렛,과시즌의류,후드티,HD,111780000,67352300,61229355,61229355,22430934,38798421
X,7.0,아울렛,당시즌의류,긴팔카라티셔츠,TL,4841000,3388700,3080633,3080633,843197,2237436
X,7.0,아울렛,당시즌의류,긴팔티셔츠,RL,11272000,7933140,7211939,7211939,2135716,5076223
X,7.0,아울렛,당시즌의류,다운베스트,DV,57060000,49154750,44686160,44686160,13136591,31549569
X,7.0,아울렛,당시즌의류,다운점퍼,DJ,1863871000,1512856000,1375323264,1375323264,483320868,892002396
X,7.0,아울렛,당시즌의류,맨투맨,MT,41623000,29677700,26979817,26979817,9186816,17793001
X,7.0,아울렛,당시즌의류,반팔티셔츠,RS,59000,59000,53636,53636,12378,41258
X,7.0,아울렛,당시즌의류,방풍자켓,WJ,35650000,25064400,22785817,22785817,9773688,13012129
X,7.0,아울렛,당시즌의류,상하의 세트,AZ,1955000,1413200,1284729,1284729,429359,855370
X,7.0,아울렛,당시즌의류,소프트쉘,SS,79247000,63552580,57775045,57775045,17003832,40771213
X,7.0,아울렛,당시즌의류,스커트,SK,1121000,784700,713363,713363,207070,506293
X,7.0,아울렛,당시즌의류,원피스,OP,596000,417200,379272,379272,124948,254324
X,7.0,아울렛,당시즌의류,점퍼,JP,21891000,15323700,13930634,13930634,5435809,8494825
X,7.0,아울렛,당시즌의류,집업티,ZT,15750000,11025000,10022720,10022720,3170076,6852644
X,7.0,아울렛,당시즌의류,트레이닝(상의),TR,36805000,25905150,23550125,23550125,8581751,14968374
X,7.0,아울렛,당시즌의류,트레이닝(하의),TP,28845000,20339210,18490199,18490199,6462707,12027492
X,7.0,아울렛,당시즌의류,패딩,PD,17810000,12467000,11333659,11333659,4621148,6712511
X,7.0,아울렛,당시즌의류,팬츠,PT,17241000,12136550,11033206,11033206,3581752,7451454
X,7.0,아울렛,당시즌의류,후드티,HD,16617000,11670570,10609602,10609602,3704064,6905538
X,7.0,아울렛,차시즌의류,긴팔티셔츠,RL,718000,669000,608178,608178,152329,455849
X,7.0,아울렛,차시즌의류,맨투맨,MT,2311000,2242020,2038199,2038199,572301,1465898
X,7.0,아울렛,차시즌의류,반팔티셔츠,RS,1913000,1863300,1693906,1693906,421329,1272577
X,7.0,아울렛,차시즌의류,방풍자켓,WJ,10050000,9626720,8751558,8751558,2402879,6348679
X,7.0,아울렛,차시즌의류,상하의 세트,AZ,3954000,3848600,3498719,3498719,1154300,2344419
X,7.0,아울렛,차시즌의류,소프트쉘,SS,3021000,2916740,2651581,2651581,595328,2056253
X,7.0,아울렛,차시즌의류,트레이닝 숏팬츠,TB,79000,79000,71818,71818,20142,51676
X,7.0,아울렛,차시즌의류,트레이닝(상의),TR,8148000,7808260,7098419,7098419,1966367,5132052
X,7.0,아울렛,차시즌의류,트레이닝(하의),TP,7390000,7053640,6412398,6412398,1656060,4756338
X,7.0,아울렛,차시즌의류,패딩,PD,30934000,30472200,27702018,27702018,7405045,20296973
X,7.0,아울렛,차시즌의류,팬츠,PT,3948000,3771530,3428666,3428666,880317,2548349
X,7.0,아울렛,차시즌의류,후드티,HD,504000,488730,444299,444299,138050,306249
X,8.0,사입,Shoes,신발,SH,359700000,169059990,153690900,153690900,72989136,80701764
X,8.0,사입,과시즌의류,긴팔카라티셔츠,TL,15958000,2074460,1885872,1885872,2283900,-398028
X,8.0,사입,과시즌의류,맨투맨,MT,367139000,47727870,43388992,43388992,50692263,-7303271
X,8.0,사입,과시즌의류,방풍자켓,WJ,3651189000,474653770,431503415,431503415,504084283,-72580868
X,8.0,사입,과시즌의류,브라,BR,88935000,11561430,10510388,10510388,12962903,-2452515
X,8.0,사입,과시즌의류,트레이닝 숏팬츠,TB,401166000,52153520,47412283,47412283,53241854,-5829571
X,8.0,사입,과시즌의류,트레이닝(상의),TR,1298863000,168850560,153500472,153500472,175284941,-21784469
X,8.0,사입,과시즌의류,트레이닝(하의),TP,1091399000,141882160,128983772,128983772,149063170,-20079398
X,8.0,사입,과시즌의류,패딩,PD,374977000,48746200,44314746,44314746,51277199,-6962453
X,8.0,사입,과시즌의류,팬츠,PT,287079000,37319800,33927064,33927064,39011605,-5084541
X,8.0,사입,과시즌의류,후드티,HD,298661000,38825970,35296326,35296326,41657033,-6360707
X,11.0,직영몰,Acc_etc,기타소품류,AC,84000,58800,53454,53454,16926,36528
X,11.0,직영몰,Acc_etc,다운 스카프,DC,427000,407460,370416,370416,65145,305271
X,11.0,직영몰,Acc_etc,양말,SO,360000,319190,290173,290173,70388,219785
X,11.0,직영몰,Acc_etc,장갑,GL,286000,274470,249518,249518,69927,179591
X,11.0,직영몰,Acc_etc,토시,ML,50000,35000,31818,31818,8268,23550
X,11.0,직영몰,Bag,가방,BG,295000,295000,268180,268180,86080,182100
X,11.0,직영몰,Bag,메신저백,MR,2437000,2320710,2109737,2109737,581793,1527944
X,11.0,직영몰,Bag,백팩,BK,162602000,153286500,139351126,139351126,38658295,100692831
X,11.0,직영몰,Bag,슬링백,SG,2169000,1936520,1760474,1760474,464990,1295484
X,11.0,직영몰,Bag,크로스백,CR,2712000,2243190,2039260,2039260,597130,1442130
X,11.0,직영몰,Bag,토드백,TG,2574000,2452180,2229252,2229252,627306,1601946
X,11.0,직영몰,Bag,힙색,HS,0,0,0,0,0,0
X,11.0,직영몰,Headwear,메시캡,MC,196000,196000,178180,178180,45192,132988
X,11.0,직영몰,Headwear,방한모,WM,274000,261900,238091,238091,56898,181193
X,11.0,직영몰,Headwear,비니,BN,831000,771550,701413,701413,175258,526155
X,11.0,직영몰,Headwear,운동모,CP,4942000,4781870,4347145,4347145,932808,3414337
X,11.0,직영몰,Headwear,햇,HT,209000,133900,121728,121728,43556,78172
X,11.0,직영몰,Shoes,슬리퍼,LP,3914000,3781740,3437955,3437955,1030445,2407510
X,11.0,직영몰,Shoes,신발,SH,64437000,60223650,54748812,54748812,13659798,41089014
X,11.0,직영몰,과시즌의류,다운점퍼,DJ,15578000,8717000,7924544,7924544,2259821,5664723
X,11.0,직영몰,과시즌의류,방풍자켓,WJ,438000,219000,199091,199091,63220,135871
X,11.0,직영몰,과시즌의류,소프트쉘,SS,4554000,2201600,2001457,2001457,659463,1341994
X,11.0,직영몰,과시즌의류,트레이닝(상의),TR,1472000,588800,535274,535274,217715,317559
X,11.0,직영몰,당시즌의류,긴팔카라티셔츠,TL,764000,562020,510927,510927,138493,372434
X,11.0,직영몰,당시즌의류,긴팔티셔츠,RL,197000,117200,106545,106545,32102,74443
X,11.0,직영몰,당시즌의류,다운베스트,DV,9566000,8813910,8012651,8012651,2234889,5777762
X,11.0,직영몰,당시즌의류,다운점퍼,DJ,237819000,203526170,185023762,185023762,61193665,123830097
X,11.0,직영몰,당시즌의류,맨투맨,MT,3153000,2352300,2138461,2138461,734414,1404047
X,11.0,직영몰,당시즌의류,방풍자켓,WJ,30000,-35700,-32454,-32454,4966,-37420
X,11.0,직영몰,당시즌의류,소프트쉘,SS,9963000,8824460,8022230,8022230,2184275,5837955
X,11.0,직영몰,당시즌의류,스커트,SK,119000,83300,75727,75727,21196,54531
X,11.0,직영몰,당시즌의류,점퍼,JP,3712000,2598400,2362182,2362182,924135,1438047
X,11.0,직영몰,당시즌의류,집업티,ZT,1914000,1339800,1217999,1217999,396995,821004
X,11.0,직영몰,당시즌의류,트레이닝(상의),TR,2305000,1713890,1558083,1558083,507629,1050454
X,11.0,직영몰,당시즌의류,트레이닝(하의),TP,3133000,2364490,2149535,2149535,659801,1489734
X,11.0,직영몰,당시즌의류,패딩,PD,2650000,1855000,1686368,1686368,744760,941608
X,11.0,직영몰,당시즌의류,팬츠,PT,3616000,3196500,2905912,2905912,845569,2060343
X,11.0,직영몰,당시즌의류,후드티,HD,2191000,1612800,1466182,1466182,489364,976818
X,11.0,직영몰,차시즌의류,긴팔티셔츠,RL,4515000,4490880,4082596,4082596,937205,3145391
X,11.0,직영몰,차시즌의류,맨투맨,MT,8984000,8920210,8109274,8109274,2151006,5958268
X,11.0,직영몰,차시즌의류,반팔티셔츠,RS,7026000,6992880,6357144,6357144,1569161,4787983
X,11.0,직영몰,차시즌의류,방풍자켓,WJ,33974000,33667670,30606965,30606965,8106905,22500060
X,11.0,직영몰,차시즌의류,상하의 세트,AZ,2056000,2046000,1859997,1859997,599998,1259999
X,11.0,직영몰,차시즌의류,소프트쉘,SS,636000,624560,567780,567780,125332,442448
X,11.0,직영몰,차시즌의류,스커트,SK,238000,238000,216364,216364,41188,175176
X,11.0,직영몰,차시즌의류,트레이닝 숏팬츠,TB,79000,79000,71818,71818,20142,51676
X,11.0,직영몰,차시즌의류,트레이닝(상의),TR,11177000,11066710,10060654,10060654,2612772,7447882
X,11.0,직영몰,차시즌의류,트레이닝(하의),TP,12919000,12773330,11612134,11612134,2770836,8841298
X,11.0,직영몰,차시즌의류,패딩,PD,18643000,18436960,16760893,16760893,4250121,12510772
X,11.0,직영몰,차시즌의류,팬츠,PT,6687000,6554640,5958776,5958776,1505321,4453455
X,11.0,직영몰,차시즌의류,후드티,HD,1791000,1768320,1607564,1607564,480054,1127510
X,12.0,아울렛,Acc_etc,기타소품류,AC,273000,109200,99274,99274,46675,52599
X,12.0,아울렛,Acc_etc,다운 스카프,DC,69000,41400,37636,37636,16287,21349
X,12.0,아울렛,Acc_etc,양말,SO,182000,96000,87278,87278,36436,50842
X,12.0,아울렛,Bag,메신저백,MR,992000,484100,440089,440089,216294,223795
X,12.0,아울렛,Bag,백팩,BK,5015000,2463600,2239639,2239639,921728,1317911
X,12.0,아울렛,Bag,보스톤백,BW,198000,79200,72000,72000,41344,30656
X,12.0,아울렛,Bag,슬링백,SG,356000,178000,161820,161820,79624,82196
X,12.0,아울렛,Bag,크로스백,CR,1088000,551900,501728,501728,230415,271313
X,12.0,아울렛,Bag,토드백,TG,2052000,1050300,954820,954820,367681,587139
X,12.0,아울렛,Bag,힙색,HS,178000,87000,79091,79091,38622,40469
X,12.0,아울렛,Headwear,비니,BN,225000,58500,53183,53183,38655,14528
X,12.0,아울렛,Headwear,운동모,CP,207000,87700,79727,79727,36935,42792
X,12.0,아울렛,Headwear,햇,HT,686000,325800,296182,296182,136223,159959
X,12.0,아울렛,Shoes,슬리퍼,LP,293000,205100,186453,186453,65607,120846
X,12.0,아울렛,Shoes,신발,SH,8006000,3227800,2934374,2934374,1696187,1238187
X,12.0,아울렛,과시즌의류,긴팔카라티셔츠,TL,516000,154800,140728,140728,41743,98985
X,12.0,아울렛,과시즌의류,긴팔티셔츠,RL,13982000,5727300,5206668,5206668,1935559,3271109
X,12.0,아울렛,과시즌의류,니트,KT,597000,179100,162819,162819,51642,111177
X,12.0,아울렛,과시즌의류,다운베스트,DV,2068000,717700,652450,652450,171317,481133
X,12.0,아울렛,과시즌의류,다운점퍼,DJ,79608000,26515400,24104900,24104900,7286293,16818607
X,12.0,아울렛,과시즌의류,맨투맨,MT,30628000,12656700,11506096,11506096,4279703,7226393
X,12.0,아울렛,과시즌의류,반팔티셔츠,RS,11338000,7696200,6996534,6996534,2179951,4816583
X,12.0,아울렛,과시즌의류,방풍자켓,WJ,58755000,20885200,18986510,18986510,7556977,11429533
X,12.0,아울렛,과시즌의류,소프트쉘,SS,636000,206700,187910,187910,62724,125186
X,12.0,아울렛,과시즌의류,트레이닝(상의),TR,70151000,21973100,19975598,19975598,8964347,11011251
X,12.0,아울렛,과시즌의류,트레이닝(하의),TP,46574000,16182900,14711675,14711675,6545520,8166155
X,12.0,아울렛,과시즌의류,패딩,PD,22805000,9488500,8625922,8625922,3321145,5304777
X,12.0,아울렛,과시즌의류,팬츠,PT,28560000,8151100,7410101,7410101,2975686,4434415
X,12.0,아울렛,과시즌의류,후드티,HD,15406000,6302500,5729534,5729534,2219882,3509652
X,99.0,기타,Acc_etc,기타소품류,AC,39000,27300,24818,24818,7753,17065
X,99.0,기타,Acc_etc,다운 스카프,DC,143000,23820,21655,21655,20659,996
X,99.0,기타,Acc_etc,양말,SO,23000,5880,5346,5346,5272,74
X,99.0,기타,Acc_etc,장갑,GL,414000,125530,114120,114120,102758,11362
X,99.0,기타,Bag,백팩,BK,1421000,834260,758413,758413,325705,432708
X,99.0,기타,Bag,슬링백,SG,89000,20240,18400,18400,20019,-1619
X,99.0,기타,Bag,크로스백,CR,267000,109560,99600,99600,58807,40793
X,99.0,기타,Headwear,방한모,WM,85000,20220,18383,18383,16484,1899
X,99.0,기타,Headwear,운동모,CP,228000,88960,80864,80864,42260,38604
X,99.0,기타,Shoes,슬리퍼,LP,118000,29920,27200,27200,26275,925
X,99.0,기타,Shoes,신발,SH,9043000,2499140,2271923,2271923,1959323,312600
X,99.0,기타,과시즌의류,다운점퍼,DJ,5412000,1489330,1353914,1353914,786137,567777
X,99.0,기타,과시즌의류,레깅스,LG,89000,32360,29422,29422,13046,16376
X,99.0,기타,과시즌의류,맨투맨,MT,69000,17330,15756,15756,13904,1852
X,99.0,기타,과시즌의류,팬츠,PT,3021000,710460,645870,645870,440530,205340
X,99.0,기타,과시즌의류,후드티,HD,99000,90000,81819,81819,14399,67420
X,99.0,기타,당시즌의류,긴팔티셔츠,RL,79000,50270,45703,45703,12237,33466
X,99.0,기타,당시즌의류,다운베스트,DV,1093000,430780,391614,391614,245504,146110
X,99.0,기타,당시즌의류,다운점퍼,DJ,105641000,31497570,28634140,28634140,24335906,4298234
X,99.0,기타,당시즌의류,맨투맨,MT,731000,252060,229150,229150,165686,63464
X,99.0,기타,당시즌의류,반팔티셔츠,RS,59000,41300,37545,37545,12378,25167
X,99.0,기타,당시즌의류,소프트쉘,SS,338000,171740,156123,156123,75414,80709
X,99.0,기타,당시즌의류,점퍼,JP,1856000,526820,478925,478925,451756,27169
X,99.0,기타,당시즌의류,트레이닝(상의),TR,4374000,1231380,1119437,1119437,1050209,69228
X,99.0,기타,당시즌의류,트레이닝(하의),TP,5380000,1626270,1478431,1478431,1275762,202669
X,99.0,기타,당시즌의류,팬츠,PT,10961000,3042320,2765749,2765749,2421082,344667
X,99.0,기타,당시즌의류,후드티,HD,436000,120080,109164,109164,97585,11579
X,99.0,기타,차시즌의류,반팔티셔츠,RS,45000,31500,28636,28636,10308,18328
X,99.0,기타,차시즌의류,방풍자켓,WJ,209000,146300,133000,133000,52971,80029
X,99.0,기타,차시즌의류,트레이닝(상의),TR,0,0,0,0,0,0
X,99.0,기타,차시즌의류,트레이닝(하의),TP,436000,305200,277452,277452,99722,177730
X,99.0,기타,차시즌의류,패딩,PD,179000,125300,113909,113909,58330,55579
X,99.0,기타,차시즌의류,팬츠,PT,129000,90300,82090,82090,28083,54007
