브랜드,유통채널,채널명,아이템_중분류,아이템_소분류,아이템코드,합계 : 판매금액(TAG가),합계 : 실판매액,합계 : 실판매액(V-),합계 : 출고매출액(V-) Actual,매출원가(평가감환입반영),매출총이익
I,1.0,백화점,Acc_etc,기타,ET,3082900,2881820,2619833,1657118,879470,777648
I,1.0,백화점,Acc_etc,머플러(스카프),MF,2551000,2243230,2039302,1296090,526340,769750
I,1.0,백화점,Acc_etc,양말,SO,7954700,7474540,6795012,4335833,1893121,2442712
I,1.0,백화점,Acc_etc,장갑,GL,4859000,4639160,4217424,2683238,1177843,1505395
I,1.0,백화점,Bag,가방,BG,2046000,1954590,1776886,1126433,515171,611262
I,1.0,백화점,Bag,백팩,BK,728026000,605871470,550792925,351097383,164861039,186236344
I,1.0,백화점,Bag,보조가방,UB,14014000,13012970,11829984,7546147,3477566,4068581
I,1.0,백화점,Bag,슬링백,SG,711000,685200,622908,411032,155961,255071
I,1.0,백화점,Bag,크로스백,CR,1033552000,1000317070,909379299,574829568,280943457,293886111
I,1.0,백화점,Bag,힙색,HS,1003000,922910,839007,531526,197070,334456
I,1.0,백화점,Headwear,방한모,WM,34809000,33053670,30048744,19137857,6729053,12408804
I,1.0,백화점,Headwear,비니,BN,51405000,48428900,44026216,27992708,11131668,16861040
I,1.0,백화점,Headwear,와이어캡,WR,1029000,990300,900280,572076,198464,373612
I,1.0,백화점,Headwear,운동모,CP,86892000,82605190,75095327,47873697,18558735,29314962
I,1.0,백화점,Headwear,햇,HT,1202000,1157800,1052538,664117,228556,435561
I,1.0,백화점,Shoes,런닝화,RN,91399000,86421910,78565275,50159335,22212394,27946941
I,1.0,백화점,Shoes,방한화,WB,60622000,56001550,50910392,32421287,14364114,18057173
I,1.0,백화점,Shoes,스니커즈,SX,27208000,25196250,22905704,14554146,6074471,8479675
I,1.0,백화점,Shoes,신발,SH,70650000,66404430,60367721,38487961,16369200,22118761
I,1.0,백화점,과시즌의류,다운점퍼,DJ,3388000,1694000,1539998,970202,522876,447326
I,1.0,백화점,과시즌의류,맨투맨,MT,4189000,2094490,1904078,1200619,981749,218870
I,1.0,백화점,과시즌의류,맨투맨셋트,S2,12376000,6188010,5625464,3575386,3306286,269100
I,1.0,백화점,과시즌의류,반바지,SP,59000,29500,26818,16895,13864,3031
I,1.0,백화점,과시즌의류,반팔카라티셔츠,TS,1947000,1818360,1653057,1045809,458029,587780
I,1.0,백화점,과시즌의류,반팔티 & 스웨트팬츠,S1,447000,223470,203181,128004,68871,59133
I,1.0,백화점,과시즌의류,베이비,BV,2950000,2837860,2579867,1676478,889300,787178
I,1.0,백화점,과시즌의류,점퍼,JP,179000,89500,81364,51259,27093,24166
I,1.0,백화점,당시즌의류,다운베스트,DV,11762000,10906120,9914637,6294129,3205041,3089088
I,1.0,백화점,당시즌의류,다운점퍼,DJ,370876000,339984890,309077089,196771290,95203530,101567760
I,1.0,백화점,당시즌의류,레깅스,LG,1185000,1025700,932452,592265,337438,254827
I,1.0,백화점,당시즌의류,맨투맨,MT,53185000,49097820,44634288,28349624,14822695,13526929
I,1.0,백화점,당시즌의류,맨투맨셋트,S2,93402000,87374600,79431411,50561145,25749506,24811639
I,1.0,백화점,당시즌의류,반팔카라티셔츠,TS,1346000,1234420,1122198,710174,363471,346703
I,1.0,백화점,당시즌의류,우븐팬츠,WP,37372000,34454430,31322165,19954527,9780068,10174459
I,1.0,백화점,당시즌의류,점퍼,JP,4540000,4134320,3758475,2401428,1205716,1195712
I,1.0,백화점,당시즌의류,진바지,DP,13065000,11988830,10898907,6923978,3190734,3733244
I,1.0,백화점,당시즌의류,패딩,PD,5088000,4969730,4517945,2895410,1451559,1443851
I,1.0,백화점,당시즌의류,팬츠,PT,25809000,23658480,21507612,13666999,6872478,6794521
I,1.0,백화점,당시즌의류,폴라폴리스점퍼,FD,4448000,4099180,3726538,2363277,1240928,1122349
I,1.0,백화점,당시즌의류,후드티,HD,13229000,12312330,11193034,7143759,3756065,3387694
I,1.0,백화점,차시즌의류,맨투맨,MT,51977000,49164760,44695233,28445110,13286677,15158433
I,1.0,백화점,차시즌의류,맨투맨셋트,S2,170372000,161055430,146413846,93592694,42903835,50688859
I,1.0,백화점,차시즌의류,반팔카라티셔츠,TS,5592000,5317680,4834246,3067389,1391121,1676268
I,1.0,백화점,차시즌의류,방풍자켓,WJ,6116000,5875650,5341496,3434072,1429385,2004687
I,1.0,백화점,차시즌의류,스커트,SK,632000,606830,551660,352866,153037,199829
I,1.0,백화점,차시즌의류,우븐셔츠,WS,1590000,1537890,1398077,897267,332923,564344
I,1.0,백화점,차시즌의류,우븐팬츠,WP,10301000,9730720,8846086,5631946,2569650,3062296
I,1.0,백화점,차시즌의류,점퍼,JP,123163000,112693080,102448258,65668807,29276930,36391877
I,1.0,백화점,차시즌의류,진바지,DP,23537000,22417990,20379958,12964530,6244932,6719598
I,1.0,백화점,차시즌의류,팬츠,PT,18929000,17786040,16169147,10288610,4581183,5707427
I,1.0,백화점,차시즌의류,폴로 티셔츠,PQ,1602000,1530800,1391635,888382,364828,523554
I,1.0,백화점,차시즌의류,후드티,HD,26146000,24488450,22262214,14163058,6391706,7771352
I,2.0,면세점,Acc_etc,기타,ET,178000,178000,161818,97090,51986,45104
I,2.0,면세점,Acc_etc,머플러(스카프),MF,3224000,3224000,2930902,1758536,671590,1086946
I,2.0,면세점,Acc_etc,양말,SO,2608300,2608320,2371192,1422698,606065,816633
I,2.0,면세점,Acc_etc,장갑,GL,98000,98000,89090,53454,17928,35526
I,2.0,면세점,Bag,백팩,BK,34760000,32920400,29927636,17956590,8091878,9864712
I,2.0,면세점,Bag,보조가방,UB,343000,343000,311815,187089,85114,101975
I,2.0,면세점,Bag,슬링백,SG,474000,474000,430908,258546,103975,154571
I,2.0,면세점,Bag,크로스백,CR,388928000,388927550,353570469,212141004,97832311,114308693
I,2.0,면세점,Headwear,방한모,WM,7302000,7239900,6581721,3949022,1399945,2549077
I,2.0,면세점,Headwear,비니,BN,39425000,39424990,35840806,21504455,8474535,13029920
I,2.0,면세점,Headwear,와이어캡,WR,2352000,2352000,2138160,1282896,443407,839489
I,2.0,면세점,Headwear,운동모,CP,135981000,135981060,123618607,74171031,28705639,45465392
I,2.0,면세점,Headwear,햇,HT,212000,212000,192728,115636,37152,78484
I,2.0,면세점,Shoes,런닝화,RN,28907000,28907000,26279001,15767366,6985306,8782060
I,2.0,면세점,Shoes,방한화,WB,3876000,3876000,3523620,2114162,895065,1219097
I,2.0,면세점,Shoes,스니커즈,SX,25844000,25843990,23494444,14096647,5490777,8605870
I,2.0,면세점,Shoes,신발,SH,20856000,20856000,18959944,11375954,4671005,6704949
I,2.0,면세점,과시즌의류,반팔카라티셔츠,TS,33000,23100,21000,12600,7355,5245
I,2.0,면세점,과시즌의류,베이비,BV,590000,590000,536370,321820,177860,143960
I,2.0,면세점,당시즌의류,다운베스트,DV,695000,695000,631815,379090,192247,186843
I,2.0,면세점,당시즌의류,다운점퍼,DJ,159235000,159234990,144759088,86855451,41147877,45707574
I,2.0,면세점,당시즌의류,맨투맨,MT,16335000,16335000,14850002,8909949,4591717,4318232
I,2.0,면세점,당시즌의류,맨투맨셋트,S2,11526000,11526000,10478198,6286930,3139036,3147894
I,2.0,면세점,당시즌의류,반팔카라티셔츠,TS,177000,177000,160911,96546,53567,42979
I,2.0,면세점,당시즌의류,우븐팬츠,WP,7181000,7181000,6528130,3916880,1858768,2058112
I,2.0,면세점,당시즌의류,점퍼,JP,537000,537000,488181,292908,123195,169713
I,2.0,면세점,당시즌의류,진바지,DP,872000,872000,792720,475632,201728,273904
I,2.0,면세점,당시즌의류,패딩,PD,1272000,1272000,1156360,693816,362889,330927
I,2.0,면세점,당시즌의류,팬츠,PT,2664000,2664000,2421817,1453088,733610,719478
I,2.0,면세점,당시즌의류,폴라폴리스점퍼,FD,3336000,3336000,3032712,1819632,930698,888934
I,2.0,면세점,당시즌의류,후드티,HD,4198000,4198000,3816353,2289811,1189369,1100442
I,2.0,면세점,차시즌의류,맨투맨,MT,27510000,27509980,25008988,15005352,6679594,8325758
I,2.0,면세점,차시즌의류,맨투맨셋트,S2,31947000,31947000,29042799,17425651,7883848,9541803
I,2.0,면세점,차시즌의류,반팔카라티셔츠,TS,625000,625000,568180,340908,146807,194101
I,2.0,면세점,차시즌의류,방풍자켓,WJ,3535000,3535000,3213641,1928187,815208,1112979
I,2.0,면세점,차시즌의류,스커트,SK,178000,178000,161818,97090,42362,54728
I,2.0,면세점,차시즌의류,우븐셔츠,WS,636000,636000,578180,346908,133170,213738
I,2.0,면세점,차시즌의류,우븐팬츠,WP,791000,791000,719090,431455,192810,238645
I,2.0,면세점,차시즌의류,점퍼,JP,26203000,26203000,23820853,14292488,6360642,7931846
I,2.0,면세점,차시즌의류,진바지,DP,2565000,2565000,2331810,1399086,717549,681537
I,2.0,면세점,차시즌의류,팬츠,PT,6468000,6468010,5880040,3528002,1436622,2091380
I,2.0,면세점,차시즌의류,후드티,HD,7073000,7073000,6429985,3857969,1727550,2130419
I,3.0,직영점(가두),Acc_etc,기타,ET,534000,534000,485454,485454,155958,329496
I,3.0,직영점(가두),Acc_etc,머플러(스카프),MF,65000,65000,59091,59091,11857,47234
I,3.0,직영점(가두),Acc_etc,양말,SO,312300,312300,283912,283912,79672,204240
I,3.0,직영점(가두),Acc_etc,장갑,GL,363000,363000,329997,329997,98475,231522
I,3.0,직영점(가두),Bag,가방,BG,462000,462000,420000,420000,116331,303669
I,3.0,직영점(가두),Bag,백팩,BK,12373000,12230800,11118908,11118908,2714918,8403990
I,3.0,직영점(가두),Bag,보조가방,UB,490000,490000,445450,445450,121593,323857
I,3.0,직영점(가두),Bag,슬링백,SG,158000,158000,143636,143636,34658,108978
I,3.0,직영점(가두),Bag,크로스백,CR,1184000,1184000,1076361,1076361,234527,841834
I,3.0,직영점(가두),Bag,힙색,HS,177000,177000,160908,160908,34777,126131
I,3.0,직영점(가두),Headwear,방한모,WM,2828000,2808000,2552718,2552718,572192,1980526
I,3.0,직영점(가두),Headwear,비니,BN,5515000,5515000,5013621,5013621,1183149,3830472
I,3.0,직영점(가두),Headwear,와이어캡,WR,392000,392000,356360,356360,74754,281606
I,3.0,직영점(가두),Headwear,운동모,CP,8793000,8793000,7993635,7993635,1881202,6112433
I,3.0,직영점(가두),Headwear,햇,HT,177000,177000,160908,160908,42039,118869
I,3.0,직영점(가두),Shoes,런닝화,RN,5205000,5205000,4731819,4731819,1277603,3454216
I,3.0,직영점(가두),Shoes,방한화,WB,3482000,3472800,3157089,3157089,829525,2327564
I,3.0,직영점(가두),Shoes,스니커즈,SX,1193000,1193000,1084545,1084545,277656,806889
I,3.0,직영점(가두),Shoes,신발,SH,4892000,4892000,4447272,4447272,1134146,3313126
I,3.0,직영점(가두),과시즌의류,베이비,BV,1534000,1534000,1394536,1394536,462438,932098
I,3.0,직영점(가두),당시즌의류,다운베스트,DV,258000,258000,234546,234546,68985,165561
I,3.0,직영점(가두),당시즌의류,다운점퍼,DJ,25076000,25056000,22778177,22778177,6415735,16362442
I,3.0,직영점(가두),당시즌의류,레깅스,LG,237000,237000,215454,215454,67487,147967
I,3.0,직영점(가두),당시즌의류,맨투맨,MT,3535000,3535000,3213628,3213628,983038,2230590
I,3.0,직영점(가두),당시즌의류,맨투맨셋트,S2,4508000,4508000,4098190,4098190,1284079,2814111
I,3.0,직영점(가두),당시즌의류,반팔카라티셔츠,TS,39000,39000,35455,35455,10473,24982
I,3.0,직영점(가두),당시즌의류,우븐팬츠,WP,1664000,1664000,1512728,1512728,447091,1065637
I,3.0,직영점(가두),당시즌의류,점퍼,JP,447000,447000,406365,406365,121024,285341
I,3.0,직영점(가두),당시즌의류,진바지,DP,327000,327000,297273,297273,76594,220679
I,3.0,직영점(가두),당시즌의류,패딩,PD,318000,318000,289090,289090,90722,198368
I,3.0,직영점(가두),당시즌의류,팬츠,PT,879000,879000,799089,799089,236854,562235
I,3.0,직영점(가두),당시즌의류,폴라폴리스점퍼,FD,417000,417000,379092,379092,116337,262755
I,3.0,직영점(가두),당시즌의류,후드티,HD,624000,624000,567273,567273,173990,393283
I,3.0,직영점(가두),차시즌의류,맨투맨,MT,3756000,3756000,3414531,3414531,956700,2457831
I,3.0,직영점(가두),차시즌의류,맨투맨셋트,S2,12510000,12510000,11372760,11372760,3158165,8214595
I,3.0,직영점(가두),차시즌의류,반팔카라티셔츠,TS,1132000,1132000,1029085,1029085,281905,747180
I,3.0,직영점(가두),차시즌의류,방풍자켓,WJ,804000,804000,730910,730910,200404,530506
I,3.0,직영점(가두),차시즌의류,스커트,SK,69000,69000,62727,62727,17078,45649
I,3.0,직영점(가두),차시즌의류,우븐팬츠,WP,742000,742000,674545,674545,185820,488725
I,3.0,직영점(가두),차시즌의류,점퍼,JP,5233000,5233000,4757269,4757269,1266496,3490773
I,3.0,직영점(가두),차시즌의류,진바지,DP,1337000,1337000,1215455,1215455,358817,856638
I,3.0,직영점(가두),차시즌의류,팬츠,PT,1666000,1666000,1514539,1514539,414814,1099725
I,3.0,직영점(가두),차시즌의류,폴로 티셔츠,PQ,89000,89000,80909,80909,20268,60641
I,3.0,직영점(가두),차시즌의류,후드티,HD,2021000,2021000,1837274,1837274,501703,1335571
I,4.0,자사몰,Acc_etc,기타,ET,1087900,993650,903319,903319,318195,585124
I,4.0,자사몰,Acc_etc,머플러(스카프),MF,514000,402840,366218,366218,96977,269241
I,4.0,자사몰,Acc_etc,양말,SO,1836000,1613082,1469554,1469554,445202,1024352
I,4.0,자사몰,Acc_etc,장갑,GL,688000,624020,567289,567289,176686,390603
I,4.0,자사몰,Bag,가방,BG,264000,191070,173699,173699,66475,107224
I,4.0,자사몰,Bag,백팩,BK,100103000,80818640,73471474,73471474,22250674,51220800
I,4.0,자사몰,Bag,보조가방,UB,2548000,2178520,1980463,1980463,632288,1348175
I,4.0,자사몰,Bag,슬링백,SG,79000,79000,71818,71818,17329,54489
I,4.0,자사몰,Bag,크로스백,CR,1566000,1316390,1196716,1196716,347676,849040
I,4.0,자사몰,Headwear,방한모,WM,4474000,3968090,3607354,3607354,897852,2709502
I,4.0,자사몰,Headwear,비니,BN,5003000,4131060,3755508,3755508,1116802,2638706
I,4.0,자사몰,Headwear,와이어캡,WR,49000,46290,42082,42082,9024,33058
I,4.0,자사몰,Headwear,운동모,CP,4699000,3862026,3515255,3515255,994079,2521176
I,4.0,자사몰,Headwear,햇,HT,159000,138010,125464,125464,28240,97224
I,4.0,자사몰,Shoes,런닝화,RN,5808000,4935880,4487169,4487169,1434037,3053132
I,4.0,자사몰,Shoes,방한화,WB,6716000,5860150,5327412,5327412,1661482,3665930
I,4.0,자사몰,Shoes,스니커즈,SX,1463000,1389579,1285008,1285008,348425,936583
I,4.0,자사몰,Shoes,신발,SH,9224000,6971304,6348353,6348353,2163097,4185256
I,4.0,자사몰,과시즌의류,맨투맨,MT,316000,45910,41737,41737,35005,6732
I,4.0,자사몰,과시즌의류,반팔카라티셔츠,TS,471000,169625,160890,160890,83231,77659
I,4.0,자사몰,과시즌의류,반팔티 & 스웨트팬츠,S1,525000,100329,97601,97601,132110,-34509
I,4.0,자사몰,과시즌의류,방풍자켓,WJ,278000,70700,64273,64273,59208,5065
I,4.0,자사몰,과시즌의류,베이비,BV,6726000,5447850,4952593,4952593,2027616,2924977
I,4.0,자사몰,과시즌의류,팬츠,PT,316000,39160,35601,35601,34329,1272
I,4.0,자사몰,당시즌의류,다운베스트,DV,228000,190920,173564,173564,56542,117022
I,4.0,자사몰,당시즌의류,다운점퍼,DJ,41472000,36506820,33188009,33188009,10453036,22734973
I,4.0,자사몰,당시즌의류,맨투맨,MT,4886000,4313410,3921281,3921281,1351559,2569722
I,4.0,자사몰,당시즌의류,맨투맨셋트,S2,14286000,13006170,11823796,11823796,3976648,7847148
I,4.0,자사몰,당시즌의류,반팔카라티셔츠,TS,1537000,1273960,1158146,1158146,425562,732584
I,4.0,자사몰,당시즌의류,반팔티 & 스웨트팬츠,S1,437000,402100,365545,365545,119082,246463
I,4.0,자사몰,당시즌의류,방풍자켓,WJ,278000,239780,217982,217982,71623,146359
I,4.0,자사몰,당시즌의류,스커트,SK,89000,73480,66800,66800,25049,41751
I,4.0,자사몰,당시즌의류,우븐셔츠,WS,139000,131420,119473,119473,34142,85331
I,4.0,자사몰,당시즌의류,우븐팬츠,WP,3051000,2775680,2523341,2523341,814850,1708491
I,4.0,자사몰,당시즌의류,점퍼,JP,1372000,1215680,1105163,1105163,345729,759434
I,4.0,자사몰,당시즌의류,진바지,DP,882000,792700,720638,720638,229787,490851
I,4.0,자사몰,당시즌의류,진자켓,DK,169000,139290,126627,126627,41599,85028
I,4.0,자사몰,당시즌의류,패딩,PD,477000,405350,368500,368500,136084,232416
I,4.0,자사몰,당시즌의류,팬츠,PT,2380000,2175120,1977383,1977383,651703,1325680
I,4.0,자사몰,당시즌의류,폴로 티셔츠,PQ,445000,432180,392891,392891,123292,269599
I,4.0,자사몰,당시즌의류,후드티,HD,1227000,1125000,1022727,1022727,331889,690838
I,4.0,자사몰,차시즌의류,맨투맨,MT,3991000,3523490,3203173,3203173,1002654,2200519
I,4.0,자사몰,차시즌의류,맨투맨셋트,S2,26928000,23556460,21414966,21414966,6800543,14614423
I,4.0,자사몰,차시즌의류,반팔카라티셔츠,TS,975000,865610,786917,786917,242055,544862
I,4.0,자사몰,차시즌의류,방풍자켓,WJ,1132000,925500,841363,841363,249642,591721
I,4.0,자사몰,차시즌의류,스커트,SK,89000,71750,65227,65227,21181,44046
I,4.0,자사몰,차시즌의류,우븐팬츠,WP,1286000,1108240,1007491,1007491,324130,683361
I,4.0,자사몰,차시즌의류,점퍼,JP,8915000,7554550,6867770,6867770,2070380,4797390
I,4.0,자사몰,차시즌의류,진바지,DP,1950000,1591870,1447155,1447155,514316,932839
I,4.0,자사몰,차시즌의류,팬츠,PT,1755000,1564940,1422674,1422674,427900,994774
I,4.0,자사몰,차시즌의류,폴로 티셔츠,PQ,356000,319960,290873,290873,81074,209799
I,4.0,자사몰,차시즌의류,후드티,HD,3265000,2749700,2499729,2499729,788425,1711304
I,5.0,제휴몰,Acc_etc,기타,ET,3776000,3776000,3432724,3432724,1102824,2329900
I,5.0,제휴몰,Acc_etc,머플러(스카프),MF,390000,390000,354546,354546,71144,283402
I,5.0,제휴몰,Acc_etc,양말,SO,2328100,2323650,2112452,2112452,588489,1523963
I,5.0,제휴몰,Acc_etc,장갑,GL,914000,914000,830903,830903,208756,622147
I,5.0,제휴몰,Bag,가방,BG,990000,990000,900000,900000,249279,650721
I,5.0,제휴몰,Bag,백팩,BK,153751000,135136990,122851818,122851818,34654427,88197391
I,5.0,제휴몰,Bag,보조가방,UB,2205000,2205000,2004525,2004525,547170,1457355
I,5.0,제휴몰,Bag,크로스백,CR,3365000,3350300,3045712,3045712,740203,2305509
I,5.0,제휴몰,Bag,힙색,HS,59000,59000,53636,53636,11592,42044
I,5.0,제휴몰,Headwear,방한모,WM,13949000,13949000,12680849,12680849,2782828,9898021
I,5.0,제휴몰,Headwear,비니,BN,17528000,17528000,15934541,15934541,3626094,12308447
I,5.0,제휴몰,Headwear,와이어캡,WR,147000,147000,133635,133635,28992,104643
I,5.0,제휴몰,Headwear,운동모,CP,15619000,15552200,14138376,14138376,3337580,10800796
I,5.0,제휴몰,Headwear,햇,HT,118000,118000,107272,107272,26114,81158
I,5.0,제휴몰,Shoes,런닝화,RN,10060000,9426800,8569809,8569809,2477724,6092085
I,5.0,제휴몰,Shoes,방한화,WB,33114000,32965500,29968599,29968599,8040331,21928268
I,5.0,제휴몰,Shoes,샌들,SD,1062000,531000,482724,482724,272029,210695
I,5.0,제휴몰,Shoes,스니커즈,SX,9466000,9433490,8575882,8575882,2394487,6181395
I,5.0,제휴몰,Shoes,신발,SH,48297000,46232470,42029447,42029447,12047272,29982175
I,5.0,제휴몰,과시즌의류,다운점퍼,DJ,50459000,31121070,28291874,28291874,7909676,20382198
I,5.0,제휴몰,과시즌의류,맨투맨,MT,553000,276500,251363,251363,61258,190105
I,5.0,제휴몰,과시즌의류,맨투맨셋트,S2,109000,76300,69364,69364,27200,42164
I,5.0,제휴몰,과시즌의류,반팔카라티셔츠,TS,106835000,53587660,48716091,48716091,26746647,21969444
I,5.0,제휴몰,과시즌의류,반팔티 & 스웨트팬츠,S1,237966000,118982730,108166070,108166070,61473165,46692905
I,5.0,제휴몰,과시즌의류,방풍자켓,WJ,4448000,2224000,2021824,2021824,947333,1074491
I,5.0,제휴몰,과시즌의류,베이비,BV,10679000,10679000,9708116,9708116,3219281,6488835
I,5.0,제휴몰,과시즌의류,우븐반바지,SM,10833000,5416540,4924146,4924146,2431284,2492862
I,5.0,제휴몰,과시즌의류,팬츠,PT,869000,434500,394999,394999,94404,300595
I,5.0,제휴몰,당시즌의류,니트가디건,KC,387000,387000,351819,351819,108146,243673
I,5.0,제휴몰,당시즌의류,다운베스트,DV,2312000,2312000,2101823,2101823,618634,1483189
I,5.0,제휴몰,당시즌의류,다운점퍼,DJ,164404000,164403980,149458127,149458127,41386194,108071933
I,5.0,제휴몰,당시즌의류,레깅스,LG,316000,316000,287272,287272,89982,197290
I,5.0,제휴몰,당시즌의류,맨투맨,MT,32299000,32298950,29362597,29362597,8898269,20464328
I,5.0,제휴몰,당시즌의류,맨투맨셋트,S2,90257000,90256570,82051495,82051495,25132647,56918848
I,5.0,제휴몰,당시즌의류,반팔카라티셔츠,TS,1347000,1347000,1224537,1224537,399078,825459
I,5.0,제휴몰,당시즌의류,반팔티 & 스웨트팬츠,S1,1807000,1807000,1642732,1642732,481792,1160940
I,5.0,제휴몰,당시즌의류,방풍자켓,WJ,417000,417000,379092,379092,107434,271658
I,5.0,제휴몰,당시즌의류,스커트,SK,445000,445000,404545,404545,124978,279567
I,5.0,제휴몰,당시즌의류,우븐셔츠,WS,278000,278000,252728,252728,68284,184444
I,5.0,제휴몰,당시즌의류,우븐팬츠,WP,6627000,6627000,6024549,6024549,1736086,4288463
I,5.0,제휴몰,당시즌의류,점퍼,JP,20178000,20177970,18343608,18343608,4649936,13693672
I,5.0,제휴몰,당시즌의류,진바지,DP,1655000,1655000,1504547,1504547,430906,1073641
I,5.0,제휴몰,당시즌의류,진자켓,DK,447000,447000,406364,406364,108181,298183
I,5.0,제휴몰,당시즌의류,패딩,PD,2226000,2226000,2023630,2023630,635057,1388573
I,5.0,제휴몰,당시즌의류,팬츠,PT,11141000,11140990,10128149,10128149,3076525,7051624
I,5.0,제휴몰,당시즌의류,폴라폴리스점퍼,FD,139000,139000,126364,126364,38779,87585
I,5.0,제휴몰,당시즌의류,폴로 티셔츠,PQ,267000,267000,242727,242727,73975,168752
I,5.0,제휴몰,당시즌의류,후드티,HD,10351000,10350980,9409969,9409969,3017700,6392269
I,5.0,제휴몰,차시즌의류,맨투맨,MT,5437000,5437000,4942702,4942702,1357325,3585377
I,5.0,제휴몰,차시즌의류,맨투맨셋트,S2,15063000,15063010,13693677,13693677,3830957,9862720
I,5.0,제휴몰,차시즌의류,반팔카라티셔츠,TS,837000,837000,760905,760905,207786,553119
I,5.0,제휴몰,차시즌의류,반팔티 & 스웨트팬츠,S1,258000,258000,234546,234546,64297,170249
I,5.0,제휴몰,차시즌의류,방풍자켓,WJ,298000,298000,270910,270910,62515,208395
I,5.0,제휴몰,차시즌의류,우븐팬츠,WP,554000,554000,503636,503636,135764,367872
I,5.0,제휴몰,차시즌의류,점퍼,JP,3821000,3821000,3473635,3473635,918205,2555430
I,5.0,제휴몰,차시즌의류,진바지,DP,673000,673000,611818,611818,178057,433761
I,5.0,제휴몰,차시즌의류,팬츠,PT,1054000,1054000,958177,958177,247581,710596
I,5.0,제휴몰,차시즌의류,폴로 티셔츠,PQ,178000,178000,161818,161818,40536,121282
I,5.0,제휴몰,차시즌의류,후드티,HD,1731000,1731000,1573635,1573635,423623,1150012
I,6.0,대리점,Acc_etc,기타,ET,461000,435200,395635,255463,133974,121489
I,6.0,대리점,Acc_etc,머플러(스카프),MF,455000,443930,403573,257084,83001,174083
I,6.0,대리점,Acc_etc,양말,SO,1584700,1511620,1374318,885863,386496,499367
I,6.0,대리점,Acc_etc,장갑,GL,679000,646220,587476,383449,157813,225636
I,6.0,대리점,Bag,가방,BG,363000,343460,312241,196767,91401,105366
I,6.0,대리점,Bag,백팩,BK,72930000,66367320,60333771,38867185,16789706,22077479
I,6.0,대리점,Bag,보조가방,UB,1617000,1512930,1375388,877162,401249,475913
I,6.0,대리점,Bag,슬링백,SG,1659000,1539600,1399635,897999,363911,534088
I,6.0,대리점,Bag,크로스백,CR,15314000,14928330,13571210,8710398,3438905,5271493
I,6.0,대리점,Bag,힙색,HS,0,-5440,-4942,-3163,0,-3163
I,6.0,대리점,Headwear,방한모,WM,8434000,8153780,7412512,4764574,1631218,3133356
I,6.0,대리점,Headwear,비니,BN,10709000,10316040,9378207,6006578,2338992,3667586
I,6.0,대리점,Headwear,와이어캡,WR,196000,181300,164818,106954,38016,68938
I,6.0,대리점,Headwear,운동모,CP,27338000,26641280,24219390,15550882,5841578,9709304
I,6.0,대리점,Shoes,런닝화,RN,22651000,21536350,19578533,12540642,5509949,7030693
I,6.0,대리점,Shoes,방한화,WB,17968000,17084890,15531703,9986117,4159971,5826146
I,6.0,대리점,Shoes,스니커즈,SX,2476000,2319610,2108716,1349202,593951,755251
I,6.0,대리점,Shoes,신발,SH,14227000,13716970,12469956,8052974,3374526,4678448
I,6.0,대리점,과시즌의류,다운점퍼,DJ,0,65800,59818,49649,0,49649
I,6.0,대리점,과시즌의류,반바지,SP,-49000,-49000,-44546,-28955,-10462,-18493
I,6.0,대리점,과시즌의류,베이비,BV,590000,558200,507456,318764,177860,140904
I,6.0,대리점,당시즌의류,다운베스트,DV,2104000,1516810,1378918,895795,571152,324643
I,6.0,대리점,당시즌의류,다운점퍼,DJ,92216000,85906210,78096447,50157039,23428074,26728965
I,6.0,대리점,당시즌의류,맨투맨,MT,7927000,7499330,6817540,4357524,2266244,2091280
I,6.0,대리점,당시즌의류,맨투맨셋트,S2,22536000,21044100,19130955,12265543,6138557,6126986
I,6.0,대리점,당시즌의류,반팔티 & 스웨트팬츠,S1,417000,340750,309773,201266,105789,95477
I,6.0,대리점,당시즌의류,스커트,SK,-178000,-178000,-161818,-100328,-49831,-50497
I,6.0,대리점,당시즌의류,우븐팬츠,WP,3148000,3020040,2745491,1774909,859990,914919
I,6.0,대리점,당시즌의류,점퍼,JP,1341000,1268720,1153383,749993,363074,386919
I,6.0,대리점,당시즌의류,진바지,DP,3310000,3107890,2825345,1833031,781254,1051777
I,6.0,대리점,당시즌의류,진자켓,DK,139000,139000,126364,83400,36635,46765
I,6.0,대리점,당시즌의류,패딩,PD,1113000,987390,897630,582282,317527,264755
I,6.0,대리점,당시즌의류,팬츠,PT,705000,485720,441576,263509,196235,67274
I,6.0,대리점,당시즌의류,폴라폴리스점퍼,FD,139000,127740,116132,75486,38779,36707
I,6.0,대리점,당시즌의류,후드티,HD,1703000,1634480,1485892,946130,512706,433424
I,6.0,대리점,차시즌의류,맨투맨,MT,8364000,8062180,7329269,4720604,2089299,2631305
I,6.0,대리점,차시즌의류,맨투맨셋트,S2,36384000,35261570,32055972,20688158,9220845,11467313
I,6.0,대리점,차시즌의류,반팔카라티셔츠,TS,767000,762000,692726,449737,191415,258322
I,6.0,대리점,차시즌의류,방풍자켓,WJ,705000,679200,617457,399992,147596,252396
I,6.0,대리점,차시즌의류,우븐팬츠,WP,1414000,1354690,1231535,784681,326820,457861
I,6.0,대리점,차시즌의류,점퍼,JP,19976000,19156630,17415144,11226460,4821919,6404541
I,6.0,대리점,차시즌의류,진바지,DP,2901000,2830240,2572938,1665373,770469,894904
I,6.0,대리점,차시즌의류,팬츠,PT,3720000,3558100,3234661,2080308,824183,1256125
I,6.0,대리점,차시즌의류,폴로 티셔츠,PQ,445000,445000,404545,265382,101342,164040
I,6.0,대리점,차시즌의류,후드티,HD,4938000,4736920,4306297,2776564,1147784,1628780
I,8.0,사입,Acc_etc,장갑,GL,-59000,-14750,-13409,-13409,-3337,-10072
I,8.0,사입,Bag,가방,BG,31119000,4004550,3640500,3640500,7886747,-4246247
I,8.0,사입,Bag,백팩,BK,1667967000,254568540,231425942,231425942,426082736,-194656794
I,8.0,사입,Bag,보조가방,UB,74329000,11753700,10685198,10685198,19423155,-8737957
I,8.0,사입,Bag,슬링백,SG,91092000,14289420,12990370,12990370,21579660,-8589290
I,8.0,사입,Bag,크로스백,CR,552859000,106989030,97262624,97262624,133264745,-36002121
I,8.0,사입,Bag,힙색,HS,37229000,4607310,4188458,4188458,7814016,-3625558
I,8.0,사입,Headwear,방한모,WM,-69000,-20700,-18818,-18818,-1934,-16884
I,8.0,사입,Headwear,와이어캡,WR,5488000,1646430,1496768,1496768,1151820,344948
I,8.0,사입,Headwear,운동모,CP,438963000,120169330,109244819,109244819,91793388,17451431
I,8.0,사입,Headwear,햇,HT,65627000,16406640,14915132,14915132,12498525,2416607
I,8.0,사입,Shoes,방한화,WB,-257000,-64250,-58409,-58409,-41493,-16916
I,8.0,사입,과시즌의류,니트가디건,KC,-142692000,-37957370,-34506718,-34506718,-21226022,-13280696
I,8.0,사입,과시즌의류,니트풀오버,KP,-16402000,-4100480,-3727720,-3727720,-2463352,-1264368
I,8.0,사입,과시즌의류,다운베스트,DV,-53626000,-13527620,-12297824,-12297824,-8633625,-3664199
I,8.0,사입,과시즌의류,다운점퍼,DJ,-184432000,-47874950,-43522665,-43522665,-28750337,-14772328
I,8.0,사입,과시즌의류,레깅스,LG,-123883000,-31119370,-28290347,-28290347,-19143586,-9146761
I,8.0,사입,과시즌의류,맨투맨,MT,363651000,89119890,81018070,81018070,86308126,-5290056
I,8.0,사입,과시즌의류,맨투맨셋트,S2,530480000,151661370,137873865,137873865,141704641,-3830776
I,8.0,사입,과시즌의류,반팔카라티셔츠,TS,-8019000,-2523540,-2294123,-2294123,-1381087,-913036
I,8.0,사입,과시즌의류,반팔티 & 스웨트팬츠,S1,61269000,13592800,12357154,12357154,15619379,-3262225
I,8.0,사입,과시즌의류,방풍자켓,WJ,-57635000,-14519810,-13199823,-13199823,-9453387,-3746436
I,8.0,사입,과시즌의류,스커트,SK,-226144000,-59243070,-53857324,-53857324,-20181018,-33676306
I,8.0,사입,과시즌의류,우븐셔츠,WS,50318000,11694070,10631003,10631003,10466202,164801
I,8.0,사입,과시즌의류,우븐팬츠,WP,47415000,13206910,12006298,12006298,16091930,-4085632
I,8.0,사입,과시즌의류,원피스,OP,4358000,-1116760,-1015219,-1015219,-49547,-965672
I,8.0,사입,과시즌의류,점퍼,JP,457871000,139316010,126650894,126650894,114533198,12117696
I,8.0,사입,과시즌의류,진바지,DP,21482000,5898390,5362157,5362157,5768827,-406670
I,8.0,사입,과시즌의류,진자켓,DK,24783000,7321470,6655866,6655866,6056386,599480
I,8.0,사입,과시즌의류,트레이닝(상의),TR,1485000,163350,148500,148500,165020,-16520
I,8.0,사입,과시즌의류,트레이닝(하의),TP,1027000,112970,102700,102700,113118,-10418
I,8.0,사입,과시즌의류,팬츠,PT,227619000,52452540,47684111,47684111,62928001,-15243890
I,8.0,사입,과시즌의류,폴라폴리스점퍼,FD,-30476000,-7618960,-6926323,-6926323,-4548399,-2377924
I,8.0,사입,과시즌의류,폴로 티셔츠,PQ,2927000,111830,101670,101670,257813,-156143
I,8.0,사입,과시즌의류,후드티,HD,42562000,7512310,6829377,6829377,12345528,-5516151
I,11.0,직영몰,Acc_etc,기타,ET,712000,696430,633117,633117,207944,425173
I,11.0,직영몰,Acc_etc,머플러(스카프),MF,390000,365950,332681,332681,71145,261536
I,11.0,직영몰,Acc_etc,양말,SO,542900,488970,444524,444524,131516,313008
I,11.0,직영몰,Acc_etc,장갑,GL,512000,494790,449808,449808,130923,318885
I,11.0,직영몰,Bag,가방,BG,165000,160990,146355,146355,41546,104809
I,11.0,직영몰,Bag,백팩,BK,97177000,84167760,76516113,76516113,21853521,54662592
I,11.0,직영몰,Bag,보조가방,UB,2058000,1902810,1729817,1729817,510691,1219126
I,11.0,직영몰,Bag,슬링백,SG,237000,229100,208272,208272,51987,156285
I,11.0,직영몰,Bag,크로스백,CR,2519000,2399780,2181610,2181610,533718,1647892
I,11.0,직영몰,Headwear,방한모,WM,8325000,8065690,7332426,7332426,1663329,5669097
I,11.0,직영몰,Headwear,비니,BN,11956000,11593470,10539485,10539485,2498518,8040967
I,11.0,직영몰,Headwear,와이어캡,WR,294000,286370,260334,260334,55425,204909
I,11.0,직영몰,Headwear,운동모,CP,20872000,20309780,18463383,18463383,4443532,14019851
I,11.0,직영몰,Headwear,햇,HT,112000,106100,96454,96454,23779,72675
I,11.0,직영몰,Shoes,런닝화,RN,14179000,13248970,12044505,12044505,3459690,8584815
I,11.0,직영몰,Shoes,방한화,WB,10785000,10187190,9261065,9261065,2693454,6567611
I,11.0,직영몰,Shoes,스니커즈,SX,3381000,3221150,2928315,2928315,777834,2150481
I,11.0,직영몰,Shoes,신발,SH,12109000,11688380,10625776,10625776,2867950,7757826
I,11.0,직영몰,과시즌의류,다운점퍼,DJ,249000,237880,216254,216254,37646,178608
I,11.0,직영몰,과시즌의류,맨투맨,MT,69000,34500,31363,31363,10450,20913
I,11.0,직영몰,과시즌의류,맨투맨셋트,S2,745000,567560,515962,515962,116724,399238
I,11.0,직영몰,과시즌의류,반팔카라티셔츠,TS,99000,99000,90000,90000,23289,66711
I,11.0,직영몰,과시즌의류,베이비,BV,649000,621300,564816,564816,195646,369170
I,11.0,직영몰,과시즌의류,점퍼,JP,199000,190120,172836,172836,31485,141351
I,11.0,직영몰,과시즌의류,폴라폴리스점퍼,FD,278000,139000,126362,126362,41201,85161
I,11.0,직영몰,당시즌의류,다운베스트,DV,1559000,1454770,1322518,1322518,437680,884838
I,11.0,직영몰,당시즌의류,다운점퍼,DJ,49606000,46391380,42173960,42173960,12653184,29520776
I,11.0,직영몰,당시즌의류,레깅스,LG,79000,79000,71818,71818,22496,49322
I,11.0,직영몰,당시즌의류,맨투맨,MT,7438000,7125290,6477524,6477524,2103890,4373634
I,11.0,직영몰,당시즌의류,맨투맨셋트,S2,10496000,9853110,8957364,8957364,2901108,6056256
I,11.0,직영몰,당시즌의류,반팔카라티셔츠,TS,273000,259460,235875,235875,73312,162563
I,11.0,직영몰,당시즌의류,우븐팬츠,WP,3259000,3073760,2794323,2794323,838330,1955993
I,11.0,직영몰,당시즌의류,점퍼,JP,596000,568530,516845,516845,161366,355479
I,11.0,직영몰,당시즌의류,진바지,DP,1279000,1183010,1075464,1075464,315571,759893
I,11.0,직영몰,당시즌의류,팬츠,PT,2826000,2691440,2446758,2446758,771633,1675125
I,11.0,직영몰,당시즌의류,폴라폴리스점퍼,FD,556000,544320,494836,494836,155116,339720
I,11.0,직영몰,당시즌의류,후드티,HD,1644000,1557550,1415951,1415951,488388,927563
I,11.0,직영몰,차시즌의류,맨투맨,MT,7089000,6875980,6250871,6250871,1839723,4411148
I,11.0,직영몰,차시즌의류,맨투맨셋트,S2,20037000,19082310,17347567,17347567,5065022,12282545
I,11.0,직영몰,차시즌의류,반팔카라티셔츠,TS,797000,760600,691453,691453,198643,492810
I,11.0,직영몰,차시즌의류,방풍자켓,WJ,1777000,1650900,1500816,1500816,427708,1073108
I,11.0,직영몰,차시즌의류,스커트,SK,276000,276000,250908,250908,68314,182594
I,11.0,직영몰,차시즌의류,우븐셔츠,WS,159000,143100,130091,130091,33292,96799
I,11.0,직영몰,차시즌의류,우븐팬츠,WP,2028000,1908300,1734816,1734816,502733,1232083
I,11.0,직영몰,차시즌의류,점퍼,JP,13750000,13140090,11945530,11945530,3339629,8605901
I,11.0,직영몰,차시즌의류,진바지,DP,2020000,1908100,1734636,1734636,525863,1208773
I,11.0,직영몰,차시즌의류,팬츠,PT,2631000,2541810,2310729,2310729,628079,1682650
I,11.0,직영몰,차시즌의류,폴로 티셔츠,PQ,623000,596300,542090,542090,141877,400213
I,11.0,직영몰,차시즌의류,후드티,HD,3326000,3156100,2869179,2869179,803419,2065760
I,99.0,기타,Acc_etc,기타,ET,138000,91540,83214,83214,34957,48257
I,99.0,기타,Acc_etc,양말,SO,56400,28200,25635,25635,12210,13425
I,99.0,기타,Acc_etc,장갑,GL,174000,73410,66732,66732,33234,33498
I,99.0,기타,Bag,백팩,BK,408000,204000,185455,185455,81518,103937
I,99.0,기타,Headwear,방한모,WM,0,0,0,0,0,0
I,99.0,기타,Headwear,비니,BN,208000,104000,94545,94545,46589,47956
I,99.0,기타,Headwear,운동모,CP,338000,178910,162643,162643,69071,93572
I,99.0,기타,Shoes,런닝화,RN,188000,173510,157737,157737,46939,110798
I,99.0,기타,Shoes,방한화,WB,89000,63140,57397,57397,23773,33624
I,99.0,기타,Shoes,스니커즈,SX,59000,38940,35400,35400,16328,19072
I,99.0,기타,Shoes,신발,SH,316000,207420,188560,188560,74774,113786
I,99.0,기타,과시즌의류,다운점퍼,DJ,478000,104600,95094,95094,73156,21938
I,99.0,기타,과시즌의류,반팔카라티셔츠,TS,33000,16500,15000,15000,7763,7237
I,99.0,기타,과시즌의류,반팔티 & 스웨트팬츠,S1,99000,29730,27024,27024,27358,-334
I,99.0,기타,과시즌의류,방풍자켓,WJ,79000,25400,23088,23088,21825,1263
I,99.0,기타,과시즌의류,베이비,BV,59000,41860,38059,38059,17786,20273
I,99.0,기타,과시즌의류,스윔웨어,SW,169000,57290,52080,52080,49222,2858
I,99.0,기타,과시즌의류,우븐반바지,SM,49000,24500,22272,22272,11482,10790
I,99.0,기타,과시즌의류,점퍼,JP,219000,57410,52188,52188,49324,2864
I,99.0,기타,당시즌의류,다운베스트,DV,407000,156300,142091,142091,111965,30126
I,99.0,기타,당시즌의류,다운점퍼,DJ,13690000,4250070,3863704,3863704,3453292,410412
I,99.0,기타,당시즌의류,맨투맨,MT,494000,185660,168776,168776,137027,31749
I,99.0,기타,당시즌의류,맨투맨셋트,S2,1330000,422870,384415,384415,376791,7624
I,99.0,기타,당시즌의류,반팔카라티셔츠,TS,0,0,0,0,0,0
I,99.0,기타,당시즌의류,우븐팬츠,WP,178000,54800,49812,49812,47887,1925
I,99.0,기타,당시즌의류,점퍼,JP,0,0,0,0,0,0
I,99.0,기타,당시즌의류,패딩,PD,318000,107580,97800,97800,90722,7078
I,99.0,기타,당시즌의류,팬츠,PT,217000,100160,91048,91048,60516,30532
I,99.0,기타,당시즌의류,후드티,HD,0,0,0,0,0,0
I,99.0,기타,차시즌의류,맨투맨셋트,S2,139000,69500,63182,63182,38363,24819
I,99.0,기타,차시즌의류,점퍼,JP,0,0,0,0,0,0
M,1.0,RF,Acc_etc,기타,ET,208400,206180,187422,119643,36618,83025
M,1.0,RF,Acc_etc,머플러(스카프),MF,861000,811530,737727,468770,94998,373772
M,1.0,RF,Acc_etc,양말,SO,526200,517800,470723,301210,89041,212169
M,1.0,RF,Acc_etc,캐리어(하드케이스),HH,239000,239000,217273,137968,73594,64374
M,1.0,RF,Acc_etc,파우치,PO,920000,903100,820940,522286,168652,353634
M,1.0,RF,Bag,백팩,BK,139000,139000,126364,80873,20958,59915
M,1.0,RF,Bag,버킷백,BM,1537000,1477340,1343019,854961,243239,611722
M,1.0,RF,Bag,쇼퍼백,OR,4812000,4798130,4361904,2784025,741928,2042097
M,1.0,RF,Bag,숄더백,BQ,9057000,8393620,7630500,4851940,1390311,3461629
M,1.0,RF,Bag,크로스백,CR,2141000,2050870,1864440,1189042,400190,788852
M,1.0,RF,Bag,힙색,HS,99000,89100,81000,51840,13792,38048
M,1.0,RF,Headwear,방한모,WM,2755000,2661880,2419842,1541885,403099,1138786
M,1.0,RF,Headwear,비니,BN,77452000,74343610,67585256,43060238,11318408,31741830
M,1.0,RF,Headwear,운동모,CP,118405000,111357570,101233653,64364210,19240844,45123366
M,1.0,RF,Headwear,햇,HT,5845000,5656040,5141957,3271725,786516,2485209
M,1.0,RF,Shoes,런닝화,RN,2723000,2699420,2454097,1561061,497219,1063842
M,1.0,RF,Shoes,방한화,WB,357000,347000,315454,201890,65776,136114
M,1.0,RF,Shoes,스니커즈,SX,433663000,327007490,297279987,188929768,75290666,113639102
M,1.0,RF,Shoes,신발,SH,75855000,69450440,63136734,40123697,15445563,24678134
M,1.0,RF,당시즌의류,니트가디건,KC,219000,219000,199091,126423,32406,94017
M,1.0,RF,당시즌의류,니트풀오버,KP,567000,529540,481400,307363,111369,195994
M,1.0,RF,당시즌의류,다운베스트,DV,617000,577200,524728,335012,118607,216405
M,1.0,RF,당시즌의류,다운점퍼,DJ,71003000,66439180,60399222,38496364,12723857,25772507
M,1.0,RF,당시즌의류,맨투맨,MT,644000,629000,571817,364499,111809,252690
M,1.0,RF,당시즌의류,반팔카라티셔츠,TS,897000,876640,796942,507818,172370,335448
M,1.0,RF,당시즌의류,스커트,SK,248000,209350,190319,120852,45174,75678
M,1.0,RF,당시즌의류,우븐팬츠,WP,1877000,1855140,1686431,1071515,356164,715351
M,1.0,RF,당시즌의류,점퍼,JP,-20000,-20000,-18181,-11636,-4963,-6673
M,1.0,RF,당시즌의류,진바지,DP,537000,527000,479090,304991,96075,208916
M,1.0,RF,당시즌의류,트레이닝(상의),TR,377000,358230,325663,208424,68847,139577
M,1.0,RF,당시즌의류,패딩,PD,796000,728890,662627,420769,163629,257140
M,1.0,RF,당시즌의류,팬츠,PT,4860000,4598430,4180409,2661863,849526,1812337
M,1.0,RF,당시즌의류,후드티,HD,2193000,2100710,1909733,1216107,413058,803049
M,1.0,RF,차시즌의류,니트가디건,KC,2001000,2000970,1819089,1157113,398555,758558
M,1.0,RF,차시즌의류,니트풀오버,KP,169000,169000,153636,98327,24607,73720
M,1.0,RF,차시즌의류,맨투맨,MT,6993000,6926480,6296809,4008156,1189537,2818619
M,1.0,RF,차시즌의류,반팔카라티셔츠,TS,155015000,125594530,114176765,72520295,26187235,46333060
M,1.0,RF,차시즌의류,방풍자켓,WJ,3457000,3327040,3024589,1924099,695805,1228294
M,1.0,RF,차시즌의류,스커트,SK,99000,99000,90000,57600,16316,41284
M,1.0,RF,차시즌의류,우븐셔츠,WS,845000,825680,750618,477411,168980,308431
M,1.0,RF,차시즌의류,우븐팬츠,WP,2164000,2144740,1949704,1239824,372762,867062
M,1.0,RF,차시즌의류,점퍼,JP,8233000,8025920,7296280,4639569,1466387,3173182
M,1.0,RF,차시즌의류,트레이닝(상의),TR,3345000,3324280,3022019,1922497,581706,1340791
M,1.0,RF,차시즌의류,팬츠,PT,3648000,3575030,3250018,2068277,621739,1446538
M,1.0,RF,차시즌의류,후드티,HD,3967000,3825240,3477385,2212161,729639,1482522
M,1.0,백화점,Acc_etc,기타,ET,5698700,5412590,4920539,3226962,1060412,2166550
M,1.0,백화점,Acc_etc,머플러(스카프),MF,17403000,16242900,14766181,9751475,1909642,7841833
M,1.0,백화점,Acc_etc,양말,SO,12163700,11731580,10665067,7014490,2015442,4999048
M,1.0,백화점,Acc_etc,장갑,GL,1287000,1239760,1127053,749238,231471,517767
M,1.0,백화점,Acc_etc,캐리어(하드케이스),HH,508000,508000,461818,293391,158004,135387
M,1.0,백화점,Acc_etc,파우치,PO,8163000,7896800,7178793,4674804,1472496,3202308
M,1.0,백화점,Bag,가방,BG,7562000,4019810,3654378,2437572,138994,2298578
M,1.0,백화점,Bag,백팩,BK,6115000,5728270,5207504,3431946,982122,2449824
M,1.0,백화점,Bag,버킷백,BM,17242000,16415100,14922729,9826358,2629790,7196568
M,1.0,백화점,Bag,보스톤백,BW,0,0,0,0,0,0
M,1.0,백화점,Bag,쇼퍼백,OR,451058000,435863270,396239280,252843598,67357794,185485804
M,1.0,백화점,Bag,숄더백,BQ,407356000,380528180,345934422,222901481,63765301,159136180
M,1.0,백화점,Bag,크로스백,CR,32417000,30721560,27928591,18404661,5794546,12610115
M,1.0,백화점,Bag,힙색,HS,9979000,6595110,5995460,3951041,1608143,2342898
M,1.0,백화점,Headwear,메시캡,MC,850000,605710,550649,379945,106136,273809
M,1.0,백화점,Headwear,방한모,WM,57137000,55225280,50204871,32574793,8207340,24367453
M,1.0,백화점,Headwear,비니,BN,484901000,470924810,428113990,279047198,70191038,208856160
M,1.0,백화점,Headwear,선캡,SC,0,-12440,-11309,-7803,0,-7803
M,1.0,백화점,Headwear,운동모,CP,958442000,928414130,844010090,549677231,155657924,394019307
M,1.0,백화점,Headwear,햇,HT,42075000,41008330,37280481,24269653,5442219,18827434
M,1.0,백화점,Shoes,런닝화,RN,144599000,138054260,125503513,81862121,30380635,51481486
M,1.0,백화점,Shoes,뮬,MU,553000,237000,215453,136818,96381,40437
M,1.0,백화점,Shoes,방한화,WB,89781000,83799020,76180779,50329429,16099063,34230366
M,1.0,백화점,Shoes,스니커즈,SX,2098541000,1865172580,1695611125,1094813005,369453857,725359148
M,1.0,백화점,Shoes,슬리퍼,LP,3501000,3304280,3003881,1953313,613094,1340219
M,1.0,백화점,Shoes,신발,SH,527797000,465005260,422731619,273658324,99853618,173804706
M,1.0,백화점,과시즌의류,니트가디건,KC,10547000,5273540,4794108,3230132,483277,2746855
M,1.0,백화점,과시즌의류,니트풀오버,KP,1254000,1053200,957455,632300,165076,467224
M,1.0,백화점,과시즌의류,다운점퍼,DJ,-688000,-573680,-521519,-342386,-92343,-250043
M,1.0,백화점,과시즌의류,맨투맨,MT,1949000,974530,885908,599386,258501,340885
M,1.0,백화점,과시즌의류,반팔카라티셔츠,TS,148000,98500,89545,57084,10329,46755
M,1.0,백화점,과시즌의류,방풍자켓,WJ,189000,94500,85909,73023,8680,64343
M,1.0,백화점,과시즌의류,우븐팬츠,WP,149000,74490,67727,57568,6877,50691
M,1.0,백화점,과시즌의류,원피스,OP,129000,64500,58636,36941,16909,20032
M,1.0,백화점,과시즌의류,점퍼,JP,2830000,2261910,2056280,1372226,326983,1045243
M,1.0,백화점,과시즌의류,트레이닝(상의),TR,933000,591600,537817,358701,123894,234807
M,1.0,백화점,과시즌의류,후드티,HD,595000,507220,461107,294243,79460,214783
M,1.0,백화점,당시즌의류,니트가디건,KC,8880000,8358590,7598695,5082922,1378919,3704003
M,1.0,백화점,당시즌의류,니트풀오버,KP,18005000,17004380,15458532,10198031,3363701,6834330
M,1.0,백화점,당시즌의류,다운베스트,DV,34666000,31814810,28922532,18973158,6608938,12364220
M,1.0,백화점,당시즌의류,다운점퍼,DJ,953054000,866694420,787903858,516253474,169219983,347033491
M,1.0,백화점,당시즌의류,데님셔츠,DR,1323000,1172320,1065730,688220,240631,447589
M,1.0,백화점,당시즌의류,맨투맨,MT,60997000,57709880,52463195,34594205,10777076,23817129
M,1.0,백화점,당시즌의류,반팔카라티셔츠,TS,316604000,224197130,203815522,134507870,60765296,73742574
M,1.0,백화점,당시즌의류,방풍자켓,WJ,518000,518000,470910,301382,103493,197889
M,1.0,백화점,당시즌의류,스커트,SK,2550000,2491370,2264866,1460635,493758,966877
M,1.0,백화점,당시즌의류,우븐셔츠,WS,1859000,1829850,1663523,1085397,305697,779700
M,1.0,백화점,당시즌의류,우븐팬츠,WP,43705000,41230270,37482068,24558223,8229672,16328551
M,1.0,백화점,당시즌의류,원피스,OP,1548000,1494790,1358909,907280,308377,598903
M,1.0,백화점,당시즌의류,점퍼,JP,17875000,16732810,15211641,9957209,3420030,6537179
M,1.0,백화점,당시즌의류,진바지,DP,7030000,6717760,6107033,4012823,1259529,2753294
M,1.0,백화점,당시즌의류,진스커트,DS,1649000,1600110,1454646,959418,267217,692201
M,1.0,백화점,당시즌의류,트레이닝(상의),TR,20248000,19162130,17420141,11406775,3765572,7641203
M,1.0,백화점,당시즌의류,패딩,PD,25074000,22773680,20703369,13424135,5154312,8269823
M,1.0,백화점,당시즌의류,팬츠,PT,142153000,135668920,123335252,81345182,24862076,56483106
M,1.0,백화점,당시즌의류,폴라폴리스점퍼,FD,6453000,6164940,5604486,3652667,1105195,2547472
M,1.0,백화점,당시즌의류,후드티,HD,41805000,39883060,36257355,23646974,7818521,15828453
M,1.0,백화점,차시즌의류,니트가디건,KC,10742000,10341050,9400968,6087700,2303256,3784444
M,1.0,백화점,차시즌의류,니트풀오버,KP,169000,169000,153636,98327,24607,73720
M,1.0,백화점,차시즌의류,데님셔츠,DR,1015000,995000,904545,575290,166754,408536
M,1.0,백화점,차시즌의류,맨투맨,MT,116392000,112261270,102055625,67223308,19182961,48040347
M,1.0,백화점,차시즌의류,반팔카라티셔츠,TS,263908000,251476740,228615197,148283510,44814272,103469238
M,1.0,백화점,차시즌의류,방풍자켓,WJ,49801000,47755280,43413936,28361565,9155960,19205605
M,1.0,백화점,차시즌의류,스커트,SK,1683000,1631850,1483491,979864,277374,702490
M,1.0,백화점,차시즌의류,우븐셔츠,WS,8788000,8476750,7706178,5003029,1757393,3245636
M,1.0,백화점,차시즌의류,우븐팬츠,WP,22626000,21527090,19570013,12861381,3867354,8994027
M,1.0,백화점,차시즌의류,점퍼,JP,58987000,57257710,52052405,33797547,10571868,23225679
M,1.0,백화점,차시즌의류,진바지,DP,3013000,2957140,2688307,1757883,503131,1254752
M,1.0,백화점,차시즌의류,진스커트,DS,477000,397720,361562,242975,74526,168449
M,1.0,백화점,차시즌의류,진자켓,DK,1016000,996000,905455,602309,164282,438027
M,1.0,백화점,차시즌의류,트레이닝(상의),TR,38247000,36321230,33019260,21519612,6662445,14857167
M,1.0,백화점,차시즌의류,팬츠,PT,71256000,68480400,62254479,40880836,12065757,28815079
M,1.0,백화점,차시즌의류,후드티,HD,43245000,41333190,37575294,24409921,8020331,16389590
M,2.0,면세점,Acc_etc,기타,ET,1208000,1208000,1098169,680877,239517,441360
M,2.0,면세점,Acc_etc,머플러(스카프),MF,18126000,18126000,16478181,10216473,1903127,8313346
M,2.0,면세점,Acc_etc,양말,SO,5753100,5753310,5230088,3242581,1004391,2238190
M,2.0,면세점,Acc_etc,장갑,GL,78000,78000,70910,43964,14029,29935
M,2.0,면세점,Acc_etc,파우치,PO,5641000,5641000,5128160,3179463,1029662,2149801
M,2.0,면세점,Bag,가방,BG,140808000,71098650,64635138,40073717,2582227,37491490
M,2.0,면세점,Bag,백팩,BK,7773000,7773000,7066369,4381139,1274158,3106981
M,2.0,면세점,Bag,버킷백,BM,232741000,232741330,211583094,131181136,34542160,96638976
M,2.0,면세점,Bag,쇼퍼백,OR,31426000,31426000,28569034,17712794,5065400,12647394
M,2.0,면세점,Bag,숄더백,BQ,446336000,446336170,405760088,251570023,67866416,183703607
M,2.0,면세점,Bag,크로스백,CR,154459000,154459170,140417427,87058902,26384534,60674368
M,2.0,면세점,Bag,힙색,HS,268051000,145340500,132127726,81919189,44117490,37801699
M,2.0,면세점,Headwear,방한모,WM,17542000,17542000,15947227,9887264,2501557,7385707
M,2.0,면세점,Headwear,비니,BN,412325000,412325660,374841473,232398668,57556336,174842332
M,2.0,면세점,Headwear,운동모,CP,4906824000,4906803560,4460732181,2765671193,820647850,1945023343
M,2.0,면세점,Headwear,햇,HT,62976000,62958300,57234733,35485498,8342450,27143048
M,2.0,면세점,Shoes,런닝화,RN,83260000,83259990,75690577,46928135,17914727,29013408
M,2.0,면세점,Shoes,뮬,MU,107979000,53988680,49080609,30430144,19143227,11286917
M,2.0,면세점,Shoes,방한화,WB,9711000,9711000,8828159,5473451,1666349,3807102
M,2.0,면세점,Shoes,스니커즈,SX,418014000,393209330,357462111,221626261,71484068,150142193
M,2.0,면세점,Shoes,슬리퍼,LP,472000,472000,429088,266032,84393,181639
M,2.0,면세점,Shoes,신발,SH,857145000,537339410,488490238,302864626,133085755,169778871
M,2.0,면세점,과시즌의류,니트가디건,KC,2788000,2788000,2534544,1571418,365716,1205702
M,2.0,면세점,과시즌의류,데님셔츠,DR,239000,239000,217273,134709,31671,103038
M,2.0,면세점,과시즌의류,맨투맨,MT,6125000,6125000,5568172,3452264,811272,2640992
M,2.0,면세점,과시즌의류,방풍자켓,WJ,2311000,2311000,2100909,1302561,308886,993675
M,2.0,면세점,과시즌의류,우븐셔츠,WS,179000,179000,162727,100891,24047,76844
M,2.0,면세점,과시즌의류,진바지,DP,189000,189000,171818,106527,25054,81473
M,2.0,면세점,과시즌의류,트레이닝(상의),TR,438000,438000,398182,246872,58596,188276
M,2.0,면세점,과시즌의류,팬츠,PT,1003000,1003000,911817,565325,133183,432142
M,2.0,면세점,과시즌의류,후드티,HD,1223000,1223000,1111816,689325,162386,526939
M,2.0,면세점,당시즌의류,니트가디건,KC,2061000,2061000,1873635,1161651,310420,851231
M,2.0,면세점,당시즌의류,니트풀오버,KP,667000,667000,606364,375945,114651,261294
M,2.0,면세점,당시즌의류,다운베스트,DV,13022000,13022000,11838190,7339683,2437813,4901870
M,2.0,면세점,당시즌의류,다운점퍼,DJ,582814000,570854110,518958072,321754057,102724151,219029906
M,2.0,면세점,당시즌의류,데님셔츠,DR,756000,756000,687272,426108,139677,286431
M,2.0,면세점,당시즌의류,맨투맨,MT,4374000,4374000,3976371,2465347,799587,1665760
M,2.0,면세점,당시즌의류,반팔카라티셔츠,TS,9477000,9477010,8615565,5341626,1821133,3520493
M,2.0,면세점,당시즌의류,우븐팬츠,WP,1191000,1191000,1082727,671291,217494,453797
M,2.0,면세점,당시즌의류,진바지,DP,865000,865000,786362,487544,154943,332601
M,2.0,면세점,당시즌의류,진스커트,DS,149000,149000,135455,83982,24027,59955
M,2.0,면세점,당시즌의류,트레이닝(상의),TR,1171000,1171000,1064543,660017,215195,444822
M,2.0,면세점,당시즌의류,패딩,PD,1791000,1791000,1628181,1009476,368165,641311
M,2.0,면세점,당시즌의류,팬츠,PT,15618000,15618000,14198197,8802859,2780957,6021902
M,2.0,면세점,당시즌의류,후드티,HD,2540000,2540000,2309086,1431633,465145,966488
M,2.0,면세점,차시즌의류,데님셔츠,DR,3890000,3890000,3536361,2192543,665750,1526793
M,2.0,면세점,차시즌의류,맨투맨,MT,56793000,56793000,51630060,32010612,8602794,23407818
M,2.0,면세점,차시즌의류,반팔카라티셔츠,TS,440662000,440662410,400601956,248374048,79280134,169093914
M,2.0,면세점,차시즌의류,방풍자켓,WJ,50027000,50027000,45479084,28197042,9076067,19120975
M,2.0,면세점,차시즌의류,점퍼,JP,14476000,14476000,13160004,8159184,2582273,5576911
M,2.0,면세점,차시즌의류,진바지,DP,2854000,2854000,2594541,1608612,475903,1132709
M,2.0,면세점,차시즌의류,진스커트,DS,477000,477000,433635,268854,74526,194328
M,2.0,면세점,차시즌의류,진자켓,DK,1016000,1016000,923638,572655,153092,419563
M,2.0,면세점,차시즌의류,트레이닝(상의),TR,2499000,2499000,2271822,1408533,440203,968330
M,2.0,면세점,차시즌의류,후드티,HD,2970000,2970000,2700000,1674000,556330,1117670
M,3.0,RF,Acc_etc,기타,ET,703000,688000,625448,625448,136693,488755
M,3.0,RF,Acc_etc,머플러(스카프),MF,8895000,6549600,5954179,5954179,1017196,4936983
M,3.0,RF,Acc_etc,선글라스,GA,457000,457000,415455,415455,79803,335652
M,3.0,RF,Acc_etc,양말,SO,677600,570020,518200,518200,116689,401511
M,3.0,RF,Acc_etc,장갑,GL,195000,171600,156001,156001,35072,120929
M,3.0,RF,Acc_etc,파우치,PO,1019000,1019000,926367,926367,183184,743183
M,3.0,RF,Bag,백팩,BK,288000,240300,218455,218455,51140,167315
M,3.0,RF,Bag,버킷백,BM,1240000,1147600,1043274,1043274,185972,857302
M,3.0,RF,Bag,쇼퍼백,OR,954000,900300,818455,818455,150950,667505
M,3.0,RF,Bag,숄더백,BQ,14954000,11531600,10483267,10483267,2265710,8217557
M,3.0,RF,Bag,크로스백,CR,2834000,2461300,2237548,2237548,493399,1744149
M,3.0,RF,Headwear,방한모,WM,6583000,6327300,5752076,5752076,938767,4813309
M,3.0,RF,Headwear,비니,BN,103725000,100605390,91459444,91459444,15231275,76228169
M,3.0,RF,Headwear,운동모,CP,317324000,241492810,219538771,219538771,52008135,167530636
M,3.0,RF,Headwear,햇,HT,6267000,5299790,4817994,4817994,793079,4024915
M,3.0,RF,Shoes,런닝화,RN,3506000,3355570,3050521,3050521,721884,2328637
M,3.0,RF,Shoes,방한화,WB,11375000,9411320,8555751,8555751,2028887,6526864
M,3.0,RF,Shoes,스니커즈,SX,25867000,23156790,21051604,21051604,4224017,16827587
M,3.0,RF,Shoes,신발,SH,17069000,15675140,14250123,14250123,3007451,11242672
M,3.0,RF,과시즌의류,레깅스,LG,99000,69300,63000,63000,17023,45977
M,3.0,RF,과시즌의류,탱크탑,TK,59000,59000,53636,53636,12615,41021
M,3.0,RF,당시즌의류,니트가디건,KC,408000,351300,319364,319364,64700,254664
M,3.0,RF,당시즌의류,니트풀오버,KP,1373000,1146200,1042001,1042001,261502,780499
M,3.0,RF,당시즌의류,다운베스트,DV,3924000,3589200,3262912,3262912,731385,2531527
M,3.0,RF,당시즌의류,다운점퍼,DJ,62863000,54122290,49202077,49202077,11115289,38086788
M,3.0,RF,당시즌의류,맨투맨,MT,2734000,2365600,2150545,2150545,488440,1662105
M,3.0,RF,당시즌의류,반팔카라티셔츠,TS,234000,234000,212730,212730,44966,167764
M,3.0,RF,당시즌의류,우븐셔츠,WS,169000,118300,107545,107545,28526,79019
M,3.0,RF,당시즌의류,우븐팬츠,WP,4559000,3262700,2966094,2966094,849922,2116172
M,3.0,RF,당시즌의류,원피스,OP,129000,129000,117273,117273,25698,91575
M,3.0,RF,당시즌의류,점퍼,JP,259000,181300,164818,164818,48144,116674
M,3.0,RF,당시즌의류,트레이닝(상의),TR,417000,381300,346637,346637,76894,269743
M,3.0,RF,당시즌의류,패딩,PD,796000,796000,723636,723636,163628,560008
M,3.0,RF,당시즌의류,팬츠,PT,6604000,5464600,4967821,4967821,1115989,3851832
M,3.0,RF,당시즌의류,폴라폴리스점퍼,FD,657000,657000,597272,597272,104890,492382
M,3.0,RF,당시즌의류,후드티,HD,4721000,3794500,3449545,3449545,843888,2605657
M,3.0,RF,차시즌의류,니트가디건,KC,1105000,1105000,1004546,1004546,192207,812339
M,3.0,RF,차시즌의류,니트풀오버,KP,507000,456300,414817,414817,73821,340996
M,3.0,RF,차시즌의류,데님셔츠,DR,219000,219000,199091,199091,32468,166623
M,3.0,RF,차시즌의류,맨투맨,MT,7002000,6166800,5606178,5606178,1128408,4477770
M,3.0,RF,차시즌의류,반팔카라티셔츠,TS,6609000,5426100,4932807,4932807,1162378,3770429
M,3.0,RF,차시즌의류,방풍자켓,WJ,3106000,2607400,2370365,2370365,602986,1767379
M,3.0,RF,차시즌의류,우븐셔츠,WS,4056000,2889890,2627171,2627171,811106,1816065
M,3.0,RF,차시즌의류,우븐팬츠,WP,2144000,1751000,1591822,1591822,368781,1223041
M,3.0,RF,차시즌의류,점퍼,JP,5712000,5003400,4548542,4548542,1043913,3504629
M,3.0,RF,차시즌의류,진바지,DP,865000,814300,740271,740271,143516,596755
M,3.0,RF,차시즌의류,진자켓,DK,508000,508000,461818,461818,82141,379677
M,3.0,RF,차시즌의류,트레이닝(상의),TR,3971000,3566280,3242079,3242079,701084,2540995
M,3.0,RF,차시즌의류,팬츠,PT,5501000,5213820,4739842,4739842,947741,3792101
M,3.0,RF,차시즌의류,후드티,HD,4751000,4259900,3872642,3872642,872488,3000154
M,3.0,직영점(가두),Acc_etc,기타,ET,5324700,5291890,4810762,4810762,965478,3845284
M,3.0,직영점(가두),Acc_etc,머플러(스카프),MF,4929000,4890000,4445453,4445453,534592,3910861
M,3.0,직영점(가두),Acc_etc,선글라스,GA,6080000,6080000,5527270,5527270,1064044,4463226
M,3.0,직영점(가두),Acc_etc,양말,SO,6197100,6130830,5573392,5573392,1027268,4546124
M,3.0,직영점(가두),Acc_etc,장갑,GL,1638000,1638000,1489098,1489098,294607,1194491
M,3.0,직영점(가두),Acc_etc,캐리어(하드케이스),HH,1046000,1046000,950908,950908,326824,624084
M,3.0,직영점(가두),Acc_etc,파우치,PO,10662000,10616230,9651096,9651096,1962069,7689027
M,3.0,직영점(가두),Bag,백팩,BK,1807000,1807000,1642729,1642729,305559,1337170
M,3.0,직영점(가두),Bag,버킷백,BM,16028000,15992670,14538783,14538783,2445729,12093054
M,3.0,직영점(가두),Bag,쇼퍼백,OR,11233000,11192610,10175092,10175092,1824516,8350576
M,3.0,직영점(가두),Bag,숄더백,BQ,60232000,60096210,54632845,54632845,9718201,44914644
M,3.0,직영점(가두),Bag,크로스백,CR,27022000,26992190,24538299,24538299,5013397,19524902
M,3.0,직영점(가두),Bag,힙색,HS,970000,970000,881818,881818,141078,740740
M,3.0,직영점(가두),Headwear,메시캡,MC,126000,88200,80182,80182,14177,66005
M,3.0,직영점(가두),Headwear,방한모,WM,30488000,30382880,27620718,27620718,4371385,23249333
M,3.0,직영점(가두),Headwear,비니,BN,622321000,618976930,562705550,562705550,90461825,472243725
M,3.0,직영점(가두),Headwear,운동모,CP,683740000,651180710,591980729,591980729,107637447,484343282
M,3.0,직영점(가두),Headwear,햇,HT,20152000,20061740,18237902,18237902,2611735,15626167
M,3.0,직영점(가두),Shoes,런닝화,RN,40202000,39960480,36327693,36327693,8112957,28214736
M,3.0,직영점(가두),Shoes,방한화,WB,51206000,50922160,46292810,46292810,8854702,37438108
M,3.0,직영점(가두),Shoes,스니커즈,SX,229039000,228336800,207578549,207578549,37883734,169694815
M,3.0,직영점(가두),Shoes,슬리퍼,LP,118000,118000,107272,107272,21098,86174
M,3.0,직영점(가두),Shoes,신발,SH,106439000,105791260,96173815,96173815,18921243,77252572
M,3.0,직영점(가두),과시즌의류,레깅스,LG,653000,653000,593636,593636,108615,485021
M,3.0,직영점(가두),과시즌의류,반팔카라티셔츠,TS,69000,48300,43909,43909,9282,34627
M,3.0,직영점(가두),과시즌의류,탱크탑,TK,413000,413000,375452,375452,88308,287144
M,3.0,직영점(가두),당시즌의류,니트가디건,KC,4529000,4443600,4039632,4039632,719955,3319677
M,3.0,직영점(가두),당시즌의류,니트풀오버,KP,5183000,5183000,4711810,4711810,894272,3817538
M,3.0,직영점(가두),당시즌의류,다운베스트,DV,9119000,9025300,8204818,8204818,1740153,6464665
M,3.0,직영점(가두),당시즌의류,다운점퍼,DJ,310550000,306067890,278243370,278243370,54623049,223620321
M,3.0,직영점(가두),당시즌의류,데님셔츠,DR,2079000,2079000,1889998,1889998,377961,1512037
M,3.0,직영점(가두),당시즌의류,맨투맨,MT,17922000,17814500,16194978,16194978,3120887,13074091
M,3.0,직영점(가두),당시즌의류,반팔카라티셔츠,TS,3431000,3385600,3077846,3077846,633653,2444193
M,3.0,직영점(가두),당시즌의류,스커트,SK,585000,577020,524572,524572,108659,415913
M,3.0,직영점(가두),당시즌의류,우븐셔츠,WS,845000,845000,768180,768180,142631,625549
M,3.0,직영점(가두),당시즌의류,우븐팬츠,WP,13438000,13356890,12142618,12142618,2566112,9576506
M,3.0,직영점(가두),당시즌의류,원피스,OP,258000,258000,234546,234546,51397,183149
M,3.0,직영점(가두),당시즌의류,점퍼,JP,8810000,8696130,7905572,7905572,1664166,6241406
M,3.0,직영점(가두),당시즌의류,진바지,DP,4554000,4554000,4139992,4139992,811886,3328106
M,3.0,직영점(가두),당시즌의류,진스커트,DS,447000,437000,397272,397272,72081,325191
M,3.0,직영점(가두),당시즌의류,트레이닝(상의),TR,9391000,9273770,8430697,8430697,1732300,6698397
M,3.0,직영점(가두),당시즌의류,패딩,PD,6965000,6872570,6247787,6247787,1431758,4816029
M,3.0,직영점(가두),당시즌의류,팬츠,PT,36079000,35789740,32536092,32536092,6241016,26295076
M,3.0,직영점(가두),당시즌의류,폴라폴리스점퍼,FD,4620000,4547950,4134500,4134500,792231,3342269
M,3.0,직영점(가두),당시즌의류,후드티,HD,13995000,13917250,12652031,12652031,2620832,10031199
M,3.0,직영점(가두),차시즌의류,니트가디건,KC,9876000,9876000,8978163,8978163,1958831,7019332
M,3.0,직영점(가두),차시즌의류,니트풀오버,KP,1521000,1521000,1382724,1382724,221463,1161261
M,3.0,직영점(가두),차시즌의류,데님셔츠,DR,2020000,2020000,1836361,1836361,330324,1506037
M,3.0,직영점(가두),차시즌의류,맨투맨,MT,54926000,54726810,49751569,49751569,8951423,40800146
M,3.0,직영점(가두),차시즌의류,반팔카라티셔츠,TS,40598000,40498350,36816546,36816546,6849694,29966852
M,3.0,직영점(가두),차시즌의류,방풍자켓,WJ,23386000,23339420,21217652,21217652,4351717,16865935
M,3.0,직영점(가두),차시즌의류,스커트,SK,396000,396000,360000,360000,65265,294735
M,3.0,직영점(가두),차시즌의류,우븐셔츠,WS,2028000,2028000,1843632,1843632,405552,1438080
M,3.0,직영점(가두),차시즌의류,우븐팬츠,WP,6800000,6791950,6174487,6174487,1162262,5012225
M,3.0,직영점(가두),차시즌의류,점퍼,JP,44259000,43964100,39967336,39967336,7947783,32019553
M,3.0,직영점(가두),차시즌의류,진바지,DP,3331000,3310140,3009210,3009210,559384,2449826
M,3.0,직영점(가두),차시즌의류,진스커트,DS,159000,159000,144545,144545,24842,119703
M,3.0,직영점(가두),차시즌의류,진자켓,DK,1763000,1763000,1602726,1602726,283058,1319668
M,3.0,직영점(가두),차시즌의류,트레이닝(상의),TR,20906000,20830540,18936820,18936820,3657430,15279390
M,3.0,직영점(가두),차시즌의류,팬츠,PT,28332000,28222180,25656496,25656496,4839597,20816899
M,3.0,직영점(가두),차시즌의류,후드티,HD,19836000,19616720,17833370,17833370,3629985,14203385
M,4.0,RF,Bag,버킷백,BM,6450000,4063500,3694091,3694091,933832,2760259
M,4.0,RF,Bag,쇼퍼백,OR,1790000,1127700,1025182,1025182,266059,759123
M,4.0,RF,Bag,힙색,HS,2970000,935550,850500,850500,490385,360115
M,4.0,RF,Headwear,비니,BN,860000,541800,492546,492546,120475,372071
M,4.0,RF,Headwear,운동모,CP,205625000,129543750,117767058,117767058,32415337,85351721
M,4.0,RF,Shoes,스니커즈,SX,137094000,86369220,78517469,78517469,24798721,53718748
M,4.0,RF,Shoes,신발,SH,42522000,26788870,24353517,24353517,8225789,16127728
M,4.0,RF,당시즌의류,다운점퍼,DJ,5980000,3767400,3424910,3424910,1053857,2371053
M,4.0,자사몰,Acc_etc,기타,ET,568500,485782,453211,453211,106195,347016
M,4.0,자사몰,Acc_etc,머플러(스카프),MF,1050000,668830,608028,608028,88609,519419
M,4.0,자사몰,Acc_etc,양말,SO,2312800,1974281,1812351,1812351,391753,1420598
M,4.0,자사몰,Acc_etc,장갑,GL,390000,333110,302829,302829,70145,232684
M,4.0,자사몰,Acc_etc,파우치,PO,1023000,909313,835027,835027,194485,640542
M,4.0,자사몰,Bag,가방,BG,517000,385600,350545,350545,8968,341577
M,4.0,자사몰,Bag,백팩,BK,1053000,930610,846009,846009,176366,669643
M,4.0,자사몰,Bag,버킷백,BM,1460000,1324509,1216301,1216301,217707,998594
M,4.0,자사몰,Bag,쇼퍼백,OR,5310000,4552551,4181318,4181318,879872,3301446
M,4.0,자사몰,Bag,숄더백,BQ,20123000,13787546,12680451,12680451,2462388,10218063
M,4.0,자사몰,Bag,크로스백,CR,6600000,6218191,5700517,5700517,1192312,4508205
M,4.0,자사몰,Bag,힙색,HS,475000,493603,468421,468421,72117,396304
M,4.0,자사몰,Headwear,방한모,WM,10318000,9367450,8515864,8515864,1530236,6985628
M,4.0,자사몰,Headwear,비니,BN,150484000,133969220,121810029,121810029,21534440,100275589
M,4.0,자사몰,Headwear,운동모,CP,167400000,143198172,130496791,130496791,27437416,103059375
M,4.0,자사몰,Headwear,햇,HT,6093000,5274127,4806674,4806674,837806,3968868
M,4.0,자사몰,Shoes,런닝화,RN,17915000,16767970,15243624,15243624,3883749,11359875
M,4.0,자사몰,Shoes,뮬,MU,2684000,1143564,1043800,1043800,474420,569380
M,4.0,자사몰,Shoes,방한화,WB,22942000,19999870,18181709,18181709,3960227,14221482
M,4.0,자사몰,Shoes,샌들,SD,1042000,678580,616892,616892,40431,576461
M,4.0,자사몰,Shoes,스니커즈,SX,41353000,33960972,31419638,31419638,7022933,24396705
M,4.0,자사몰,Shoes,슬리퍼,LP,413000,383907,354471,354471,64172,290299
M,4.0,자사몰,Shoes,신발,SH,61557000,41727951,38300450,38300450,10437412,27863038
M,4.0,자사몰,과시즌의류,레깅스,LG,455000,421300,383000,383000,73342,309658
M,4.0,자사몰,과시즌의류,맨투맨,MT,5452000,2842540,2584141,2584141,214017,2370124
M,4.0,자사몰,과시즌의류,반팔카라티셔츠,TS,69000,33500,30455,30455,10365,20090
M,4.0,자사몰,과시즌의류,우븐셔츠,WS,0,0,0,0,0,0
M,4.0,자사몰,과시즌의류,점퍼,JP,279000,273000,248182,248182,37429,210753
M,4.0,자사몰,과시즌의류,트레이닝(상의),TR,278000,239310,217555,217555,37116,180439
M,4.0,자사몰,과시즌의류,팬츠,PT,198000,91000,82728,82728,26367,56361
M,4.0,자사몰,과시즌의류,후드티,HD,476000,113120,102836,102836,727,102109
M,4.0,자사몰,당시즌의류,니트가디건,KC,249000,249000,226364,226364,38660,187704
M,4.0,자사몰,당시즌의류,니트풀오버,KP,1194000,1113750,1012499,1012499,208104,804395
M,4.0,자사몰,당시즌의류,다운베스트,DV,5516000,5122640,4656945,4656945,1027691,3629254
M,4.0,자사몰,당시즌의류,다운점퍼,DJ,106077000,94643140,86039212,86039212,19051894,66987318
M,4.0,자사몰,당시즌의류,맨투맨,MT,10225000,9518890,8653543,8653543,1825369,6828174
M,4.0,자사몰,당시즌의류,반팔카라티셔츠,TS,2571000,2550205,2351460,2351460,468401,1883059
M,4.0,자사몰,당시즌의류,스커트,SK,139000,127000,115455,115455,34811,80644
M,4.0,자사몰,당시즌의류,우븐셔츠,WS,507000,478640,435127,435127,85579,349548
M,4.0,자사몰,당시즌의류,우븐팬츠,WP,6980000,6367310,5788468,5788468,1346275,4442193
M,4.0,자사몰,당시즌의류,원피스,OP,258000,237100,215546,215546,51397,164149
M,4.0,자사몰,당시즌의류,점퍼,JP,1854000,1753220,1593835,1593835,345148,1248687
M,4.0,자사몰,당시즌의류,진바지,DP,1074000,942760,857055,857055,197330,659725
M,4.0,자사몰,당시즌의류,진스커트,DS,0,-3370,-3064,-3064,0,-3064
M,4.0,자사몰,당시즌의류,트레이닝(상의),TR,2609000,2459070,2235517,2235517,476664,1758853
M,4.0,자사몰,당시즌의류,패딩,PD,7363000,6459220,5872017,5872017,1513575,4358442
M,4.0,자사몰,당시즌의류,팬츠,PT,18845000,17762170,16147431,16147431,3206274,12941157
M,4.0,자사몰,당시즌의류,폴라폴리스점퍼,FD,1393000,1294100,1176455,1176455,248159,928296
M,4.0,자사몰,당시즌의류,후드티,HD,10116000,9445140,8586494,8586494,1899978,6686516
M,4.0,자사몰,차시즌의류,니트가디건,KC,229000,213840,194400,194400,67438,126962
M,4.0,자사몰,차시즌의류,데님셔츠,DR,567000,541120,491928,491928,98631,393297
M,4.0,자사몰,차시즌의류,맨투맨,MT,11921000,11027560,10025058,10025058,1909262,8115796
M,4.0,자사몰,차시즌의류,반팔카라티셔츠,TS,6710000,6487649,6058418,6058418,1152700,4905718
M,4.0,자사몰,차시즌의류,방풍자켓,WJ,4839000,4646030,4223665,4223665,909784,3313881
M,4.0,자사몰,차시즌의류,스커트,SK,198000,192000,174545,174545,32633,141912
M,4.0,자사몰,차시즌의류,우븐셔츠,WS,1014000,982000,892726,892726,202776,689950
M,4.0,자사몰,차시즌의류,우븐팬츠,WP,586000,564000,512728,512728,99255,413473
M,4.0,자사몰,차시즌의류,점퍼,JP,8365000,7998710,7271551,7271551,1493260,5778291
M,4.0,자사몰,차시즌의류,진바지,DP,1034000,963620,876017,876017,173229,702788
M,4.0,자사몰,차시즌의류,진스커트,DS,0,0,0,0,0,0
M,4.0,자사몰,차시즌의류,진자켓,DK,777000,769000,699091,699091,127648,571443
M,4.0,자사몰,차시즌의류,트레이닝(상의),TR,4558000,4248750,3862498,3862498,793395,3069103
M,4.0,자사몰,차시즌의류,팬츠,PT,3567000,3147250,2861134,2861134,622630,2238504
M,4.0,자사몰,차시즌의류,후드티,HD,10336000,9699100,8817369,8817369,1913666,6903703
M,5.0,제휴몰,Acc_etc,기타,ET,1606700,1606700,1460633,1460633,299350,1161283
M,5.0,제휴몰,Acc_etc,머플러(스카프),MF,3309000,3274500,2976812,2976812,475206,2501606
M,5.0,제휴몰,Acc_etc,양말,SO,2056400,2056400,1869453,1869453,353260,1516193
M,5.0,제휴몰,Acc_etc,장갑,GL,273000,273000,248185,248185,49100,199085
M,5.0,제휴몰,Acc_etc,캐리어(하드케이스),HH,239000,239000,217273,217273,73594,143679
M,5.0,제휴몰,Acc_etc,파우치,PO,3273000,3273000,2975482,2975482,549328,2426154
M,5.0,제휴몰,Bag,가방,BG,318000,258300,234818,234818,5311,229507
M,5.0,제휴몰,Bag,백팩,BK,854000,854000,776364,776364,138719,637645
M,5.0,제휴몰,Bag,버킷백,BM,1280000,1280000,1163639,1163639,188230,975409
M,5.0,제휴몰,Bag,쇼퍼백,OR,4513000,4087900,3716279,3716279,759968,2956311
M,5.0,제휴몰,Bag,숄더백,BQ,27211000,22669400,20608551,20608551,3562483,17046068
M,5.0,제휴몰,Bag,크로스백,CR,6811000,6811000,6191818,6191818,1274787,4917031
M,5.0,제휴몰,Bag,힙색,HS,752000,752000,683636,683636,106435,577201
M,5.0,제휴몰,Headwear,방한모,WM,19232000,19202500,17456770,17456770,2727918,14728852
M,5.0,제휴몰,Headwear,비니,BN,410439000,410439270,373126828,373126828,60955961,312170867
M,5.0,제휴몰,Headwear,운동모,CP,499238000,499236120,453851107,453851107,81809834,372041273
M,5.0,제휴몰,Headwear,햇,HT,10565000,10565000,9604529,9604529,1322733,8281796
M,5.0,제휴몰,Shoes,런닝화,RN,27133000,27133000,24666413,24666413,5893140,18773273
M,5.0,제휴몰,Shoes,뮬,MU,4500000,2250000,2045430,2045430,794240,1251190
M,5.0,제휴몰,Shoes,방한화,WB,42702000,42237900,38398139,38398139,7366350,31031789
M,5.0,제휴몰,Shoes,샌들,SD,815000,661500,601365,601365,45742,555623
M,5.0,제휴몰,Shoes,스니커즈,SX,174168000,170605250,155095693,155095693,28502550,126593143
M,5.0,제휴몰,Shoes,슬리퍼,LP,1121000,1121000,1019084,1019084,200434,818650
M,5.0,제휴몰,Shoes,신발,SH,141691000,106839890,97127180,97127180,24904153,72223027
M,5.0,제휴몰,과시즌의류,니트가디건,KC,279000,279000,253636,253636,36488,217148
M,5.0,제휴몰,과시즌의류,레깅스,LG,178000,178000,161818,161818,29670,132148
M,5.0,제휴몰,과시즌의류,맨투맨,MT,20505000,10684050,9712816,9712816,658276,9054540
M,5.0,제휴몰,과시즌의류,반팔카라티셔츠,TS,69000,34500,31364,31364,10365,20999
M,5.0,제휴몰,과시즌의류,방풍자켓,WJ,279000,279000,253636,253636,37204,216432
M,5.0,제휴몰,과시즌의류,스커트,SK,0,0,0,0,0,0
M,5.0,제휴몰,과시즌의류,탱크탑,TK,59000,59000,53636,53636,12615,41021
M,5.0,제휴몰,과시즌의류,팬츠,PT,962000,714500,649545,649545,127980,521565
M,5.0,제휴몰,과시즌의류,폴로 티셔츠,PQ,-89000,-89000,-80909,-80909,-15845,-65064
M,5.0,제휴몰,과시즌의류,후드티,HD,734000,615000,559092,559092,77076,482016
M,5.0,제휴몰,당시즌의류,니트가디건,KC,816000,816000,741818,741818,145198,596620
M,5.0,제휴몰,당시즌의류,니트풀오버,KP,338000,338000,307272,307272,54824,252448
M,5.0,제휴몰,당시즌의류,다운베스트,DV,6888000,6888000,6261820,6261820,1317941,4943879
M,5.0,제휴몰,당시즌의류,다운점퍼,DJ,377323000,377322960,343020673,343020673,67133939,275886734
M,5.0,제휴몰,당시즌의류,맨투맨,MT,19346000,19346000,17587283,17587283,3492311,14094972
M,5.0,제휴몰,당시즌의류,반팔카라티셔츠,TS,1789000,1789000,1626367,1626367,307886,1318481
M,5.0,제휴몰,당시즌의류,스커트,SK,536000,536000,487274,487274,107916,379358
M,5.0,제휴몰,당시즌의류,우븐셔츠,WS,507000,507000,460908,460908,85579,375329
M,5.0,제휴몰,당시즌의류,우븐팬츠,WP,15619000,15619000,14199122,14199122,2859737,11339385
M,5.0,제휴몰,당시즌의류,원피스,OP,645000,645000,586365,586365,128493,457872
M,5.0,제휴몰,당시즌의류,점퍼,JP,2173000,2173000,1975454,1975454,402758,1572696
M,5.0,제휴몰,당시즌의류,진바지,DP,537000,537000,488181,488181,96075,392106
M,5.0,제휴몰,당시즌의류,진스커트,DS,457000,457000,415455,415455,75001,340454
M,5.0,제휴몰,당시즌의류,진자켓,DK,269000,269000,244545,244545,49362,195183
M,5.0,제휴몰,당시즌의류,트레이닝(상의),TR,11297000,11297000,10270012,10270012,2082886,8187126
M,5.0,제휴몰,당시즌의류,패딩,PD,42785000,42785000,38895435,38895435,8795097,30100338
M,5.0,제휴몰,당시즌의류,팬츠,PT,28654000,28654000,26049123,26049123,4942354,21106769
M,5.0,제휴몰,당시즌의류,폴라폴리스점퍼,FD,4479000,4479000,4071816,4071816,777041,3294775
M,5.0,제휴몰,당시즌의류,후드티,HD,20534000,20534000,18667301,18667301,3888283,14779018
M,5.0,제휴몰,차시즌의류,니트가디건,KC,219000,219000,199091,199091,35736,163355
M,5.0,제휴몰,차시즌의류,맨투맨,MT,19153000,19153000,17411806,17411806,3190316,14221490
M,5.0,제휴몰,차시즌의류,반팔카라티셔츠,TS,6809000,6809000,6189977,6189977,1146784,5043193
M,5.0,제휴몰,차시즌의류,방풍자켓,WJ,1682000,1682000,1529091,1529091,299414,1229677
M,5.0,제휴몰,차시즌의류,스커트,SK,396000,396000,360000,360000,65265,294735
M,5.0,제휴몰,차시즌의류,우븐셔츠,WS,845000,845000,768180,768180,168980,599200
M,5.0,제휴몰,차시즌의류,우븐팬츠,WP,864000,864000,785457,785457,145344,640113
M,5.0,제휴몰,차시즌의류,점퍼,JP,5074000,5074000,4612725,4612725,883088,3729637
M,5.0,제휴몰,차시즌의류,트레이닝(상의),TR,5241000,5241000,4764548,4764548,900443,3864105
M,5.0,제휴몰,차시즌의류,팬츠,PT,4093000,4093000,3720913,3720913,690578,3030335
M,5.0,제휴몰,차시즌의류,후드티,HD,8513000,8513000,7739099,7739099,1588046,6151053
M,6.0,RF,Acc_etc,기타,ET,673800,655590,595991,384613,128485,256128
M,6.0,RF,Acc_etc,머플러(스카프),MF,3264000,2781060,2528228,1554235,393430,1160805
M,6.0,RF,Acc_etc,양말,SO,787400,738590,671470,433696,133935,299761
M,6.0,RF,Acc_etc,장갑,GL,273000,273000,248185,163800,49101,114699
M,6.0,RF,Acc_etc,파우치,PO,1677000,1599290,1453894,921211,295729,625482
M,6.0,RF,Bag,백팩,BK,576000,576000,523635,342081,90828,251253
M,6.0,RF,Bag,버킷백,BM,3423000,3213980,2921808,1882180,525024,1357156
M,6.0,RF,Bag,쇼퍼백,OR,9424000,8537710,7761548,4853835,1449302,3404533
M,6.0,RF,Bag,숄더백,BQ,9043000,8223980,7476354,4744546,1444917,3299629
M,6.0,RF,Bag,크로스백,CR,3876000,3626380,3296704,2108685,672907,1435778
M,6.0,RF,Bag,힙색,HS,851000,771800,701636,441862,127889,313973
M,6.0,RF,Headwear,방한모,WM,7611000,6521250,5928421,3740126,1116091,2624035
M,6.0,RF,Headwear,비니,BN,36771000,33630110,30572783,19546642,5267870,14278772
M,6.0,RF,Headwear,운동모,CP,181763000,164463330,149511908,92725558,29487681,63237877
M,6.0,RF,Headwear,햇,HT,7439000,6628430,6025832,3862214,953975,2908239
M,6.0,RF,Shoes,런닝화,RN,13828000,12474450,11340410,7315850,2677813,4638037
M,6.0,RF,Shoes,방한화,WB,7137000,6402700,5820649,3695679,1234372,2461307
M,6.0,RF,Shoes,샌들,SD,119000,119000,108182,64909,23021,41888
M,6.0,RF,Shoes,스니커즈,SX,153942000,133368960,121244484,76453349,25817661,50635688
M,6.0,RF,Shoes,슬리퍼,LP,118000,118000,107272,70800,21098,49702
M,6.0,RF,Shoes,신발,SH,64138000,54347670,49406950,31708798,12501857,19206941
M,6.0,RF,과시즌의류,레깅스,LG,89000,89000,80909,53400,11850,41550
M,6.0,RF,과시즌의류,점퍼,JP,279000,223200,202909,133920,37429,96491
M,6.0,RF,당시즌의류,니트가디건,KC,637000,637000,579091,382200,108056,274144
M,6.0,RF,당시즌의류,니트풀오버,KP,328000,269790,245255,145517,69612,75905
M,6.0,RF,당시즌의류,다운베스트,DV,3027000,2908400,2644007,1720683,576888,1143795
M,6.0,RF,당시즌의류,다운점퍼,DJ,89196000,82024540,74567726,47743543,15909094,31834449
M,6.0,RF,당시즌의류,맨투맨,MT,3795000,3352390,3047619,1924672,653930,1270742
M,6.0,RF,당시즌의류,반팔카라티셔츠,TS,999000,950470,864063,546145,180498,365647
M,6.0,RF,당시즌의류,우븐팬츠,WP,1728000,1649830,1499853,966871,327963,638908
M,6.0,RF,당시즌의류,원피스,OP,258000,258000,234546,154800,51397,103403
M,6.0,RF,당시즌의류,점퍼,JP,1415000,1251120,1137378,708728,276738,431990
M,6.0,RF,당시즌의류,진바지,DP,358000,322200,292909,175745,65680,110065
M,6.0,RF,당시즌의류,트레이닝(상의),TR,1242000,1087000,988180,624446,241723,382723
M,6.0,RF,당시즌의류,패딩,PD,796000,756200,687454,434182,163628,270554
M,6.0,RF,당시즌의류,팬츠,PT,6237000,5925440,5386779,3427733,1086665,2341068
M,6.0,RF,당시즌의류,폴라폴리스점퍼,FD,1434000,1262800,1148000,731181,274523,456658
M,6.0,RF,당시즌의류,후드티,HD,3006000,2647560,2406890,1498088,570617,927471
M,6.0,RF,차시즌의류,니트가디건,KC,5585000,4689000,4262725,2670851,1187600,1483251
M,6.0,RF,차시즌의류,니트풀오버,KP,676000,676000,614544,405600,98428,307172
M,6.0,RF,차시즌의류,맨투맨,MT,9451000,8702330,7911219,5044802,1515659,3529143
M,6.0,RF,차시즌의류,반팔카라티셔츠,TS,12760000,11532720,10484266,6504376,2229617,4274759
M,6.0,RF,차시즌의류,방풍자켓,WJ,3913000,3779600,3435998,2208524,722904,1485620
M,6.0,RF,차시즌의류,우븐셔츠,WS,1014000,912600,829633,521133,202776,318357
M,6.0,RF,차시즌의류,우븐팬츠,WP,546000,518200,471090,300791,93312,207479
M,6.0,RF,차시즌의류,점퍼,JP,12590000,11753700,10685179,6758364,2223655,4534709
M,6.0,RF,차시즌의류,진바지,DP,1034000,1034000,940000,601964,173453,428511
M,6.0,RF,차시즌의류,트레이닝(상의),TR,3554000,3190220,2900207,1860574,588658,1271916
M,6.0,RF,차시즌의류,팬츠,PT,4915000,4682250,4256590,2740234,814639,1925595
M,6.0,RF,차시즌의류,후드티,HD,5725000,5473900,4976277,3170762,1068874,2101888
M,6.0,대리점,Acc_etc,기타,ET,3625300,3489080,3171896,2042628,685715,1356913
M,6.0,대리점,Acc_etc,머플러(스카프),MF,4692000,4437070,4033700,2601637,676155,1925482
M,6.0,대리점,Acc_etc,양말,SO,8796300,8366470,7605514,4885345,1456149,3429196
M,6.0,대리점,Acc_etc,장갑,GL,507000,490520,445928,283646,91184,192462
M,6.0,대리점,Acc_etc,캐리어(하드케이스),HH,538000,511000,464545,301954,168820,133134
M,6.0,대리점,Acc_etc,파우치,PO,4530000,4353870,3958036,2539495,806534,1732961
M,6.0,대리점,Bag,가방,BG,2786000,1711410,1555823,1122541,51209,1071332
M,6.0,대리점,Bag,백팩,BK,6069000,5908850,5371686,3460254,1031951,2428303
M,6.0,대리점,Bag,버킷백,BM,29850000,29287750,26625215,16691037,4454299,12236738
M,6.0,대리점,Bag,쇼퍼백,OR,42333000,40802220,37092903,23543299,6524313,17018986
M,6.0,대리점,Bag,숄더백,BQ,43095000,41812660,38011526,23745470,6788894,16956576
M,6.0,대리점,Bag,크로스백,CR,28061000,27118200,24652897,15829235,4903885,10925350
M,6.0,대리점,Bag,힙색,HS,2920000,2695540,2450495,1583403,447449,1135954
M,6.0,대리점,Headwear,방한모,WM,17572000,16944170,15403804,9875807,2510903,7364904
M,6.0,대리점,Headwear,비니,BN,187681000,179593910,163267173,103000300,26989692,76010608
M,6.0,대리점,Headwear,운동모,CP,1105276000,1071363820,973965834,613857582,185588532,428269050
M,6.0,대리점,Headwear,햇,HT,17550000,16936690,15397015,9852395,2248224,7604171
M,6.0,대리점,Shoes,런닝화,RN,108432000,104530810,95027997,61166327,22183992,38982335
M,6.0,대리점,Shoes,뮬,MU,0,-13010,-11819,-7623,0,-7623
M,6.0,대리점,Shoes,방한화,WB,70601000,66422870,60384248,38884178,12486726,26397452
M,6.0,대리점,Shoes,샌들,SD,228000,228000,207273,135809,47751,88058
M,6.0,대리점,Shoes,스니커즈,SX,1374263000,1295240060,1177491135,745287810,243556912,501730898
M,6.0,대리점,Shoes,슬리퍼,LP,3127000,2909980,2645421,1697002,559318,1137684
M,6.0,대리점,Shoes,신발,SH,849943000,774800370,704364119,447759253,173680866,274078387
M,6.0,대리점,Shoes,아쿠아 슈즈,SQ,118000,112590,102352,67552,21368,46184
M,6.0,대리점,과시즌의류,나시,TO,49000,41280,37520,24388,7948,16440
M,6.0,대리점,과시즌의류,니트가디건,KC,995000,616930,560821,391669,79601,312068
M,6.0,대리점,과시즌의류,니트풀오버,KP,1881000,1675110,1522825,969696,247881,721815
M,6.0,대리점,과시즌의류,다운베스트,DV,-219000,-197100,-179182,-118260,-29142,-89118
M,6.0,대리점,과시즌의류,레깅스,LG,267000,264340,240311,153879,38463,115416
M,6.0,대리점,과시즌의류,맨투맨,MT,1875000,1632990,1484534,963979,238418,725561
M,6.0,대리점,과시즌의류,반바지,SP,-69000,-69000,-62727,-40145,-7206,-32939
M,6.0,대리점,과시즌의류,반팔카라티셔츠,TS,1161000,992380,902171,596495,192788,403707
M,6.0,대리점,과시즌의류,반팔티셔츠,RS,178000,178000,161818,105900,39167,66733
M,6.0,대리점,과시즌의류,방풍자켓,WJ,169000,162070,147339,97244,29225,68019
M,6.0,대리점,과시즌의류,스커트,SK,159000,137400,124906,81189,21249,59940
M,6.0,대리점,과시즌의류,우븐반바지,SM,188000,178000,161818,106082,34971,71111
M,6.0,대리점,과시즌의류,우븐팬츠,WP,288000,255630,232391,151416,59357,92059
M,6.0,대리점,과시즌의류,원피스,OP,89000,80830,73485,48500,14471,34029
M,6.0,대리점,과시즌의류,점퍼,JP,1674000,1518540,1380483,893257,224573,668684
M,6.0,대리점,과시즌의류,진바지,DP,129000,34420,31294,19436,23276,-3840
M,6.0,대리점,과시즌의류,진자켓,DK,239000,200200,182002,120121,36623,83498
M,6.0,대리점,과시즌의류,탱크탑,TK,69000,69000,62728,40773,13699,27074
M,6.0,대리점,과시즌의류,트레이닝(상의),TR,407000,383810,348923,234303,55651,178652
M,6.0,대리점,과시즌의류,팬츠,PT,258000,230200,209273,135016,39177,95839
M,6.0,대리점,과시즌의류,후드티,HD,2420000,2113910,1921732,1239972,311937,928035
M,6.0,대리점,당시즌의류,니트가디건,KC,2180000,1897770,1725245,1145143,285948,859195
M,6.0,대리점,당시즌의류,니트풀오버,KP,12932000,11966940,10879039,6988700,2384497,4604203
M,6.0,대리점,당시즌의류,다운베스트,DV,31897000,28905530,26277683,16866407,6101733,10764674
M,6.0,대리점,당시즌의류,다운점퍼,DJ,613194000,549612130,499647197,321131502,110041839,211089663
M,6.0,대리점,당시즌의류,데님셔츠,DR,378000,326170,296512,194258,72822,121436
M,6.0,대리점,당시즌의류,맨투맨,MT,39686000,36399970,33090746,21331444,7007988,14323456
M,6.0,대리점,당시즌의류,반팔카라티셔츠,TS,26064000,25818780,23471821,15407912,4960474,10447438
M,6.0,대리점,당시즌의류,방풍자켓,WJ,-189000,-189000,-171818,-113400,-36844,-76556
M,6.0,대리점,당시즌의류,스커트,SK,109000,78190,71090,40276,19455,20821
M,6.0,대리점,당시즌의류,우븐셔츠,WS,676000,640080,581894,370766,97918,272848
M,6.0,대리점,당시즌의류,우븐팬츠,WP,22209000,20688060,18807280,12087336,4246555,7840781
M,6.0,대리점,당시즌의류,원피스,OP,1419000,1242690,1129722,732522,282679,449843
M,6.0,대리점,당시즌의류,점퍼,JP,8172000,7417780,6743434,4340131,1558398,2781733
M,6.0,대리점,당시즌의류,진바지,DP,5996000,5591630,5083315,3284494,1078112,2206382
M,6.0,대리점,당시즌의류,진스커트,DS,1530000,1461990,1329080,857589,251951,605638
M,6.0,대리점,당시즌의류,진자켓,DK,508000,466640,424217,275274,79818,195456
M,6.0,대리점,당시즌의류,트레이닝(상의),TR,17160000,16268450,14789509,9445983,3184697,6261286
M,6.0,대리점,당시즌의류,패딩,PD,18308000,16482760,14984320,9733273,3763465,5969808
M,6.0,대리점,당시즌의류,팬츠,PT,111342000,105026330,95478443,61427041,19301278,42125763
M,6.0,대리점,당시즌의류,폴라폴리스점퍼,FD,9439000,8615260,7832064,5023936,1688447,3335489
M,6.0,대리점,당시즌의류,후드티,HD,42457000,40300340,36636672,23562113,7862296,15699817
M,6.0,대리점,차시즌의류,니트가디건,KC,4261000,4099360,3726690,2363509,918396,1445113
M,6.0,대리점,차시즌의류,니트풀오버,KP,2028000,1956540,1778672,1140309,295284,845025
M,6.0,대리점,차시즌의류,데님셔츠,DR,806000,806000,732727,448054,134019,314035
M,6.0,대리점,차시즌의류,맨투맨,MT,92624000,89475740,81341565,52259237,14884407,37374830
M,6.0,대리점,차시즌의류,반팔카라티셔츠,TS,71619000,70619380,64199564,40594539,12114774,28479765
M,6.0,대리점,차시즌의류,방풍자켓,WJ,32477000,31268240,28425652,17913392,5888728,12024664
M,6.0,대리점,차시즌의류,스커트,SK,1683000,1659320,1508462,968995,277374,691621
M,6.0,대리점,차시즌의류,우븐셔츠,WS,2028000,1962070,1783699,1138781,405552,733229
M,6.0,대리점,차시즌의류,우븐팬츠,WP,11060000,10626400,9660353,6208225,1896145,4312080
M,6.0,대리점,차시즌의류,점퍼,JP,44486000,42904690,39004244,24985319,8050826,16934493
M,6.0,대리점,차시즌의류,진바지,DP,3281000,3156860,2869889,1819265,538747,1280518
M,6.0,대리점,차시즌의류,진스커트,DS,318000,302150,274683,174640,49684,124956
M,6.0,대리점,차시즌의류,진자켓,DK,717000,717000,651816,423681,109903,313778
M,6.0,대리점,차시즌의류,트레이닝(상의),TR,21018000,20224280,18385696,11782686,3658570,8124116
M,6.0,대리점,차시즌의류,팬츠,PT,58599000,56356850,51233519,32872604,9917516,22955088
M,6.0,대리점,차시즌의류,후드티,HD,30170000,29404400,26731238,17163452,5615779,11547673
M,8.0,사입,Acc_etc,기타,ET,0,20,20,20,0,20
M,8.0,사입,Acc_etc,머플러(스카프),MF,0,30,27,27,0,27
M,8.0,사입,Acc_etc,양말,SO,83068000,20765470,18877770,18877770,12483192,6394578
M,8.0,사입,Acc_etc,캐리어(하드케이스),HH,26047000,6511720,5919743,5919743,7608968,-1689225
M,8.0,사입,Acc_etc,토시,ML,3418000,375980,341800,341800,51508,290292
M,8.0,사입,Acc_etc,파우치,PO,1308000,143880,130800,130800,244745,-113945
M,8.0,사입,Bag,백팩,BK,51844000,11846500,10769552,10769552,8325130,2444422
M,8.0,사입,Bag,버킷백,BM,91068000,17602610,16002385,16002385,13719166,2283219
M,8.0,사입,Bag,보스톤백,BW,24702000,2717230,2470212,2470212,4230466,-1760254
M,8.0,사입,Bag,쇼퍼백,OR,70588000,7764720,7058840,7058840,4136479,2922361
M,8.0,사입,Bag,숄더백,BQ,811656000,191709720,174281552,174281552,132329852,41951700
M,8.0,사입,Bag,크로스백,CR,144006000,29413940,26739917,26739917,22081374,4658543
M,8.0,사입,Bag,힙색,HS,184140000,46035030,41850029,41850029,30403910,11446119
M,8.0,사입,Headwear,운동모,CP,540003000,143498760,130453396,130453396,78200602,52252794
M,8.0,사입,Headwear,햇,HT,310381000,84220120,76563778,76563778,44243809,32319969
M,8.0,사입,Shoes,런닝화,RN,0,20,21,21,0,21
M,8.0,사입,Shoes,방한화,WB,0,0,0,0,0,0
M,8.0,사입,Shoes,샌들,SD,0,0,1,1,0,1
M,8.0,사입,Shoes,스니커즈,SX,0,0,7,7,0,7
M,8.0,사입,Shoes,슬리퍼,LP,0,0,5,5,0,5
M,8.0,사입,Shoes,신발,SH,0,190,168,168,1,167
M,8.0,사입,Shoes,캔버스화,CV,0,0,10,10,0,10
M,8.0,사입,과시즌의류,니트가디건,KC,-14940000,-4849370,-4408523,-4408523,-2194752,-2213771
M,8.0,사입,과시즌의류,니트풀오버,KP,-95365000,-25857600,-23506889,-23506889,-4281408,-19225481
M,8.0,사입,과시즌의류,다운베스트,DV,-41683000,-10420690,-9473336,-9473336,-5552197,-3921139
M,8.0,사입,과시즌의류,다운점퍼,DJ,-208762000,-52190400,-47445804,-47445804,-22742657,-24703147
M,8.0,사입,과시즌의류,데님셔츠,DR,-12619000,-3154740,-2867937,-2867937,-1295303,-1572634
M,8.0,사입,과시즌의류,데님원피스,DD,-139831000,-34957630,-31779652,-31779652,-9151574,-22628078
M,8.0,사입,과시즌의류,레깅스,LG,-104046000,-27756960,-25233523,-25233523,-4017755,-21215768
M,8.0,사입,과시즌의류,맨투맨,MT,1160456000,311397070,283088203,283088203,211746849,71341354
M,8.0,사입,과시즌의류,반팔카라티셔츠,TS,172214000,50143130,45584645,45584645,36086436,9498209
M,8.0,사입,과시즌의류,방풍자켓,WJ,1144083000,322586170,293260117,293260117,226206216,67053901
M,8.0,사입,과시즌의류,스커트,SK,-95120000,-23779980,-21618100,-21618100,-10152084,-11466016
M,8.0,사입,과시즌의류,우븐셔츠,WS,1431000,157410,143100,143100,149435,-6335
M,8.0,사입,과시즌의류,우븐팬츠,WP,69893000,18305020,16641028,16641028,28651344,-12010316
M,8.0,사입,과시즌의류,원피스,OP,-511290000,-129121410,-117383139,-117383139,-39537355,-77845784
M,8.0,사입,과시즌의류,점퍼,JP,141689000,57036150,51851291,51851291,165261975,-113410684
M,8.0,사입,과시즌의류,진바지,DP,-125466000,-31508370,-28643919,-28643919,-10529575,-18114344
M,8.0,사입,과시즌의류,진스커트,DS,-34319000,-8579660,-7799707,-7799707,-2567897,-5231810
M,8.0,사입,과시즌의류,진자켓,DK,-7801000,-1950240,-1772944,-1772944,-1032934,-740010
M,8.0,사입,과시즌의류,탱크탑,TK,-116209000,-29052630,-26411475,-26411475,-5259219,-21152256
M,8.0,사입,과시즌의류,트레이닝(상의),TR,194670000,57171390,51974073,51974073,49882826,2091247
M,8.0,사입,과시즌의류,패딩,PD,-6351000,-1587740,-1443406,-1443406,-847652,-595754
M,8.0,사입,과시즌의류,팬츠,PT,293211000,94884300,86258484,86258484,131172175,-44913691
M,8.0,사입,과시즌의류,폴라폴리스점퍼,FD,-99518000,-24879540,-22617768,-22617768,-4729443,-17888325
M,8.0,사입,과시즌의류,폴로 티셔츠,PQ,18094000,1990340,1809400,1809400,1892684,-83284
M,8.0,사입,과시즌의류,후드티,HD,667799000,164325300,149386685,149386685,171700358,-22313673
M,11.0,직영몰,Acc_etc,기타,ET,544800,355560,323228,323228,101829,221399
M,11.0,직영몰,Acc_etc,머플러(스카프),MF,504000,497430,452209,452209,68557,383652
M,11.0,직영몰,Acc_etc,선글라스,GA,298000,283240,257491,257491,53202,204289
M,11.0,직영몰,Acc_etc,양말,SO,1479600,1365050,1240949,1240949,250598,990351
M,11.0,직영몰,Acc_etc,장갑,GL,351000,347500,315913,315913,63130,252783
M,11.0,직영몰,Acc_etc,파우치,PO,914000,877090,797360,797360,164933,632427
M,11.0,직영몰,Bag,백팩,BK,268000,258000,234546,234546,43726,190820
M,11.0,직영몰,Bag,버킷백,BM,625000,552000,501819,501819,99509,402310
M,11.0,직영몰,Bag,쇼퍼백,OR,1142000,1125040,1022767,1022767,183334,839433
M,11.0,직영몰,Bag,숄더백,BQ,4301000,3992930,3629942,3629942,665928,2964014
M,11.0,직영몰,Bag,크로스백,CR,2654000,2529880,2299888,2299888,478881,1821007
M,11.0,직영몰,Bag,힙색,HS,79000,79000,71818,71818,11841,59977
M,11.0,직영몰,Headwear,방한모,WM,3287000,3237500,2943173,2943173,481345,2461828
M,11.0,직영몰,Headwear,비니,BN,77447000,76272190,69338366,69338366,11470264,57868102
M,11.0,직영몰,Headwear,운동모,CP,108374000,107046780,97315048,97315048,17160747,80154301
M,11.0,직영몰,Headwear,햇,HT,4379000,4278700,3889718,3889718,563405,3326313
M,11.0,직영몰,Shoes,런닝화,RN,10229000,9960200,9054732,9054732,2052076,7002656
M,11.0,직영몰,Shoes,방한화,WB,11043000,10671390,9701271,9701271,1932336,7768935
M,11.0,직영몰,Shoes,스니커즈,SX,35928000,34431430,31301287,31301287,5971498,25329789
M,11.0,직영몰,Shoes,신발,SH,20428000,19363060,17602791,17602791,3633059,13969732
M,11.0,직영몰,과시즌의류,맨투맨,MT,327000,163500,148636,148636,43418,105218
M,11.0,직영몰,과시즌의류,탱크탑,TK,59000,59000,53636,53636,12615,41021
M,11.0,직영몰,과시즌의류,트레이닝(상의),TR,129000,64500,58636,58636,17055,41581
M,11.0,직영몰,과시즌의류,후드티,HD,238000,190400,173090,173090,31784,141306
M,11.0,직영몰,당시즌의류,니트가디건,KC,1145000,1094170,994701,994701,179957,814744
M,11.0,직영몰,당시즌의류,니트풀오버,KP,1293000,1231250,1119317,1119317,238252,881065
M,11.0,직영몰,당시즌의류,다운베스트,DV,4778000,4484190,4076536,4076536,907936,3168600
M,11.0,직영몰,당시즌의류,다운점퍼,DJ,99568000,90778690,82526084,82526084,17687999,64838085
M,11.0,직영몰,당시즌의류,데님셔츠,DR,567000,567000,515454,515454,100935,414519
M,11.0,직영몰,당시즌의류,맨투맨,MT,7976000,7607490,6915902,6915902,1415760,5500142
M,11.0,직영몰,당시즌의류,반팔카라티셔츠,TS,766000,751020,682746,682746,132928,549818
M,11.0,직영몰,당시즌의류,방풍자켓,WJ,189000,157500,143182,143182,36844,106338
M,11.0,직영몰,당시즌의류,우븐팬츠,WP,6058000,5741880,5219897,5219897,1187067,4032830
M,11.0,직영몰,당시즌의류,점퍼,JP,1893000,1743370,1584882,1584882,368403,1216479
M,11.0,직영몰,당시즌의류,진바지,DP,716000,712540,647763,647763,129059,518704
M,11.0,직영몰,당시즌의류,진스커트,DS,288000,267000,242728,242728,48085,194643
M,11.0,직영몰,당시즌의류,트레이닝(상의),TR,1956000,1822300,1656636,1656636,370313,1286323
M,11.0,직영몰,당시즌의류,패딩,PD,2786000,2587000,2351816,2351816,572700,1779116
M,11.0,직영몰,당시즌의류,팬츠,PT,14362000,13669810,12427116,12427116,2484504,9942612
M,11.0,직영몰,당시즌의류,폴라폴리스점퍼,FD,2210000,2127690,1934263,1934263,396276,1537987
M,11.0,직영몰,당시즌의류,후드티,HD,7122000,6814250,6194780,6194780,1334811,4859969
M,11.0,직영몰,차시즌의류,니트가디건,KC,2021000,2004090,1821902,1821902,416158,1405744
M,11.0,직영몰,차시즌의류,맨투맨,MT,9376000,9175600,8341455,8341455,1578235,6763220
M,11.0,직영몰,차시즌의류,반팔카라티셔츠,TS,5622000,5463990,4967242,4967242,952936,4014306
M,11.0,직영몰,차시즌의류,방풍자켓,WJ,1972000,1920510,1745918,1745918,410825,1335093
M,11.0,직영몰,차시즌의류,스커트,SK,99000,99000,90000,90000,16316,73684
M,11.0,직영몰,차시즌의류,우븐셔츠,WS,169000,169000,153636,153636,33796,119840
M,11.0,직영몰,차시즌의류,우븐팬츠,WP,1251000,1233490,1121357,1121357,213559,907798
M,11.0,직영몰,차시즌의류,점퍼,JP,6129000,6048520,5498652,5498652,1070283,4428369
M,11.0,직영몰,차시즌의류,진바지,DP,736000,726000,659999,659999,124984,535015
M,11.0,직영몰,차시즌의류,트레이닝(상의),TR,3474000,3367960,3061788,3061788,603268,2458520
M,11.0,직영몰,차시즌의류,팬츠,PT,5836000,5746810,5224370,5224370,990433,4233937
M,11.0,직영몰,차시즌의류,후드티,HD,6349000,6275690,5705183,5705183,1177155,4528028
M,99.0,기타,Acc_etc,기타,ET,58000,29000,26364,26364,10136,16228
M,99.0,기타,Acc_etc,머플러(스카프),MF,297000,148500,135000,135000,30919,104081
M,99.0,기타,Acc_etc,양말,SO,262800,142760,129776,129776,40884,88892
M,99.0,기타,Bag,보스톤백,BW,159000,101760,92509,92509,24914,67595
M,99.0,기타,Bag,쇼퍼백,OR,179000,89500,81364,81364,27241,54123
M,99.0,기타,Bag,숄더백,BQ,198000,99000,90000,90000,30826,59174
M,99.0,기타,Bag,크로스백,CR,188000,94000,85454,85454,34277,51177
M,99.0,기타,Headwear,방한모,WM,227000,113500,103182,103182,33780,69402
M,99.0,기타,Headwear,비니,BN,341000,189320,172105,172105,49653,122452
M,99.0,기타,Headwear,선캡,SC,43000,21500,19545,19545,6272,13273
M,99.0,기타,Headwear,운동모,CP,5006000,2696170,2451064,2451064,811028,1640036
M,99.0,기타,Headwear,햇,HT,122000,61000,55454,55454,17131,38323
M,99.0,기타,Shoes,런닝화,RN,556000,296070,269154,269154,109398,159756
M,99.0,기타,Shoes,방한화,WB,545000,272500,247726,247726,105815,141911
M,99.0,기타,Shoes,스니커즈,SX,1251000,777960,707236,707236,216757,490479
M,99.0,기타,Shoes,슬리퍼,LP,79000,39500,35909,35909,1174,34735
M,99.0,기타,Shoes,신발,SH,1207000,669810,608928,608928,187584,421344
M,99.0,기타,Shoes,아쿠아 슈즈,SQ,59000,29500,26818,26818,10684,16134
M,99.0,기타,과시즌의류,데님셔츠,DR,199000,99500,90455,90455,34205,56250
M,99.0,기타,과시즌의류,레깅스,LG,-69000,-44160,-40145,-40145,-10354,-29791
M,99.0,기타,과시즌의류,반바지,SP,227000,144890,131713,131713,41274,90439
M,99.0,기타,과시즌의류,반팔카라티셔츠,TS,325000,211340,192126,192126,55335,136791
M,99.0,기타,과시즌의류,우븐반바지,SM,69000,44160,40145,40145,13230,26915
M,99.0,기타,과시즌의류,우븐팬츠,WP,139000,69500,63182,63182,23150,40032
M,99.0,기타,과시즌의류,트레이닝(상의),TR,169000,31080,28250,28250,2562,25688
M,99.0,기타,과시즌의류,폴로 티셔츠,PQ,89000,57400,52186,52186,12793,39393
M,99.0,기타,과시즌의류,후드티,HD,139000,126360,114877,114877,18563,96314
M,99.0,기타,당시즌의류,니트가디건,KC,438000,296320,269381,269381,70385,198996
M,99.0,기타,당시즌의류,다운베스트,DV,199000,180890,164449,164449,37388,127061
M,99.0,기타,당시즌의류,다운점퍼,DJ,1475000,859820,781654,781654,255330,526324
M,99.0,기타,당시즌의류,데님셔츠,DR,189000,94500,85909,85909,36411,49498
M,99.0,기타,당시즌의류,맨투맨,MT,634000,357500,325001,325001,112660,212341
M,99.0,기타,당시즌의류,반팔카라티셔츠,TS,294000,175230,159296,159296,55614,103682
M,99.0,기타,당시즌의류,방풍자켓,WJ,378000,266330,242122,242122,76691,165431
M,99.0,기타,당시즌의류,우븐팬츠,WP,268000,182680,166075,166075,49836,116239
M,99.0,기타,당시즌의류,점퍼,JP,279000,139500,126818,126818,53108,73710
M,99.0,기타,당시즌의류,진바지,DP,179000,89500,81363,81363,33655,47708
M,99.0,기타,당시즌의류,트레이닝(상의),TR,258000,129000,117272,117272,47380,69892
M,99.0,기타,당시즌의류,패딩,PD,0,0,0,0,0,0
M,99.0,기타,당시즌의류,팬츠,PT,704000,352000,319999,319999,123781,196218
M,99.0,기타,차시즌의류,니트가디건,KC,229000,114500,104090,104090,67438,36652
M,99.0,기타,차시즌의류,반팔카라티셔츠,TS,581000,290500,264089,264089,97918,166171
M,99.0,기타,차시즌의류,방풍자켓,WJ,0,0,0,0,0,0
M,99.0,기타,차시즌의류,우븐셔츠,WS,169000,84500,76818,76818,33796,43022
M,99.0,기타,차시즌의류,팬츠,PT,99000,49500,45000,45000,16612,28388
M,99.0,기타,차시즌의류,후드티,HD,278000,139000,126363,126363,51551,74812
ST,1.0,백화점,Acc_etc,헤드밴드,HB,49000,49000,44545,29400,11440,17960
ST,1.0,백화점,Headwear,비니,BN,138000,138000,125454,82800,32000,50800
ST,1.0,백화점,Headwear,선캡,SC,59000,53100,48272,32825,11860,20965
ST,1.0,백화점,Headwear,운동모,CP,344000,332200,301997,201250,59860,141390
ST,1.0,백화점,Shoes,신발,SH,129000,129000,117273,77400,29050,48350
ST,1.0,백화점,과시즌의류,다운점퍼,DJ,1955000,1248800,1135271,758672,264633,494039
ST,1.0,백화점,과시즌의류,방풍자켓,WJ,199000,179100,162818,110716,29670,81046
ST,1.0,백화점,과시즌의류,원피스,OP,199000,99500,90454,61509,23519,37990
ST,1.0,백화점,과시즌의류,트레이닝(상의),TR,616000,584200,531091,353229,91841,261388
ST,1.0,백화점,과시즌의류,패딩,PD,239000,143400,130364,86040,35633,50407
ST,1.0,백화점,과시즌의류,팬츠,PT,1419000,1207500,1097727,733846,206646,527200
ST,1.0,백화점,당시즌의류,니트가디건,KC,199000,179100,162818,110716,52890,57826
ST,1.0,백화점,당시즌의류,니트베스트,KV,139000,125100,113727,77334,31460,45874
ST,1.0,백화점,당시즌의류,다운점퍼,DJ,2991000,2691900,2447180,1620033,1025810,594223
ST,1.0,백화점,당시즌의류,맨투맨,MT,1092000,982800,893454,598777,255770,343007
ST,1.0,백화점,당시즌의류,방풍자켓,WJ,488000,439200,399272,267594,159820,107774
ST,1.0,백화점,당시즌의류,윈드티셔츠,WT,318000,286200,260182,174322,111140,63182
ST,1.0,백화점,당시즌의류,팬츠,PT,99000,89100,81000,53460,22860,30600
ST,1.0,백화점,당시즌의류,폴로 티셔츠,PQ,139000,139000,126363,85927,28790,57137
ST,1.0,백화점,차시즌의류,트레이닝(상의),TR,0,0,0,0,0,0
ST,1.0,백화점,차시즌의류,팬츠,PT,218000,207100,188273,126044,61160,64884
ST,2.0,면세점,Acc_etc,머플러,AM,99000,99000,90000,51300,22000,29300
ST,2.0,면세점,Acc_etc,볼,RK,357000,214200,194727,110994,248970,-137976
ST,2.0,면세점,Acc_etc,양말,SO,801400,744710,677043,385911,133185,252726
ST,2.0,면세점,Acc_etc,헤드밴드,HB,58000,58000,52726,30054,12560,17494
ST,2.0,면세점,Bag,라켓백,RB,856000,794300,722091,411591,242450,169141
ST,2.0,면세점,Bag,백팩,BK,786000,588000,534546,304691,220930,83761
ST,2.0,면세점,Bag,보스톤백,BW,1910000,1892100,1720087,980447,485020,495427
ST,2.0,면세점,Bag,토드백,TG,398000,298500,271364,154677,101350,53327
ST,2.0,면세점,Headwear,선캡,SC,1586000,1526800,1388004,791160,294220,496940
ST,2.0,면세점,Headwear,운동모,CP,452000,420600,382365,217947,77270,140677
ST,2.0,면세점,Shoes,신발,SH,1892000,925800,841639,479733,240810,238923
ST,2.0,면세점,과시즌의류,긴팔티셔츠,RL,505000,344580,313271,178564,96887,81677
ST,2.0,면세점,과시즌의류,니트반팔티셔츠,KU,398000,230810,209819,119597,71456,48141
ST,2.0,면세점,과시즌의류,니트풀오버,KP,916000,549600,499634,284792,136568,148224
ST,2.0,면세점,과시즌의류,다운베스트,DV,528000,263000,239090,136281,60625,75656
ST,2.0,면세점,과시즌의류,다운점퍼,DJ,1407000,562800,511638,291633,115119,176514
ST,2.0,면세점,과시즌의류,레깅스,LG,267000,249200,226545,129130,39808,89322
ST,2.0,면세점,과시즌의류,맨투맨,MT,964000,638000,580000,330600,143724,186876
ST,2.0,면세점,과시즌의류,반바지,SP,614000,492200,447455,255049,163560,91489
ST,2.0,면세점,과시즌의류,반팔티셔츠,RS,2635000,2060390,1873091,1067656,557159,510497
ST,2.0,면세점,과시즌의류,방풍자켓,WJ,2299000,1582310,1438452,819918,482026,337892
ST,2.0,면세점,과시즌의류,브라,BR,178000,106790,97091,55342,35209,20133
ST,2.0,면세점,과시즌의류,스커트,SK,6227000,4595190,4177439,2381143,1369595,1011548
ST,2.0,면세점,과시즌의류,슬리브리스,SL,158000,128300,116637,66483,46550,19933
ST,2.0,면세점,과시즌의류,원피스,OP,199000,119400,108546,61871,29670,32201
ST,2.0,면세점,과시즌의류,트레이닝(상의),TR,984000,693790,630726,359513,141174,218339
ST,2.0,면세점,과시즌의류,팬츠,PT,1380000,1178390,1071268,610623,218628,391995
ST,2.0,면세점,과시즌의류,폴로 티셔츠,PQ,2540000,1732300,1574816,897645,449783,447862
ST,2.0,면세점,당시즌의류,긴팔티셔츠,RL,297000,277200,252000,143640,66290,77350
ST,2.0,면세점,당시즌의류,니트가디건,KC,1154000,1076400,978544,557770,289870,267900
ST,2.0,면세점,당시즌의류,니트풀오버,KP,2267000,2094000,1903632,1085071,604340,480731
ST,2.0,면세점,당시즌의류,다운점퍼,DJ,359000,323100,293727,167424,122540,44884
ST,2.0,면세점,당시즌의류,맨투맨,MT,4976000,4704800,4277084,2437939,1065340,1372599
ST,2.0,면세점,당시즌의류,반바지,SP,753000,741100,673727,384025,262640,121385
ST,2.0,면세점,당시즌의류,방풍자켓,WJ,737000,687200,624726,356093,232410,123683
ST,2.0,면세점,당시즌의류,스커트,SK,5879000,5461890,4965352,2830243,1188990,1641253
ST,2.0,면세점,당시즌의류,트레이닝(상의),TR,1362000,1238700,1126087,641871,310160,331711
ST,2.0,면세점,당시즌의류,팬츠,PT,2995000,2803500,2548638,1452726,735560,717166
ST,2.0,면세점,당시즌의류,폴로 티셔츠,PQ,6095000,5773290,5248443,2991610,1305560,1686050
ST,2.0,면세점,차시즌의류,니트풀오버,KP,358000,340100,309181,176233,95620,80613
ST,2.0,면세점,차시즌의류,반바지,SP,1246000,1246000,1132726,645652,327900,317752
ST,2.0,면세점,차시즌의류,반팔티셔츠,RS,138000,138000,125454,71508,29600,41908
ST,2.0,면세점,차시즌의류,스커트,SK,17931000,17930910,16300827,9291483,3779960,5511523
ST,2.0,면세점,차시즌의류,트레이닝(상의),TR,298000,298000,270908,154418,83300,71118
ST,2.0,면세점,차시즌의류,팬츠,PT,654000,621300,564819,321948,179440,142508
ST,2.0,면세점,차시즌의류,폴로 티셔츠,PQ,7973000,7973010,7248194,4131488,1622600,2508888
ST,3.0,직영점(가두),Acc_etc,머플러,AM,198000,198000,180000,180000,44000,136000
ST,3.0,직영점(가두),Acc_etc,양말,SO,255000,251000,228177,228177,41150,187027
ST,3.0,직영점(가두),Bag,백팩,BK,159000,143100,130090,130090,39690,90400
ST,3.0,직영점(가두),Bag,보스톤백,BW,179000,179000,162727,162727,40500,122227
ST,3.0,직영점(가두),Bag,토드백,TG,69000,69000,62727,62727,19610,43117
ST,3.0,직영점(가두),Headwear,비니,BN,532000,532000,483634,483634,119720,363914
ST,3.0,직영점(가두),Headwear,선캡,SC,158000,148100,134636,134636,26220,108416
ST,3.0,직영점(가두),Headwear,운동모,CP,652000,610700,555178,555178,116760,438418
ST,3.0,직영점(가두),Shoes,신발,SH,328000,235500,214090,214090,78950,135140
ST,3.0,직영점(가두),과시즌의류,니트가디건,KC,1356000,813600,739636,739636,202168,537468
ST,3.0,직영점(가두),과시즌의류,니트풀오버,KP,269000,107600,97818,97818,22010,75808
ST,3.0,직영점(가두),과시즌의류,다운점퍼,DJ,10955000,6542900,5948079,5948079,1380884,4567195
ST,3.0,직영점(가두),과시즌의류,맨투맨,MT,298000,283100,257363,257363,44430,212933
ST,3.0,직영점(가두),과시즌의류,반바지,SP,0,0,0,0,0,0
ST,3.0,직영점(가두),과시즌의류,방풍자켓,WJ,398000,298500,271363,271363,59339,212024
ST,3.0,직영점(가두),과시즌의류,스커트,SK,0,0,0,0,0,0
ST,3.0,직영점(가두),과시즌의류,트레이닝(상의),TR,964000,853700,776088,776088,143725,632363
ST,3.0,직영점(가두),과시즌의류,패딩,PD,4240000,2484300,2258444,2258444,632146,1626298
ST,3.0,직영점(가두),과시즌의류,팬츠,PT,2748000,2537700,2306986,2306986,409703,1897283
ST,3.0,직영점(가두),과시즌의류,폴로 티셔츠,PQ,576000,345600,314181,314181,85877,228304
ST,3.0,직영점(가두),당시즌의류,긴팔티셔츠,RL,693000,603900,549000,549000,161210,387790
ST,3.0,직영점(가두),당시즌의류,니트가디건,KC,2030000,1946400,1769450,1769450,503520,1265930
ST,3.0,직영점(가두),당시즌의류,니트반팔티셔츠,KU,636000,588300,534815,534815,134800,400015
ST,3.0,직영점(가두),당시즌의류,니트베스트,KV,278000,264100,240090,240090,62920,177170
ST,3.0,직영점(가두),당시즌의류,니트풀오버,KP,2963000,2809800,2554357,2554357,776430,1777927
ST,3.0,직영점(가두),당시즌의류,다운점퍼,DJ,4607000,4146300,3769358,3769358,1611240,2158118
ST,3.0,직영점(가두),당시즌의류,맨투맨,MT,4984000,4706000,4278164,4278164,1130650,3147514
ST,3.0,직영점(가두),당시즌의류,반바지,SP,198000,187100,170090,170090,75460,94630
ST,3.0,직영점(가두),당시즌의류,방풍자켓,WJ,747000,698200,634726,634726,245930,388796
ST,3.0,직영점(가두),당시즌의류,스커트,SK,1828000,1752500,1593176,1593176,376780,1216396
ST,3.0,직영점(가두),당시즌의류,윈드티셔츠,WT,159000,159000,144545,144545,55570,88975
ST,3.0,직영점(가두),당시즌의류,트레이닝(상의),TR,1958000,1631900,1483538,1483538,443460,1040078
ST,3.0,직영점(가두),당시즌의류,패딩,PD,498000,448200,407454,407454,185220,222234
ST,3.0,직영점(가두),당시즌의류,팬츠,PT,1956000,1741500,1583176,1583176,468630,1114546
ST,3.0,직영점(가두),당시즌의류,폴로 티셔츠,PQ,834000,819100,744633,744633,188830,555803
ST,3.0,직영점(가두),당시즌의류,후드티,HD,0,0,0,0,0,0
ST,3.0,직영점(가두),차시즌의류,니트베스트,KV,139000,139000,126363,126363,38050,88313
ST,3.0,직영점(가두),차시즌의류,니트풀오버,KP,716000,698100,634635,634635,191240,443395
ST,3.0,직영점(가두),차시즌의류,반바지,SP,89000,89000,80909,80909,23170,57739
ST,3.0,직영점(가두),차시즌의류,반팔티셔츠,RS,69000,69000,62727,62727,15460,47267
ST,3.0,직영점(가두),차시즌의류,스커트,SK,556000,528200,480180,480180,112160,368020
ST,3.0,직영점(가두),차시즌의류,우븐셔츠,WS,159000,143100,130090,130090,44790,85300
ST,3.0,직영점(가두),차시즌의류,점퍼,JP,259000,233100,211909,211909,93880,118029
ST,3.0,직영점(가두),차시즌의류,트레이닝(상의),TR,1292000,1292000,1174542,1174542,343080,831462
ST,3.0,직영점(가두),차시즌의류,팬츠,PT,377000,377000,342725,342725,106740,235985
ST,3.0,직영점(가두),차시즌의류,폴로 티셔츠,PQ,1309000,1285200,1168355,1168355,281200,887155
ST,3.0,직영점(가두),차시즌의류,후드티,HD,1080000,1080000,981810,981810,260550,721260
ST,4.0,자사몰,Acc_etc,머플러,AM,297000,247980,225437,225437,66000,159437
ST,4.0,자사몰,Acc_etc,보호대,PR,50000,42500,38636,38636,6600,32036
ST,4.0,자사몰,Acc_etc,양말,SO,1305600,1088770,989791,989791,236650,753141
ST,4.0,자사몰,Acc_etc,헤드밴드,HB,145000,135080,122800,122800,31400,91400
ST,4.0,자사몰,Bag,라켓백,RB,598000,538200,489272,489272,214820,274452
ST,4.0,자사몰,Bag,백팩,BK,1323000,1222790,1111626,1111626,310240,801386
ST,4.0,자사몰,Bag,보스톤백,BW,856000,673060,611873,611873,200600,411273
ST,4.0,자사몰,Bag,토드백,TG,516000,455030,413663,413663,126970,286693
ST,4.0,자사몰,Headwear,비니,BN,374000,336600,306001,306001,79440,226561
ST,4.0,자사몰,Headwear,선캡,SC,1381000,1165810,1059829,1059829,257650,802179
ST,4.0,자사몰,Headwear,운동모,CP,7301000,6785420,6168558,6168558,1425690,4742868
ST,4.0,자사몰,Shoes,슬리퍼,LP,99000,89100,81000,81000,20000,61000
ST,4.0,자사몰,Shoes,신발,SH,4636000,3050520,2773200,2773200,1176200,1597000
ST,4.0,자사몰,과시즌의류,긴팔티셔츠,RL,307000,213860,194418,194418,45771,148647
ST,4.0,자사몰,과시즌의류,니트가디건,KC,1236000,681940,619945,619945,184277,435668
ST,4.0,자사몰,과시즌의류,다운베스트,DV,-269000,-107600,-97818,-97818,-22010,-75808
ST,4.0,자사몰,과시즌의류,다운점퍼,DJ,638000,706250,642046,642046,185064,456982
ST,4.0,자사몰,과시즌의류,레깅스,LG,178000,126570,115064,115064,26539,88525
ST,4.0,자사몰,과시즌의류,맨투맨,MT,2621000,1639810,1490737,1490737,390768,1099969
ST,4.0,자사몰,과시즌의류,반바지,SP,208000,175200,159273,159273,60600,98673
ST,4.0,자사몰,과시즌의류,반팔티셔츠,RS,207000,158060,143691,143691,61208,82483
ST,4.0,자사몰,과시즌의류,방풍자켓,WJ,2070000,1648020,1498199,1498199,390334,1107865
ST,4.0,자사몰,과시즌의류,스커트,SK,904000,626020,569109,569109,134779,434330
ST,4.0,자사몰,과시즌의류,슬리브리스,SL,0,0,0,0,0,0
ST,4.0,자사몰,과시즌의류,원피스,OP,239000,215100,195545,195545,60450,135095
ST,4.0,자사몰,과시즌의류,트레이닝(상의),TR,5524000,4165740,3787035,3787035,885448,2901587
ST,4.0,자사몰,과시즌의류,트레이닝(하의),TP,537000,193320,175746,175746,43937,131809
ST,4.0,자사몰,과시즌의류,패딩,PD,2151000,1125820,1023473,1023473,320695,702778
ST,4.0,자사몰,과시즌의류,팬츠,PT,5586000,4442850,4038955,4038955,858586,3180369
ST,4.0,자사몰,과시즌의류,폴라폴리스점퍼,FD,717000,267140,242854,242854,58664,184190
ST,4.0,자사몰,과시즌의류,폴로 티셔츠,PQ,139000,83400,75818,75818,20724,55094
ST,4.0,자사몰,과시즌의류,후드티,HD,606000,325490,295900,295900,90350,205550
ST,4.0,자사몰,당시즌의류,긴팔티셔츠,RL,693000,630880,573527,573527,166110,407417
ST,4.0,자사몰,당시즌의류,니트가디건,KC,2150000,1972590,1793262,1793262,543650,1249612
ST,4.0,자사몰,당시즌의류,니트풀오버,KP,338000,272930,248118,248118,96330,151788
ST,4.0,자사몰,당시즌의류,다운점퍼,DJ,3948000,3572200,3247452,3247452,1348090,1899362
ST,4.0,자사몰,당시즌의류,맨투맨,MT,9128000,8110300,7373004,7373004,1985980,5387024
ST,4.0,자사몰,당시즌의류,반바지,SP,109000,98100,89182,89182,40080,49102
ST,4.0,자사몰,당시즌의류,반팔티셔츠,RS,351000,294700,267909,267909,66840,201069
ST,4.0,자사몰,당시즌의류,방풍자켓,WJ,897000,837200,761090,761090,237360,523730
ST,4.0,자사몰,당시즌의류,스커트,SK,1967000,1790070,1627335,1627335,361920,1265415
ST,4.0,자사몰,당시즌의류,윈드티셔츠,WT,159000,93100,84636,84636,55570,29066
ST,4.0,자사몰,당시즌의류,트레이닝(상의),TR,1412000,1260850,1146227,1146227,324150,822077
ST,4.0,자사몰,당시즌의류,패딩,PD,249000,249000,226364,226364,92610,133754
ST,4.0,자사몰,당시즌의류,팬츠,PT,3266000,2945870,2678063,2678063,903770,1774293
ST,4.0,자사몰,당시즌의류,폴로 티셔츠,PQ,1250000,1027920,934475,934475,277420,657055
ST,4.0,자사몰,당시즌의류,후드티,HD,298000,248200,225636,225636,68580,157056
ST,4.0,자사몰,차시즌의류,니트풀오버,KP,358000,290660,264236,264236,95620,168616
ST,4.0,자사몰,차시즌의류,반바지,SP,425000,425000,386363,386363,118010,268353
ST,4.0,자사몰,차시즌의류,반팔티셔츠,RS,483000,472200,429274,429274,120640,308634
ST,4.0,자사몰,차시즌의류,스커트,SK,139000,139000,126364,126364,32440,93924
ST,4.0,자사몰,차시즌의류,점퍼,JP,518000,518000,470910,470910,187760,283150
ST,4.0,자사몰,차시즌의류,트레이닝(상의),TR,467000,443690,403354,403354,134930,268424
ST,4.0,자사몰,차시즌의류,팬츠,PT,1229000,1172680,1066074,1066074,352140,713934
ST,4.0,자사몰,차시즌의류,폴로 티셔츠,PQ,1190000,1116550,1015045,1015045,263150,751895
ST,4.0,자사몰,차시즌의류,후드티,HD,15480000,15204630,13822407,13822407,3734550,10087857
ST,5.0,제휴몰,Acc_etc,기타소품류,AC,35000,35000,31818,31818,3130,28688
ST,5.0,제휴몰,Acc_etc,보호대,PR,58000,31900,28999,28999,6854,22145
ST,5.0,제휴몰,Acc_etc,양말,SO,909100,636100,578261,578261,118148,460113
ST,5.0,제휴몰,Acc_etc,헤드밴드,HB,278000,138000,125453,125453,30448,95005
ST,5.0,제휴몰,Bag,라켓백,RB,1392000,729700,663364,663364,188320,475044
ST,5.0,제휴몰,Bag,백팩,BK,1731000,1412600,1284180,1284180,438090,846090
ST,5.0,제휴몰,Bag,보스톤백,BW,1215000,1111400,1010363,1010363,278450,731913
ST,5.0,제휴몰,Bag,크로스백,CR,198000,118800,108000,108000,51240,56760
ST,5.0,제휴몰,Bag,토드백,TG,1303000,934700,849725,849725,278101,571624
ST,5.0,제휴몰,Headwear,비니,BN,-69000,-69000,-62727,-62727,-16000,-46727
ST,5.0,제휴몰,Headwear,선캡,SC,345000,309400,281271,281271,66950,214321
ST,5.0,제휴몰,Headwear,운동모,CP,1131000,1042000,947266,947266,192204,755062
ST,5.0,제휴몰,Headwear,햇,HT,522000,162500,147728,147728,33219,114509
ST,5.0,제휴몰,Shoes,신발,SH,41962000,13444300,12222069,12222069,3466821,8755248
ST,5.0,제휴몰,과시즌의류,긴팔티셔츠,RL,2596000,1325500,1204998,1204998,312394,892604
ST,5.0,제휴몰,과시즌의류,니트가디건,KC,1515000,673800,612545,612545,156907,455638
ST,5.0,제휴몰,과시즌의류,니트반팔티셔츠,KU,488000,194200,176545,176545,44092,132453
ST,5.0,제휴몰,과시즌의류,니트베스트,KV,756000,280500,255001,255001,67638,187363
ST,5.0,제휴몰,과시즌의류,니트풀오버,KP,1265000,597600,543273,543273,134314,408959
ST,5.0,제휴몰,과시즌의류,다운베스트,DV,2163000,968800,880726,880726,211821,668905
ST,5.0,제휴몰,과시즌의류,다운점퍼,DJ,26475000,12504900,11368073,11368073,2595543,8772530
ST,5.0,제휴몰,과시즌의류,레깅스,LG,2185000,791000,719087,719087,168948,550139
ST,5.0,제휴몰,과시즌의류,맨투맨,MT,24028000,11734990,10668154,10668154,2847746,7820408
ST,5.0,제휴몰,과시즌의류,반바지,SP,5844000,3466200,3151084,3151084,1207949,1943135
ST,5.0,제휴몰,과시즌의류,반팔카라티셔츠,TS,796000,238800,217091,217091,50655,166436
ST,5.0,제휴몰,과시즌의류,반팔티셔츠,RS,6344000,2712500,2465901,2465901,666808,1799093
ST,5.0,제휴몰,과시즌의류,방풍자켓,WJ,4230000,2224100,2021903,2021903,712975,1308928
ST,5.0,제휴몰,과시즌의류,브라,BR,79000,23700,21545,21545,5028,16517
ST,5.0,제휴몰,과시즌의류,스커트,SK,7975000,5009400,4553994,4553994,1499152,3054842
ST,5.0,제휴몰,과시즌의류,슬리브리스,SL,423000,301000,273634,273634,113040,160594
ST,5.0,제휴몰,과시즌의류,원피스,OP,6083000,2344400,2131269,2131269,572604,1558665
ST,5.0,제휴몰,과시즌의류,윈드티셔츠,WT,318000,206700,187909,187909,93680,94229
ST,5.0,제휴몰,과시즌의류,점퍼,JP,5084000,2033600,1848728,1848728,446403,1402325
ST,5.0,제휴몰,과시즌의류,트레이닝(상의),TR,9276000,4310700,3918818,3918818,1002650,2916168
ST,5.0,제휴몰,과시즌의류,트레이닝(하의),TP,6313000,2525200,2295631,2295631,516522,1779109
ST,5.0,제휴몰,과시즌의류,패딩,PD,597000,358200,325636,325636,89008,236628
ST,5.0,제휴몰,과시즌의류,팬츠,PT,20485000,9655800,8777976,8777976,2164043,6613933
ST,5.0,제휴몰,과시즌의류,폴라폴리스점퍼,FD,717000,286800,260727,260727,58664,202063
ST,5.0,제휴몰,과시즌의류,폴로 티셔츠,PQ,12316000,5924100,5385543,5385543,1476158,3909385
ST,5.0,제휴몰,과시즌의류,후드티,HD,5127000,2429300,2208447,2208447,555878,1652569
ST,5.0,제휴몰,당시즌의류,니트가디건,KC,199000,199000,180909,180909,52890,128019
ST,5.0,제휴몰,당시즌의류,니트풀오버,KP,378000,378000,343636,343636,107250,236386
ST,5.0,제휴몰,당시즌의류,다운점퍼,DJ,658000,658000,598182,598182,222410,375772
ST,5.0,제휴몰,당시즌의류,맨투맨,MT,3178000,3178000,2889087,2889087,705020,2184067
ST,5.0,제휴몰,당시즌의류,반바지,SP,89000,89000,80909,80909,26130,54779
ST,5.0,제휴몰,당시즌의류,반팔티셔츠,RS,265000,265000,240910,240910,59860,181050
ST,5.0,제휴몰,당시즌의류,방풍자켓,WJ,229000,229000,208182,208182,75990,132192
ST,5.0,제휴몰,당시즌의류,스커트,SK,576000,576000,523637,523637,117080,406557
ST,5.0,제휴몰,당시즌의류,원피스,OP,139000,139000,126364,126364,27840,98524
ST,5.0,제휴몰,당시즌의류,트레이닝(상의),TR,974000,974000,885454,885454,221680,663774
ST,5.0,제휴몰,당시즌의류,팬츠,PT,694000,694000,630908,630908,160140,470768
ST,5.0,제휴몰,당시즌의류,폴로 티셔츠,PQ,397000,397000,360908,360908,99520,261388
ST,5.0,제휴몰,차시즌의류,반바지,SP,89000,89000,80909,80909,19990,60919
ST,5.0,제휴몰,차시즌의류,스커트,SK,417000,417000,379091,379091,92920,286171
ST,5.0,제휴몰,차시즌의류,팬츠,PT,218000,218000,198182,198182,59140,139042
ST,7.0,아울렛,Acc_etc,보호대,PR,30000,9000,8181,8181,1910,6271
ST,7.0,아울렛,Acc_etc,양말,SO,735900,468750,426118,426118,103176,322942
ST,7.0,아울렛,Bag,백팩,BK,159000,143100,130091,130091,39690,90401
ST,7.0,아울렛,Bag,보스톤백,BW,518000,279720,254290,254290,133300,120990
ST,7.0,아울렛,Bag,크로스백,CR,208000,151560,137782,137782,52260,85522
ST,7.0,아울렛,Bag,토드백,TG,616000,423060,384600,384600,147940,236660
ST,7.0,아울렛,Headwear,선캡,SC,394000,324050,294589,294589,68503,226086
ST,7.0,아울렛,Headwear,운동모,CP,1228000,803160,730137,730137,222730,507407
ST,7.0,아울렛,Shoes,신발,SH,1393000,680580,618706,618706,318600,300106
ST,7.0,아울렛,과시즌의류,긴팔티셔츠,RL,1903000,1072730,975208,975208,400381,574827
ST,7.0,아울렛,과시즌의류,니트가디건,KC,3688000,1831200,1664726,1664726,509620,1155106
ST,7.0,아울렛,과시즌의류,니트풀오버,KP,2449000,1415640,1286947,1286947,365124,921823
ST,7.0,아울렛,과시즌의류,다운베스트,DV,4415000,1781500,1619542,1619542,396077,1223465
ST,7.0,아울렛,과시즌의류,다운점퍼,DJ,30843000,13826440,12569468,12569468,3097827,9471641
ST,7.0,아울렛,과시즌의류,레깅스,LG,89000,48060,43691,43691,24120,19571
ST,7.0,아울렛,과시즌의류,맨투맨,MT,12968000,6720250,6109294,6109294,1774814,4334480
ST,7.0,아울렛,과시즌의류,반바지,SP,4090000,2252270,2047519,2047519,954998,1092521
ST,7.0,아울렛,과시즌의류,반팔티셔츠,RS,9415000,5621090,5110072,5110072,1813337,3296735
ST,7.0,아울렛,과시즌의류,방풍자켓,WJ,5905000,3036730,2760659,2760659,953376,1807283
ST,7.0,아울렛,과시즌의류,스커트,SK,20579000,12292720,11175190,11175190,4374135,6801055
ST,7.0,아울렛,과시즌의류,슬리브리스,SL,276000,159660,145146,145146,86510,58636
ST,7.0,아울렛,과시즌의류,원피스,OP,229000,68700,62455,62455,14573,47882
ST,7.0,아울렛,과시즌의류,트레이닝(상의),TR,8638000,4953850,4503486,4503486,1806757,2696729
ST,7.0,아울렛,과시즌의류,트레이닝(하의),TP,645000,242520,220472,220472,52773,167699
ST,7.0,아울렛,과시즌의류,패딩,PD,4361000,2491140,2264672,2264672,650186,1614486
ST,7.0,아울렛,과시즌의류,팬츠,PT,13767000,7344270,6676593,6676593,2086122,4590471
ST,7.0,아울렛,과시즌의류,폴로 티셔츠,PQ,19666000,11098860,10089859,10089859,3632700,6457159
ST,7.0,아울렛,과시즌의류,후드티,HD,1947000,1010190,918354,918354,244901,673453
ST,7.0,아울렛,당시즌의류,맨투맨,MT,328000,244100,221908,221908,62880,159028
ST,7.0,아울렛,당시즌의류,트레이닝(상의),TR,179000,161100,146455,146455,41100,105355
ST,7.0,아울렛,당시즌의류,팬츠,PT,407000,323200,293818,293818,90550,203268
ST,7.0,아울렛,당시즌의류,폴로 티셔츠,PQ,119000,107100,97364,97364,20810,76554
ST,11.0,직영몰,Acc_etc,머플러,AM,0,0,0,0,0,0
ST,11.0,직영몰,Acc_etc,보호대,PR,50000,45000,40910,40910,6600,34310
ST,11.0,직영몰,Acc_etc,양말,SO,918400,778320,707564,707564,159816,547748
ST,11.0,직영몰,Acc_etc,헤드밴드,HB,98000,88200,80182,80182,22880,57302
ST,11.0,직영몰,Bag,라켓백,RB,358000,143200,130182,130182,76640,53542
ST,11.0,직영몰,Bag,백팩,BK,1293000,885200,804728,804728,315470,489258
ST,11.0,직영몰,Bag,보스톤백,BW,1175000,685100,622817,622817,279700,343117
ST,11.0,직영몰,Bag,크로스백,CR,109000,98100,89182,89182,26640,62542
ST,11.0,직영몰,Bag,토드백,TG,507000,336900,306272,306272,123820,182452
ST,11.0,직영몰,Headwear,비니,BN,118000,106200,96546,96546,23720,72826
ST,11.0,직영몰,Headwear,선캡,SC,1677000,1409500,1281366,1281366,306660,974706
ST,11.0,직영몰,Headwear,운동모,CP,2260000,1957550,1779592,1779592,425900,1353692
ST,11.0,직영몰,Shoes,슬리퍼,LP,198000,178200,162000,162000,40000,122000
ST,11.0,직영몰,Shoes,신발,SH,4455000,3282000,2983628,2983628,1063410,1920218
ST,11.0,직영몰,과시즌의류,긴팔티셔츠,RL,485000,368100,334636,334636,85859,248777
ST,11.0,직영몰,과시즌의류,니트가디건,KC,1615000,849400,772181,772181,200554,571627
ST,11.0,직영몰,과시즌의류,니트풀오버,KP,1125000,621200,564727,564727,149632,415095
ST,11.0,직영몰,과시즌의류,다운베스트,DV,1325000,633600,576000,576000,143258,432742
ST,11.0,직영몰,과시즌의류,다운점퍼,DJ,14067000,7550200,6863819,6863819,1671764,5192055
ST,11.0,직영몰,과시즌의류,레깅스,LG,69000,-11100,-10091,-10091,19510,-29601
ST,11.0,직영몰,과시즌의류,맨투맨,MT,4190000,2314400,2104002,2104002,546112,1557890
ST,11.0,직영몰,과시즌의류,반바지,SP,1010000,694100,631000,631000,248167,382833
ST,11.0,직영몰,과시즌의류,반팔티셔츠,RS,395000,223100,202818,202818,74080,128738
ST,11.0,직영몰,과시즌의류,방풍자켓,WJ,438000,328500,298636,298636,112920,185716
ST,11.0,직영몰,과시즌의류,브라,BR,445000,302600,275093,275093,123450,151643
ST,11.0,직영몰,과시즌의류,스커트,SK,3497000,2626800,2388002,2388002,809503,1578499
ST,11.0,직영몰,과시즌의류,슬리브리스,SL,158000,79000,71818,71818,43720,28098
ST,11.0,직영몰,과시즌의류,원피스,OP,0,0,0,0,0,0
ST,11.0,직영몰,과시즌의류,트레이닝(상의),TR,2733000,1939900,1763545,1763545,420467,1343078
ST,11.0,직영몰,과시즌의류,패딩,PD,956000,573600,521456,521456,142532,378924
ST,11.0,직영몰,과시즌의류,팬츠,PT,4685000,3578230,3252931,3252931,721747,2531184
ST,11.0,직영몰,과시즌의류,폴라폴리스점퍼,FD,0,0,0,0,0,0
ST,11.0,직영몰,과시즌의류,폴로 티셔츠,PQ,5895000,3619700,3290640,3290640,1071096,2219544
ST,11.0,직영몰,과시즌의류,후드티,HD,159000,95400,86727,86727,23706,63021
ST,11.0,직영몰,당시즌의류,긴팔티셔츠,RL,99000,89100,81000,81000,23730,57270
ST,11.0,직영몰,당시즌의류,니트가디건,KC,2289000,2006400,1823999,1823999,571190,1252809
ST,11.0,직영몰,당시즌의류,니트베스트,KV,139000,69500,63182,63182,31460,31722
ST,11.0,직영몰,당시즌의류,니트풀오버,KP,2088000,1519200,1381095,1381095,569130,811965
ST,11.0,직영몰,당시즌의류,다운점퍼,DJ,7000000,5941000,5400909,5400909,2464570,2936339
ST,11.0,직영몰,당시즌의류,맨투맨,MT,6479000,4999130,4544670,4544670,1411750,3132920
ST,11.0,직영몰,당시즌의류,반바지,SP,1446000,1139090,1035538,1035538,512840,522698
ST,11.0,직영몰,당시즌의류,반팔티셔츠,RS,109000,54500,49545,49545,30200,19345
ST,11.0,직영몰,당시즌의류,방풍자켓,WJ,946000,564600,513273,513273,311800,201473
ST,11.0,직영몰,당시즌의류,스커트,SK,4132000,2969900,2699908,2699908,806750,1893158
ST,11.0,직영몰,당시즌의류,트레이닝(상의),TR,1074000,1002400,911274,911274,246600,664674
ST,11.0,직영몰,당시즌의류,팬츠,PT,2432000,1809800,1645269,1645269,637220,1008049
ST,11.0,직영몰,당시즌의류,폴로 티셔츠,PQ,3581000,2747040,2497314,2497314,718440,1778874
ST,11.0,직영몰,당시즌의류,후드티,HD,149000,134100,121909,121909,34290,87619
ST,11.0,직영몰,차시즌의류,니트풀오버,KP,179000,89500,81364,81364,47810,33554
ST,11.0,직영몰,차시즌의류,맨투맨,MT,823000,678300,616637,616637,183420,433217
ST,11.0,직영몰,차시즌의류,반바지,SP,1335000,1112860,1011691,1011691,351750,659941
ST,11.0,직영몰,차시즌의류,반팔티셔츠,RS,69000,34500,31364,31364,17010,14354
ST,11.0,직영몰,차시즌의류,스커트,SK,2124000,1568000,1425455,1425455,449020,976435
ST,11.0,직영몰,차시즌의류,트레이닝(상의),TR,2177000,1287300,1170269,1170269,562920,607349
ST,11.0,직영몰,차시즌의류,팬츠,PT,942000,733700,667000,667000,254840,412160
ST,11.0,직영몰,차시즌의류,폴로 티셔츠,PQ,1309000,1082900,984458,984458,269800,714658
ST,11.0,직영몰,차시즌의류,후드티,HD,1440000,1284000,1167274,1167274,347400,819874
ST,99.0,기타,Acc_etc,보호대,PR,0,0,0,0,0,0
ST,99.0,기타,Acc_etc,양말,SO,40000,26140,23761,23761,7540,16221
ST,99.0,기타,Shoes,신발,SH,199000,58080,52800,52800,52800,0
ST,99.0,기타,과시즌의류,맨투맨,MT,-149000,-54180,-49257,-49257,-12191,-37066
ST,99.0,기타,과시즌의류,반바지,SP,0,0,0,0,0,0
ST,99.0,기타,과시즌의류,방풍자켓,WJ,0,0,0,0,0,0
ST,99.0,기타,과시즌의류,스커트,SK,159000,49580,45071,45071,37560,7511
ST,99.0,기타,과시즌의류,팬츠,PT,258000,92000,83637,83637,22910,60727
ST,99.0,기타,과시즌의류,폴로 티셔츠,PQ,0,0,0,0,0,0
V,1.0,백화점,Acc_etc,다운 스카프,DC,500000,450000,409091,296591,113930,182661
V,1.0,백화점,Acc_etc,머플러(스카프),MF,1250000,1125000,1022725,759763,253327,506436
V,1.0,백화점,Acc_etc,양말,SO,755000,458220,416553,316934,111681,205253
V,1.0,백화점,Acc_etc,장갑,AG,3450000,3110000,2827281,2059322,319096,1740226
V,1.0,백화점,Acc_etc,토시,ML,2250000,2025000,1840911,1355182,398645,956537
V,1.0,백화점,Bag,가방,BG,2100000,1890000,1718182,1265727,292536,973191
V,1.0,백화점,Bag,백팩,BK,9000000,7983000,7257272,5345831,1877286,3468545
V,1.0,백화점,Bag,크로스백,CR,1740000,1566000,1423637,1077219,318704,758515
V,1.0,백화점,Bag,토드백,TG,18470000,16621690,15110628,11190220,3632090,7558130
V,1.0,백화점,Headwear,방한모,WM,300000,265000,240909,177091,48874,128217
V,1.0,백화점,Headwear,비니,BN,5590000,4934000,4485460,3423093,1562760,1860333
V,1.0,백화점,Headwear,운동모,CP,1330000,1207000,1097275,801283,232334,568949
V,1.0,백화점,Headwear,햇,HT,4600000,3917200,3561093,2691794,515866,2175928
V,1.0,백화점,Shoes,방한화,WB,29426000,26350020,23954726,17768868,7401968,10366900
V,1.0,백화점,과시즌의류,니트풀오버,KP,3090000,1513200,1375637,1067193,385282,681911
V,1.0,백화점,과시즌의류,다운베스트,DV,12220000,5640890,5128097,4259855,1761114,2498741
V,1.0,백화점,과시즌의류,다운점퍼,DJ,130830000,63098100,57361901,45487815,20192078,25295737
V,1.0,백화점,과시즌의류,맨투맨,MT,260000,117000,106364,91473,45469,46004
V,1.0,백화점,과시즌의류,반팔다운,DH,6530000,5025100,4568273,3457632,1040328,2417304
V,1.0,백화점,과시즌의류,반팔카라티셔츠,TS,0,9000,8182,6054,0,6054
V,1.0,백화점,과시즌의류,반팔티셔츠,RS,0,0,0,0,0,0
V,1.0,백화점,과시즌의류,방풍자켓,WJ,-490000,-472000,-429091,-317527,-116761,-200766
V,1.0,백화점,과시즌의류,소프트쉘,SS,4190000,3159010,2871819,2140223,1093709,1046514
V,1.0,백화점,과시즌의류,스커트,SK,330000,330000,300000,222000,78182,143818
V,1.0,백화점,과시즌의류,팬츠,PT,5290000,3846500,3496819,2627282,1573713,1053569
V,1.0,백화점,당시즌의류,긴팔티셔츠,RL,970000,844000,767271,591453,263544,327909
V,1.0,백화점,당시즌의류,니트가디건,KC,2730000,2535000,2304546,1695435,431105,1264330
V,1.0,백화점,당시즌의류,니트베스트,KV,2450000,2205000,2004545,1471336,604905,866431
V,1.0,백화점,당시즌의류,니트풀오버,KP,16230000,14631000,13300906,9838877,3848825,5990052
V,1.0,백화점,당시즌의류,다운베스트,DV,6510000,5859000,5326362,4063254,1463202,2600052
V,1.0,백화점,당시즌의류,다운점퍼,DJ,1865000000,1675057320,1522779325,1122976794,334745847,788230947
V,1.0,백화점,당시즌의류,맨투맨,MT,1900000,1710000,1554545,1160427,391145,769282
V,1.0,백화점,당시즌의류,반바지,SP,1350000,1215000,1104545,794455,325122,469333
V,1.0,백화점,당시즌의류,반팔다운,DH,42200000,37762000,34329091,25710624,6837899,18872725
V,1.0,백화점,당시즌의류,베스트,VT,2650000,2385000,2168180,1660826,687005,973821
V,1.0,백화점,당시즌의류,스커트,SK,660000,594000,540000,396900,140340,256560
V,1.0,백화점,당시즌의류,집업티,ZT,2030000,1827000,1660909,1219582,478394,741188
V,1.0,백화점,당시즌의류,팬츠,PT,53520000,48157740,43779764,32379261,14197573,18181688
V,1.0,백화점,당시즌의류,후드티,HD,18830000,16936260,15396593,11338686,4753335,6585351
V,1.0,백화점,차시즌의류,다운점퍼,DJ,20330000,18326000,16660003,12426401,3574868,8851533
V,1.0,백화점,차시즌의류,반팔다운,DH,49050000,44054000,40049095,29574060,7940373,21633687
V,1.0,백화점,차시즌의류,방풍자켓,WJ,15940000,14346000,13041816,9561678,2810698,6750980
V,1.0,백화점,차시즌의류,패딩,PD,3760000,3483000,3166363,2336645,550759,1785886
V,1.0,백화점,차시즌의류,팬츠,PT,1600000,1452700,1320636,970643,391905,578738
V,1.0,백화점,차시즌의류,후드티,HD,1160000,1048300,952999,700474,287848,412626
V,3.0,직영점(가두),Acc_etc,머플러(스카프),MF,0,0,0,0,0,0
V,3.0,직영점(가두),Acc_etc,장갑,AG,150000,150000,136363,136363,13874,122489
V,3.0,직영점(가두),Acc_etc,토시,ML,150000,150000,136363,136363,26576,109787
V,3.0,직영점(가두),Bag,백팩,BK,0,0,0,0,0,0
V,3.0,직영점(가두),Bag,토드백,TG,1050000,1050000,954543,954543,223486,731057
V,3.0,직영점(가두),Headwear,방한모,WM,0,0,0,0,0,0
V,3.0,직영점(가두),Shoes,방한화,WB,2166000,2166000,1969084,1969084,565956,1403128
V,3.0,직영점(가두),당시즌의류,니트가디건,KC,390000,390000,354545,354545,60001,294544
V,3.0,직영점(가두),당시즌의류,니트풀오버,KP,1830000,1830000,1663634,1663634,414043,1249591
V,3.0,직영점(가두),당시즌의류,다운베스트,DV,690000,690000,627272,627272,152826,474446
V,3.0,직영점(가두),당시즌의류,다운점퍼,DJ,35830000,35711000,32464536,32464536,6575001,25889535
V,3.0,직영점(가두),당시즌의류,맨투맨,MT,500000,500000,454544,454544,110155,344389
V,3.0,직영점(가두),당시즌의류,반팔다운,DH,1090000,1090000,990909,990909,175803,815106
V,3.0,직영점(가두),당시즌의류,베스트,VT,530000,530000,481818,481818,137401,344417
V,3.0,직영점(가두),당시즌의류,팬츠,PT,990000,990000,900000,900000,254961,645039
V,3.0,직영점(가두),당시즌의류,후드티,HD,450000,450000,409090,409090,117767,291323
V,3.0,직영점(가두),차시즌의류,다운점퍼,DJ,1290000,1290000,1172727,1172727,208516,964211
V,3.0,직영점(가두),차시즌의류,반팔다운,DH,1090000,1090000,990909,990909,178724,812185
V,3.0,직영점(가두),차시즌의류,방풍자켓,WJ,1090000,1090000,990909,990909,196119,794790
V,4.0,자사몰,Acc_etc,다운 스카프,DC,500000,461000,419091,419091,113931,305160
V,4.0,자사몰,Acc_etc,머플러(스카프),MF,2210000,1875510,1705009,1705009,558817,1146192
V,4.0,자사몰,Acc_etc,양말,SO,505000,262100,238273,238273,71775,166498
V,4.0,자사몰,Acc_etc,장갑,AG,1200000,978430,889482,889482,132937,756545
V,4.0,자사몰,Acc_etc,토시,ML,1330000,1095810,996190,996190,233464,762726
V,4.0,자사몰,Bag,가방,BG,350000,315000,286364,286364,48756,237608
V,4.0,자사몰,Bag,백팩,BK,1560000,1329570,1208701,1208701,275470,933231
V,4.0,자사몰,Bag,벨트백,TA,290000,104400,94909,94909,23728,71181
V,4.0,자사몰,Bag,크로스백,CR,220000,220000,200000,200000,45539,154461
V,4.0,자사몰,Bag,토드백,TG,7930000,6835720,6214287,6214287,1467243,4747044
V,4.0,자사몰,Headwear,방한모,WM,600000,569180,517437,517437,97751,419686
V,4.0,자사몰,Headwear,비니,BN,880000,637420,579472,579472,202608,376864
V,4.0,자사몰,Headwear,운동모,CP,1124000,857850,779864,779864,177006,602858
V,4.0,자사몰,Headwear,햇,HT,1940000,1571280,1428435,1428435,224486,1203949
V,4.0,자사몰,Shoes,방한화,WB,23125000,20891370,18992145,18992145,5811556,13180589
V,4.0,자사몰,Shoes,신발,SH,847000,425120,386474,386474,221300,165174
V,4.0,자사몰,과시즌의류,긴팔티셔츠,RL,550000,353490,321355,321355,73194,248161
V,4.0,자사몰,과시즌의류,니트풀오버,KP,1040000,678630,616936,616936,194724,422212
V,4.0,자사몰,과시즌의류,다운베스트,DV,1870000,895500,814091,814091,277235,536856
V,4.0,자사몰,과시즌의류,다운점퍼,DJ,13290000,7250740,6591582,6591582,2245207,4346375
V,4.0,자사몰,과시즌의류,맨투맨,MT,2220000,1228490,1116810,1116810,465091,651719
V,4.0,자사몰,과시즌의류,반바지,SP,490000,245000,222727,222727,83881,138846
V,4.0,자사몰,과시즌의류,방수자켓,JK,2470000,1247700,1134273,1134273,435631,698642
V,4.0,자사몰,과시즌의류,방풍자켓,WJ,690000,414000,376364,376364,84230,292134
V,4.0,자사몰,과시즌의류,소프트쉘,SS,2150000,1417240,1288399,1288399,615426,672973
V,4.0,자사몰,과시즌의류,집업티,ZT,2170000,1076980,979073,979073,356727,622346
V,4.0,자사몰,과시즌의류,팬츠,PT,6920000,3604810,3277101,3277101,1502530,1774571
V,4.0,자사몰,과시즌의류,후드티,HD,280000,124000,112727,112727,47438,65289
V,4.0,자사몰,당시즌의류,니트가디건,KC,390000,306000,278182,278182,60001,218181
V,4.0,자사몰,당시즌의류,니트풀오버,KP,2210000,1969100,1790091,1790091,451399,1338692
V,4.0,자사몰,당시즌의류,다운점퍼,DJ,218310000,201223550,182930504,182930504,38516768,144413736
V,4.0,자사몰,당시즌의류,맨투맨,MT,-230000,-206000,-187273,-187273,-46640,-140633
V,4.0,자사몰,당시즌의류,반팔다운,DH,11890000,11161930,10147209,10147209,1976558,8170651
V,4.0,자사몰,당시즌의류,방풍자켓,WJ,0,0,0,0,0,0
V,4.0,자사몰,당시즌의류,베스트,VT,0,0,0,0,0,0
V,4.0,자사몰,당시즌의류,집업티,ZT,580000,539760,490691,490691,136684,354007
V,4.0,자사몰,당시즌의류,팬츠,PT,7380000,6928690,6298810,6298810,1938665,4360145
V,4.0,자사몰,당시즌의류,후드티,HD,1740000,1655400,1504910,1504910,432518,1072392
V,4.0,자사몰,차시즌의류,다운점퍼,DJ,3960000,3638150,3307410,3307410,805189,2502221
V,4.0,자사몰,차시즌의류,반팔다운,DH,13080000,12198460,11089508,11089508,2131917,8957591
V,4.0,자사몰,차시즌의류,방풍자켓,WJ,0,0,0,0,0,0
V,5.0,제휴몰,Acc_etc,다운 스카프,DC,1540000,1366000,1241820,1241820,308555,933265
V,5.0,제휴몰,Acc_etc,머플러(스카프),MF,590000,590000,536364,536364,80985,455379
V,5.0,제휴몰,Acc_etc,양말,SO,1007000,470100,427359,427359,120033,307326
V,5.0,제휴몰,Acc_etc,장갑,AG,2970000,2464000,2240003,2240003,344838,1895165
V,5.0,제휴몰,Acc_etc,토시,ML,410000,306000,278182,278182,68276,209906
V,5.0,제휴몰,Bag,백팩,BK,4230000,3936000,3578180,3578180,826331,2751849
V,5.0,제휴몰,Bag,벨트백,TA,1450000,580000,527275,527275,118638,408637
V,5.0,제휴몰,Bag,크로스백,CR,3810000,2171000,1973637,1973637,618418,1355219
V,5.0,제휴몰,Bag,토드백,TG,7050000,6346000,5769093,5769093,1249155,4519938
V,5.0,제휴몰,Bag,힙색,HS,1250000,500000,454545,454545,153889,300656
V,5.0,제휴몰,Headwear,방한모,WM,600000,600000,545456,545456,97750,447706
V,5.0,제휴몰,Headwear,비니,BN,4590000,2422000,2201815,2201815,610369,1591446
V,5.0,제휴몰,Headwear,선캡,SC,660000,424000,385454,385454,74497,310957
V,5.0,제휴몰,Headwear,운동모,CP,1760000,938800,853454,853454,227176,626278
V,5.0,제휴몰,Headwear,햇,HT,4000000,2962000,2692723,2692723,543078,2149645
V,5.0,제휴몰,Shoes,뮬,MU,1253000,751800,683452,683452,275800,407652
V,5.0,제휴몰,Shoes,방한화,WB,69643000,67545100,61404693,61404693,17468632,43936061
V,5.0,제휴몰,Shoes,슬리퍼,LP,175000,175000,159091,159091,42984,116107
V,5.0,제휴몰,Shoes,신발,SH,6766000,4059600,3690546,3690546,1765700,1924846
V,5.0,제휴몰,과시즌의류,긴팔카라티셔츠,TL,460000,322000,292728,292728,67952,224776
V,5.0,제휴몰,과시즌의류,긴팔티셔츠,RL,190000,82000,74546,74546,23771,50775
V,5.0,제휴몰,과시즌의류,니트가디건,KC,0,0,0,0,0,0
V,5.0,제휴몰,과시즌의류,니트풀오버,KP,20150000,7491000,6809990,6809990,2126189,4683801
V,5.0,제휴몰,과시즌의류,다운베스트,DV,29250000,15842000,14401810,14401810,4872749,9529061
V,5.0,제휴몰,과시즌의류,다운점퍼,DJ,205120000,118897000,108088177,108088177,34050459,74037718
V,5.0,제휴몰,과시즌의류,라운드티,RT,250000,75000,68182,68182,15910,52272
V,5.0,제휴몰,과시즌의류,레깅스,LG,1190000,505000,459089,459089,142998,316091
V,5.0,제휴몰,과시즌의류,맨투맨,MT,11730000,6595000,5995460,5995460,2274840,3720620
V,5.0,제휴몰,과시즌의류,반바지,SP,3490000,1666000,1514543,1514543,436812,1077731
V,5.0,제휴몰,과시즌의류,반팔다운,DH,10390000,7571000,6882726,6882726,1477235,5405491
V,5.0,제휴몰,과시즌의류,반팔카라티셔츠,TS,4510000,2416000,2196359,2196359,826823,1369536
V,5.0,제휴몰,과시즌의류,반팔티셔츠,RS,8630000,5191000,4719095,4719095,1455834,3263261
V,5.0,제휴몰,과시즌의류,방수자켓,JK,25240000,13192000,11992720,11992720,4348581,7644139
V,5.0,제휴몰,과시즌의류,방풍자켓,WJ,53460000,26794000,24358181,24358181,7391554,16966627
V,5.0,제휴몰,과시즌의류,베스트,VT,490000,343000,311818,311818,105663,206155
V,5.0,제휴몰,과시즌의류,브라,BR,110000,55000,50000,50000,13676,36324
V,5.0,제휴몰,과시즌의류,소프트쉘,SS,4390000,2646000,2405454,2405454,922013,1483441
V,5.0,제휴몰,과시즌의류,스커트,SK,4830000,1566000,1423634,1423634,402801,1020833
V,5.0,제휴몰,과시즌의류,슬리브리스,SL,150000,105000,95455,95455,24926,70529
V,5.0,제휴몰,과시즌의류,우븐셔츠,WS,1500000,633000,575454,575454,202375,373079
V,5.0,제휴몰,과시즌의류,원피스,OP,1410000,751000,682727,682727,199558,483169
V,5.0,제휴몰,과시즌의류,집업티,ZT,5010000,2505000,2277274,2277274,829969,1447305
V,5.0,제휴몰,과시즌의류,트레이닝 숏팬츠,TB,1130000,396000,360001,360001,95016,264985
V,5.0,제휴몰,과시즌의류,트레이닝(상의),TR,3540000,1282000,1165454,1165454,348596,816858
V,5.0,제휴몰,과시즌의류,트레이닝(하의),TP,1230000,564000,512727,512727,153161,359566
V,5.0,제휴몰,과시즌의류,패딩,PD,12960000,6409000,5826359,5826359,2112556,3713803
V,5.0,제휴몰,과시즌의류,팬츠,PT,21200000,10794000,9812725,9812725,3919666,5893059
V,5.0,제휴몰,과시즌의류,후드티,HD,4590000,1875000,1704544,1704544,563288,1141256
V,5.0,제휴몰,당시즌의류,긴팔티셔츠,RL,210000,210000,190909,190909,56858,134051
V,5.0,제휴몰,당시즌의류,니트가디건,KC,780000,780000,709090,709090,120002,589088
V,5.0,제휴몰,당시즌의류,니트베스트,KV,490000,490000,445455,445455,120981,324474
V,5.0,제휴몰,당시즌의류,니트풀오버,KP,1580000,1580000,1436363,1436363,403192,1033171
V,5.0,제휴몰,당시즌의류,다운베스트,DV,1970000,1970000,1790910,1790910,408394,1382516
V,5.0,제휴몰,당시즌의류,다운점퍼,DJ,173490000,173490000,157718173,157718173,30302580,127415593
V,5.0,제휴몰,당시즌의류,맨투맨,MT,250000,250000,227273,227273,55077,172196
V,5.0,제휴몰,당시즌의류,반팔다운,DH,5350000,5350000,4863636,4863636,909357,3954279
V,5.0,제휴몰,당시즌의류,반팔티셔츠,RS,170000,170000,154545,154545,38168,116377
V,5.0,제휴몰,당시즌의류,방풍자켓,WJ,1880000,1880000,1709091,1709091,340921,1368170
V,5.0,제휴몰,당시즌의류,베스트,VT,0,0,0,0,0,0
V,5.0,제휴몰,당시즌의류,집업티,ZT,580000,580000,527272,527272,136684,390588
V,5.0,제휴몰,당시즌의류,팬츠,PT,6720000,6720000,6109091,6109091,1741170,4367921
V,5.0,제휴몰,당시즌의류,후드티,HD,2300000,2300000,2090907,2090907,587079,1503828
V,5.0,제휴몰,차시즌의류,반바지,SP,350000,350000,318182,318182,70777,247405
V,5.0,제휴몰,차시즌의류,반팔다운,DH,4360000,4360000,3963636,3963636,702119,3261517
V,5.0,제휴몰,차시즌의류,방풍자켓,WJ,690000,690000,627273,627273,97350,529923
V,5.0,제휴몰,차시즌의류,팬츠,PT,250000,250000,227273,227273,59048,168225
V,7.0,아울렛,Acc_etc,다운 스카프,DC,250000,200000,181818,181818,56965,124853
V,7.0,아울렛,Acc_etc,머플러(스카프),MF,1020000,864000,785454,785454,211538,573916
V,7.0,아울렛,Acc_etc,양말,SO,279000,122580,111434,111434,37165,74269
V,7.0,아울렛,Acc_etc,장갑,AG,300000,285000,259091,259091,27747,231344
V,7.0,아울렛,Bag,벨트백,TA,580000,194300,176635,176635,42183,134452
V,7.0,아울렛,Bag,크로스백,CR,1500000,1098000,998180,998180,268732,729448
V,7.0,아울렛,Bag,토드백,TG,2680000,2077200,1888363,1888363,498472,1389891
V,7.0,아울렛,Bag,힙색,HS,250000,90000,81818,81818,30778,51040
V,7.0,아울렛,Headwear,방한모,WM,150000,135000,122727,122727,24437,98290
V,7.0,아울렛,Headwear,비니,BN,2490000,1683000,1529999,1529999,489723,1040276
V,7.0,아울렛,Headwear,운동모,CP,228000,117200,106544,106544,33026,73518
V,7.0,아울렛,Headwear,햇,HT,1840000,1331400,1210360,1210360,243773,966587
V,7.0,아울렛,Shoes,방한화,WB,8155000,7150770,6500688,6500688,1875765,4624923
V,7.0,아울렛,Shoes,신발,SH,17727000,4977000,4524534,4524534,4619100,-94566
V,7.0,아울렛,과시즌의류,니트반팔티셔츠,KU,60000,-44900,-40819,-40819,3818,-44637
V,7.0,아울렛,과시즌의류,니트풀오버,KP,7150000,2504400,2276727,2276727,800205,1476522
V,7.0,아울렛,과시즌의류,다운베스트,DV,75520000,31554400,28685794,28685794,10206252,18479542
V,7.0,아울렛,과시즌의류,다운점퍼,DJ,971080000,444366690,403969550,403969550,138357691,265611859
V,7.0,아울렛,과시즌의류,라운드티,RT,250000,55800,50728,50728,15910,34818
V,7.0,아울렛,과시즌의류,레깅스,LG,840000,205200,186545,186545,39274,147271
V,7.0,아울렛,과시즌의류,맨투맨,MT,3830000,1241700,1128817,1128817,386106,742711
V,7.0,아울렛,과시즌의류,반바지,SP,-60000,-27000,-24546,-24546,-10550,-13996
V,7.0,아울렛,과시즌의류,반팔다운,DH,4250000,1826900,1660816,1660816,461432,1199384
V,7.0,아울렛,과시즌의류,반팔카라티셔츠,TS,390000,117000,106363,106363,24819,81544
V,7.0,아울렛,과시즌의류,반팔티셔츠,RS,910000,472500,429546,429546,146297,283249
V,7.0,아울렛,과시즌의류,방수자켓,JK,13510000,6884100,6258271,6258271,2360403,3897868
V,7.0,아울렛,과시즌의류,방풍자켓,WJ,21990000,10068900,9153536,9153536,3042849,6110687
V,7.0,아울렛,과시즌의류,소프트쉘,SS,7820000,3944700,3586088,3586088,1385099,2200989
V,7.0,아울렛,과시즌의류,스커트,SK,1510000,379500,344998,344998,123546,221452
V,7.0,아울렛,과시즌의류,집업티,ZT,4000000,1816500,1651363,1651363,662660,988703
V,7.0,아울렛,과시즌의류,트레이닝(상의),TR,280000,112000,101818,101818,34672,67146
V,7.0,아울렛,과시즌의류,트레이닝(하의),TP,2320000,633400,575817,575817,150067,425750
V,7.0,아울렛,과시즌의류,패딩,PD,17320000,7435700,6759717,6759717,2657221,4102496
V,7.0,아울렛,과시즌의류,팬츠,PT,6620000,2722300,2474816,2474816,1022811,1452005
V,7.0,아울렛,과시즌의류,후드티,HD,4510000,1434600,1304178,1304178,433629,870549
V,7.0,아울렛,당시즌의류,니트가디건,KC,780000,702000,638182,638182,142205,495977
V,7.0,아울렛,당시즌의류,니트풀오버,KP,660000,594000,540000,540000,112269,427731
V,7.0,아울렛,당시즌의류,다운베스트,DV,690000,621000,564545,564545,152826,411719
V,7.0,아울렛,당시즌의류,다운점퍼,DJ,180720000,161467100,146788231,146788231,32053562,114734669
V,7.0,아울렛,당시즌의류,맨투맨,MT,640000,576000,523635,523635,133194,390441
V,7.0,아울렛,당시즌의류,반팔다운,DH,3270000,2943000,2675454,2675454,527409,2148045
V,7.0,아울렛,당시즌의류,방풍자켓,WJ,1090000,981000,891818,891818,195681,696137
V,7.0,아울렛,당시즌의류,베스트,VT,530000,477000,433636,433636,137401,296235
V,7.0,아울렛,당시즌의류,집업티,ZT,290000,261000,237273,237273,68342,168931
V,7.0,아울렛,당시즌의류,팬츠,PT,970000,873000,793636,793636,243838,549798
V,7.0,아울렛,당시즌의류,후드티,HD,900000,810000,736362,736362,226500,509862
V,7.0,아울렛,차시즌의류,다운점퍼,DJ,890000,801000,728182,728182,198891,529291
V,11.0,직영몰,Acc_etc,머플러(스카프),MF,560000,504000,458182,458182,127960,330222
V,11.0,직영몰,Acc_etc,양말,SO,40000,36000,32727,32727,7892,24835
V,11.0,직영몰,Acc_etc,장갑,AG,150000,135000,122727,122727,13874,108853
V,11.0,직영몰,Acc_etc,토시,ML,450000,405000,368181,368181,79729,288452
V,11.0,직영몰,Bag,백팩,BK,1130000,1017000,924546,924546,224816,699730
V,11.0,직영몰,Bag,토드백,TG,3070000,2763000,2511821,2511821,544256,1967565
V,11.0,직영몰,Headwear,비니,BN,190000,171000,155455,155455,44775,110680
V,11.0,직영몰,Headwear,운동모,CP,410000,369000,335455,335455,58713,276742
V,11.0,직영몰,Headwear,햇,HT,420000,378000,343636,343636,57216,286420
V,11.0,직영몰,Shoes,방한화,WB,3398000,3053100,2775542,2775542,832576,1942966
V,11.0,직영몰,과시즌의류,니트풀오버,KP,520000,468000,425454,425454,126174,299280
V,11.0,직영몰,과시즌의류,반팔다운,DH,1980000,1782000,1620000,1620000,242646,1377354
V,11.0,직영몰,과시즌의류,반팔티셔츠,RS,150000,94500,85909,85909,18331,67578
V,11.0,직영몰,과시즌의류,방풍자켓,WJ,490000,245000,222727,222727,60541,162186
V,11.0,직영몰,과시즌의류,소프트쉘,SS,790000,486900,442637,442637,183775,258862
V,11.0,직영몰,당시즌의류,긴팔티셔츠,RL,190000,171000,155455,155455,51671,103784
V,11.0,직영몰,당시즌의류,니트가디건,KC,780000,702000,638182,638182,120002,518180
V,11.0,직영몰,당시즌의류,니트풀오버,KP,1050000,945000,859091,859091,204296,654795
V,11.0,직영몰,당시즌의류,다운베스트,DV,690000,621000,564545,564545,152826,411719
V,11.0,직영몰,당시즌의류,다운점퍼,DJ,206280000,184554000,167776385,167776385,36649950,131126435
V,11.0,직영몰,당시즌의류,맨투맨,MT,480000,432000,392727,392727,101718,291009
V,11.0,직영몰,당시즌의류,반바지,SP,450000,405000,368182,368182,108374,259808
V,11.0,직영몰,당시즌의류,반팔다운,DH,4060000,3654000,3321818,3321818,689039,2632779
V,11.0,직영몰,당시즌의류,방풍자켓,WJ,1180000,1062000,965454,965454,284409,681045
V,11.0,직영몰,당시즌의류,베스트,VT,0,0,0,0,0,0
V,11.0,직영몰,당시즌의류,집업티,ZT,290000,261000,237273,237273,68342,168931
V,11.0,직영몰,당시즌의류,팬츠,PT,3080000,2772000,2520000,2520000,795929,1724071
V,11.0,직영몰,당시즌의류,후드티,HD,1350000,1215000,1104546,1104546,353301,751245
V,11.0,직영몰,차시즌의류,다운점퍼,DJ,23710000,21339000,19399099,19399099,3976852,15422247
V,11.0,직영몰,차시즌의류,반팔다운,DH,3270000,2943000,2675454,2675454,523395,2152059
V,11.0,직영몰,차시즌의류,방풍자켓,WJ,3960000,3564000,3239999,3239999,685707,2554292
V,99.0,기타,Acc_etc,머플러(스카프),MF,0,0,0,0,0,0
V,99.0,기타,Acc_etc,장갑,AG,0,0,0,0,0,0
V,99.0,기타,Acc_etc,토시,ML,0,0,0,0,0,0
V,99.0,기타,Bag,크로스백,CR,0,0,0,0,0,0
V,99.0,기타,Bag,토드백,TG,0,0,0,0,0,0
V,99.0,기타,Shoes,방한화,WB,259000,58080,52800,52800,52800,0
V,99.0,기타,과시즌의류,방풍자켓,WJ,590000,131440,119490,119490,73073,46417
V,99.0,기타,당시즌의류,다운점퍼,DJ,3870000,1701100,1546449,1546449,674564,871885
V,99.0,기타,당시즌의류,팬츠,PT,330000,93880,85342,85342,84987,355
W,4.0,자사몰,Acc_etc,양말,SO,170900,73610,66919,66919,36273,30646
W,4.0,자사몰,Bag,가방,BG,4997000,946480,860445,860445,1486163,-625718
W,4.0,자사몰,Bag,백팩,BK,338000,121100,110091,110091,92070,18021
W,4.0,자사몰,Bag,보스톤백,BW,945000,244470,222244,222244,277850,-55606
W,4.0,자사몰,Bag,크로스백,CR,465000,143000,130001,130001,132420,-2419
W,4.0,자사몰,Bag,토드백,TG,119000,28750,26136,26136,34140,-8004
W,4.0,자사몰,Bag,힙색,HS,69000,28260,25691,25691,19770,5921
W,4.0,자사몰,Headwear,방한모,WM,198000,78000,70910,70910,29520,41390
W,4.0,자사몰,Headwear,비니,BN,2163000,578020,525481,525481,303220,222261
W,4.0,자사몰,Headwear,운동모,CP,9798000,2879530,2617791,2617791,2058310,559481
W,4.0,자사몰,Headwear,햇,HT,1213000,319200,290186,290186,250262,39924
W,4.0,자사몰,Shoes,방한화,WB,2064000,456200,414732,414732,168873,245859
W,4.0,자사몰,Shoes,슬리퍼,LP,454000,132100,120092,120092,54510,65582
W,4.0,자사몰,Shoes,신발,SH,14600000,3935700,3577909,3577909,2963364,614545
W,4.0,자사몰,과시즌의류,긴팔티셔츠,RL,4782000,1270130,1154678,1154678,515398,639280
W,4.0,자사몰,과시즌의류,니트베스트,KV,556000,71860,65327,65327,5055,60272
W,4.0,자사몰,과시즌의류,다운베스트,DV,458000,138000,125454,125454,52206,73248
W,4.0,자사몰,과시즌의류,다운점퍼,DJ,17679000,5613440,5103126,5103126,2305672,2797454
W,4.0,자사몰,과시즌의류,레깅스,LG,632000,72000,65456,65456,5746,59710
W,4.0,자사몰,과시즌의류,맨투맨,MT,28114000,5241890,4765328,4765328,2489073,2276255
W,4.0,자사몰,과시즌의류,반바지,SP,1752000,500070,454615,454615,288805,165810
W,4.0,자사몰,과시즌의류,반팔티셔츠,RS,2841000,1061000,964551,964551,552357,412194
W,4.0,자사몰,과시즌의류,방풍자켓,WJ,9433000,2501830,2274395,2274395,1472837,801558
W,4.0,자사몰,과시즌의류,베스트,VT,897000,145540,132308,132308,73391,58917
W,4.0,자사몰,과시즌의류,소프트쉘,SS,945000,379220,344744,344744,140891,203853
W,4.0,자사몰,과시즌의류,우븐반바지,SM,1919000,563040,511859,511859,452834,59025
W,4.0,자사몰,과시즌의류,우븐팬츠,WP,8002000,1950570,1773242,1773242,923374,849868
W,4.0,자사몰,과시즌의류,점퍼,JP,6635000,1270960,1155417,1155417,581956,573461
W,4.0,자사몰,과시즌의류,진바지,DP,934000,227450,206773,206773,128725,78048
W,4.0,자사몰,과시즌의류,탱크탑,TK,1287000,197000,179094,179094,54733,124361
W,4.0,자사몰,과시즌의류,트레이닝 숏팬츠,TB,733000,123000,111820,111820,6664,105156
W,4.0,자사몰,과시즌의류,트레이닝(상의),TR,2327000,392480,356804,356804,193647,163157
W,4.0,자사몰,과시즌의류,트레이닝(하의),TP,1710000,253600,230545,230545,101565,128980
W,4.0,자사몰,과시즌의류,패딩,PD,1274000,506200,460181,460181,545535,-85354
W,4.0,자사몰,과시즌의류,팬츠,PT,22562000,5542670,5038792,5038792,2235181,2803611
W,4.0,자사몰,과시즌의류,폴라폴리스점퍼,FD,3367000,761100,691905,691905,275482,416423
W,4.0,자사몰,과시즌의류,폴로 티셔츠,PQ,2131000,492300,447550,447550,251846,195704
W,4.0,자사몰,과시즌의류,후드티,HD,12165000,3088550,2807773,2807773,1495467,1312306
W,5.0,제휴몰,Acc_etc,양말,SO,34000,18000,16364,16364,5070,11294
W,5.0,제휴몰,Bag,가방,BG,2298000,458000,416370,416370,773813,-357443
W,5.0,제휴몰,Bag,백팩,BK,1151000,461000,419087,419087,302980,116107
W,5.0,제휴몰,Bag,보스톤백,BW,696000,186000,169090,169090,207530,-38440
W,5.0,제휴몰,Bag,크로스백,CR,475000,185000,168182,168182,125300,42882
W,5.0,제휴몰,Bag,토드백,TG,238000,58000,52728,52728,68280,-15552
W,5.0,제휴몰,Bag,힙색,HS,79000,29000,26364,26364,19800,6564
W,5.0,제휴몰,Headwear,방한모,WM,99000,39000,35455,35455,14760,20695
W,5.0,제휴몰,Headwear,비니,BN,477000,171000,155457,155457,74180,81277
W,5.0,제휴몰,Headwear,운동모,CP,3830000,908000,825469,825469,762114,63355
W,5.0,제휴몰,Headwear,햇,HT,592000,152000,138184,138184,120396,17788
W,5.0,제휴몰,Shoes,방한화,WB,903000,203000,184548,184548,73884,110664
W,5.0,제휴몰,Shoes,슬리퍼,LP,227000,67000,60910,60910,27255,33655
W,5.0,제휴몰,Shoes,신발,SH,13944000,3874000,3521791,3521791,2301983,1219808
W,5.0,제휴몰,과시즌의류,긴팔티셔츠,RL,1670000,500000,454551,454551,208303,246248
W,5.0,제휴몰,과시즌의류,다운베스트,DV,219000,89000,80909,80909,32651,48258
W,5.0,제휴몰,과시즌의류,다운점퍼,DJ,19336000,6746000,6132722,6132722,2540676,3592046
W,5.0,제휴몰,과시즌의류,데님셔츠,DR,129000,29000,26364,26364,15246,11118
W,5.0,제휴몰,과시즌의류,레깅스,LG,79000,9000,8182,8182,719,7463
W,5.0,제휴몰,과시즌의류,맨투맨,MT,8139000,1939000,1762749,1762749,820171,942578
W,5.0,제휴몰,과시즌의류,반바지,SP,395000,135000,122728,122728,74035,48693
W,5.0,제휴몰,과시즌의류,반팔카라티셔츠,TS,149000,19000,17273,17273,1355,15918
W,5.0,제휴몰,과시즌의류,반팔티셔츠,RS,2391000,917000,833643,833643,512184,321459
W,5.0,제휴몰,과시즌의류,방풍자켓,WJ,3880000,1300000,1181817,1181817,834926,346891
W,5.0,제휴몰,과시즌의류,소프트쉘,SS,1224000,474000,430908,430908,182489,248419
W,5.0,제휴몰,과시즌의류,스커트,SK,288000,118000,107272,107272,90800,16472
W,5.0,제휴몰,과시즌의류,우븐반바지,SM,1343000,479000,435460,435460,474137,-38677
W,5.0,제휴몰,과시즌의류,우븐셔츠,WS,298000,38000,34546,34546,2710,31836
W,5.0,제휴몰,과시즌의류,우븐팬츠,WP,6435000,1455000,1322738,1322738,960721,362017
W,5.0,제휴몰,과시즌의류,점퍼,JP,7117000,1527000,1388178,1388178,606559,781619
W,5.0,제휴몰,과시즌의류,진바지,DP,318000,78000,70909,70909,37582,33327
W,5.0,제휴몰,과시즌의류,탱크탑,TK,375000,65000,59091,59091,29860,29231
W,5.0,제휴몰,과시즌의류,트레이닝 숏팬츠,TB,188000,28000,25455,25455,1710,23745
W,5.0,제휴몰,과시즌의류,트레이닝(상의),TR,2148000,368000,334550,334550,192022,142528
W,5.0,제휴몰,과시즌의류,트레이닝(하의),TP,2047000,397000,360914,360914,189539,171375
W,5.0,제휴몰,과시즌의류,패딩,PD,2628000,1068000,970908,970908,1001400,-30492
W,5.0,제휴몰,과시즌의류,팬츠,PT,8479000,2189000,1990021,1990021,1158131,831890
W,5.0,제휴몰,과시즌의류,폴라폴리스점퍼,FD,1554000,354000,321816,321816,127146,194670
W,5.0,제휴몰,과시즌의류,폴로 티셔츠,PQ,307000,77000,70001,70001,36282,33719
W,5.0,제휴몰,과시즌의류,후드티,HD,5671000,1551000,1410003,1410003,702912,707091
W,5.0,제휴몰,당시즌의류,반팔티셔츠,RS,98000,38000,34546,34546,21460,13086
W,6.0,대리점,Headwear,운동모,CP,0,396980,360894,220137,0,220137
W,6.0,대리점,Shoes,신발,SH,0,59000,53636,32718,0,32718
W,6.0,대리점,과시즌의류,반팔티셔츠,RS,0,432010,392733,239564,0,239564
W,6.0,대리점,과시즌의류,우븐반바지,SM,0,39000,35456,21628,0,21628
W,99.0,기타,Shoes,신발,SH,139000,53640,48760,48760,37700,11060
W,99.0,기타,과시즌의류,긴팔티셔츠,RL,109000,35460,32232,32232,16251,15981
W,99.0,기타,과시즌의류,맨투맨,MT,268000,43630,39670,39670,21928,17742
W,99.0,기타,과시즌의류,방풍자켓,WJ,189000,35150,31956,31956,15464,16492
W,99.0,기타,과시즌의류,우븐팬츠,WP,149000,44550,40496,40496,17610,22886
W,99.0,기타,과시즌의류,점퍼,JP,359000,71820,65290,65290,29373,35917
W,99.0,기타,과시즌의류,팬츠,PT,248000,53040,48211,48211,27624,20587
W,99.0,기타,과시즌의류,후드티,HD,139000,26360,23968,23968,11373,12595
X,1.0,백화점,Acc_etc,기타소품류,AC,34081000,21514120,19558145,12861822,6530042,6331780
X,1.0,백화점,Acc_etc,다운 스카프,DC,61944000,43229040,39299138,25414169,12601272,12812897
X,1.0,백화점,Acc_etc,마스크,MK,2783000,1983260,1802906,1190456,691788,498668
X,1.0,백화점,Acc_etc,멀티스카프,MS,5034000,2883220,2621120,1790765,985084,805681
X,1.0,백화점,Acc_etc,양말,SO,6451500,5330330,4845595,3256077,1548561,1707516
X,1.0,백화점,Acc_etc,장갑,GL,31386000,20510820,18646407,12568084,7451433,5116651
X,1.0,백화점,Acc_etc,토시,ML,290000,99550,90493,62853,33219,29634
X,1.0,백화점,Bag,가방,BG,29613000,15491820,14083396,9519918,6739319,2780599
X,1.0,백화점,Bag,메신저백,MR,47149000,34219500,31108616,20412384,10629721,9782663
X,1.0,백화점,Bag,바디백,BZ,743000,732350,665773,440111,177690,262421
X,1.0,백화점,Bag,백팩,BK,1823666000,1481057330,1346414541,879654250,413372101,466282149
X,1.0,백화점,Bag,보스톤백,BW,3238000,1464740,1331543,944919,718234,226685
X,1.0,백화점,Bag,슬링백,SG,40167000,28651540,26046742,17333653,8765554,8568099
X,1.0,백화점,Bag,크로스백,CR,82743000,46748970,42498751,28107600,17666596,10441004
X,1.0,백화점,Bag,토드백,TG,66347000,36053010,32775457,21431053,14625168,6805885
X,1.0,백화점,Bag,힙색,HS,3386000,2141260,1946598,1294229,724467,569762
X,1.0,백화점,Headwear,메시캡,MC,49000,49000,44546,28064,11298,16766
X,1.0,백화점,Headwear,방한모,WM,18719000,16447730,14952450,9914875,3902637,6012238
X,1.0,백화점,Headwear,비니,BN,56033000,36944620,33585723,22395606,11093566,11302040
X,1.0,백화점,Headwear,운동모,CP,58347000,35869340,32608241,21976853,11221071,10755782
X,1.0,백화점,Headwear,햇,HT,7485000,3329220,3026575,2028204,1510353,517851
X,1.0,백화점,Shoes,슬리퍼,LP,30931000,27266680,24787752,16425160,7753225,8671935
X,1.0,백화점,Shoes,신발,SH,1184217000,837587460,761443228,497389351,252644643,244744708
X,1.0,백화점,과시즌의류,긴팔카라티셔츠,TL,3680000,2195090,1995545,1512725,582061,930664
X,1.0,백화점,과시즌의류,긴팔티셔츠,RL,5375000,3219110,2926434,2120718,863473,1257245
X,1.0,백화점,과시즌의류,다운베스트,DV,15878000,9367770,8516075,6253903,2566419,3687484
X,1.0,백화점,과시즌의류,다운점퍼,DJ,3207363000,1667710650,1516100647,1053419793,517738298,535681495
X,1.0,백화점,과시즌의류,레깅스,LG,23691000,9566170,8696494,6490979,3856082,2634897
X,1.0,백화점,과시즌의류,맨투맨,MT,60939000,36721260,33382841,24699767,10162201,14537566
X,1.0,백화점,과시즌의류,반바지,SP,4785000,2871000,2610012,1947365,797527,1149838
X,1.0,백화점,과시즌의류,반팔카라티셔츠,TS,515000,327790,297999,213596,81711,131885
X,1.0,백화점,과시즌의류,반팔티셔츠,RS,6327000,4388330,3989499,2958337,1145928,1812409
X,1.0,백화점,과시즌의류,방풍자켓,WJ,111261000,41533930,37758032,27309721,15568823,11740898
X,1.0,백화점,과시즌의류,브라,BR,98000,58800,53455,34478,29958,4520
X,1.0,백화점,과시즌의류,상하의 세트,AZ,89000,53400,48546,34953,21370,13583
X,1.0,백화점,과시즌의류,소프트쉘,SS,73949000,37485610,34077653,24613560,11998774,12614786
X,1.0,백화점,과시즌의류,스윔웨어 하의,SB,0,0,0,0,0,0
X,1.0,백화점,과시즌의류,스커트,SK,2838000,1612560,1466004,1097986,458660,639326
X,1.0,백화점,과시즌의류,원피스,OP,3567000,1850940,1682719,1241554,590482,651072
X,1.0,백화점,과시즌의류,집업티,ZT,1357000,678580,616830,457522,218466,239056
X,1.0,백화점,과시즌의류,트레이닝 숏팬츠,TB,1422000,995360,904898,622368,301920,320448
X,1.0,백화점,과시즌의류,트레이닝(상의),TR,206735000,92850520,84409648,60440297,33868287,26572010
X,1.0,백화점,과시즌의류,트레이닝(하의),TP,206922000,98613920,89649043,64098241,33764476,30333765
X,1.0,백화점,과시즌의류,패딩,PD,5404000,3611610,3283276,2431430,1167627,1263803
X,1.0,백화점,과시즌의류,팬츠,PT,85363000,48552050,44138243,32822247,13775298,19046949
X,1.0,백화점,과시즌의류,후드티,HD,24652000,12648030,11498275,8435040,4187555,4247485
X,1.0,백화점,당시즌의류,긴팔카라티셔츠,TL,6436000,5607730,5097905,3421114,1041223,2379891
X,1.0,백화점,당시즌의류,긴팔티셔츠,RL,15825000,12781090,11619133,7757514,2928074,4829440
X,1.0,백화점,당시즌의류,다운베스트,DV,138760000,123419080,112199089,73640370,32189269,41451101
X,1.0,백화점,당시즌의류,다운점퍼,DJ,7091724000,6121148460,5564678708,3671577696,1901883792,1769693904
X,1.0,백화점,당시즌의류,레깅스,LG,1619000,1133400,1030272,673051,380330,292721
X,1.0,백화점,당시즌의류,맨투맨,MT,143543000,107921800,98111485,64922745,33882285,31040460
X,1.0,백화점,당시즌의류,반팔티셔츠,RS,826000,782200,711092,468623,173292,295331
X,1.0,백화점,당시즌의류,방풍자켓,WJ,11855000,9071530,8246820,5455740,3169690,2286050
X,1.0,백화점,당시즌의류,상하의 세트,AZ,7277000,6397700,5816090,3760749,1655614,2105135
X,1.0,백화점,당시즌의류,소프트쉘,SS,132507000,117598140,106907375,70731321,29393967,41337354
X,1.0,백화점,당시즌의류,스커트,SK,5582000,4469250,4062991,2674714,1314736,1359978
X,1.0,백화점,당시즌의류,원피스,OP,1211000,847700,770638,512407,251356,261051
X,1.0,백화점,당시즌의류,점퍼,JP,3033000,2123080,1930089,1343573,774915,568658
X,1.0,백화점,당시즌의류,집업티,ZT,24992000,17494530,15904002,10705758,5125990,5579768
X,1.0,백화점,당시즌의류,트레이닝(상의),TR,63727000,54231810,49301771,32471867,14186122,18285745
X,1.0,백화점,당시즌의류,트레이닝(하의),TP,81607000,70887130,64442872,42412367,17463303,24949064
X,1.0,백화점,당시즌의류,패딩,PD,26623000,19563340,17784860,11747135,7646168,4100967
X,1.0,백화점,당시즌의류,팬츠,PT,75078000,65168710,59244211,38979656,16572127,22407529
X,1.0,백화점,당시즌의류,후드티,HD,86769000,62733020,57029850,37519811,21697722,15822089
X,1.0,백화점,차시즌의류,긴팔티셔츠,RL,5295000,5230600,4755084,3142900,1162041,1980859
X,1.0,백화점,차시즌의류,맨투맨,MT,25519000,25136690,22851532,15155589,6198688,8956901
X,1.0,백화점,차시즌의류,반팔티셔츠,RS,951000,941000,855454,572929,224826,348103
X,1.0,백화점,차시즌의류,방풍자켓,WJ,4424000,4277440,3888587,2513064,1064663,1448401
X,1.0,백화점,차시즌의류,상하의 세트,AZ,1510000,1510000,1372727,871683,446514,425169
X,1.0,백화점,차시즌의류,소프트쉘,SS,795000,795000,722728,491455,156665,334790
X,1.0,백화점,차시즌의류,트레이닝 숏팬츠,TB,1738000,1693000,1539089,1019617,443134,576483
X,1.0,백화점,차시즌의류,트레이닝(상의),TR,12919000,12698720,11544296,7587535,2999056,4588479
X,1.0,백화점,차시즌의류,트레이닝(하의),TP,14579000,14214030,12921816,8529162,3092271,5436891
X,1.0,백화점,차시즌의류,패딩,PD,32228000,31590790,28718878,18902619,8183675,10718944
X,1.0,백화점,차시즌의류,팬츠,PT,5716000,5655190,5141087,3371766,1240321,2131445
X,1.0,백화점,차시즌의류,후드티,HD,5827000,5763300,5239360,3472320,1634663,1837657
X,2.0,면세점,Acc_etc,기타소품류,AC,21360000,9008480,8189553,4913624,4374903,538721
X,2.0,면세점,Acc_etc,다운 스카프,DC,13167000,6583460,5984959,3591020,3223873,367147
X,2.0,면세점,Acc_etc,마스크,MK,39000,27300,24818,14891,9684,5207
X,2.0,면세점,Acc_etc,멀티스카프,MS,39000,39000,35455,21273,8177,13096
X,2.0,면세점,Acc_etc,장갑,GL,1734000,735000,668158,400902,383545,17357
X,2.0,면세점,Bag,가방,BG,1590000,795000,722730,433640,364480,69160
X,2.0,면세점,Bag,메신저백,MR,99000,99000,90000,54000,24210,29790
X,2.0,면세점,Bag,백팩,BK,116627000,108603540,98730436,59238154,27009838,32228316
X,2.0,면세점,Bag,보스톤백,BW,1178000,597900,543545,326127,248716,77411
X,2.0,면세점,Bag,슬링백,SG,1187000,797300,724818,434890,253379,181511
X,2.0,면세점,Bag,크로스백,CR,21003000,11995190,10904660,6542813,4426362,2116451
X,2.0,면세점,Bag,토드백,TG,1604000,671000,610004,366001,343050,22951
X,2.0,면세점,Bag,힙색,HS,494000,276600,251450,150870,109120,41750
X,2.0,면세점,Headwear,방한모,WM,519000,519000,471819,283090,109924,173166
X,2.0,면세점,Headwear,비니,BN,7818000,6508280,5916638,3549981,1633974,1916007
X,2.0,면세점,Headwear,운동모,CP,9162000,6649820,6045309,3627164,1739711,1887453
X,2.0,면세점,Headwear,햇,HT,187000,105300,95727,57436,40280,17156
X,2.0,면세점,Shoes,슬리퍼,LP,13644000,13549320,12317602,7390525,3237060,4153465
X,2.0,면세점,Shoes,신발,SH,270837000,199182710,181074733,108644813,57780444,50864369
X,2.0,면세점,과시즌의류,다운점퍼,DJ,0,0,0,0,11024,-11024
X,2.0,면세점,당시즌의류,긴팔카라티셔츠,TL,228000,228000,207273,124364,36528,87836
X,2.0,면세점,당시즌의류,긴팔티셔츠,RL,33739000,24847550,22588645,13553088,5884964,7668124
X,2.0,면세점,당시즌의류,다운베스트,DV,15722000,15148410,13771291,8262774,3625001,4637773
X,2.0,면세점,당시즌의류,다운점퍼,DJ,2602212000,2293548580,2085043338,1251025885,775724080,475301805
X,2.0,면세점,당시즌의류,레깅스,LG,297000,207900,189000,113400,70610,42790
X,2.0,면세점,당시즌의류,맨투맨,MT,39502000,29765170,27059229,16235560,8631903,7603657
X,2.0,면세점,당시즌의류,반팔티셔츠,RS,118000,118000,107274,64364,24756,39608
X,2.0,면세점,당시즌의류,방풍자켓,WJ,10678000,8629600,7845086,4707053,2877058,1829995
X,2.0,면세점,당시즌의류,소프트쉘,SS,72384000,55937720,50852479,30511538,15475833,15035705
X,2.0,면세점,당시즌의류,스커트,SK,526000,368200,334725,200835,103394,97441
X,2.0,면세점,당시즌의류,점퍼,JP,21072000,14750400,13409424,8045664,5748968,2296696
X,2.0,면세점,당시즌의류,집업티,ZT,19963000,13974070,12703680,7622192,4159726,3462466
X,2.0,면세점,당시즌의류,트레이닝(상의),TR,7011000,5637310,5124825,3074896,1384168,1690728
X,2.0,면세점,당시즌의류,트레이닝(하의),TP,20700000,18871500,17155919,10293518,4444832,5848686
X,2.0,면세점,당시즌의류,패딩,PD,4504000,3965500,3604995,2162999,1216816,946183
X,2.0,면세점,당시즌의류,팬츠,PT,21176000,17564260,15967498,9580521,5057483,4523038
X,2.0,면세점,당시즌의류,후드티,HD,41548000,29920790,27200718,16320396,9323192,6997204
X,2.0,면세점,차시즌의류,긴팔티셔츠,RL,413000,413000,375459,225274,96893,128381
X,2.0,면세점,차시즌의류,맨투맨,MT,89000,89000,80909,48545,21089,27456
X,2.0,면세점,차시즌의류,트레이닝(상의),TR,149000,149000,135455,81273,32462,48811
X,2.0,면세점,차시즌의류,트레이닝(하의),TP,119000,119000,108182,64909,26706,38203
X,3.0,직영점(가두),Acc_etc,기타소품류,AC,1618000,1473600,1339621,1339621,329714,1009907
X,3.0,직영점(가두),Acc_etc,다운 스카프,DC,4752000,4687900,4261691,4261691,747091,3514600
X,3.0,직영점(가두),Acc_etc,마스크,MK,98000,68600,62362,62362,25824,36538
X,3.0,직영점(가두),Acc_etc,멀티스카프,MS,117000,117000,106362,106362,24156,82206
X,3.0,직영점(가두),Acc_etc,양말,SO,309000,262730,238845,238845,68596,170249
X,3.0,직영점(가두),Acc_etc,장갑,GL,4812000,4812000,4374528,4374528,1180437,3194091
X,3.0,직영점(가두),Bag,가방,BG,99000,99000,90000,90000,23672,66328
X,3.0,직영점(가두),Bag,메신저백,MR,198000,198000,180000,180000,48420,131580
X,3.0,직영점(가두),Bag,바디백,BZ,109000,99000,90000,90000,24748,65252
X,3.0,직영점(가두),Bag,백팩,BK,13326000,13052320,11865712,11865712,3187680,8678032
X,3.0,직영점(가두),Bag,슬링백,SG,1564000,1279000,1162724,1162724,331783,830941
X,3.0,직영점(가두),Bag,크로스백,CR,3375000,2925900,2659899,2659899,755455,1904444
X,3.0,직영점(가두),Headwear,방한모,WM,3750000,3495000,3177233,3177233,768241,2408992
X,3.0,직영점(가두),Headwear,비니,BN,4897000,4568340,4152985,4152985,1030818,3122167
X,3.0,직영점(가두),Headwear,운동모,CP,3236000,2839800,2581613,2581613,651742,1929871
X,3.0,직영점(가두),Headwear,햇,HT,255000,255000,231816,231816,51728,180088
X,3.0,직영점(가두),Shoes,슬리퍼,LP,978000,958000,870899,870899,261609,609290
X,3.0,직영점(가두),Shoes,신발,SH,24510000,22089800,20081514,20081514,5378658,14702856
X,3.0,직영점(가두),과시즌의류,스윔웨어,SW,178000,106800,97090,97090,35518,61572
X,3.0,직영점(가두),과시즌의류,스윔웨어 하의,SB,148000,103600,94181,94181,28190,65991
X,3.0,직영점(가두),당시즌의류,긴팔티셔츠,RL,1026000,780300,709360,709360,192963,516397
X,3.0,직영점(가두),당시즌의류,다운베스트,DV,5199000,5127300,4661171,4661171,1189755,3471416
X,3.0,직영점(가두),당시즌의류,다운점퍼,DJ,426540000,397388700,361262056,361262056,114522124,246739932
X,3.0,직영점(가두),당시즌의류,레깅스,LG,99000,69300,63000,63000,26660,36340
X,3.0,직영점(가두),당시즌의류,맨투맨,MT,5844000,4688930,4262639,4262639,1314888,2947751
X,3.0,직영점(가두),당시즌의류,방풍자켓,WJ,2440000,2075200,1886543,1886543,663839,1222704
X,3.0,직영점(가두),당시즌의류,상하의 세트,AZ,278000,278000,252726,252726,63232,189494
X,3.0,직영점(가두),당시즌의류,소프트쉘,SS,8490000,7098170,6452864,6452864,1848801,4604063
X,3.0,직영점(가두),당시즌의류,스커트,SK,298000,259300,235726,235726,70967,164759
X,3.0,직영점(가두),당시즌의류,점퍼,JP,3073000,2151100,1955542,1955542,842444,1113098
X,3.0,직영점(가두),당시즌의류,집업티,ZT,2211000,1547700,1406992,1406992,461991,945001
X,3.0,직영점(가두),당시즌의류,트레이닝(상의),TR,4627000,4285800,3896168,3896168,1006475,2889693
X,3.0,직영점(가두),당시즌의류,트레이닝(하의),TP,4938000,4501100,4091892,4091892,1007147,3084745
X,3.0,직영점(가두),당시즌의류,패딩,PD,1593000,1478190,1343804,1343804,408941,934863
X,3.0,직영점(가두),당시즌의류,팬츠,PT,8563000,7778800,7071617,7071617,1798770,5272847
X,3.0,직영점(가두),당시즌의류,후드티,HD,3567000,2905700,2641534,2641534,829070,1812464
X,3.0,직영점(가두),차시즌의류,긴팔티셔츠,RL,354000,344000,312725,312725,80570,232155
X,3.0,직영점(가두),차시즌의류,맨투맨,MT,1344000,1344000,1221816,1221816,324262,897554
X,3.0,직영점(가두),차시즌의류,상하의 세트,AZ,159000,159000,144545,144545,46988,97557
X,3.0,직영점(가두),차시즌의류,소프트쉘,SS,159000,159000,144545,144545,31333,113212
X,3.0,직영점(가두),차시즌의류,트레이닝(상의),TR,1002000,1002000,910905,910905,234266,676639
X,3.0,직영점(가두),차시즌의류,트레이닝(하의),TP,1160000,1150000,1045447,1045447,227670,817777
X,3.0,직영점(가두),차시즌의류,패딩,PD,1185000,1185000,1077270,1077270,289346,787924
X,3.0,직영점(가두),차시즌의류,팬츠,PT,248000,248000,225454,225454,54133,171321
X,3.0,직영점(가두),차시즌의류,후드티,HD,544000,544000,494545,494545,152113,342432
X,4.0,자사몰,Acc_etc,기타소품류,AC,4694000,2167810,1970752,1970752,930133,1040619
X,4.0,자사몰,Acc_etc,다운 스카프,DC,4444000,3437320,3124835,3124835,776524,2348311
X,4.0,자사몰,Acc_etc,마스크,MK,775000,470670,427881,427881,188208,239673
X,4.0,자사몰,Acc_etc,멀티스카프,MS,585000,558660,507876,507876,120403,387473
X,4.0,자사몰,Acc_etc,양말,SO,2598000,1839560,1672334,1672334,566883,1105451
X,4.0,자사몰,Acc_etc,장갑,GL,6743000,4368680,3971534,3971534,1605995,2365539
X,4.0,자사몰,Acc_etc,토시,ML,75000,50978,48660,48660,14727,33933
X,4.0,자사몰,Bag,가방,BG,2841000,1400500,1273185,1273185,652902,620283
X,4.0,자사몰,Bag,메신저백,MR,2746000,2112550,1920501,1920501,629870,1290631
X,4.0,자사몰,Bag,바디백,BZ,327000,289740,263400,263400,74244,189156
X,4.0,자사몰,Bag,백팩,BK,266820000,226602369,206081302,206081302,63222895,142858407
X,4.0,자사몰,Bag,보스톤백,BW,564000,288660,262417,262417,125990,136427
X,4.0,자사몰,Bag,슬링백,SG,9985000,6903330,6275757,6275757,2160613,4115144
X,4.0,자사몰,Bag,크로스백,CR,6333000,4725028,4326835,4326835,1375731,2951104
X,4.0,자사몰,Bag,토드백,TG,3773000,2696030,2450932,2450932,909069,1541863
X,4.0,자사몰,Bag,힙색,HS,207000,126610,115100,115100,58659,56441
X,4.0,자사몰,Headwear,방한모,WM,7147000,5957830,5416212,5416212,1493143,3923069
X,4.0,자사몰,Headwear,비니,BN,3586000,2870970,2609974,2609974,767127,1842847
X,4.0,자사몰,Headwear,운동모,CP,7368000,5511470,5010410,5010410,1461076,3549334
X,4.0,자사몰,Headwear,햇,HT,1320000,945050,859136,859136,284311,574825
X,4.0,자사몰,Shoes,슬리퍼,LP,5661000,4961670,4515674,4515674,1348507,3167167
X,4.0,자사몰,Shoes,신발,SH,228990000,170692208,155301521,155301521,48683277,106618244
X,4.0,자사몰,과시즌의류,반팔티셔츠,RS,69000,93396,93396,93396,11564,81832
X,4.0,자사몰,과시즌의류,방풍자켓,WJ,528000,340543,340543,340543,72810,267733
X,4.0,자사몰,과시즌의류,스윔웨어,SW,15020000,9491940,8629032,8629032,2883826,5745206
X,4.0,자사몰,과시즌의류,스윔웨어 하의,SB,10932000,6879250,6253865,6253865,2221707,4032158
X,4.0,자사몰,당시즌의류,긴팔카라티셔츠,TL,2588000,2054260,1867509,1867509,424923,1442586
X,4.0,자사몰,당시즌의류,긴팔티셔츠,RL,16897000,12395530,11268642,11268642,3107774,8160868
X,4.0,자사몰,당시즌의류,다운베스트,DV,23194000,20798890,18908094,18908094,5399526,13508568
X,4.0,자사몰,당시즌의류,다운점퍼,DJ,978456000,835754490,759776676,759776676,260092696,499683980
X,4.0,자사몰,당시즌의류,레깅스,LG,693000,446470,405882,405882,163198,242684
X,4.0,자사몰,당시즌의류,맨투맨,MT,35505000,25703550,23366900,23366900,8257921,15108979
X,4.0,자사몰,당시즌의류,반팔티셔츠,RS,295000,247180,224709,224709,61890,162819
X,4.0,자사몰,당시즌의류,방풍자켓,WJ,15895000,12982320,11802105,11802105,4256101,7546004
X,4.0,자사몰,당시즌의류,상하의 세트,AZ,2849000,2408420,2189475,2189475,615852,1573623
X,4.0,자사몰,당시즌의류,소프트쉘,SS,30098000,24697860,22452592,22452592,6537141,15915451
X,4.0,자사몰,당시즌의류,스커트,SK,1739000,1350920,1228109,1228109,443706,784403
X,4.0,자사몰,당시즌의류,원피스,OP,745000,484480,440436,440436,156186,284250
X,4.0,자사몰,당시즌의류,점퍼,JP,1756000,1217850,1107137,1107137,483134,624003
X,4.0,자사몰,당시즌의류,집업티,ZT,11838000,7837510,7125001,7125001,2449171,4675830
X,4.0,자사몰,당시즌의류,트레이닝(상의),TR,33181000,27974940,25431771,25431771,7074970,18356801
X,4.0,자사몰,당시즌의류,트레이닝(하의),TP,56489000,47769530,43426869,43426869,11383245,32043624
X,4.0,자사몰,당시즌의류,패딩,PD,3216000,2827260,2570239,2570239,888040,1682199
X,4.0,자사몰,당시즌의류,팬츠,PT,29678000,25215370,22923069,22923069,6516886,16406183
X,4.0,자사몰,당시즌의류,후드티,HD,25764000,18252980,16593612,16593612,6115334,10478278
X,4.0,자사몰,차시즌의류,긴팔티셔츠,RL,1063000,991860,901691,901691,235848,665843
X,4.0,자사몰,차시즌의류,맨투맨,MT,3161000,2984740,2713399,2713399,769888,1943511
X,4.0,자사몰,차시즌의류,반팔티셔츠,RS,180000,180000,163636,163636,45224,118412
X,4.0,자사몰,차시즌의류,방풍자켓,WJ,388000,340000,309091,309091,87575,221516
X,4.0,자사몰,차시즌의류,소프트쉘,SS,159000,138630,126027,126027,31333,94694
X,4.0,자사몰,차시즌의류,트레이닝(상의),TR,3232000,3066630,2787846,2787846,750165,2037681
X,4.0,자사몰,차시즌의류,트레이닝(하의),TP,2508000,2450940,2228129,2228129,534083,1694046
X,4.0,자사몰,차시즌의류,패딩,PD,906000,860760,782509,782509,217298,565211
X,4.0,자사몰,차시즌의류,팬츠,PT,714000,685370,623064,623064,154470,468594
X,4.0,자사몰,차시즌의류,후드티,HD,890000,830070,754610,754610,257594,497016
X,5.0,제휴몰,Acc_etc,기타소품류,AC,27417000,14820040,13472880,13472880,5740164,7732716
X,5.0,제휴몰,Acc_etc,다운 스카프,DC,261145000,235705090,214277232,214277232,43288064,170989168
X,5.0,제휴몰,Acc_etc,마스크,MK,1822000,1298800,1180720,1180720,429195,751525
X,5.0,제휴몰,Acc_etc,멀티스카프,MS,10962000,4703300,4275770,4275770,2207431,2068339
X,5.0,제휴몰,Acc_etc,양말,SO,4507000,2909580,2645091,2645091,882039,1763052
X,5.0,제휴몰,Acc_etc,장갑,GL,16989000,7735520,7032287,7032287,3701352,3330935
X,5.0,제휴몰,Acc_etc,토시,ML,300000,185000,168180,168180,49604,118576
X,5.0,제휴몰,Bag,가방,BG,12060000,6118970,5562679,5562679,2765644,2797035
X,5.0,제휴몰,Bag,메신저백,MR,5915000,4989200,4535637,4535637,1381218,3154419
X,5.0,제휴몰,Bag,바디백,BZ,732000,732000,665454,665454,181338,484116
X,5.0,제휴몰,Bag,백팩,BK,589379000,459782860,417983552,417983552,129029947,288953605
X,5.0,제휴몰,Bag,보스톤백,BW,673000,354300,322090,322090,146008,176082
X,5.0,제휴몰,Bag,슬링백,SG,26256000,18438800,16762493,16762493,5473071,11289422
X,5.0,제휴몰,Bag,크로스백,CR,53857000,27391430,24901314,24901314,11284230,13617084
X,5.0,제휴몰,Bag,토드백,TG,37045000,18319620,16654169,16654169,7606490,9047679
X,5.0,제휴몰,Bag,힙색,HS,5014000,3063900,2785358,2785358,1090389,1694969
X,5.0,제휴몰,Headwear,방한모,WM,7336000,6800500,6182270,6182270,1533509,4648761
X,5.0,제휴몰,Headwear,비니,BN,31852000,15416290,14014852,14014852,6236503,7778349
X,5.0,제휴몰,Headwear,운동모,CP,44479000,21714110,19740102,19740102,8450040,11290062
X,5.0,제휴몰,Headwear,햇,HT,6256000,3192700,2902466,2902466,1245019,1657447
X,5.0,제휴몰,Shoes,슬리퍼,LP,20655000,20543420,18675853,18675853,5234512,13441341
X,5.0,제휴몰,Shoes,신발,SH,751498000,548756920,498870168,498870168,158208001,340662167
X,5.0,제휴몰,과시즌의류,긴팔티셔츠,RL,2284000,1145900,1041718,1041718,371000,670718
X,5.0,제휴몰,과시즌의류,다운베스트,DV,915000,549000,499089,499089,147188,351901
X,5.0,제휴몰,과시즌의류,다운점퍼,DJ,774100000,420307080,382097191,382097191,124967337,257129854
X,5.0,제휴몰,과시즌의류,레깅스,LG,8901000,3715800,3378016,3378016,1476106,1901910
X,5.0,제휴몰,과시즌의류,맨투맨,MT,16614000,9617700,8743382,8743382,2831818,5911564
X,5.0,제휴몰,과시즌의류,반바지,SP,1652000,1123600,1021457,1021457,350995,670462
X,5.0,제휴몰,과시즌의류,반팔카라티셔츠,TS,109000,43600,39636,39636,15147,24489
X,5.0,제휴몰,과시즌의류,반팔티셔츠,RS,30399000,20287100,18442747,18442747,5501986,12940761
X,5.0,제휴몰,과시즌의류,방풍자켓,WJ,34796000,15473300,14066622,14066622,5557275,8509347
X,5.0,제휴몰,과시즌의류,브라,BR,98000,58800,53454,53454,28931,24523
X,5.0,제휴몰,과시즌의류,상하의 세트,AZ,3572000,2143200,1948353,1948353,588695,1359658
X,5.0,제휴몰,과시즌의류,소프트쉘,SS,21660000,10633790,9667035,9667035,3488781,6178254
X,5.0,제휴몰,과시즌의류,스윔웨어,SW,42066000,27107700,24643362,24643362,7928711,16714651
X,5.0,제휴몰,과시즌의류,스윔웨어 하의,SB,17600000,11903300,10821180,10821180,3700748,7120432
X,5.0,제휴몰,과시즌의류,스커트,SK,228000,137800,125272,125272,35598,89674
X,5.0,제휴몰,과시즌의류,원피스,OP,407000,188600,171454,171454,61587,109867
X,5.0,제휴몰,과시즌의류,트레이닝 숏팬츠,TB,1408000,503300,457536,457536,214496,243040
X,5.0,제휴몰,과시즌의류,트레이닝(상의),TR,31624000,13032120,11847367,11847367,5074063,6773304
X,5.0,제휴몰,과시즌의류,트레이닝(하의),TP,38590000,15906700,14460638,14460638,6062111,8398527
X,5.0,제휴몰,과시즌의류,패딩,PD,10680000,6711700,6101553,6101553,2179589,3921964
X,5.0,제휴몰,과시즌의류,팬츠,PT,7754000,4316700,3924273,3924273,1279088,2645185
X,5.0,제휴몰,과시즌의류,후드티,HD,5845000,3297100,2997377,2997377,1013425,1983952
X,5.0,제휴몰,당시즌의류,긴팔카라티셔츠,TL,1933000,1754500,1595000,1595000,305532,1289468
X,5.0,제휴몰,당시즌의류,긴팔티셔츠,RL,19887000,15213900,13830768,13830768,3519277,10311491
X,5.0,제휴몰,당시즌의류,다운베스트,DV,25321000,24604000,22367285,22367285,5864934,16502351
X,5.0,제휴몰,당시즌의류,다운점퍼,DJ,2931652000,2619049600,2380953847,2380953847,742865855,1638087992
X,5.0,제휴몰,당시즌의류,레깅스,LG,253000,177100,161000,161000,56317,104683
X,5.0,제휴몰,당시즌의류,맨투맨,MT,119779000,86823350,78930416,78930416,28623679,50306737
X,5.0,제휴몰,당시즌의류,반팔티셔츠,RS,590000,590000,536360,536360,123780,412580
X,5.0,제휴몰,당시즌의류,방풍자켓,WJ,13471000,10805800,9823449,9823449,3697168,6126281
X,5.0,제휴몰,당시즌의류,상하의 세트,AZ,2551000,2280100,2072812,2072812,553907,1518905
X,5.0,제휴몰,당시즌의류,소프트쉘,SS,46330000,42982600,39075042,39075042,10237694,28837348
X,5.0,제휴몰,당시즌의류,스커트,SK,2224000,1658200,1507458,1507458,489095,1018363
X,5.0,제휴몰,당시즌의류,원피스,OP,1172000,820400,745816,745816,245082,500734
X,5.0,제휴몰,당시즌의류,점퍼,JP,2634000,1843800,1676184,1676184,724701,951483
X,5.0,제휴몰,당시즌의류,집업티,ZT,17842000,12489400,11353999,11353999,3781672,7572327
X,5.0,제휴몰,당시즌의류,트레이닝(상의),TR,18869000,16331900,14847186,14847186,4128473,10718713
X,5.0,제휴몰,당시즌의류,트레이닝(하의),TP,47554000,40708300,37007579,37007579,10088271,26919308
X,5.0,제휴몰,당시즌의류,패딩,PD,1932000,1932000,1756366,1756366,552900,1203466
X,5.0,제휴몰,당시즌의류,팬츠,PT,40933000,35955400,32686695,32686695,9405562,23281133
X,5.0,제휴몰,당시즌의류,후드티,HD,33143000,23788100,21625546,21625546,7942058,13683488
X,5.0,제휴몰,차시즌의류,긴팔티셔츠,RL,295000,295000,268180,268180,58177,210003
X,5.0,제휴몰,차시즌의류,맨투맨,MT,1501000,1501000,1364542,1364542,370550,993992
X,5.0,제휴몰,차시즌의류,방풍자켓,WJ,179000,179000,162727,162727,38897,123830
X,5.0,제휴몰,차시즌의류,트레이닝(상의),TR,615000,615000,559092,559092,137457,421635
X,5.0,제휴몰,차시즌의류,트레이닝(하의),TP,922000,922000,838183,838183,190676,647507
X,5.0,제휴몰,차시즌의류,패딩,PD,259000,259000,235455,235455,64635,170820
X,5.0,제휴몰,차시즌의류,후드티,HD,178000,178000,161818,161818,51518,110300
X,6.0,대리점,Acc_etc,기타소품류,AC,12396000,8671730,7883397,5315877,2487313,2828564
X,6.0,대리점,Acc_etc,다운 스카프,DC,45327000,37024510,33658408,22471115,7853481,14617634
X,6.0,대리점,Acc_etc,마스크,MK,2048000,1433590,1303276,897562,510865,386697
X,6.0,대리점,Acc_etc,멀티스카프,MS,10749000,8156120,7414614,4918518,2152655,2765863
X,6.0,대리점,Acc_etc,양말,SO,21093000,17956560,16323919,10934256,4479481,6454775
X,6.0,대리점,Acc_etc,장갑,GL,31148000,27098660,24635149,16331408,7653795,8677613
X,6.0,대리점,Acc_etc,토시,ML,250000,217690,197890,130406,50138,80268
X,6.0,대리점,Bag,가방,BG,3092000,2366710,2151560,1440875,721784,719091
X,6.0,대리점,Bag,메신저백,MR,20284000,18200520,16545913,10867765,4858320,6009445
X,6.0,대리점,Bag,바디백,BZ,1526000,1405230,1277489,846601,350570,496031
X,6.0,대리점,Bag,백팩,BK,493991000,452183260,411074924,270179644,116952998,153226646
X,6.0,대리점,Bag,보스톤백,BW,337000,144710,131546,88136,74323,13813
X,6.0,대리점,Bag,슬링백,SG,33223000,26488690,24080595,15941056,7113652,8827404
X,6.0,대리점,Bag,크로스백,CR,69126000,51126460,46478254,31050491,15106200,15944291
X,6.0,대리점,Bag,토드백,TG,23587000,12728080,11571027,7790108,5149573,2640535
X,6.0,대리점,Bag,힙색,HS,7256000,3754600,3413281,2337516,1552157,785359
X,6.0,대리점,Headwear,메시캡,MC,392000,372930,339015,217459,90384,127075
X,6.0,대리점,Headwear,방한모,WM,31273000,28402120,25820138,16919174,6546767,10372407
X,6.0,대리점,Headwear,비니,BN,65359000,55662220,50601964,33470574,13879528,19591046
X,6.0,대리점,Headwear,운동모,CP,75621000,62858100,57144049,37676828,14844734,22832094
X,6.0,대리점,Headwear,햇,HT,12432000,8543310,7766524,5202104,2436824,2765280
X,6.0,대리점,Shoes,슬리퍼,LP,27343000,25225690,22932427,14999897,6663549,8336348
X,6.0,대리점,Shoes,신발,SH,731073000,635617200,577833895,381218566,155897566,225321000
X,6.0,대리점,과시즌의류,긴팔카라티셔츠,TL,1011000,606600,551456,383488,161398,222090
X,6.0,대리점,과시즌의류,긴팔티셔츠,RL,2695000,1704610,1549629,1041379,511366,530013
X,6.0,대리점,과시즌의류,니트,KT,169000,84500,76818,51468,23357,28111
X,6.0,대리점,과시즌의류,다운베스트,DV,2903000,1574500,1431362,955776,468199,487577
X,6.0,대리점,과시즌의류,다운점퍼,DJ,1197135000,680768820,618880128,419050946,192688203,226362743
X,6.0,대리점,과시즌의류,레깅스,LG,1789000,766900,697181,480496,295550,184946
X,6.0,대리점,과시즌의류,맨투맨,MT,25565000,17043610,15494145,10430366,4871439,5558927
X,6.0,대리점,과시즌의류,반팔카라티셔츠,TS,-30000,-21000,-19091,-14178,-13525,-653
X,6.0,대리점,과시즌의류,반팔티셔츠,RS,10213000,7047010,6406364,4211753,1977699,2234054
X,6.0,대리점,과시즌의류,방풍자켓,WJ,28229000,17243400,15675794,10588877,6060548,4528329
X,6.0,대리점,과시즌의류,소프트쉘,SS,28693000,15557790,14143168,9558683,4629447,4929236
X,6.0,대리점,과시즌의류,스커트,SK,327000,163500,148635,99585,52564,47021
X,6.0,대리점,과시즌의류,원피스,OP,1113000,540640,491455,331443,179756,151687
X,6.0,대리점,과시즌의류,집업티,ZT,236000,118000,107272,71872,37994,33878
X,6.0,대리점,과시즌의류,트레이닝(상의),TR,55023000,28764140,26148758,17697512,9505894,8191618
X,6.0,대리점,과시즌의류,트레이닝(하의),TP,72016000,38865230,35331681,23843030,12075980,11767050
X,6.0,대리점,과시즌의류,패딩,PD,30856000,19978090,18161890,12174291,6304708,5869583
X,6.0,대리점,과시즌의류,팬츠,PT,28926000,16092230,14629275,9995223,4745456,5249767
X,6.0,대리점,과시즌의류,후드티,HD,20319000,11286770,10260619,6893326,3554701,3338625
X,6.0,대리점,당시즌의류,긴팔카라티셔츠,TL,17797000,15813830,14376185,9552128,2840144,6711984
X,6.0,대리점,당시즌의류,긴팔티셔츠,RL,40808000,30561310,27783034,18855534,7721889,11133645
X,6.0,대리점,당시즌의류,다운베스트,DV,214432000,194515060,176831664,117715056,49554553,68160503
X,6.0,대리점,당시즌의류,다운점퍼,DJ,6945772000,5956626400,5415114164,3600772690,1834921479,1765851211
X,6.0,대리점,당시즌의류,레깅스,LG,4689000,3282320,2983909,2050777,1156078,894699
X,6.0,대리점,당시즌의류,맨투맨,MT,259118000,199784350,181621916,122143767,59158823,62984944
X,6.0,대리점,당시즌의류,반팔티셔츠,RS,2655000,2457870,2234435,1474838,557010,917828
X,6.0,대리점,당시즌의류,방풍자켓,WJ,149926000,105229760,95663423,64771841,42298388,22473453
X,6.0,대리점,당시즌의류,상하의 세트,AZ,10264000,9352010,8501848,5717791,2156777,3561014
X,6.0,대리점,당시즌의류,소프트쉘,SS,225595000,194736640,177033181,118170777,49681686,68489091
X,6.0,대리점,당시즌의류,스커트,SK,7786000,5940850,5400779,3657695,1795936,1861759
X,6.0,대리점,당시즌의류,원피스,OP,1003000,702100,638272,430107,209029,221078
X,6.0,대리점,당시즌의류,점퍼,JP,81232000,56862480,51693104,34781979,20308312,14473667
X,6.0,대리점,당시즌의류,집업티,ZT,81589000,57088290,51898458,35659252,16661187,18998065
X,6.0,대리점,당시즌의류,트레이닝(상의),TR,203210000,175181570,159256065,106507669,44329568,62178101
X,6.0,대리점,당시즌의류,트레이닝(하의),TP,280860000,245679770,223344937,148998320,57875565,91122755
X,6.0,대리점,당시즌의류,패딩,PD,30613000,26978510,24525932,16225269,8367525,7857744
X,6.0,대리점,당시즌의류,팬츠,PT,233890000,203857050,185324621,123938582,49866631,74071951
X,6.0,대리점,당시즌의류,후드티,HD,144763000,108467060,98606292,66637107,34286372,32350735
X,6.0,대리점,차시즌의류,긴팔티셔츠,RL,13233000,12941420,11764891,7749468,2933979,4815489
X,6.0,대리점,차시즌의류,맨투맨,MT,47603000,46337550,42124992,27652604,11548311,16104293
X,6.0,대리점,차시즌의류,반팔티셔츠,RS,2484000,2448890,2226258,1446931,590873,856058
X,6.0,대리점,차시즌의류,방풍자켓,WJ,6215000,5995810,5450729,3576385,1474875,2101510
X,6.0,대리점,차시즌의류,상하의 세트,AZ,953000,923000,839090,556326,280638,275688
X,6.0,대리점,차시즌의류,소프트쉘,SS,1908000,1898000,1725452,1105554,375996,729558
X,6.0,대리점,차시즌의류,스커트,SK,238000,228000,207273,135809,41188,94621
X,6.0,대리점,차시즌의류,트레이닝 숏팬츠,TB,1422000,1277820,1161651,772397,362564,409833
X,6.0,대리점,차시즌의류,트레이닝(상의),TR,27872000,26870830,24428043,16098456,6336826,9761630
X,6.0,대리점,차시즌의류,트레이닝(하의),TP,39316000,37982400,34529443,22719128,8247165,14471963
X,6.0,대리점,차시즌의류,패딩,PD,30626000,29172380,26520360,17575026,7314752,10260274
X,6.0,대리점,차시즌의류,팬츠,PT,9823000,9542660,8675153,5677262,2180282,3496980
X,6.0,대리점,차시즌의류,후드티,HD,11023000,10746800,9769821,6395858,3046640,3349218
X,7.0,아울렛,Acc_etc,기타소품류,AC,6279000,2542800,2311658,2311658,1215137,1096521
X,7.0,아울렛,Acc_etc,다운 스카프,DC,14491000,7527350,6843054,6843054,3431488,3411566
X,7.0,아울렛,Acc_etc,멀티스카프,MS,1279000,406100,369180,369180,242677,126503
X,7.0,아울렛,Acc_etc,양말,SO,1342000,838330,762124,762124,357324,404800
X,7.0,아울렛,Acc_etc,장갑,GL,3185000,1428730,1298843,1298843,708497,590346
X,7.0,아울렛,Acc_etc,토시,ML,180000,71500,64998,64998,24525,40473
X,7.0,아울렛,Bag,가방,BG,1350000,623400,566728,566728,239094,327634
X,7.0,아울렛,Bag,메신저백,MR,22391000,13368800,12153464,12153464,4927459,7226005
X,7.0,아울렛,Bag,백팩,BK,542618000,479947240,436314944,436314944,127466067,308848877
X,7.0,아울렛,Bag,보스톤백,BW,2535000,1309000,1189995,1189995,569644,620351
X,7.0,아울렛,Bag,슬링백,SG,12173000,7772650,7066026,7066026,2660482,4405544
X,7.0,아울렛,Bag,크로스백,CR,25215000,13066890,11878995,11878995,5374587,6504408
X,7.0,아울렛,Bag,토드백,TG,24049000,12360330,11236691,11236691,5063413,6173278
X,7.0,아울렛,Bag,힙색,HS,7579000,3294000,2994545,2994545,1613941,1380604
X,7.0,아울렛,Headwear,방한모,WM,295000,278140,252854,252854,65302,187552
X,7.0,아울렛,Headwear,비니,BN,20383000,8460270,7691172,7691172,4013221,3677951
X,7.0,아울렛,Headwear,운동모,CP,34229000,16627790,15116090,15116090,6707358,8408732
X,7.0,아울렛,Headwear,햇,HT,11220000,5605400,5095828,5095828,2120703,2975125
X,7.0,아울렛,Shoes,슬리퍼,LP,6403000,5121660,4656048,4656048,1472930,3183118
X,7.0,아울렛,Shoes,신발,SH,335878000,232421330,211292158,211292158,70700098,140592060
X,7.0,아울렛,과시즌의류,긴팔카라티셔츠,TL,6250000,2450900,2228097,2228097,734248,1493849
X,7.0,아울렛,과시즌의류,긴팔티셔츠,RL,9025000,5088800,4626148,4626148,1532123,3094025
X,7.0,아울렛,과시즌의류,니트,KT,1990000,597000,542730,542730,189518,353212
X,7.0,아울렛,과시즌의류,다운베스트,DV,28639000,14106200,12823799,12823799,4094704,8729095
X,7.0,아울렛,과시즌의류,다운점퍼,DJ,3840083000,2090793570,1900720351,1900720351,596683919,1304036432
X,7.0,아울렛,과시즌의류,레깅스,LG,514000,212500,193183,193183,83593,109590
X,7.0,아울렛,과시즌의류,맨투맨,MT,161812000,101934100,92667043,92667043,29757610,62909433
X,7.0,아울렛,과시즌의류,반바지,SP,545000,327000,297275,297275,88746,208529
X,7.0,아울렛,과시즌의류,반팔카라티셔츠,TS,109000,43600,39636,39636,14349,25287
X,7.0,아울렛,과시즌의류,반팔티셔츠,RS,28094000,19189200,17444694,17444694,5347137,12097557
X,7.0,아울렛,과시즌의류,방풍자켓,WJ,123048000,68345900,62132619,62132619,23428405,38704214
X,7.0,아울렛,과시즌의류,브라,BR,98000,58800,53454,53454,28931,24523
X,7.0,아울렛,과시즌의류,소프트쉘,SS,110634000,57805500,52550579,52550579,17212076,35338503
X,7.0,아울렛,과시즌의류,스커트,SK,635000,359200,326544,326544,102479,224065
X,7.0,아울렛,과시즌의류,원피스,OP,417000,208500,189545,189545,67913,121632
X,7.0,아울렛,과시즌의류,집업티,ZT,295000,147500,134090,134090,47492,86598
X,7.0,아울렛,과시즌의류,트레이닝(상의),TR,232159000,108814900,98922513,98922513,37391259,61531254
X,7.0,아울렛,과시즌의류,트레이닝(하의),TP,202376000,116824500,106204313,106204313,35120492,71083821
X,7.0,아울렛,과시즌의류,패딩,PD,61506000,40509500,36826777,36826777,11948563,24878214
X,7.0,아울렛,과시즌의류,팬츠,PT,135901000,59100500,53727694,53727694,18440919,35286775
X,7.0,아울렛,과시즌의류,후드티,HD,93957000,53063500,48239540,48239540,17579337,30660203
X,7.0,아울렛,당시즌의류,긴팔카라티셔츠,TL,4950000,3465000,3149996,3149996,852427,2297569
X,7.0,아울렛,당시즌의류,긴팔티셔츠,RL,15960000,11278200,10252900,10252900,3160317,7092583
X,7.0,아울렛,당시즌의류,다운베스트,DV,86515000,76500650,69546085,69546085,20085143,49460942
X,7.0,아울렛,당시즌의류,다운점퍼,DJ,4222655000,3556283000,3232984002,3232984002,1112744139,2120239863
X,7.0,아울렛,당시즌의류,레깅스,LG,451000,315700,287000,287000,119008,167992
X,7.0,아울렛,당시즌의류,맨투맨,MT,92950000,66609470,60554268,60554268,20829903,39724365
X,7.0,아울렛,당시즌의류,반팔티셔츠,RS,59000,59000,53636,53636,12378,41258
X,7.0,아울렛,당시즌의류,방풍자켓,WJ,11598000,9128810,8298915,8298915,3102533,5196382
X,7.0,아울렛,당시즌의류,상하의 세트,AZ,1658000,1481990,1347265,1347265,384011,963254
X,7.0,아울렛,당시즌의류,소프트쉘,SS,97738000,82454240,74958308,74958308,21355712,53602596
X,7.0,아울렛,당시즌의류,스커트,SK,1578000,1104600,1004184,1004184,310185,693999
X,7.0,아울렛,당시즌의류,원피스,OP,516000,361200,328364,328364,105689,222675
X,7.0,아울렛,당시즌의류,점퍼,JP,25005000,17503500,15912272,15912272,6215726,9696546
X,7.0,아울렛,당시즌의류,집업티,ZT,41658000,29160600,26509612,26509612,8271987,18237625
X,7.0,아울렛,당시즌의류,트레이닝(상의),TR,35149000,25565570,23241421,23241421,8191074,15050347
X,7.0,아울렛,당시즌의류,트레이닝(하의),TP,39438000,28689860,26081721,26081721,8990586,17091135
X,7.0,아울렛,당시즌의류,패딩,PD,5791000,4376050,3978233,3978233,1495568,2482665
X,7.0,아울렛,당시즌의류,팬츠,PT,25463000,18836890,17124419,17124419,5416297,11708122
X,7.0,아울렛,당시즌의류,후드티,HD,32208000,22627880,20570796,20570796,7228179,13342617
X,7.0,아울렛,차시즌의류,긴팔티셔츠,RL,236000,231000,209999,209999,52315,157684
X,7.0,아울렛,차시즌의류,맨투맨,MT,869000,829920,754470,754470,216136,538334
X,7.0,아울렛,차시즌의류,방풍자켓,WJ,209000,189000,171818,171818,48678,123140
X,7.0,아울렛,차시즌의류,소프트쉘,SS,318000,306560,278690,278690,62666,216024
X,7.0,아울렛,차시즌의류,트레이닝 숏팬츠,TB,79000,79000,71818,71818,20142,51676
X,7.0,아울렛,차시즌의류,트레이닝(상의),TR,2755000,2604050,2367317,2367317,641337,1725980
X,7.0,아울렛,차시즌의류,트레이닝(하의),TP,2498000,2349470,2135882,2135882,523978,1611904
X,7.0,아울렛,차시즌의류,패딩,PD,4710000,4580000,4163640,4163640,1109611,3054029
X,7.0,아울렛,차시즌의류,팬츠,PT,525000,515000,468182,468182,119273,348909
X,7.0,아울렛,차시즌의류,후드티,HD,198000,188000,170909,170909,52594,118315
X,8.0,사입,Shoes,신발,SH,-119000,-55930,-50845,-50845,-25248,-25597
X,11.0,직영몰,Acc_etc,기타소품류,AC,504000,378830,344393,344393,99945,244448
X,11.0,직영몰,Acc_etc,다운 스카프,DC,2421000,2359020,2144561,2144561,368146,1776415
X,11.0,직영몰,Acc_etc,마스크,MK,49000,34300,31182,31182,12912,18270
X,11.0,직영몰,Acc_etc,멀티스카프,MS,351000,347690,316085,316085,71713,244372
X,11.0,직영몰,Acc_etc,양말,SO,513000,465710,423369,423369,105945,317424
X,11.0,직영몰,Acc_etc,장갑,GL,1366000,1346480,1224069,1224069,340311,883758
X,11.0,직영몰,Bag,가방,BG,198000,188800,171636,171636,47344,124292
X,11.0,직영몰,Bag,메신저백,MR,2803000,2701570,2455974,2455974,674652,1781322
X,11.0,직영몰,Bag,백팩,BK,100662000,96259710,87508689,87508689,23910441,63598248
X,11.0,직영몰,Bag,슬링백,SG,2604000,2198380,1998527,1998527,565933,1432594
X,11.0,직영몰,Bag,크로스백,CR,3277000,2781620,2528741,2528741,728503,1800238
X,11.0,직영몰,Bag,토드백,TG,1789000,1681850,1528952,1528952,428338,1100614
X,11.0,직영몰,Bag,힙색,HS,237000,136200,123818,123818,50717,73101
X,11.0,직영몰,Headwear,방한모,WM,2432000,2250080,2045525,2045525,512463,1533062
X,11.0,직영몰,Headwear,비니,BN,2508000,2364450,2149514,2149514,538377,1611137
X,11.0,직영몰,Headwear,운동모,CP,3887000,3660560,3327780,3327780,763331,2564449
X,11.0,직영몰,Headwear,햇,HT,19000,-5500,-5000,-5000,6982,-11982
X,11.0,직영몰,Shoes,슬리퍼,LP,2450000,2364890,2149900,2149900,614040,1535860
X,11.0,직영몰,Shoes,신발,SH,73124000,67719590,61563307,61563307,15628569,45934738
X,11.0,직영몰,과시즌의류,다운점퍼,DJ,3980000,2274300,2067544,2067544,646842,1420702
X,11.0,직영몰,과시즌의류,레깅스,LG,89000,35600,32364,32364,14502,17862
X,11.0,직영몰,과시즌의류,맨투맨,MT,356000,178000,161820,161820,56361,105459
X,11.0,직영몰,과시즌의류,소프트쉘,SS,497000,267400,243091,243091,81398,161693
X,11.0,직영몰,과시즌의류,트레이닝(상의),TR,129000,51600,46909,46909,20635,26274
X,11.0,직영몰,과시즌의류,팬츠,PT,288000,156900,142636,142636,45733,96903
X,11.0,직영몰,당시즌의류,긴팔카라티셔츠,TL,1775000,1534780,1395255,1395255,302503,1092752
X,11.0,직영몰,당시즌의류,긴팔티셔츠,RL,711000,510160,463783,463783,121411,342372
X,11.0,직영몰,당시즌의류,다운베스트,DV,17643000,16167800,14698006,14698006,4061587,10636419
X,11.0,직영몰,당시즌의류,다운점퍼,DJ,808125000,713268890,648426193,648426193,213427904,434998289
X,11.0,직영몰,당시즌의류,레깅스,LG,297000,207900,189000,189000,75295,113705
X,11.0,직영몰,당시즌의류,맨투맨,MT,10249000,8134890,7395370,7395370,2355652,5039718
X,11.0,직영몰,당시즌의류,반팔티셔츠,RS,177000,177000,160908,160908,37134,123774
X,11.0,직영몰,당시즌의류,방풍자켓,WJ,199000,189000,171818,171818,43171,128647
X,11.0,직영몰,당시즌의류,소프트쉘,SS,21365000,18663480,16966781,16966781,4678003,12288778
X,11.0,직영몰,당시즌의류,스커트,SK,1132000,867130,788301,788301,255252,533049
X,11.0,직영몰,당시즌의류,원피스,OP,149000,104300,94818,94818,31237,63581
X,11.0,직영몰,당시즌의류,점퍼,JP,2834000,1983800,1803455,1803455,719075,1084380
X,11.0,직영몰,당시즌의류,집업티,ZT,5624000,3936800,3578907,3578907,1136097,2442810
X,11.0,직영몰,당시즌의류,트레이닝(상의),TR,11375000,9511350,8646682,8646682,2544006,6102676
X,11.0,직영몰,당시즌의류,트레이닝(하의),TP,14524000,12522550,11384146,11384146,3058844,8325302
X,11.0,직영몰,당시즌의류,패딩,PD,3027000,2806880,2551710,2551710,826960,1724750
X,11.0,직영몰,당시즌의류,팬츠,PT,14128000,12436060,11305521,11305521,3083134,8222387
X,11.0,직영몰,당시즌의류,후드티,HD,7390000,5612540,5102311,5102311,1734606,3367705
X,11.0,직영몰,차시즌의류,긴팔티셔츠,RL,1250000,1250000,1136357,1136357,275347,861010
X,11.0,직영몰,차시즌의류,맨투맨,MT,3270000,3241510,2946824,2946824,795397,2151427
X,11.0,직영몰,차시즌의류,반팔티셔츠,RS,90000,90000,81818,81818,21907,59911
X,11.0,직영몰,차시즌의류,방풍자켓,WJ,418000,418000,380000,380000,105942,274058
X,11.0,직영몰,차시즌의류,소프트쉘,SS,159000,159000,144545,144545,31333,113212
X,11.0,직영몰,차시즌의류,트레이닝(상의),TR,1082000,1072000,974548,974548,262391,712157
X,11.0,직영몰,차시즌의류,트레이닝(하의),TP,1428000,1418000,1289093,1289093,279866,1009227
X,11.0,직영몰,차시즌의류,패딩,PD,2998000,2898000,2634549,2634549,688648,1945901
X,11.0,직영몰,차시즌의류,팬츠,PT,248000,248000,225455,225455,53197,172258
X,11.0,직영몰,차시즌의류,후드티,HD,910000,910000,827272,827272,258668,568604
X,12.0,아울렛,Acc_etc,기타소품류,AC,1014000,405600,368732,368732,182468,186264
X,12.0,아울렛,Acc_etc,다운 스카프,DC,892000,450500,409547,409547,210408,199139
X,12.0,아울렛,Acc_etc,멀티스카프,MS,420000,84000,76368,76368,80806,-4438
X,12.0,아울렛,Acc_etc,양말,SO,350000,181200,164737,164737,68155,96582
X,12.0,아울렛,Acc_etc,장갑,GL,138000,41400,37636,37636,27772,9864
X,12.0,아울렛,Bag,가방,BG,0,0,0,0,0,0
X,12.0,아울렛,Bag,메신저백,MR,486000,267800,243455,243455,106188,137267
X,12.0,아울렛,Bag,백팩,BK,5255000,2316500,2105912,2105912,796222,1309690
X,12.0,아울렛,Bag,보스톤백,BW,178000,106800,97090,97090,42649,54441
X,12.0,아울렛,Bag,슬링백,SG,702000,385600,350544,350544,153976,196568
X,12.0,아울렛,Bag,크로스백,CR,1731000,803100,730093,730093,342880,387213
X,12.0,아울렛,Bag,토드백,TG,2464000,1126900,1024459,1024459,420136,604323
X,12.0,아울렛,Bag,힙색,HS,891000,356400,324000,324000,188985,135015
X,12.0,아울렛,Headwear,비니,BN,1473000,419000,380913,380913,185580,195333
X,12.0,아울렛,Headwear,운동모,CP,1269000,512500,465909,465909,223412,242497
X,12.0,아울렛,Headwear,햇,HT,572000,266200,242000,242000,111361,130639
X,12.0,아울렛,Shoes,슬리퍼,LP,117000,81900,74454,74454,25724,48730
X,12.0,아울렛,Shoes,신발,SH,12724000,4819700,4381553,4381553,2705764,1675789
X,12.0,아울렛,과시즌의류,긴팔카라티셔츠,TL,3235000,995300,904823,904823,300295,604528
X,12.0,아울렛,과시즌의류,긴팔티셔츠,RL,5778000,1963000,1784521,1784521,607892,1176629
X,12.0,아울렛,과시즌의류,니트,KT,3582000,1074600,976914,976914,340277,636637
X,12.0,아울렛,과시즌의류,다운베스트,DV,4856000,1526300,1387538,1387538,445948,941590
X,12.0,아울렛,과시즌의류,다운점퍼,DJ,243139000,88231800,80210690,80210690,26183042,54027648
X,12.0,아울렛,과시즌의류,레깅스,LG,99000,29700,27000,27000,9085,17915
X,12.0,아울렛,과시즌의류,맨투맨,MT,7527000,3043400,2766718,2766718,1000869,1765849
X,12.0,아울렛,과시즌의류,반팔티셔츠,RS,3114000,2138500,1944090,1944090,601374,1342716
X,12.0,아울렛,과시즌의류,방풍자켓,WJ,34727000,11629000,10571795,10571795,4044743,6527052
X,12.0,아울렛,과시즌의류,소프트쉘,SS,6750000,2405800,2187097,2187097,717442,1469655
X,12.0,아울렛,과시즌의류,스커트,SK,327000,152600,138726,138726,52564,86162
X,12.0,아울렛,과시즌의류,원피스,OP,159000,79500,72273,72273,25679,46594
X,12.0,아울렛,과시즌의류,트레이닝(상의),TR,59950000,16065600,14605124,14605124,6440879,8164245
X,12.0,아울렛,과시즌의류,트레이닝(하의),TP,33968000,11844400,10767641,10767641,4297916,6469725
X,12.0,아울렛,과시즌의류,패딩,PD,6291000,2909700,2645185,2645185,998621,1646564
X,12.0,아울렛,과시즌의류,팬츠,PT,29717000,8021500,7292266,7292266,2969039,4323227
X,12.0,아울렛,과시즌의류,후드티,HD,7131000,2877500,2615905,2615905,991746,1624159
X,99.0,기타,Acc_etc,기타소품류,AC,39000,24820,22562,22562,9378,13184
X,99.0,기타,Acc_etc,다운 스카프,DC,137000,75600,68723,68723,19368,49355
X,99.0,기타,Acc_etc,양말,SO,134000,73880,67157,67157,27359,39798
X,99.0,기타,Acc_etc,장갑,GL,204000,55460,50412,50412,46525,3887
X,99.0,기타,Bag,메신저백,MR,119000,47120,42840,42840,23936,18904
X,99.0,기타,Bag,백팩,BK,1720000,1128780,1026160,1026160,411248,614912
X,99.0,기타,Bag,슬링백,SG,198000,78410,71280,71280,46044,25236
X,99.0,기타,Bag,크로스백,CR,-20000,11530,10481,10481,-1552,12033
X,99.0,기타,Bag,토드백,TG,59000,23600,21455,21455,4290,17165
X,99.0,기타,Bag,힙색,HS,89000,38450,34953,34953,18496,16457
X,99.0,기타,Headwear,비니,BN,117000,64220,58385,58385,25887,32498
X,99.0,기타,Headwear,운동모,CP,338000,165560,150505,150505,63702,86803
X,99.0,기타,Headwear,햇,HT,134000,58230,52932,52932,27874,25058
X,99.0,기타,Shoes,슬리퍼,LP,39000,25740,23400,23400,11424,11976
X,99.0,기타,Shoes,신발,SH,9852000,3251960,2956313,2956313,2182142,774171
X,99.0,기타,과시즌의류,다운베스트,DV,199000,40550,36860,36860,31951,4909
X,99.0,기타,과시즌의류,다운점퍼,DJ,8140000,2042740,1857025,1857025,1317512,539513
X,99.0,기타,과시즌의류,맨투맨,MT,376000,100560,91407,91407,62546,28861
X,99.0,기타,과시즌의류,반팔티셔츠,RS,266000,65290,59364,59364,46765,12599
X,99.0,기타,과시즌의류,방풍자켓,WJ,1085000,335870,305327,305327,200496,104831
X,99.0,기타,과시즌의류,상하의 세트,AZ,129000,32080,29160,29160,21012,8148
X,99.0,기타,과시즌의류,소프트쉘,SS,219000,54600,49640,49640,35679,13961
X,99.0,기타,과시즌의류,트레이닝(상의),TR,248000,41480,37709,37709,29122,8587
X,99.0,기타,과시즌의류,트레이닝(하의),TP,337000,73950,67230,67230,54382,12848
X,99.0,기타,과시즌의류,팬츠,PT,1580000,366880,333538,333538,268424,65114
X,99.0,기타,과시즌의류,후드티,HD,109000,39640,36033,36033,14936,21097
X,99.0,기타,당시즌의류,긴팔티셔츠,RL,118000,91220,82924,82924,22278,60646
X,99.0,기타,당시즌의류,다운베스트,DV,1780000,586400,533088,533088,408464,124624
X,99.0,기타,당시즌의류,다운점퍼,DJ,106347000,27909890,25372635,25372635,24103124,1269511
X,99.0,기타,당시즌의류,맨투맨,MT,790000,263890,239902,239902,175619,64283
X,99.0,기타,당시즌의류,상하의 세트,AZ,298000,99290,90262,90262,85261,5001
X,99.0,기타,당시즌의류,소프트쉘,SS,348000,243600,221454,221454,77298,144156
X,99.0,기타,당시즌의류,스커트,SK,258000,60510,55008,55008,49598,5410
X,99.0,기타,당시즌의류,점퍼,JP,459000,132690,120623,120623,108762,11861
X,99.0,기타,당시즌의류,트레이닝(상의),TR,5466000,1621590,1474165,1474165,1292196,181969
X,99.0,기타,당시즌의류,트레이닝(하의),TP,7349000,2221590,2019624,2019624,1735849,283775
X,99.0,기타,당시즌의류,팬츠,PT,9410000,2599100,2362821,2362821,2056599,306222
X,99.0,기타,당시즌의류,후드티,HD,287000,106390,96720,96720,75198,21522
X,99.0,기타,차시즌의류,방풍자켓,WJ,0,0,0,0,0,0
X,99.0,기타,차시즌의류,패딩,PD,259000,181300,164818,164818,64635,100183
